1,3,2026-05-01 23:33:14.980376+02,5,0,0,0,0,0,"{'"Tabanovce L1'": {'"total'": 0, '"by_type'": {}}, '"Tabanovce L2'": {'"total'": 0, '"by_type'": {}}, '"Tabanovce L3'": {'"total'": 0, '"by_type'": {}}, '"Tabanovce L4'": {'"total'": 0, '"by_type'": {}}, '"Tabanovce L5'": {'"total'": 0, '"by_type'": {}}}",6.5
2,3,2026-05-01 23:35:49.442758+02,5,0,0,0,0,0,"{'"Tabanovce L1'": {'"total'": 0, '"by_type'": {}}, '"Tabanovce L2'": {'"total'": 0, '"by_type'": {}}, '"Tabanovce L3'": {'"total'": 0, '"by_type'": {}}, '"Tabanovce L4'": {'"total'": 0, '"by_type'": {}}, '"Tabanovce L5'": {'"total'": 0, '"by_type'": {}}}",6.5
3,3,2026-05-01 23:40:49.558059+02,5,0,0,0,0,0,"{'"Tabanovce L1'": {'"total'": 0, '"by_type'": {}}, '"Tabanovce L2'": {'"total'": 0, '"by_type'": {}}, '"Tabanovce L3'": {'"total'": 0, '"by_type'": {}}, '"Tabanovce L4'": {'"total'": 0, '"by_type'": {}}, '"Tabanovce L5'": {'"total'": 0, '"by_type'": {}}}",7
4,3,2026-05-01 23:45:49.636061+02,5,0,0,0,0,0,"{'"Tabanovce L1'": {'"total'": 0, '"by_type'": {}}, '"Tabanovce L2'": {'"total'": 0, '"by_type'": {}}, '"Tabanovce L3'": {'"total'": 0, '"by_type'": {}}, '"Tabanovce L4'": {'"total'": 0, '"by_type'": {}}, '"Tabanovce L5'": {'"total'": 0, '"by_type'": {}}}",6.5
5,3,2026-05-01 23:50:49.749661+02,5,0,0,0,0,0,"{'"Tabanovce L1'": {'"total'": 0, '"by_type'": {}}, '"Tabanovce L2'": {'"total'": 0, '"by_type'": {}}, '"Tabanovce L3'": {'"total'": 0, '"by_type'": {}}, '"Tabanovce L4'": {'"total'": 0, '"by_type'": {}}, '"Tabanovce L5'": {'"total'": 0, '"by_type'": {}}}",6
6,3,2026-05-01 23:55:49.857213+02,5,0,0,0,0,0,"{'"Tabanovce L1'": {'"total'": 0, '"by_type'": {}}, '"Tabanovce L2'": {'"total'": 0, '"by_type'": {}}, '"Tabanovce L3'": {'"total'": 0, '"by_type'": {}}, '"Tabanovce L4'": {'"total'": 0, '"by_type'": {}}, '"Tabanovce L5'": {'"total'": 0, '"by_type'": {}}}",6.5
7,3,2026-05-02 00:00:49.918981+02,5,0,0,0,0,0,"{'"Tabanovce L1'": {'"total'": 0, '"by_type'": {}}, '"Tabanovce L2'": {'"total'": 0, '"by_type'": {}}, '"Tabanovce L3'": {'"total'": 0, '"by_type'": {}}, '"Tabanovce L4'": {'"total'": 0, '"by_type'": {}}, '"Tabanovce L5'": {'"total'": 0, '"by_type'": {}}}",6.5
8,3,2026-05-02 00:05:50.00852+02,5,0,0,0,0,0,"{'"Tabanovce L1'": {'"total'": 0, '"by_type'": {}}, '"Tabanovce L2'": {'"total'": 0, '"by_type'": {}}, '"Tabanovce L3'": {'"total'": 0, '"by_type'": {}}, '"Tabanovce L4'": {'"total'": 0, '"by_type'": {}}, '"Tabanovce L5'": {'"total'": 0, '"by_type'": {}}}",2.5
9,3,2026-05-02 00:10:50.15877+02,5,0,0,0,0,0,"{'"Tabanovce L1'": {'"total'": 0, '"by_type'": {}}, '"Tabanovce L2'": {'"total'": 0, '"by_type'": {}}, '"Tabanovce L3'": {'"total'": 0, '"by_type'": {}}, '"Tabanovce L4'": {'"total'": 0, '"by_type'": {}}, '"Tabanovce L5'": {'"total'": 0, '"by_type'": {}}}",7
10,3,2026-05-02 00:15:50.330366+02,5,0,0,0,0,0,"{'"Tabanovce L1'": {'"total'": 0, '"by_type'": {}}, '"Tabanovce L2'": {'"total'": 0, '"by_type'": {}}, '"Tabanovce L3'": {'"total'": 0, '"by_type'": {}}, '"Tabanovce L4'": {'"total'": 0, '"by_type'": {}}, '"Tabanovce L5'": {'"total'": 0, '"by_type'": {}}}",7
11,3,2026-05-02 00:20:50.425242+02,5,0,0,0,0,0,"{'"Tabanovce L1'": {'"total'": 0, '"by_type'": {}}, '"Tabanovce L2'": {'"total'": 0, '"by_type'": {}}, '"Tabanovce L3'": {'"total'": 0, '"by_type'": {}}, '"Tabanovce L4'": {'"total'": 0, '"by_type'": {}}, '"Tabanovce L5'": {'"total'": 0, '"by_type'": {}}}",6
12,3,2026-05-02 00:25:50.42819+02,5,0,0,0,0,0,"{'"Tabanovce L1'": {'"total'": 0, '"by_type'": {}}, '"Tabanovce L2'": {'"total'": 0, '"by_type'": {}}, '"Tabanovce L3'": {'"total'": 0, '"by_type'": {}}, '"Tabanovce L4'": {'"total'": 0, '"by_type'": {}}, '"Tabanovce L5'": {'"total'": 0, '"by_type'": {}}}",6
13,3,2026-05-02 00:30:50.528239+02,5,0,0,0,0,0,"{'"Tabanovce L1'": {'"total'": 0, '"by_type'": {}}, '"Tabanovce L2'": {'"total'": 0, '"by_type'": {}}, '"Tabanovce L3'": {'"total'": 0, '"by_type'": {}}, '"Tabanovce L4'": {'"total'": 0, '"by_type'": {}}, '"Tabanovce L5'": {'"total'": 0, '"by_type'": {}}}",6.5
14,3,2026-05-02 00:35:50.619232+02,5,0,0,0,0,0,"{'"Tabanovce L1'": {'"total'": 0, '"by_type'": {}}, '"Tabanovce L2'": {'"total'": 0, '"by_type'": {}}, '"Tabanovce L3'": {'"total'": 0, '"by_type'": {}}, '"Tabanovce L4'": {'"total'": 0, '"by_type'": {}}, '"Tabanovce L5'": {'"total'": 0, '"by_type'": {}}}",6.5
15,3,2026-05-02 00:40:50.636879+02,5,0,0,0,0,0,"{'"Tabanovce L1'": {'"total'": 0, '"by_type'": {}}, '"Tabanovce L2'": {'"total'": 0, '"by_type'": {}}, '"Tabanovce L3'": {'"total'": 0, '"by_type'": {}}, '"Tabanovce L4'": {'"total'": 0, '"by_type'": {}}, '"Tabanovce L5'": {'"total'": 0, '"by_type'": {}}}",6.5
16,3,2026-05-02 00:45:50.641271+02,5,0,0,0,0,0,"{'"Tabanovce L1'": {'"total'": 0, '"by_type'": {}}, '"Tabanovce L2'": {'"total'": 0, '"by_type'": {}}, '"Tabanovce L3'": {'"total'": 0, '"by_type'": {}}, '"Tabanovce L4'": {'"total'": 0, '"by_type'": {}}, '"Tabanovce L5'": {'"total'": 0, '"by_type'": {}}}",6.5
17,3,2026-05-02 00:50:50.648035+02,5,0,0,0,0,0,"{'"Tabanovce L1'": {'"total'": 0, '"by_type'": {}}, '"Tabanovce L2'": {'"total'": 0, '"by_type'": {}}, '"Tabanovce L3'": {'"total'": 0, '"by_type'": {}}, '"Tabanovce L4'": {'"total'": 0, '"by_type'": {}}, '"Tabanovce L5'": {'"total'": 0, '"by_type'": {}}}",6.5
18,3,2026-05-02 00:55:50.793992+02,5,0,0,0,0,0,"{'"Tabanovce L1'": {'"total'": 0, '"by_type'": {}}, '"Tabanovce L2'": {'"total'": 0, '"by_type'": {}}, '"Tabanovce L3'": {'"total'": 0, '"by_type'": {}}, '"Tabanovce L4'": {'"total'": 0, '"by_type'": {}}, '"Tabanovce L5'": {'"total'": 0, '"by_type'": {}}}",6.5
19,3,2026-05-02 01:00:50.822079+02,5,0,0,0,0,0,"{'"Tabanovce L1'": {'"total'": 0, '"by_type'": {}}, '"Tabanovce L2'": {'"total'": 0, '"by_type'": {}}, '"Tabanovce L3'": {'"total'": 0, '"by_type'": {}}, '"Tabanovce L4'": {'"total'": 0, '"by_type'": {}}, '"Tabanovce L5'": {'"total'": 0, '"by_type'": {}}}",6.5
444,3,2026-05-03 23:41:57.227981+02,5,0,0,0,0,0,"{'"Tabanovce L1'": {'"total'": 0, '"by_type'": {}}, '"Tabanovce L2'": {'"total'": 0, '"by_type'": {}}, '"Tabanovce L3'": {'"total'": 0, '"by_type'": {}}}",8
20,3,2026-05-02 01:05:50.944634+02,5,0,0,0,0,0,"{'"Tabanovce L1'": {'"total'": 0, '"by_type'": {}}, '"Tabanovce L2'": {'"total'": 0, '"by_type'": {}}, '"Tabanovce L3'": {'"total'": 0, '"by_type'": {}}, '"Tabanovce L4'": {'"total'": 0, '"by_type'": {}}, '"Tabanovce L5'": {'"total'": 0, '"by_type'": {}}}",2.5
21,3,2026-05-02 01:10:50.954179+02,5,0,0,0,0,0,"{'"Tabanovce L1'": {'"total'": 0, '"by_type'": {}}, '"Tabanovce L2'": {'"total'": 0, '"by_type'": {}}, '"Tabanovce L3'": {'"total'": 0, '"by_type'": {}}, '"Tabanovce L4'": {'"total'": 0, '"by_type'": {}}, '"Tabanovce L5'": {'"total'": 0, '"by_type'": {}}}",7
22,3,2026-05-02 01:15:51.014265+02,5,0,0,0,0,0,"{'"Tabanovce L1'": {'"total'": 0, '"by_type'": {}}, '"Tabanovce L2'": {'"total'": 0, '"by_type'": {}}, '"Tabanovce L3'": {'"total'": 0, '"by_type'": {}}, '"Tabanovce L4'": {'"total'": 0, '"by_type'": {}}, '"Tabanovce L5'": {'"total'": 0, '"by_type'": {}}}",6.5
23,3,2026-05-02 01:20:51.0554+02,5,0,0,0,0,0,"{'"Tabanovce L1'": {'"total'": 0, '"by_type'": {}}, '"Tabanovce L2'": {'"total'": 0, '"by_type'": {}}, '"Tabanovce L3'": {'"total'": 0, '"by_type'": {}}, '"Tabanovce L4'": {'"total'": 0, '"by_type'": {}}, '"Tabanovce L5'": {'"total'": 0, '"by_type'": {}}}",6.5
24,3,2026-05-02 01:25:51.068554+02,5,0,0,0,0,0,"{'"Tabanovce L1'": {'"total'": 0, '"by_type'": {}}, '"Tabanovce L2'": {'"total'": 0, '"by_type'": {}}, '"Tabanovce L3'": {'"total'": 0, '"by_type'": {}}, '"Tabanovce L4'": {'"total'": 0, '"by_type'": {}}, '"Tabanovce L5'": {'"total'": 0, '"by_type'": {}}}",6.5
25,3,2026-05-02 01:30:51.092614+02,5,0,0,0,0,0,"{'"Tabanovce L1'": {'"total'": 0, '"by_type'": {}}, '"Tabanovce L2'": {'"total'": 0, '"by_type'": {}}, '"Tabanovce L3'": {'"total'": 0, '"by_type'": {}}, '"Tabanovce L4'": {'"total'": 0, '"by_type'": {}}, '"Tabanovce L5'": {'"total'": 0, '"by_type'": {}}}",6.5
26,3,2026-05-02 01:35:51.231905+02,5,0,0,0,0,0,"{'"Tabanovce L1'": {'"total'": 0, '"by_type'": {}}, '"Tabanovce L2'": {'"total'": 0, '"by_type'": {}}, '"Tabanovce L3'": {'"total'": 0, '"by_type'": {}}, '"Tabanovce L4'": {'"total'": 0, '"by_type'": {}}, '"Tabanovce L5'": {'"total'": 0, '"by_type'": {}}}",7
27,3,2026-05-02 01:40:51.319248+02,5,0,0,0,0,0,"{'"Tabanovce L1'": {'"total'": 0, '"by_type'": {}}, '"Tabanovce L2'": {'"total'": 0, '"by_type'": {}}, '"Tabanovce L3'": {'"total'": 0, '"by_type'": {}}, '"Tabanovce L4'": {'"total'": 0, '"by_type'": {}}, '"Tabanovce L5'": {'"total'": 0, '"by_type'": {}}}",6.5
28,3,2026-05-02 01:45:51.352309+02,5,0,0,0,0,0,"{'"Tabanovce L1'": {'"total'": 0, '"by_type'": {}}, '"Tabanovce L2'": {'"total'": 0, '"by_type'": {}}, '"Tabanovce L3'": {'"total'": 0, '"by_type'": {}}, '"Tabanovce L4'": {'"total'": 0, '"by_type'": {}}, '"Tabanovce L5'": {'"total'": 0, '"by_type'": {}}}",6
29,3,2026-05-02 01:50:51.505333+02,5,0,0,0,0,0,"{'"Tabanovce L1'": {'"total'": 0, '"by_type'": {}}, '"Tabanovce L2'": {'"total'": 0, '"by_type'": {}}, '"Tabanovce L3'": {'"total'": 0, '"by_type'": {}}, '"Tabanovce L4'": {'"total'": 0, '"by_type'": {}}, '"Tabanovce L5'": {'"total'": 0, '"by_type'": {}}}",6.5
30,3,2026-05-02 01:55:51.562733+02,5,0,0,0,0,0,"{'"Tabanovce L1'": {'"total'": 0, '"by_type'": {}}, '"Tabanovce L2'": {'"total'": 0, '"by_type'": {}}, '"Tabanovce L3'": {'"total'": 0, '"by_type'": {}}, '"Tabanovce L4'": {'"total'": 0, '"by_type'": {}}, '"Tabanovce L5'": {'"total'": 0, '"by_type'": {}}}",6.5
31,3,2026-05-02 02:00:51.585612+02,5,0,0,0,0,0,"{'"Tabanovce L1'": {'"total'": 0, '"by_type'": {}}, '"Tabanovce L2'": {'"total'": 0, '"by_type'": {}}, '"Tabanovce L3'": {'"total'": 0, '"by_type'": {}}, '"Tabanovce L4'": {'"total'": 0, '"by_type'": {}}, '"Tabanovce L5'": {'"total'": 0, '"by_type'": {}}}",6.5
32,3,2026-05-02 02:05:51.666687+02,5,0,0,0,0,0,"{'"Tabanovce L1'": {'"total'": 0, '"by_type'": {}}, '"Tabanovce L2'": {'"total'": 0, '"by_type'": {}}, '"Tabanovce L3'": {'"total'": 0, '"by_type'": {}}, '"Tabanovce L4'": {'"total'": 0, '"by_type'": {}}, '"Tabanovce L5'": {'"total'": 0, '"by_type'": {}}}",6.5
33,3,2026-05-02 02:10:51.781475+02,5,0,0,0,0,0,"{'"Tabanovce L1'": {'"total'": 0, '"by_type'": {}}, '"Tabanovce L2'": {'"total'": 0, '"by_type'": {}}, '"Tabanovce L3'": {'"total'": 0, '"by_type'": {}}, '"Tabanovce L4'": {'"total'": 0, '"by_type'": {}}, '"Tabanovce L5'": {'"total'": 0, '"by_type'": {}}}",6.5
34,3,2026-05-02 02:15:51.86176+02,5,0,0,0,0,0,"{'"Tabanovce L1'": {'"total'": 0, '"by_type'": {}}, '"Tabanovce L2'": {'"total'": 0, '"by_type'": {}}, '"Tabanovce L3'": {'"total'": 0, '"by_type'": {}}, '"Tabanovce L4'": {'"total'": 0, '"by_type'": {}}, '"Tabanovce L5'": {'"total'": 0, '"by_type'": {}}}",6
35,3,2026-05-02 02:20:51.955348+02,5,0,0,0,0,0,"{'"Tabanovce L1'": {'"total'": 0, '"by_type'": {}}, '"Tabanovce L2'": {'"total'": 0, '"by_type'": {}}, '"Tabanovce L3'": {'"total'": 0, '"by_type'": {}}, '"Tabanovce L4'": {'"total'": 0, '"by_type'": {}}, '"Tabanovce L5'": {'"total'": 0, '"by_type'": {}}}",6.5
36,3,2026-05-02 02:25:52.037022+02,5,0,0,0,0,0,"{'"Tabanovce L1'": {'"total'": 0, '"by_type'": {}}, '"Tabanovce L2'": {'"total'": 0, '"by_type'": {}}, '"Tabanovce L3'": {'"total'": 0, '"by_type'": {}}, '"Tabanovce L4'": {'"total'": 0, '"by_type'": {}}, '"Tabanovce L5'": {'"total'": 0, '"by_type'": {}}}",6.5
37,3,2026-05-02 02:30:52.128628+02,5,0,0,0,0,0,"{'"Tabanovce L1'": {'"total'": 0, '"by_type'": {}}, '"Tabanovce L2'": {'"total'": 0, '"by_type'": {}}, '"Tabanovce L3'": {'"total'": 0, '"by_type'": {}}, '"Tabanovce L4'": {'"total'": 0, '"by_type'": {}}, '"Tabanovce L5'": {'"total'": 0, '"by_type'": {}}}",7
38,3,2026-05-02 02:35:52.209468+02,5,0,0,0,0,0,"{'"Tabanovce L1'": {'"total'": 0, '"by_type'": {}}, '"Tabanovce L2'": {'"total'": 0, '"by_type'": {}}, '"Tabanovce L3'": {'"total'": 0, '"by_type'": {}}, '"Tabanovce L4'": {'"total'": 0, '"by_type'": {}}, '"Tabanovce L5'": {'"total'": 0, '"by_type'": {}}}",7
445,3,2026-05-03 23:46:57.244655+02,5,0,0,0,0,0,"{'"Tabanovce L1'": {'"total'": 0, '"by_type'": {}}, '"Tabanovce L2'": {'"total'": 0, '"by_type'": {}}, '"Tabanovce L3'": {'"total'": 0, '"by_type'": {}}}",8
39,3,2026-05-02 02:40:52.363594+02,5,0,0,0,0,0,"{'"Tabanovce L1'": {'"total'": 0, '"by_type'": {}}, '"Tabanovce L2'": {'"total'": 0, '"by_type'": {}}, '"Tabanovce L3'": {'"total'": 0, '"by_type'": {}}, '"Tabanovce L4'": {'"total'": 0, '"by_type'": {}}, '"Tabanovce L5'": {'"total'": 0, '"by_type'": {}}}",6.5
40,3,2026-05-02 02:45:52.486736+02,5,0,0,0,0,0,"{'"Tabanovce L1'": {'"total'": 0, '"by_type'": {}}, '"Tabanovce L2'": {'"total'": 0, '"by_type'": {}}, '"Tabanovce L3'": {'"total'": 0, '"by_type'": {}}, '"Tabanovce L4'": {'"total'": 0, '"by_type'": {}}, '"Tabanovce L5'": {'"total'": 0, '"by_type'": {}}}",7
41,3,2026-05-02 02:50:52.517763+02,5,0,0,0,0,0,"{'"Tabanovce L1'": {'"total'": 0, '"by_type'": {}}, '"Tabanovce L2'": {'"total'": 0, '"by_type'": {}}, '"Tabanovce L3'": {'"total'": 0, '"by_type'": {}}, '"Tabanovce L4'": {'"total'": 0, '"by_type'": {}}, '"Tabanovce L5'": {'"total'": 0, '"by_type'": {}}}",6.5
42,3,2026-05-02 02:55:53.664467+02,5,0,0,0,0,0,"{'"Tabanovce L1'": {'"total'": 0, '"by_type'": {}}, '"Tabanovce L2'": {'"total'": 0, '"by_type'": {}}, '"Tabanovce L3'": {'"total'": 0, '"by_type'": {}}, '"Tabanovce L4'": {'"total'": 0, '"by_type'": {}}, '"Tabanovce L5'": {'"total'": 0, '"by_type'": {}}}",0.5
43,3,2026-05-02 03:00:53.684534+02,5,0,0,0,0,0,"{'"Tabanovce L1'": {'"total'": 0, '"by_type'": {}}, '"Tabanovce L2'": {'"total'": 0, '"by_type'": {}}, '"Tabanovce L3'": {'"total'": 0, '"by_type'": {}}, '"Tabanovce L4'": {'"total'": 0, '"by_type'": {}}, '"Tabanovce L5'": {'"total'": 0, '"by_type'": {}}}",6.5
44,3,2026-05-02 03:05:53.826292+02,5,0,0,0,0,0,"{'"Tabanovce L1'": {'"total'": 0, '"by_type'": {}}, '"Tabanovce L2'": {'"total'": 0, '"by_type'": {}}, '"Tabanovce L3'": {'"total'": 0, '"by_type'": {}}, '"Tabanovce L4'": {'"total'": 0, '"by_type'": {}}, '"Tabanovce L5'": {'"total'": 0, '"by_type'": {}}}",7
45,3,2026-05-02 03:10:53.83678+02,5,0,0,0,0,0,"{'"Tabanovce L1'": {'"total'": 0, '"by_type'": {}}, '"Tabanovce L2'": {'"total'": 0, '"by_type'": {}}, '"Tabanovce L3'": {'"total'": 0, '"by_type'": {}}, '"Tabanovce L4'": {'"total'": 0, '"by_type'": {}}, '"Tabanovce L5'": {'"total'": 0, '"by_type'": {}}}",6.5
46,3,2026-05-02 03:15:53.855974+02,5,0,0,0,0,0,"{'"Tabanovce L1'": {'"total'": 0, '"by_type'": {}}, '"Tabanovce L2'": {'"total'": 0, '"by_type'": {}}, '"Tabanovce L3'": {'"total'": 0, '"by_type'": {}}, '"Tabanovce L4'": {'"total'": 0, '"by_type'": {}}, '"Tabanovce L5'": {'"total'": 0, '"by_type'": {}}}",6.5
47,3,2026-05-02 03:20:53.943283+02,5,0,0,0,0,0,"{'"Tabanovce L1'": {'"total'": 0, '"by_type'": {}}, '"Tabanovce L2'": {'"total'": 0, '"by_type'": {}}, '"Tabanovce L3'": {'"total'": 0, '"by_type'": {}}, '"Tabanovce L4'": {'"total'": 0, '"by_type'": {}}, '"Tabanovce L5'": {'"total'": 0, '"by_type'": {}}}",6.5
48,3,2026-05-02 03:25:54.030654+02,5,0,0,0,0,0,"{'"Tabanovce L1'": {'"total'": 0, '"by_type'": {}}, '"Tabanovce L2'": {'"total'": 0, '"by_type'": {}}, '"Tabanovce L3'": {'"total'": 0, '"by_type'": {}}, '"Tabanovce L4'": {'"total'": 0, '"by_type'": {}}, '"Tabanovce L5'": {'"total'": 0, '"by_type'": {}}}",6.5
49,3,2026-05-02 03:30:54.183703+02,5,0,0,0,0,0,"{'"Tabanovce L1'": {'"total'": 0, '"by_type'": {}}, '"Tabanovce L2'": {'"total'": 0, '"by_type'": {}}, '"Tabanovce L3'": {'"total'": 0, '"by_type'": {}}, '"Tabanovce L4'": {'"total'": 0, '"by_type'": {}}, '"Tabanovce L5'": {'"total'": 0, '"by_type'": {}}}",6.5
50,3,2026-05-02 03:35:54.271238+02,5,0,0,0,0,0,"{'"Tabanovce L1'": {'"total'": 0, '"by_type'": {}}, '"Tabanovce L2'": {'"total'": 0, '"by_type'": {}}, '"Tabanovce L3'": {'"total'": 0, '"by_type'": {}}, '"Tabanovce L4'": {'"total'": 0, '"by_type'": {}}, '"Tabanovce L5'": {'"total'": 0, '"by_type'": {}}}",6.5
51,3,2026-05-02 03:40:54.289309+02,5,0,0,0,0,0,"{'"Tabanovce L1'": {'"total'": 0, '"by_type'": {}}, '"Tabanovce L2'": {'"total'": 0, '"by_type'": {}}, '"Tabanovce L3'": {'"total'": 0, '"by_type'": {}}, '"Tabanovce L4'": {'"total'": 0, '"by_type'": {}}, '"Tabanovce L5'": {'"total'": 0, '"by_type'": {}}}",6.5
52,3,2026-05-02 03:45:54.344777+02,5,0,0,0,0,0,"{'"Tabanovce L1'": {'"total'": 0, '"by_type'": {}}, '"Tabanovce L2'": {'"total'": 0, '"by_type'": {}}, '"Tabanovce L3'": {'"total'": 0, '"by_type'": {}}, '"Tabanovce L4'": {'"total'": 0, '"by_type'": {}}, '"Tabanovce L5'": {'"total'": 0, '"by_type'": {}}}",7
53,3,2026-05-02 03:50:54.38254+02,5,0,0,0,0,0,"{'"Tabanovce L1'": {'"total'": 0, '"by_type'": {}}, '"Tabanovce L2'": {'"total'": 0, '"by_type'": {}}, '"Tabanovce L3'": {'"total'": 0, '"by_type'": {}}, '"Tabanovce L4'": {'"total'": 0, '"by_type'": {}}, '"Tabanovce L5'": {'"total'": 0, '"by_type'": {}}}",6.5
54,3,2026-05-02 03:55:54.423805+02,5,0,0,0,0,0,"{'"Tabanovce L1'": {'"total'": 0, '"by_type'": {}}, '"Tabanovce L2'": {'"total'": 0, '"by_type'": {}}, '"Tabanovce L3'": {'"total'": 0, '"by_type'": {}}, '"Tabanovce L4'": {'"total'": 0, '"by_type'": {}}, '"Tabanovce L5'": {'"total'": 0, '"by_type'": {}}}",6.5
55,3,2026-05-02 04:00:54.459856+02,5,0,0,0,0,0,"{'"Tabanovce L1'": {'"total'": 0, '"by_type'": {}}, '"Tabanovce L2'": {'"total'": 0, '"by_type'": {}}, '"Tabanovce L3'": {'"total'": 0, '"by_type'": {}}, '"Tabanovce L4'": {'"total'": 0, '"by_type'": {}}, '"Tabanovce L5'": {'"total'": 0, '"by_type'": {}}}",6.5
56,3,2026-05-02 04:05:54.479673+02,5,0,0,0,0,0,"{'"Tabanovce L1'": {'"total'": 0, '"by_type'": {}}, '"Tabanovce L2'": {'"total'": 0, '"by_type'": {}}, '"Tabanovce L3'": {'"total'": 0, '"by_type'": {}}, '"Tabanovce L4'": {'"total'": 0, '"by_type'": {}}, '"Tabanovce L5'": {'"total'": 0, '"by_type'": {}}}",7
57,3,2026-05-02 04:10:54.568191+02,5,0,0,0,0,0,"{'"Tabanovce L1'": {'"total'": 0, '"by_type'": {}}, '"Tabanovce L2'": {'"total'": 0, '"by_type'": {}}, '"Tabanovce L3'": {'"total'": 0, '"by_type'": {}}, '"Tabanovce L4'": {'"total'": 0, '"by_type'": {}}, '"Tabanovce L5'": {'"total'": 0, '"by_type'": {}}}",4.5
446,3,2026-05-03 23:51:57.27005+02,5,0,0,0,0,0,"{'"Tabanovce L1'": {'"total'": 0, '"by_type'": {}}, '"Tabanovce L2'": {'"total'": 0, '"by_type'": {}}, '"Tabanovce L3'": {'"total'": 0, '"by_type'": {}}}",8
58,3,2026-05-02 04:15:54.712739+02,5,0,0,0,0,0,"{'"Tabanovce L1'": {'"total'": 0, '"by_type'": {}}, '"Tabanovce L2'": {'"total'": 0, '"by_type'": {}}, '"Tabanovce L3'": {'"total'": 0, '"by_type'": {}}, '"Tabanovce L4'": {'"total'": 0, '"by_type'": {}}, '"Tabanovce L5'": {'"total'": 0, '"by_type'": {}}}",6.5
59,3,2026-05-02 04:20:54.722175+02,5,0,0,0,0,0,"{'"Tabanovce L1'": {'"total'": 0, '"by_type'": {}}, '"Tabanovce L2'": {'"total'": 0, '"by_type'": {}}, '"Tabanovce L3'": {'"total'": 0, '"by_type'": {}}, '"Tabanovce L4'": {'"total'": 0, '"by_type'": {}}, '"Tabanovce L5'": {'"total'": 0, '"by_type'": {}}}",6.5
60,3,2026-05-02 04:25:54.778644+02,5,0,0,0,0,0,"{'"Tabanovce L1'": {'"total'": 0, '"by_type'": {}}, '"Tabanovce L2'": {'"total'": 0, '"by_type'": {}}, '"Tabanovce L3'": {'"total'": 0, '"by_type'": {}}, '"Tabanovce L4'": {'"total'": 0, '"by_type'": {}}, '"Tabanovce L5'": {'"total'": 0, '"by_type'": {}}}",6.5
61,3,2026-05-02 04:30:54.849821+02,5,0,0,0,0,0,"{'"Tabanovce L1'": {'"total'": 0, '"by_type'": {}}, '"Tabanovce L2'": {'"total'": 0, '"by_type'": {}}, '"Tabanovce L3'": {'"total'": 0, '"by_type'": {}}, '"Tabanovce L4'": {'"total'": 0, '"by_type'": {}}, '"Tabanovce L5'": {'"total'": 0, '"by_type'": {}}}",6.5
62,3,2026-05-02 04:35:54.913128+02,5,0,0,0,0,0,"{'"Tabanovce L1'": {'"total'": 0, '"by_type'": {}}, '"Tabanovce L2'": {'"total'": 0, '"by_type'": {}}, '"Tabanovce L3'": {'"total'": 0, '"by_type'": {}}, '"Tabanovce L4'": {'"total'": 0, '"by_type'": {}}, '"Tabanovce L5'": {'"total'": 0, '"by_type'": {}}}",6.5
63,3,2026-05-02 04:40:55.035875+02,5,0,0,0,0,0,"{'"Tabanovce L1'": {'"total'": 0, '"by_type'": {}}, '"Tabanovce L2'": {'"total'": 0, '"by_type'": {}}, '"Tabanovce L3'": {'"total'": 0, '"by_type'": {}}, '"Tabanovce L4'": {'"total'": 0, '"by_type'": {}}, '"Tabanovce L5'": {'"total'": 0, '"by_type'": {}}}",6.5
64,3,2026-05-02 04:45:55.17692+02,5,0,0,0,0,0,"{'"Tabanovce L1'": {'"total'": 0, '"by_type'": {}}, '"Tabanovce L2'": {'"total'": 0, '"by_type'": {}}, '"Tabanovce L3'": {'"total'": 0, '"by_type'": {}}, '"Tabanovce L4'": {'"total'": 0, '"by_type'": {}}, '"Tabanovce L5'": {'"total'": 0, '"by_type'": {}}}",6
65,3,2026-05-02 04:50:55.244364+02,5,0,0,0,0,0,"{'"Tabanovce L1'": {'"total'": 0, '"by_type'": {}}, '"Tabanovce L2'": {'"total'": 0, '"by_type'": {}}, '"Tabanovce L3'": {'"total'": 0, '"by_type'": {}}, '"Tabanovce L4'": {'"total'": 0, '"by_type'": {}}, '"Tabanovce L5'": {'"total'": 0, '"by_type'": {}}}",6.5
66,3,2026-05-02 04:55:55.398526+02,5,0,0,0,0,0,"{'"Tabanovce L1'": {'"total'": 0, '"by_type'": {}}, '"Tabanovce L2'": {'"total'": 0, '"by_type'": {}}, '"Tabanovce L3'": {'"total'": 0, '"by_type'": {}}, '"Tabanovce L4'": {'"total'": 0, '"by_type'": {}}, '"Tabanovce L5'": {'"total'": 0, '"by_type'": {}}}",7
67,3,2026-05-02 05:00:55.469415+02,5,0,0,0,0,0,"{'"Tabanovce L1'": {'"total'": 0, '"by_type'": {}}, '"Tabanovce L2'": {'"total'": 0, '"by_type'": {}}, '"Tabanovce L3'": {'"total'": 0, '"by_type'": {}}, '"Tabanovce L4'": {'"total'": 0, '"by_type'": {}}, '"Tabanovce L5'": {'"total'": 0, '"by_type'": {}}}",6.5
68,3,2026-05-02 05:05:55.551427+02,5,0,0,0,0,0,"{'"Tabanovce L1'": {'"total'": 0, '"by_type'": {}}, '"Tabanovce L2'": {'"total'": 0, '"by_type'": {}}, '"Tabanovce L3'": {'"total'": 0, '"by_type'": {}}, '"Tabanovce L4'": {'"total'": 0, '"by_type'": {}}, '"Tabanovce L5'": {'"total'": 0, '"by_type'": {}}}",6.5
69,3,2026-05-02 05:10:55.569073+02,5,0,0,0,0,0,"{'"Tabanovce L1'": {'"total'": 0, '"by_type'": {}}, '"Tabanovce L2'": {'"total'": 0, '"by_type'": {}}, '"Tabanovce L3'": {'"total'": 0, '"by_type'": {}}, '"Tabanovce L4'": {'"total'": 0, '"by_type'": {}}, '"Tabanovce L5'": {'"total'": 0, '"by_type'": {}}}",6.5
70,3,2026-05-02 05:15:55.679889+02,5,0,0,0,0,0,"{'"Tabanovce L1'": {'"total'": 0, '"by_type'": {}}, '"Tabanovce L2'": {'"total'": 0, '"by_type'": {}}, '"Tabanovce L3'": {'"total'": 0, '"by_type'": {}}, '"Tabanovce L4'": {'"total'": 0, '"by_type'": {}}, '"Tabanovce L5'": {'"total'": 0, '"by_type'": {}}}",6.5
71,3,2026-05-02 05:20:55.759596+02,5,1,1,0,0,0,"{'"Tabanovce L1'": {'"total'": 0, '"by_type'": {}}, '"Tabanovce L2'": {'"total'": 1, '"by_type'": {'"car'": 1}}, '"Tabanovce L3'": {'"total'": 0, '"by_type'": {}}, '"Tabanovce L4'": {'"total'": 0, '"by_type'": {}}, '"Tabanovce L5'": {'"total'": 0, '"by_type'": {}}}",6.5
72,3,2026-05-02 05:25:55.885293+02,5,0,0,0,0,0,"{'"Tabanovce L1'": {'"total'": 0, '"by_type'": {}}, '"Tabanovce L2'": {'"total'": 0, '"by_type'": {}}, '"Tabanovce L3'": {'"total'": 0, '"by_type'": {}}, '"Tabanovce L4'": {'"total'": 0, '"by_type'": {}}, '"Tabanovce L5'": {'"total'": 0, '"by_type'": {}}}",6.5
73,3,2026-05-02 05:30:55.931068+02,5,0,0,0,0,0,"{'"Tabanovce L1'": {'"total'": 0, '"by_type'": {}}, '"Tabanovce L2'": {'"total'": 0, '"by_type'": {}}, '"Tabanovce L3'": {'"total'": 0, '"by_type'": {}}, '"Tabanovce L4'": {'"total'": 0, '"by_type'": {}}, '"Tabanovce L5'": {'"total'": 0, '"by_type'": {}}}",6.5
74,3,2026-05-02 05:35:56.042884+02,5,0,0,0,0,0,"{'"Tabanovce L1'": {'"total'": 0, '"by_type'": {}}, '"Tabanovce L2'": {'"total'": 0, '"by_type'": {}}, '"Tabanovce L3'": {'"total'": 0, '"by_type'": {}}, '"Tabanovce L4'": {'"total'": 0, '"by_type'": {}}, '"Tabanovce L5'": {'"total'": 0, '"by_type'": {}}}",6.5
75,3,2026-05-02 05:40:56.200587+02,5,0,0,0,0,0,"{'"Tabanovce L1'": {'"total'": 0, '"by_type'": {}}, '"Tabanovce L2'": {'"total'": 0, '"by_type'": {}}, '"Tabanovce L3'": {'"total'": 0, '"by_type'": {}}, '"Tabanovce L4'": {'"total'": 0, '"by_type'": {}}, '"Tabanovce L5'": {'"total'": 0, '"by_type'": {}}}",6.5
76,3,2026-05-02 05:45:56.247184+02,5,0,0,0,0,0,"{'"Tabanovce L1'": {'"total'": 0, '"by_type'": {}}, '"Tabanovce L2'": {'"total'": 0, '"by_type'": {}}, '"Tabanovce L3'": {'"total'": 0, '"by_type'": {}}, '"Tabanovce L4'": {'"total'": 0, '"by_type'": {}}, '"Tabanovce L5'": {'"total'": 0, '"by_type'": {}}}",6.5
447,3,2026-05-03 23:56:57.323911+02,5,0,0,0,0,0,"{'"Tabanovce L1'": {'"total'": 0, '"by_type'": {}}, '"Tabanovce L2'": {'"total'": 0, '"by_type'": {}}, '"Tabanovce L3'": {'"total'": 0, '"by_type'": {}}}",8
77,3,2026-05-02 05:50:56.328028+02,5,0,0,0,0,0,"{'"Tabanovce L1'": {'"total'": 0, '"by_type'": {}}, '"Tabanovce L2'": {'"total'": 0, '"by_type'": {}}, '"Tabanovce L3'": {'"total'": 0, '"by_type'": {}}, '"Tabanovce L4'": {'"total'": 0, '"by_type'": {}}, '"Tabanovce L5'": {'"total'": 0, '"by_type'": {}}}",6.5
78,3,2026-05-02 05:55:56.379395+02,5,0,0,0,0,0,"{'"Tabanovce L1'": {'"total'": 0, '"by_type'": {}}, '"Tabanovce L2'": {'"total'": 0, '"by_type'": {}}, '"Tabanovce L3'": {'"total'": 0, '"by_type'": {}}, '"Tabanovce L4'": {'"total'": 0, '"by_type'": {}}, '"Tabanovce L5'": {'"total'": 0, '"by_type'": {}}}",6.5
79,3,2026-05-02 06:00:56.383439+02,5,0,0,0,0,0,"{'"Tabanovce L1'": {'"total'": 0, '"by_type'": {}}, '"Tabanovce L2'": {'"total'": 0, '"by_type'": {}}, '"Tabanovce L3'": {'"total'": 0, '"by_type'": {}}, '"Tabanovce L4'": {'"total'": 0, '"by_type'": {}}, '"Tabanovce L5'": {'"total'": 0, '"by_type'": {}}}",6.5
80,3,2026-05-02 06:05:56.451224+02,5,0,0,0,0,0,"{'"Tabanovce L1'": {'"total'": 0, '"by_type'": {}}, '"Tabanovce L2'": {'"total'": 0, '"by_type'": {}}, '"Tabanovce L3'": {'"total'": 0, '"by_type'": {}}, '"Tabanovce L4'": {'"total'": 0, '"by_type'": {}}, '"Tabanovce L5'": {'"total'": 0, '"by_type'": {}}}",6
81,3,2026-05-02 06:10:56.52752+02,5,0,0,0,0,0,"{'"Tabanovce L1'": {'"total'": 0, '"by_type'": {}}, '"Tabanovce L2'": {'"total'": 0, '"by_type'": {}}, '"Tabanovce L3'": {'"total'": 0, '"by_type'": {}}, '"Tabanovce L4'": {'"total'": 0, '"by_type'": {}}, '"Tabanovce L5'": {'"total'": 0, '"by_type'": {}}}",6.5
82,3,2026-05-02 06:15:56.538817+02,5,0,0,0,0,0,"{'"Tabanovce L1'": {'"total'": 0, '"by_type'": {}}, '"Tabanovce L2'": {'"total'": 0, '"by_type'": {}}, '"Tabanovce L3'": {'"total'": 0, '"by_type'": {}}, '"Tabanovce L4'": {'"total'": 0, '"by_type'": {}}, '"Tabanovce L5'": {'"total'": 0, '"by_type'": {}}}",6.5
83,3,2026-05-02 06:20:56.706685+02,5,0,0,0,0,0,"{'"Tabanovce L1'": {'"total'": 0, '"by_type'": {}}, '"Tabanovce L2'": {'"total'": 0, '"by_type'": {}}, '"Tabanovce L3'": {'"total'": 0, '"by_type'": {}}, '"Tabanovce L4'": {'"total'": 0, '"by_type'": {}}, '"Tabanovce L5'": {'"total'": 0, '"by_type'": {}}}",6.5
84,3,2026-05-02 06:25:56.711308+02,5,0,0,0,0,0,"{'"Tabanovce L1'": {'"total'": 0, '"by_type'": {}}, '"Tabanovce L2'": {'"total'": 0, '"by_type'": {}}, '"Tabanovce L3'": {'"total'": 0, '"by_type'": {}}, '"Tabanovce L4'": {'"total'": 0, '"by_type'": {}}, '"Tabanovce L5'": {'"total'": 0, '"by_type'": {}}}",6.5
85,3,2026-05-02 06:30:56.742722+02,5,0,0,0,0,0,"{'"Tabanovce L1'": {'"total'": 0, '"by_type'": {}}, '"Tabanovce L2'": {'"total'": 0, '"by_type'": {}}, '"Tabanovce L3'": {'"total'": 0, '"by_type'": {}}, '"Tabanovce L4'": {'"total'": 0, '"by_type'": {}}, '"Tabanovce L5'": {'"total'": 0, '"by_type'": {}}}",6.5
86,3,2026-05-02 06:35:56.850861+02,5,0,0,0,0,0,"{'"Tabanovce L1'": {'"total'": 0, '"by_type'": {}}, '"Tabanovce L2'": {'"total'": 0, '"by_type'": {}}, '"Tabanovce L3'": {'"total'": 0, '"by_type'": {}}, '"Tabanovce L4'": {'"total'": 0, '"by_type'": {}}, '"Tabanovce L5'": {'"total'": 0, '"by_type'": {}}}",6.5
87,3,2026-05-02 06:40:56.897938+02,5,1,1,0,0,0,"{'"Tabanovce L1'": {'"total'": 0, '"by_type'": {}}, '"Tabanovce L2'": {'"total'": 0, '"by_type'": {}}, '"Tabanovce L3'": {'"total'": 1, '"by_type'": {'"car'": 1}}, '"Tabanovce L4'": {'"total'": 0, '"by_type'": {}}, '"Tabanovce L5'": {'"total'": 0, '"by_type'": {}}}",6
88,3,2026-05-02 06:45:57.031522+02,5,0,0,0,0,0,"{'"Tabanovce L1'": {'"total'": 0, '"by_type'": {}}, '"Tabanovce L2'": {'"total'": 0, '"by_type'": {}}, '"Tabanovce L3'": {'"total'": 0, '"by_type'": {}}, '"Tabanovce L4'": {'"total'": 0, '"by_type'": {}}, '"Tabanovce L5'": {'"total'": 0, '"by_type'": {}}}",6.5
89,3,2026-05-02 06:50:57.120745+02,5,0,0,0,0,0,"{'"Tabanovce L1'": {'"total'": 0, '"by_type'": {}}, '"Tabanovce L2'": {'"total'": 0, '"by_type'": {}}, '"Tabanovce L3'": {'"total'": 0, '"by_type'": {}}, '"Tabanovce L4'": {'"total'": 0, '"by_type'": {}}, '"Tabanovce L5'": {'"total'": 0, '"by_type'": {}}}",6.5
90,3,2026-05-02 06:55:57.271062+02,5,0,0,0,0,0,"{'"Tabanovce L1'": {'"total'": 0, '"by_type'": {}}, '"Tabanovce L2'": {'"total'": 0, '"by_type'": {}}, '"Tabanovce L3'": {'"total'": 0, '"by_type'": {}}, '"Tabanovce L4'": {'"total'": 0, '"by_type'": {}}, '"Tabanovce L5'": {'"total'": 0, '"by_type'": {}}}",6.5
91,3,2026-05-02 07:00:57.372167+02,5,0,0,0,0,0,"{'"Tabanovce L1'": {'"total'": 0, '"by_type'": {}}, '"Tabanovce L2'": {'"total'": 0, '"by_type'": {}}, '"Tabanovce L3'": {'"total'": 0, '"by_type'": {}}, '"Tabanovce L4'": {'"total'": 0, '"by_type'": {}}, '"Tabanovce L5'": {'"total'": 0, '"by_type'": {}}}",7
92,3,2026-05-02 11:09:50.089964+02,5,1,1,0,0,0,"{'"Tabanovce L1'": {'"total'": 1, '"by_type'": {'"car'": 1}}, '"Tabanovce L2'": {'"total'": 0, '"by_type'": {}}, '"Tabanovce L3'": {'"total'": 0, '"by_type'": {}}, '"Tabanovce L4'": {'"total'": 0, '"by_type'": {}}, '"Tabanovce L5'": {'"total'": 0, '"by_type'": {}}}",7.5
93,3,2026-05-02 11:14:50.110422+02,5,2,2,0,0,0,"{'"Tabanovce L1'": {'"total'": 1, '"by_type'": {'"car'": 1}}, '"Tabanovce L2'": {'"total'": 1, '"by_type'": {'"car'": 1}}, '"Tabanovce L3'": {'"total'": 0, '"by_type'": {}}, '"Tabanovce L4'": {'"total'": 0, '"by_type'": {}}, '"Tabanovce L5'": {'"total'": 0, '"by_type'": {}}}",6.5
94,3,2026-05-02 11:24:32.089948+02,5,0,0,0,0,0,"{'"Tabanovce L1'": {'"total'": 0, '"by_type'": {}}, '"Tabanovce L2'": {'"total'": 0, '"by_type'": {}}, '"Tabanovce L3'": {'"total'": 0, '"by_type'": {}}, '"Tabanovce L4'": {'"total'": 0, '"by_type'": {}}, '"Tabanovce L5'": {'"total'": 0, '"by_type'": {}}}",6.5
95,3,2026-05-02 11:29:32.18263+02,5,0,0,0,0,0,"{'"Tabanovce L1'": {'"total'": 0, '"by_type'": {}}, '"Tabanovce L2'": {'"total'": 0, '"by_type'": {}}, '"Tabanovce L3'": {'"total'": 0, '"by_type'": {}}, '"Tabanovce L4'": {'"total'": 0, '"by_type'": {}}, '"Tabanovce L5'": {'"total'": 0, '"by_type'": {}}}",6.5
96,3,2026-05-02 11:34:32.204115+02,5,0,0,0,0,0,"{'"Tabanovce L1'": {'"total'": 0, '"by_type'": {}}, '"Tabanovce L2'": {'"total'": 0, '"by_type'": {}}, '"Tabanovce L3'": {'"total'": 0, '"by_type'": {}}, '"Tabanovce L4'": {'"total'": 0, '"by_type'": {}}, '"Tabanovce L5'": {'"total'": 0, '"by_type'": {}}}",6.5
97,3,2026-05-02 11:39:32.218015+02,5,0,0,0,0,0,"{'"Tabanovce L1'": {'"total'": 0, '"by_type'": {}}, '"Tabanovce L2'": {'"total'": 0, '"by_type'": {}}, '"Tabanovce L3'": {'"total'": 0, '"by_type'": {}}, '"Tabanovce L4'": {'"total'": 0, '"by_type'": {}}, '"Tabanovce L5'": {'"total'": 0, '"by_type'": {}}}",6.5
98,3,2026-05-02 11:44:32.299968+02,5,0,0,0,0,0,"{'"Tabanovce L1'": {'"total'": 0, '"by_type'": {}}, '"Tabanovce L2'": {'"total'": 0, '"by_type'": {}}, '"Tabanovce L3'": {'"total'": 0, '"by_type'": {}}, '"Tabanovce L4'": {'"total'": 0, '"by_type'": {}}, '"Tabanovce L5'": {'"total'": 0, '"by_type'": {}}}",6.5
99,3,2026-05-02 11:49:32.351548+02,5,0,0,0,0,0,"{'"Tabanovce L1'": {'"total'": 0, '"by_type'": {}}, '"Tabanovce L2'": {'"total'": 0, '"by_type'": {}}, '"Tabanovce L3'": {'"total'": 0, '"by_type'": {}}, '"Tabanovce L4'": {'"total'": 0, '"by_type'": {}}, '"Tabanovce L5'": {'"total'": 0, '"by_type'": {}}}",7
100,3,2026-05-02 11:54:32.478157+02,5,0,0,0,0,0,"{'"Tabanovce L1'": {'"total'": 0, '"by_type'": {}}, '"Tabanovce L2'": {'"total'": 0, '"by_type'": {}}, '"Tabanovce L3'": {'"total'": 0, '"by_type'": {}}, '"Tabanovce L4'": {'"total'": 0, '"by_type'": {}}, '"Tabanovce L5'": {'"total'": 0, '"by_type'": {}}}",7
101,3,2026-05-02 11:59:32.538731+02,5,1,1,0,0,0,"{'"Tabanovce L1'": {'"total'": 0, '"by_type'": {}}, '"Tabanovce L2'": {'"total'": 0, '"by_type'": {}}, '"Tabanovce L3'": {'"total'": 1, '"by_type'": {'"car'": 1}}, '"Tabanovce L4'": {'"total'": 0, '"by_type'": {}}, '"Tabanovce L5'": {'"total'": 0, '"by_type'": {}}}",6.5
102,3,2026-05-02 12:04:32.651094+02,5,0,0,0,0,0,"{'"Tabanovce L1'": {'"total'": 0, '"by_type'": {}}, '"Tabanovce L2'": {'"total'": 0, '"by_type'": {}}, '"Tabanovce L3'": {'"total'": 0, '"by_type'": {}}, '"Tabanovce L4'": {'"total'": 0, '"by_type'": {}}, '"Tabanovce L5'": {'"total'": 0, '"by_type'": {}}}",6.5
103,3,2026-05-02 12:09:32.753954+02,5,0,0,0,0,0,"{'"Tabanovce L1'": {'"total'": 0, '"by_type'": {}}, '"Tabanovce L2'": {'"total'": 0, '"by_type'": {}}, '"Tabanovce L3'": {'"total'": 0, '"by_type'": {}}, '"Tabanovce L4'": {'"total'": 0, '"by_type'": {}}, '"Tabanovce L5'": {'"total'": 0, '"by_type'": {}}}",7
104,3,2026-05-02 12:14:32.893669+02,5,1,1,0,0,0,"{'"Tabanovce L1'": {'"total'": 1, '"by_type'": {'"car'": 1}}, '"Tabanovce L2'": {'"total'": 0, '"by_type'": {}}, '"Tabanovce L3'": {'"total'": 0, '"by_type'": {}}, '"Tabanovce L4'": {'"total'": 0, '"by_type'": {}}, '"Tabanovce L5'": {'"total'": 0, '"by_type'": {}}}",6.5
105,3,2026-05-02 12:19:32.986336+02,5,0,0,0,0,0,"{'"Tabanovce L1'": {'"total'": 0, '"by_type'": {}}, '"Tabanovce L2'": {'"total'": 0, '"by_type'": {}}, '"Tabanovce L3'": {'"total'": 0, '"by_type'": {}}, '"Tabanovce L4'": {'"total'": 0, '"by_type'": {}}, '"Tabanovce L5'": {'"total'": 0, '"by_type'": {}}}",6.5
106,3,2026-05-02 12:24:33.005946+02,5,0,0,0,0,0,"{'"Tabanovce L1'": {'"total'": 0, '"by_type'": {}}, '"Tabanovce L2'": {'"total'": 0, '"by_type'": {}}, '"Tabanovce L3'": {'"total'": 0, '"by_type'": {}}, '"Tabanovce L4'": {'"total'": 0, '"by_type'": {}}, '"Tabanovce L5'": {'"total'": 0, '"by_type'": {}}}",6.5
107,3,2026-05-02 12:29:33.101586+02,5,0,0,0,0,0,"{'"Tabanovce L1'": {'"total'": 0, '"by_type'": {}}, '"Tabanovce L2'": {'"total'": 0, '"by_type'": {}}, '"Tabanovce L3'": {'"total'": 0, '"by_type'": {}}, '"Tabanovce L4'": {'"total'": 0, '"by_type'": {}}, '"Tabanovce L5'": {'"total'": 0, '"by_type'": {}}}",6
108,3,2026-05-02 12:34:33.122701+02,5,1,0,0,0,1,"{'"Tabanovce L1'": {'"total'": 1, '"by_type'": {'"truck'": 1}}, '"Tabanovce L2'": {'"total'": 0, '"by_type'": {}}, '"Tabanovce L3'": {'"total'": 0, '"by_type'": {}}, '"Tabanovce L4'": {'"total'": 0, '"by_type'": {}}, '"Tabanovce L5'": {'"total'": 0, '"by_type'": {}}}",6.5
109,3,2026-05-02 12:39:33.186756+02,5,1,1,0,0,0,"{'"Tabanovce L1'": {'"total'": 0, '"by_type'": {}}, '"Tabanovce L2'": {'"total'": 0, '"by_type'": {}}, '"Tabanovce L3'": {'"total'": 1, '"by_type'": {'"car'": 1}}, '"Tabanovce L4'": {'"total'": 0, '"by_type'": {}}, '"Tabanovce L5'": {'"total'": 0, '"by_type'": {}}}",7
110,3,2026-05-02 12:44:33.289457+02,5,0,0,0,0,0,"{'"Tabanovce L1'": {'"total'": 0, '"by_type'": {}}, '"Tabanovce L2'": {'"total'": 0, '"by_type'": {}}, '"Tabanovce L3'": {'"total'": 0, '"by_type'": {}}, '"Tabanovce L4'": {'"total'": 0, '"by_type'": {}}, '"Tabanovce L5'": {'"total'": 0, '"by_type'": {}}}",7
111,3,2026-05-02 12:49:36.974266+02,5,0,0,0,0,0,"{'"Tabanovce L1'": {'"total'": 0, '"by_type'": {}}, '"Tabanovce L2'": {'"total'": 0, '"by_type'": {}}, '"Tabanovce L3'": {'"total'": 0, '"by_type'": {}}, '"Tabanovce L4'": {'"total'": 0, '"by_type'": {}}, '"Tabanovce L5'": {'"total'": 0, '"by_type'": {}}}",0.5
112,3,2026-05-02 12:54:37.073645+02,5,0,0,0,0,0,"{'"Tabanovce L1'": {'"total'": 0, '"by_type'": {}}, '"Tabanovce L2'": {'"total'": 0, '"by_type'": {}}, '"Tabanovce L3'": {'"total'": 0, '"by_type'": {}}, '"Tabanovce L4'": {'"total'": 0, '"by_type'": {}}, '"Tabanovce L5'": {'"total'": 0, '"by_type'": {}}}",7
113,3,2026-05-02 12:59:37.097286+02,5,0,0,0,0,0,"{'"Tabanovce L1'": {'"total'": 0, '"by_type'": {}}, '"Tabanovce L2'": {'"total'": 0, '"by_type'": {}}, '"Tabanovce L3'": {'"total'": 0, '"by_type'": {}}, '"Tabanovce L4'": {'"total'": 0, '"by_type'": {}}, '"Tabanovce L5'": {'"total'": 0, '"by_type'": {}}}",6.5
114,3,2026-05-02 13:04:37.186948+02,5,0,0,0,0,0,"{'"Tabanovce L1'": {'"total'": 0, '"by_type'": {}}, '"Tabanovce L2'": {'"total'": 0, '"by_type'": {}}, '"Tabanovce L3'": {'"total'": 0, '"by_type'": {}}, '"Tabanovce L4'": {'"total'": 0, '"by_type'": {}}, '"Tabanovce L5'": {'"total'": 0, '"by_type'": {}}}",6
115,3,2026-05-02 13:09:37.214689+02,5,3,2,0,0,1,"{'"Tabanovce L1'": {'"total'": 2, '"by_type'": {'"car'": 1, '"truck'": 1}}, '"Tabanovce L2'": {'"total'": 0, '"by_type'": {}}, '"Tabanovce L3'": {'"total'": 1, '"by_type'": {'"car'": 1}}, '"Tabanovce L4'": {'"total'": 0, '"by_type'": {}}, '"Tabanovce L5'": {'"total'": 0, '"by_type'": {}}}",7.5
116,3,2026-05-02 13:14:37.262281+02,5,0,0,0,0,0,"{'"Tabanovce L1'": {'"total'": 0, '"by_type'": {}}, '"Tabanovce L2'": {'"total'": 0, '"by_type'": {}}, '"Tabanovce L3'": {'"total'": 0, '"by_type'": {}}, '"Tabanovce L4'": {'"total'": 0, '"by_type'": {}}, '"Tabanovce L5'": {'"total'": 0, '"by_type'": {}}}",7
117,3,2026-05-02 13:19:37.374768+02,5,1,1,0,0,0,"{'"Tabanovce L1'": {'"total'": 1, '"by_type'": {'"car'": 1}}, '"Tabanovce L2'": {'"total'": 0, '"by_type'": {}}, '"Tabanovce L3'": {'"total'": 0, '"by_type'": {}}, '"Tabanovce L4'": {'"total'": 0, '"by_type'": {}}, '"Tabanovce L5'": {'"total'": 0, '"by_type'": {}}}",7
118,3,2026-05-02 13:24:39.280829+02,5,0,0,0,0,0,"{'"Tabanovce L1'": {'"total'": 0, '"by_type'": {}}, '"Tabanovce L2'": {'"total'": 0, '"by_type'": {}}, '"Tabanovce L3'": {'"total'": 0, '"by_type'": {}}, '"Tabanovce L4'": {'"total'": 0, '"by_type'": {}}, '"Tabanovce L5'": {'"total'": 0, '"by_type'": {}}}",0.5
119,3,2026-05-02 13:29:39.375069+02,5,0,0,0,0,0,"{'"Tabanovce L1'": {'"total'": 0, '"by_type'": {}}, '"Tabanovce L2'": {'"total'": 0, '"by_type'": {}}, '"Tabanovce L3'": {'"total'": 0, '"by_type'": {}}, '"Tabanovce L4'": {'"total'": 0, '"by_type'": {}}, '"Tabanovce L5'": {'"total'": 0, '"by_type'": {}}}",6.5
120,3,2026-05-02 13:34:39.410905+02,5,0,0,0,0,0,"{'"Tabanovce L1'": {'"total'": 0, '"by_type'": {}}, '"Tabanovce L2'": {'"total'": 0, '"by_type'": {}}, '"Tabanovce L3'": {'"total'": 0, '"by_type'": {}}, '"Tabanovce L4'": {'"total'": 0, '"by_type'": {}}, '"Tabanovce L5'": {'"total'": 0, '"by_type'": {}}}",7
121,3,2026-05-02 13:39:39.570783+02,5,0,0,0,0,0,"{'"Tabanovce L1'": {'"total'": 0, '"by_type'": {}}, '"Tabanovce L2'": {'"total'": 0, '"by_type'": {}}, '"Tabanovce L3'": {'"total'": 0, '"by_type'": {}}, '"Tabanovce L4'": {'"total'": 0, '"by_type'": {}}, '"Tabanovce L5'": {'"total'": 0, '"by_type'": {}}}",6.5
122,3,2026-05-02 13:44:39.60099+02,5,0,0,0,0,0,"{'"Tabanovce L1'": {'"total'": 0, '"by_type'": {}}, '"Tabanovce L2'": {'"total'": 0, '"by_type'": {}}, '"Tabanovce L3'": {'"total'": 0, '"by_type'": {}}, '"Tabanovce L4'": {'"total'": 0, '"by_type'": {}}, '"Tabanovce L5'": {'"total'": 0, '"by_type'": {}}}",7
123,3,2026-05-02 13:49:42.190002+02,5,0,0,0,0,0,"{'"Tabanovce L1'": {'"total'": 0, '"by_type'": {}}, '"Tabanovce L2'": {'"total'": 0, '"by_type'": {}}, '"Tabanovce L3'": {'"total'": 0, '"by_type'": {}}, '"Tabanovce L4'": {'"total'": 0, '"by_type'": {}}, '"Tabanovce L5'": {'"total'": 0, '"by_type'": {}}}",0.5
124,3,2026-05-02 13:54:42.291795+02,5,0,0,0,0,0,"{'"Tabanovce L1'": {'"total'": 0, '"by_type'": {}}, '"Tabanovce L2'": {'"total'": 0, '"by_type'": {}}, '"Tabanovce L3'": {'"total'": 0, '"by_type'": {}}, '"Tabanovce L4'": {'"total'": 0, '"by_type'": {}}, '"Tabanovce L5'": {'"total'": 0, '"by_type'": {}}}",7
125,3,2026-05-02 13:59:42.437481+02,5,0,0,0,0,0,"{'"Tabanovce L1'": {'"total'": 0, '"by_type'": {}}, '"Tabanovce L2'": {'"total'": 0, '"by_type'": {}}, '"Tabanovce L3'": {'"total'": 0, '"by_type'": {}}, '"Tabanovce L4'": {'"total'": 0, '"by_type'": {}}, '"Tabanovce L5'": {'"total'": 0, '"by_type'": {}}}",7
126,3,2026-05-02 14:04:42.552321+02,5,0,0,0,0,0,"{'"Tabanovce L1'": {'"total'": 0, '"by_type'": {}}, '"Tabanovce L2'": {'"total'": 0, '"by_type'": {}}, '"Tabanovce L3'": {'"total'": 0, '"by_type'": {}}, '"Tabanovce L4'": {'"total'": 0, '"by_type'": {}}, '"Tabanovce L5'": {'"total'": 0, '"by_type'": {}}}",7
127,3,2026-05-02 14:09:42.687428+02,5,0,0,0,0,0,"{'"Tabanovce L1'": {'"total'": 0, '"by_type'": {}}, '"Tabanovce L2'": {'"total'": 0, '"by_type'": {}}, '"Tabanovce L3'": {'"total'": 0, '"by_type'": {}}, '"Tabanovce L4'": {'"total'": 0, '"by_type'": {}}, '"Tabanovce L5'": {'"total'": 0, '"by_type'": {}}}",7
128,3,2026-05-02 14:14:42.726383+02,5,1,0,0,1,0,"{'"Tabanovce L1'": {'"total'": 0, '"by_type'": {}}, '"Tabanovce L2'": {'"total'": 1, '"by_type'": {'"bus'": 1}}, '"Tabanovce L3'": {'"total'": 0, '"by_type'": {}}, '"Tabanovce L4'": {'"total'": 0, '"by_type'": {}}, '"Tabanovce L5'": {'"total'": 0, '"by_type'": {}}}",6
129,3,2026-05-02 14:19:42.885141+02,5,0,0,0,0,0,"{'"Tabanovce L1'": {'"total'": 0, '"by_type'": {}}, '"Tabanovce L2'": {'"total'": 0, '"by_type'": {}}, '"Tabanovce L3'": {'"total'": 0, '"by_type'": {}}, '"Tabanovce L4'": {'"total'": 0, '"by_type'": {}}, '"Tabanovce L5'": {'"total'": 0, '"by_type'": {}}}",7
130,3,2026-05-02 14:24:42.915316+02,5,0,0,0,0,0,"{'"Tabanovce L1'": {'"total'": 0, '"by_type'": {}}, '"Tabanovce L2'": {'"total'": 0, '"by_type'": {}}, '"Tabanovce L3'": {'"total'": 0, '"by_type'": {}}, '"Tabanovce L4'": {'"total'": 0, '"by_type'": {}}, '"Tabanovce L5'": {'"total'": 0, '"by_type'": {}}}",7
131,3,2026-05-02 14:29:42.961278+02,5,0,0,0,0,0,"{'"Tabanovce L1'": {'"total'": 0, '"by_type'": {}}, '"Tabanovce L2'": {'"total'": 0, '"by_type'": {}}, '"Tabanovce L3'": {'"total'": 0, '"by_type'": {}}, '"Tabanovce L4'": {'"total'": 0, '"by_type'": {}}, '"Tabanovce L5'": {'"total'": 0, '"by_type'": {}}}",7
132,3,2026-05-02 14:34:42.970975+02,5,0,0,0,0,0,"{'"Tabanovce L1'": {'"total'": 0, '"by_type'": {}}, '"Tabanovce L2'": {'"total'": 0, '"by_type'": {}}, '"Tabanovce L3'": {'"total'": 0, '"by_type'": {}}, '"Tabanovce L4'": {'"total'": 0, '"by_type'": {}}, '"Tabanovce L5'": {'"total'": 0, '"by_type'": {}}}",6.5
133,3,2026-05-02 14:39:43.03128+02,5,1,1,0,0,0,"{'"Tabanovce L1'": {'"total'": 0, '"by_type'": {}}, '"Tabanovce L2'": {'"total'": 0, '"by_type'": {}}, '"Tabanovce L3'": {'"total'": 1, '"by_type'": {'"car'": 1}}, '"Tabanovce L4'": {'"total'": 0, '"by_type'": {}}, '"Tabanovce L5'": {'"total'": 0, '"by_type'": {}}}",6.5
134,3,2026-05-02 14:44:43.104548+02,5,0,0,0,0,0,"{'"Tabanovce L1'": {'"total'": 0, '"by_type'": {}}, '"Tabanovce L2'": {'"total'": 0, '"by_type'": {}}, '"Tabanovce L3'": {'"total'": 0, '"by_type'": {}}, '"Tabanovce L4'": {'"total'": 0, '"by_type'": {}}, '"Tabanovce L5'": {'"total'": 0, '"by_type'": {}}}",6.5
135,3,2026-05-02 14:49:43.175957+02,5,0,0,0,0,0,"{'"Tabanovce L1'": {'"total'": 0, '"by_type'": {}}, '"Tabanovce L2'": {'"total'": 0, '"by_type'": {}}, '"Tabanovce L3'": {'"total'": 0, '"by_type'": {}}, '"Tabanovce L4'": {'"total'": 0, '"by_type'": {}}, '"Tabanovce L5'": {'"total'": 0, '"by_type'": {}}}",6.5
136,3,2026-05-02 14:54:43.297243+02,5,1,1,0,0,0,"{'"Tabanovce L1'": {'"total'": 0, '"by_type'": {}}, '"Tabanovce L2'": {'"total'": 0, '"by_type'": {}}, '"Tabanovce L3'": {'"total'": 1, '"by_type'": {'"car'": 1}}, '"Tabanovce L4'": {'"total'": 0, '"by_type'": {}}, '"Tabanovce L5'": {'"total'": 0, '"by_type'": {}}}",6.5
137,3,2026-05-02 14:59:43.315906+02,5,0,0,0,0,0,"{'"Tabanovce L1'": {'"total'": 0, '"by_type'": {}}, '"Tabanovce L2'": {'"total'": 0, '"by_type'": {}}, '"Tabanovce L3'": {'"total'": 0, '"by_type'": {}}, '"Tabanovce L4'": {'"total'": 0, '"by_type'": {}}, '"Tabanovce L5'": {'"total'": 0, '"by_type'": {}}}",6
138,3,2026-05-02 15:04:43.41356+02,5,0,0,0,0,0,"{'"Tabanovce L1'": {'"total'": 0, '"by_type'": {}}, '"Tabanovce L2'": {'"total'": 0, '"by_type'": {}}, '"Tabanovce L3'": {'"total'": 0, '"by_type'": {}}, '"Tabanovce L4'": {'"total'": 0, '"by_type'": {}}, '"Tabanovce L5'": {'"total'": 0, '"by_type'": {}}}",6
139,3,2026-05-02 15:09:43.523611+02,5,0,0,0,0,0,"{'"Tabanovce L1'": {'"total'": 0, '"by_type'": {}}, '"Tabanovce L2'": {'"total'": 0, '"by_type'": {}}, '"Tabanovce L3'": {'"total'": 0, '"by_type'": {}}, '"Tabanovce L4'": {'"total'": 0, '"by_type'": {}}, '"Tabanovce L5'": {'"total'": 0, '"by_type'": {}}}",7
140,3,2026-05-02 15:14:43.587385+02,5,1,1,0,0,0,"{'"Tabanovce L1'": {'"total'": 0, '"by_type'": {}}, '"Tabanovce L2'": {'"total'": 1, '"by_type'": {'"car'": 1}}, '"Tabanovce L3'": {'"total'": 0, '"by_type'": {}}, '"Tabanovce L4'": {'"total'": 0, '"by_type'": {}}, '"Tabanovce L5'": {'"total'": 0, '"by_type'": {}}}",7
141,3,2026-05-02 15:19:43.745692+02,5,0,0,0,0,0,"{'"Tabanovce L1'": {'"total'": 0, '"by_type'": {}}, '"Tabanovce L2'": {'"total'": 0, '"by_type'": {}}, '"Tabanovce L3'": {'"total'": 0, '"by_type'": {}}, '"Tabanovce L4'": {'"total'": 0, '"by_type'": {}}, '"Tabanovce L5'": {'"total'": 0, '"by_type'": {}}}",4
142,3,2026-05-02 15:24:43.823368+02,5,0,0,0,0,0,"{'"Tabanovce L1'": {'"total'": 0, '"by_type'": {}}, '"Tabanovce L2'": {'"total'": 0, '"by_type'": {}}, '"Tabanovce L3'": {'"total'": 0, '"by_type'": {}}, '"Tabanovce L4'": {'"total'": 0, '"by_type'": {}}, '"Tabanovce L5'": {'"total'": 0, '"by_type'": {}}}",7
143,3,2026-05-02 15:29:43.926044+02,5,0,0,0,0,0,"{'"Tabanovce L1'": {'"total'": 0, '"by_type'": {}}, '"Tabanovce L2'": {'"total'": 0, '"by_type'": {}}, '"Tabanovce L3'": {'"total'": 0, '"by_type'": {}}, '"Tabanovce L4'": {'"total'": 0, '"by_type'": {}}, '"Tabanovce L5'": {'"total'": 0, '"by_type'": {}}}",7
144,3,2026-05-02 15:34:44.047618+02,5,0,0,0,0,0,"{'"Tabanovce L1'": {'"total'": 0, '"by_type'": {}}, '"Tabanovce L2'": {'"total'": 0, '"by_type'": {}}, '"Tabanovce L3'": {'"total'": 0, '"by_type'": {}}, '"Tabanovce L4'": {'"total'": 0, '"by_type'": {}}, '"Tabanovce L5'": {'"total'": 0, '"by_type'": {}}}",6.5
145,3,2026-05-02 15:39:44.143146+02,5,0,0,0,0,0,"{'"Tabanovce L1'": {'"total'": 0, '"by_type'": {}}, '"Tabanovce L2'": {'"total'": 0, '"by_type'": {}}, '"Tabanovce L3'": {'"total'": 0, '"by_type'": {}}, '"Tabanovce L4'": {'"total'": 0, '"by_type'": {}}, '"Tabanovce L5'": {'"total'": 0, '"by_type'": {}}}",7
146,3,2026-05-02 15:44:44.158813+02,5,2,1,0,0,1,"{'"Tabanovce L1'": {'"total'": 0, '"by_type'": {}}, '"Tabanovce L2'": {'"total'": 0, '"by_type'": {}}, '"Tabanovce L3'": {'"total'": 2, '"by_type'": {'"car'": 1, '"truck'": 1}}, '"Tabanovce L4'": {'"total'": 0, '"by_type'": {}}, '"Tabanovce L5'": {'"total'": 0, '"by_type'": {}}}",6.5
147,3,2026-05-02 15:49:44.181668+02,5,0,0,0,0,0,"{'"Tabanovce L1'": {'"total'": 0, '"by_type'": {}}, '"Tabanovce L2'": {'"total'": 0, '"by_type'": {}}, '"Tabanovce L3'": {'"total'": 0, '"by_type'": {}}, '"Tabanovce L4'": {'"total'": 0, '"by_type'": {}}, '"Tabanovce L5'": {'"total'": 0, '"by_type'": {}}}",7
148,3,2026-05-02 15:54:44.296775+02,5,1,1,0,0,0,"{'"Tabanovce L1'": {'"total'": 0, '"by_type'": {}}, '"Tabanovce L2'": {'"total'": 1, '"by_type'": {'"car'": 1}}, '"Tabanovce L3'": {'"total'": 0, '"by_type'": {}}, '"Tabanovce L4'": {'"total'": 0, '"by_type'": {}}, '"Tabanovce L5'": {'"total'": 0, '"by_type'": {}}}",2.5
149,3,2026-05-02 15:59:44.420547+02,5,1,1,0,0,0,"{'"Tabanovce L1'": {'"total'": 0, '"by_type'": {}}, '"Tabanovce L2'": {'"total'": 0, '"by_type'": {}}, '"Tabanovce L3'": {'"total'": 1, '"by_type'": {'"car'": 1}}, '"Tabanovce L4'": {'"total'": 0, '"by_type'": {}}, '"Tabanovce L5'": {'"total'": 0, '"by_type'": {}}}",6.5
150,3,2026-05-02 16:04:44.513067+02,5,1,0,0,0,1,"{'"Tabanovce L1'": {'"total'": 1, '"by_type'": {'"truck'": 1}}, '"Tabanovce L2'": {'"total'": 0, '"by_type'": {}}, '"Tabanovce L3'": {'"total'": 0, '"by_type'": {}}, '"Tabanovce L4'": {'"total'": 0, '"by_type'": {}}, '"Tabanovce L5'": {'"total'": 0, '"by_type'": {}}}",6.5
151,3,2026-05-02 16:09:46.341388+02,5,0,0,0,0,0,"{'"Tabanovce L1'": {'"total'": 0, '"by_type'": {}}, '"Tabanovce L2'": {'"total'": 0, '"by_type'": {}}, '"Tabanovce L3'": {'"total'": 0, '"by_type'": {}}, '"Tabanovce L4'": {'"total'": 0, '"by_type'": {}}, '"Tabanovce L5'": {'"total'": 0, '"by_type'": {}}}",0.5
152,3,2026-05-02 16:14:46.472489+02,5,0,0,0,0,0,"{'"Tabanovce L1'": {'"total'": 0, '"by_type'": {}}, '"Tabanovce L2'": {'"total'": 0, '"by_type'": {}}, '"Tabanovce L3'": {'"total'": 0, '"by_type'": {}}, '"Tabanovce L4'": {'"total'": 0, '"by_type'": {}}, '"Tabanovce L5'": {'"total'": 0, '"by_type'": {}}}",6.5
153,3,2026-05-02 16:19:46.522909+02,5,0,0,0,0,0,"{'"Tabanovce L1'": {'"total'": 0, '"by_type'": {}}, '"Tabanovce L2'": {'"total'": 0, '"by_type'": {}}, '"Tabanovce L3'": {'"total'": 0, '"by_type'": {}}, '"Tabanovce L4'": {'"total'": 0, '"by_type'": {}}, '"Tabanovce L5'": {'"total'": 0, '"by_type'": {}}}",7
154,3,2026-05-02 16:24:46.578099+02,5,1,0,0,0,1,"{'"Tabanovce L1'": {'"total'": 1, '"by_type'": {'"truck'": 1}}, '"Tabanovce L2'": {'"total'": 0, '"by_type'": {}}, '"Tabanovce L3'": {'"total'": 0, '"by_type'": {}}, '"Tabanovce L4'": {'"total'": 0, '"by_type'": {}}, '"Tabanovce L5'": {'"total'": 0, '"by_type'": {}}}",7
155,3,2026-05-02 16:29:46.598363+02,5,1,1,0,0,0,"{'"Tabanovce L1'": {'"total'": 0, '"by_type'": {}}, '"Tabanovce L2'": {'"total'": 1, '"by_type'": {'"car'": 1}}, '"Tabanovce L3'": {'"total'": 0, '"by_type'": {}}, '"Tabanovce L4'": {'"total'": 0, '"by_type'": {}}, '"Tabanovce L5'": {'"total'": 0, '"by_type'": {}}}",6.5
156,3,2026-05-02 16:34:46.70857+02,5,0,0,0,0,0,"{'"Tabanovce L1'": {'"total'": 0, '"by_type'": {}}, '"Tabanovce L2'": {'"total'": 0, '"by_type'": {}}, '"Tabanovce L3'": {'"total'": 0, '"by_type'": {}}, '"Tabanovce L4'": {'"total'": 0, '"by_type'": {}}, '"Tabanovce L5'": {'"total'": 0, '"by_type'": {}}}",7
157,3,2026-05-02 16:39:46.712466+02,5,0,0,0,0,0,"{'"Tabanovce L1'": {'"total'": 0, '"by_type'": {}}, '"Tabanovce L2'": {'"total'": 0, '"by_type'": {}}, '"Tabanovce L3'": {'"total'": 0, '"by_type'": {}}, '"Tabanovce L4'": {'"total'": 0, '"by_type'": {}}, '"Tabanovce L5'": {'"total'": 0, '"by_type'": {}}}",6.5
158,3,2026-05-02 16:44:46.829906+02,5,2,1,0,0,1,"{'"Tabanovce L1'": {'"total'": 2, '"by_type'": {'"car'": 1, '"truck'": 1}}, '"Tabanovce L2'": {'"total'": 0, '"by_type'": {}}, '"Tabanovce L3'": {'"total'": 0, '"by_type'": {}}, '"Tabanovce L4'": {'"total'": 0, '"by_type'": {}}, '"Tabanovce L5'": {'"total'": 0, '"by_type'": {}}}",6.5
159,3,2026-05-02 16:49:46.89118+02,5,1,1,0,0,0,"{'"Tabanovce L1'": {'"total'": 1, '"by_type'": {'"car'": 1}}, '"Tabanovce L2'": {'"total'": 0, '"by_type'": {}}, '"Tabanovce L3'": {'"total'": 0, '"by_type'": {}}, '"Tabanovce L4'": {'"total'": 0, '"by_type'": {}}, '"Tabanovce L5'": {'"total'": 0, '"by_type'": {}}}",4
160,3,2026-05-02 16:54:46.969004+02,5,2,2,0,0,0,"{'"Tabanovce L1'": {'"total'": 1, '"by_type'": {'"car'": 1}}, '"Tabanovce L2'": {'"total'": 0, '"by_type'": {}}, '"Tabanovce L3'": {'"total'": 1, '"by_type'": {'"car'": 1}}, '"Tabanovce L4'": {'"total'": 0, '"by_type'": {}}, '"Tabanovce L5'": {'"total'": 0, '"by_type'": {}}}",7
161,3,2026-05-02 16:59:47.073077+02,5,2,1,0,0,1,"{'"Tabanovce L1'": {'"total'": 1, '"by_type'": {'"car'": 1}}, '"Tabanovce L2'": {'"total'": 0, '"by_type'": {}}, '"Tabanovce L3'": {'"total'": 1, '"by_type'": {'"truck'": 1}}, '"Tabanovce L4'": {'"total'": 0, '"by_type'": {}}, '"Tabanovce L5'": {'"total'": 0, '"by_type'": {}}}",6.5
162,3,2026-05-02 17:04:47.132692+02,5,3,2,0,1,0,"{'"Tabanovce L1'": {'"total'": 2, '"by_type'": {'"bus'": 1, '"car'": 1}}, '"Tabanovce L2'": {'"total'": 1, '"by_type'": {'"car'": 1}}, '"Tabanovce L3'": {'"total'": 0, '"by_type'": {}}, '"Tabanovce L4'": {'"total'": 0, '"by_type'": {}}, '"Tabanovce L5'": {'"total'": 0, '"by_type'": {}}}",6.5
163,3,2026-05-02 17:09:47.278218+02,5,1,1,0,0,0,"{'"Tabanovce L1'": {'"total'": 1, '"by_type'": {'"car'": 1}}, '"Tabanovce L2'": {'"total'": 0, '"by_type'": {}}, '"Tabanovce L3'": {'"total'": 0, '"by_type'": {}}, '"Tabanovce L4'": {'"total'": 0, '"by_type'": {}}, '"Tabanovce L5'": {'"total'": 0, '"by_type'": {}}}",7
164,3,2026-05-02 17:14:47.315286+02,5,1,1,0,0,0,"{'"Tabanovce L1'": {'"total'": 1, '"by_type'": {'"car'": 1}}, '"Tabanovce L2'": {'"total'": 0, '"by_type'": {}}, '"Tabanovce L3'": {'"total'": 0, '"by_type'": {}}, '"Tabanovce L4'": {'"total'": 0, '"by_type'": {}}, '"Tabanovce L5'": {'"total'": 0, '"by_type'": {}}}",7
165,3,2026-05-02 17:19:47.421045+02,5,1,1,0,0,0,"{'"Tabanovce L1'": {'"total'": 1, '"by_type'": {'"car'": 1}}, '"Tabanovce L2'": {'"total'": 0, '"by_type'": {}}, '"Tabanovce L3'": {'"total'": 0, '"by_type'": {}}, '"Tabanovce L4'": {'"total'": 0, '"by_type'": {}}, '"Tabanovce L5'": {'"total'": 0, '"by_type'": {}}}",7.5
166,3,2026-05-02 17:24:47.430416+02,5,1,1,0,0,0,"{'"Tabanovce L1'": {'"total'": 1, '"by_type'": {'"car'": 1}}, '"Tabanovce L2'": {'"total'": 0, '"by_type'": {}}, '"Tabanovce L3'": {'"total'": 0, '"by_type'": {}}, '"Tabanovce L4'": {'"total'": 0, '"by_type'": {}}, '"Tabanovce L5'": {'"total'": 0, '"by_type'": {}}}",6.5
167,3,2026-05-02 17:29:48.07656+02,5,0,0,0,0,0,"{'"Tabanovce L1'": {'"total'": 0, '"by_type'": {}}, '"Tabanovce L2'": {'"total'": 0, '"by_type'": {}}, '"Tabanovce L3'": {'"total'": 0, '"by_type'": {}}, '"Tabanovce L4'": {'"total'": 0, '"by_type'": {}}, '"Tabanovce L5'": {'"total'": 0, '"by_type'": {}}}",0.5
168,3,2026-05-02 17:34:48.200674+02,5,0,0,0,0,0,"{'"Tabanovce L1'": {'"total'": 0, '"by_type'": {}}, '"Tabanovce L2'": {'"total'": 0, '"by_type'": {}}, '"Tabanovce L3'": {'"total'": 0, '"by_type'": {}}, '"Tabanovce L4'": {'"total'": 0, '"by_type'": {}}, '"Tabanovce L5'": {'"total'": 0, '"by_type'": {}}}",7
169,3,2026-05-02 17:39:48.283342+02,5,0,0,0,0,0,"{'"Tabanovce L1'": {'"total'": 0, '"by_type'": {}}, '"Tabanovce L2'": {'"total'": 0, '"by_type'": {}}, '"Tabanovce L3'": {'"total'": 0, '"by_type'": {}}, '"Tabanovce L4'": {'"total'": 0, '"by_type'": {}}, '"Tabanovce L5'": {'"total'": 0, '"by_type'": {}}}",7
170,3,2026-05-02 17:44:50.791451+02,5,0,0,0,0,0,"{'"Tabanovce L1'": {'"total'": 0, '"by_type'": {}}, '"Tabanovce L2'": {'"total'": 0, '"by_type'": {}}, '"Tabanovce L3'": {'"total'": 0, '"by_type'": {}}, '"Tabanovce L4'": {'"total'": 0, '"by_type'": {}}, '"Tabanovce L5'": {'"total'": 0, '"by_type'": {}}}",0.5
171,3,2026-05-02 17:49:50.906982+02,5,0,0,0,0,0,"{'"Tabanovce L1'": {'"total'": 0, '"by_type'": {}}, '"Tabanovce L2'": {'"total'": 0, '"by_type'": {}}, '"Tabanovce L3'": {'"total'": 0, '"by_type'": {}}, '"Tabanovce L4'": {'"total'": 0, '"by_type'": {}}, '"Tabanovce L5'": {'"total'": 0, '"by_type'": {}}}",7
172,3,2026-05-02 17:54:51.02025+02,5,0,0,0,0,0,"{'"Tabanovce L1'": {'"total'": 0, '"by_type'": {}}, '"Tabanovce L2'": {'"total'": 0, '"by_type'": {}}, '"Tabanovce L3'": {'"total'": 0, '"by_type'": {}}, '"Tabanovce L4'": {'"total'": 0, '"by_type'": {}}, '"Tabanovce L5'": {'"total'": 0, '"by_type'": {}}}",7
173,3,2026-05-02 17:59:51.041514+02,5,0,0,0,0,0,"{'"Tabanovce L1'": {'"total'": 0, '"by_type'": {}}, '"Tabanovce L2'": {'"total'": 0, '"by_type'": {}}, '"Tabanovce L3'": {'"total'": 0, '"by_type'": {}}, '"Tabanovce L4'": {'"total'": 0, '"by_type'": {}}, '"Tabanovce L5'": {'"total'": 0, '"by_type'": {}}}",7.5
174,3,2026-05-02 18:04:51.092247+02,5,0,0,0,0,0,"{'"Tabanovce L1'": {'"total'": 0, '"by_type'": {}}, '"Tabanovce L2'": {'"total'": 0, '"by_type'": {}}, '"Tabanovce L3'": {'"total'": 0, '"by_type'": {}}, '"Tabanovce L4'": {'"total'": 0, '"by_type'": {}}, '"Tabanovce L5'": {'"total'": 0, '"by_type'": {}}}",5
175,3,2026-05-02 18:09:51.192292+02,5,1,1,0,0,0,"{'"Tabanovce L1'": {'"total'": 0, '"by_type'": {}}, '"Tabanovce L2'": {'"total'": 0, '"by_type'": {}}, '"Tabanovce L3'": {'"total'": 1, '"by_type'": {'"car'": 1}}, '"Tabanovce L4'": {'"total'": 0, '"by_type'": {}}, '"Tabanovce L5'": {'"total'": 0, '"by_type'": {}}}",7
176,3,2026-05-02 18:14:51.249108+02,5,1,1,0,0,0,"{'"Tabanovce L1'": {'"total'": 0, '"by_type'": {}}, '"Tabanovce L2'": {'"total'": 0, '"by_type'": {}}, '"Tabanovce L3'": {'"total'": 1, '"by_type'": {'"car'": 1}}, '"Tabanovce L4'": {'"total'": 0, '"by_type'": {}}, '"Tabanovce L5'": {'"total'": 0, '"by_type'": {}}}",6.5
177,3,2026-05-02 18:19:51.379205+02,5,0,0,0,0,0,"{'"Tabanovce L1'": {'"total'": 0, '"by_type'": {}}, '"Tabanovce L2'": {'"total'": 0, '"by_type'": {}}, '"Tabanovce L3'": {'"total'": 0, '"by_type'": {}}, '"Tabanovce L4'": {'"total'": 0, '"by_type'": {}}, '"Tabanovce L5'": {'"total'": 0, '"by_type'": {}}}",6.5
178,3,2026-05-02 18:24:51.45503+02,5,0,0,0,0,0,"{'"Tabanovce L1'": {'"total'": 0, '"by_type'": {}}, '"Tabanovce L2'": {'"total'": 0, '"by_type'": {}}, '"Tabanovce L3'": {'"total'": 0, '"by_type'": {}}, '"Tabanovce L4'": {'"total'": 0, '"by_type'": {}}, '"Tabanovce L5'": {'"total'": 0, '"by_type'": {}}}",7
179,3,2026-05-02 18:29:52.629555+02,5,0,0,0,0,0,"{'"Tabanovce L1'": {'"total'": 0, '"by_type'": {}}, '"Tabanovce L2'": {'"total'": 0, '"by_type'": {}}, '"Tabanovce L3'": {'"total'": 0, '"by_type'": {}}, '"Tabanovce L4'": {'"total'": 0, '"by_type'": {}}, '"Tabanovce L5'": {'"total'": 0, '"by_type'": {}}}",0.5
180,3,2026-05-02 18:34:52.724489+02,5,0,0,0,0,0,"{'"Tabanovce L1'": {'"total'": 0, '"by_type'": {}}, '"Tabanovce L2'": {'"total'": 0, '"by_type'": {}}, '"Tabanovce L3'": {'"total'": 0, '"by_type'": {}}, '"Tabanovce L4'": {'"total'": 0, '"by_type'": {}}, '"Tabanovce L5'": {'"total'": 0, '"by_type'": {}}}",7
181,3,2026-05-02 18:39:52.900861+02,5,0,0,0,0,0,"{'"Tabanovce L1'": {'"total'": 0, '"by_type'": {}}, '"Tabanovce L2'": {'"total'": 0, '"by_type'": {}}, '"Tabanovce L3'": {'"total'": 0, '"by_type'": {}}, '"Tabanovce L4'": {'"total'": 0, '"by_type'": {}}, '"Tabanovce L5'": {'"total'": 0, '"by_type'": {}}}",6
182,3,2026-05-02 18:44:52.937189+02,5,0,0,0,0,0,"{'"Tabanovce L1'": {'"total'": 0, '"by_type'": {}}, '"Tabanovce L2'": {'"total'": 0, '"by_type'": {}}, '"Tabanovce L3'": {'"total'": 0, '"by_type'": {}}, '"Tabanovce L4'": {'"total'": 0, '"by_type'": {}}, '"Tabanovce L5'": {'"total'": 0, '"by_type'": {}}}",3
183,3,2026-05-02 18:49:53.015048+02,5,0,0,0,0,0,"{'"Tabanovce L1'": {'"total'": 0, '"by_type'": {}}, '"Tabanovce L2'": {'"total'": 0, '"by_type'": {}}, '"Tabanovce L3'": {'"total'": 0, '"by_type'": {}}, '"Tabanovce L4'": {'"total'": 0, '"by_type'": {}}, '"Tabanovce L5'": {'"total'": 0, '"by_type'": {}}}",6.5
184,3,2026-05-02 18:54:53.125805+02,5,0,0,0,0,0,"{'"Tabanovce L1'": {'"total'": 0, '"by_type'": {}}, '"Tabanovce L2'": {'"total'": 0, '"by_type'": {}}, '"Tabanovce L3'": {'"total'": 0, '"by_type'": {}}, '"Tabanovce L4'": {'"total'": 0, '"by_type'": {}}, '"Tabanovce L5'": {'"total'": 0, '"by_type'": {}}}",7
185,3,2026-05-02 18:59:53.133009+02,5,0,0,0,0,0,"{'"Tabanovce L1'": {'"total'": 0, '"by_type'": {}}, '"Tabanovce L2'": {'"total'": 0, '"by_type'": {}}, '"Tabanovce L3'": {'"total'": 0, '"by_type'": {}}, '"Tabanovce L4'": {'"total'": 0, '"by_type'": {}}, '"Tabanovce L5'": {'"total'": 0, '"by_type'": {}}}",7
186,3,2026-05-02 19:04:53.156276+02,5,0,0,0,0,0,"{'"Tabanovce L1'": {'"total'": 0, '"by_type'": {}}, '"Tabanovce L2'": {'"total'": 0, '"by_type'": {}}, '"Tabanovce L3'": {'"total'": 0, '"by_type'": {}}, '"Tabanovce L4'": {'"total'": 0, '"by_type'": {}}, '"Tabanovce L5'": {'"total'": 0, '"by_type'": {}}}",6.5
187,3,2026-05-02 19:09:53.199758+02,5,0,0,0,0,0,"{'"Tabanovce L1'": {'"total'": 0, '"by_type'": {}}, '"Tabanovce L2'": {'"total'": 0, '"by_type'": {}}, '"Tabanovce L3'": {'"total'": 0, '"by_type'": {}}, '"Tabanovce L4'": {'"total'": 0, '"by_type'": {}}, '"Tabanovce L5'": {'"total'": 0, '"by_type'": {}}}",6.5
188,3,2026-05-02 19:14:53.273689+02,5,0,0,0,0,0,"{'"Tabanovce L1'": {'"total'": 0, '"by_type'": {}}, '"Tabanovce L2'": {'"total'": 0, '"by_type'": {}}, '"Tabanovce L3'": {'"total'": 0, '"by_type'": {}}, '"Tabanovce L4'": {'"total'": 0, '"by_type'": {}}, '"Tabanovce L5'": {'"total'": 0, '"by_type'": {}}}",6.5
189,3,2026-05-02 19:19:53.307128+02,5,0,0,0,0,0,"{'"Tabanovce L1'": {'"total'": 0, '"by_type'": {}}, '"Tabanovce L2'": {'"total'": 0, '"by_type'": {}}, '"Tabanovce L3'": {'"total'": 0, '"by_type'": {}}, '"Tabanovce L4'": {'"total'": 0, '"by_type'": {}}, '"Tabanovce L5'": {'"total'": 0, '"by_type'": {}}}",6.5
190,3,2026-05-02 19:24:53.373469+02,5,0,0,0,0,0,"{'"Tabanovce L1'": {'"total'": 0, '"by_type'": {}}, '"Tabanovce L2'": {'"total'": 0, '"by_type'": {}}, '"Tabanovce L3'": {'"total'": 0, '"by_type'": {}}, '"Tabanovce L4'": {'"total'": 0, '"by_type'": {}}, '"Tabanovce L5'": {'"total'": 0, '"by_type'": {}}}",7
448,3,2026-05-04 00:01:57.378016+02,5,0,0,0,0,0,"{'"Tabanovce L1'": {'"total'": 0, '"by_type'": {}}, '"Tabanovce L2'": {'"total'": 0, '"by_type'": {}}, '"Tabanovce L3'": {'"total'": 0, '"by_type'": {}}}",7.5
191,3,2026-05-02 19:29:53.502594+02,5,0,0,0,0,0,"{'"Tabanovce L1'": {'"total'": 0, '"by_type'": {}}, '"Tabanovce L2'": {'"total'": 0, '"by_type'": {}}, '"Tabanovce L3'": {'"total'": 0, '"by_type'": {}}, '"Tabanovce L4'": {'"total'": 0, '"by_type'": {}}, '"Tabanovce L5'": {'"total'": 0, '"by_type'": {}}}",7
192,3,2026-05-02 19:34:53.567835+02,5,1,1,0,0,0,"{'"Tabanovce L1'": {'"total'": 0, '"by_type'": {}}, '"Tabanovce L2'": {'"total'": 0, '"by_type'": {}}, '"Tabanovce L3'": {'"total'": 1, '"by_type'": {'"car'": 1}}, '"Tabanovce L4'": {'"total'": 0, '"by_type'": {}}, '"Tabanovce L5'": {'"total'": 0, '"by_type'": {}}}",6.5
193,3,2026-05-02 19:39:53.668444+02,5,0,0,0,0,0,"{'"Tabanovce L1'": {'"total'": 0, '"by_type'": {}}, '"Tabanovce L2'": {'"total'": 0, '"by_type'": {}}, '"Tabanovce L3'": {'"total'": 0, '"by_type'": {}}, '"Tabanovce L4'": {'"total'": 0, '"by_type'": {}}, '"Tabanovce L5'": {'"total'": 0, '"by_type'": {}}}",6.5
194,3,2026-05-02 19:44:53.715347+02,5,1,1,0,0,0,"{'"Tabanovce L1'": {'"total'": 0, '"by_type'": {}}, '"Tabanovce L2'": {'"total'": 0, '"by_type'": {}}, '"Tabanovce L3'": {'"total'": 1, '"by_type'": {'"car'": 1}}, '"Tabanovce L4'": {'"total'": 0, '"by_type'": {}}, '"Tabanovce L5'": {'"total'": 0, '"by_type'": {}}}",6.5
195,3,2026-05-02 19:49:53.855378+02,5,0,0,0,0,0,"{'"Tabanovce L1'": {'"total'": 0, '"by_type'": {}}, '"Tabanovce L2'": {'"total'": 0, '"by_type'": {}}, '"Tabanovce L3'": {'"total'": 0, '"by_type'": {}}, '"Tabanovce L4'": {'"total'": 0, '"by_type'": {}}, '"Tabanovce L5'": {'"total'": 0, '"by_type'": {}}}",2.5
196,3,2026-05-02 19:54:54.001457+02,5,2,1,0,0,1,"{'"Tabanovce L1'": {'"total'": 0, '"by_type'": {}}, '"Tabanovce L2'": {'"total'": 0, '"by_type'": {}}, '"Tabanovce L3'": {'"total'": 0, '"by_type'": {}}, '"Tabanovce L4'": {'"total'": 0, '"by_type'": {}}, '"Tabanovce L5'": {'"total'": 2, '"by_type'": {'"car'": 1, '"truck'": 1}}}",6.5
197,3,2026-05-02 19:59:54.045997+02,5,2,1,0,0,1,"{'"Tabanovce L1'": {'"total'": 0, '"by_type'": {}}, '"Tabanovce L2'": {'"total'": 0, '"by_type'": {}}, '"Tabanovce L3'": {'"total'": 0, '"by_type'": {}}, '"Tabanovce L4'": {'"total'": 0, '"by_type'": {}}, '"Tabanovce L5'": {'"total'": 2, '"by_type'": {'"car'": 1, '"truck'": 1}}}",7
198,3,2026-05-02 20:04:54.109663+02,5,2,1,0,0,1,"{'"Tabanovce L1'": {'"total'": 0, '"by_type'": {}}, '"Tabanovce L2'": {'"total'": 0, '"by_type'": {}}, '"Tabanovce L3'": {'"total'": 0, '"by_type'": {}}, '"Tabanovce L4'": {'"total'": 0, '"by_type'": {}}, '"Tabanovce L5'": {'"total'": 2, '"by_type'": {'"car'": 1, '"truck'": 1}}}",7
199,3,2026-05-02 20:09:57.886648+02,5,2,1,0,0,1,"{'"Tabanovce L1'": {'"total'": 0, '"by_type'": {}}, '"Tabanovce L2'": {'"total'": 0, '"by_type'": {}}, '"Tabanovce L3'": {'"total'": 0, '"by_type'": {}}, '"Tabanovce L4'": {'"total'": 0, '"by_type'": {}}, '"Tabanovce L5'": {'"total'": 2, '"by_type'": {'"car'": 1, '"truck'": 1}}}",0.5
200,3,2026-05-02 20:14:57.966672+02,5,2,1,0,0,1,"{'"Tabanovce L1'": {'"total'": 0, '"by_type'": {}}, '"Tabanovce L2'": {'"total'": 0, '"by_type'": {}}, '"Tabanovce L3'": {'"total'": 0, '"by_type'": {}}, '"Tabanovce L4'": {'"total'": 0, '"by_type'": {}}, '"Tabanovce L5'": {'"total'": 2, '"by_type'": {'"car'": 1, '"truck'": 1}}}",7
201,3,2026-05-02 20:19:58.061748+02,5,0,0,0,0,0,"{'"Tabanovce L1'": {'"total'": 0, '"by_type'": {}}, '"Tabanovce L2'": {'"total'": 0, '"by_type'": {}}, '"Tabanovce L3'": {'"total'": 0, '"by_type'": {}}, '"Tabanovce L4'": {'"total'": 0, '"by_type'": {}}, '"Tabanovce L5'": {'"total'": 0, '"by_type'": {}}}",7.5
202,3,2026-05-02 20:24:58.202693+02,5,2,1,0,0,1,"{'"Tabanovce L1'": {'"total'": 0, '"by_type'": {}}, '"Tabanovce L2'": {'"total'": 0, '"by_type'": {}}, '"Tabanovce L3'": {'"total'": 0, '"by_type'": {}}, '"Tabanovce L4'": {'"total'": 0, '"by_type'": {}}, '"Tabanovce L5'": {'"total'": 2, '"by_type'": {'"car'": 1, '"truck'": 1}}}",6.5
203,3,2026-05-02 20:29:58.350998+02,5,1,0,0,0,1,"{'"Tabanovce L1'": {'"total'": 0, '"by_type'": {}}, '"Tabanovce L2'": {'"total'": 0, '"by_type'": {}}, '"Tabanovce L3'": {'"total'": 1, '"by_type'": {'"truck'": 1}}, '"Tabanovce L4'": {'"total'": 0, '"by_type'": {}}, '"Tabanovce L5'": {'"total'": 0, '"by_type'": {}}}",7
204,3,2026-05-02 20:34:58.447338+02,5,0,0,0,0,0,"{'"Tabanovce L1'": {'"total'": 0, '"by_type'": {}}, '"Tabanovce L2'": {'"total'": 0, '"by_type'": {}}, '"Tabanovce L3'": {'"total'": 0, '"by_type'": {}}, '"Tabanovce L4'": {'"total'": 0, '"by_type'": {}}, '"Tabanovce L5'": {'"total'": 0, '"by_type'": {}}}",7
205,3,2026-05-02 20:40:00.659539+02,5,1,1,0,0,0,"{'"Tabanovce L1'": {'"total'": 0, '"by_type'": {}}, '"Tabanovce L2'": {'"total'": 0, '"by_type'": {}}, '"Tabanovce L3'": {'"total'": 1, '"by_type'": {'"car'": 1}}, '"Tabanovce L4'": {'"total'": 0, '"by_type'": {}}, '"Tabanovce L5'": {'"total'": 0, '"by_type'": {}}}",0.5
206,3,2026-05-02 20:45:00.747251+02,5,0,0,0,0,0,"{'"Tabanovce L1'": {'"total'": 0, '"by_type'": {}}, '"Tabanovce L2'": {'"total'": 0, '"by_type'": {}}, '"Tabanovce L3'": {'"total'": 0, '"by_type'": {}}, '"Tabanovce L4'": {'"total'": 0, '"by_type'": {}}, '"Tabanovce L5'": {'"total'": 0, '"by_type'": {}}}",7
207,3,2026-05-02 20:50:00.831661+02,5,0,0,0,0,0,"{'"Tabanovce L1'": {'"total'": 0, '"by_type'": {}}, '"Tabanovce L2'": {'"total'": 0, '"by_type'": {}}, '"Tabanovce L3'": {'"total'": 0, '"by_type'": {}}, '"Tabanovce L4'": {'"total'": 0, '"by_type'": {}}, '"Tabanovce L5'": {'"total'": 0, '"by_type'": {}}}",7
208,3,2026-05-02 20:55:00.935308+02,5,0,0,0,0,0,"{'"Tabanovce L1'": {'"total'": 0, '"by_type'": {}}, '"Tabanovce L2'": {'"total'": 0, '"by_type'": {}}, '"Tabanovce L3'": {'"total'": 0, '"by_type'": {}}, '"Tabanovce L4'": {'"total'": 0, '"by_type'": {}}, '"Tabanovce L5'": {'"total'": 0, '"by_type'": {}}}",7
209,3,2026-05-02 21:00:00.96208+02,5,1,0,0,1,0,"{'"Tabanovce L1'": {'"total'": 0, '"by_type'": {}}, '"Tabanovce L2'": {'"total'": 1, '"by_type'": {'"bus'": 1}}, '"Tabanovce L3'": {'"total'": 0, '"by_type'": {}}, '"Tabanovce L4'": {'"total'": 0, '"by_type'": {}}, '"Tabanovce L5'": {'"total'": 0, '"by_type'": {}}}",6.5
210,3,2026-05-02 21:05:01.017355+02,5,2,1,0,1,0,"{'"Tabanovce L1'": {'"total'": 0, '"by_type'": {}}, '"Tabanovce L2'": {'"total'": 1, '"by_type'": {'"bus'": 1}}, '"Tabanovce L3'": {'"total'": 1, '"by_type'": {'"car'": 1}}, '"Tabanovce L4'": {'"total'": 0, '"by_type'": {}}, '"Tabanovce L5'": {'"total'": 0, '"by_type'": {}}}",7
211,3,2026-05-02 21:10:01.026556+02,5,1,0,0,1,0,"{'"Tabanovce L1'": {'"total'": 0, '"by_type'": {}}, '"Tabanovce L2'": {'"total'": 1, '"by_type'": {'"bus'": 1}}, '"Tabanovce L3'": {'"total'": 0, '"by_type'": {}}, '"Tabanovce L4'": {'"total'": 0, '"by_type'": {}}, '"Tabanovce L5'": {'"total'": 0, '"by_type'": {}}}",6.5
212,3,2026-05-02 21:15:01.173363+02,5,1,0,0,1,0,"{'"Tabanovce L1'": {'"total'": 0, '"by_type'": {}}, '"Tabanovce L2'": {'"total'": 1, '"by_type'": {'"bus'": 1}}, '"Tabanovce L3'": {'"total'": 0, '"by_type'": {}}, '"Tabanovce L4'": {'"total'": 0, '"by_type'": {}}, '"Tabanovce L5'": {'"total'": 0, '"by_type'": {}}}",7
213,3,2026-05-02 21:20:01.238304+02,5,1,0,0,1,0,"{'"Tabanovce L1'": {'"total'": 0, '"by_type'": {}}, '"Tabanovce L2'": {'"total'": 1, '"by_type'": {'"bus'": 1}}, '"Tabanovce L3'": {'"total'": 0, '"by_type'": {}}, '"Tabanovce L4'": {'"total'": 0, '"by_type'": {}}, '"Tabanovce L5'": {'"total'": 0, '"by_type'": {}}}",7
214,3,2026-05-02 21:25:01.351663+02,5,1,0,0,1,0,"{'"Tabanovce L1'": {'"total'": 0, '"by_type'": {}}, '"Tabanovce L2'": {'"total'": 1, '"by_type'": {'"bus'": 1}}, '"Tabanovce L3'": {'"total'": 0, '"by_type'": {}}, '"Tabanovce L4'": {'"total'": 0, '"by_type'": {}}, '"Tabanovce L5'": {'"total'": 0, '"by_type'": {}}}",7
215,3,2026-05-02 21:30:01.415331+02,5,1,0,0,1,0,"{'"Tabanovce L1'": {'"total'": 0, '"by_type'": {}}, '"Tabanovce L2'": {'"total'": 1, '"by_type'": {'"bus'": 1}}, '"Tabanovce L3'": {'"total'": 0, '"by_type'": {}}, '"Tabanovce L4'": {'"total'": 0, '"by_type'": {}}, '"Tabanovce L5'": {'"total'": 0, '"by_type'": {}}}",7
216,3,2026-05-02 21:35:01.522638+02,5,1,0,0,1,0,"{'"Tabanovce L1'": {'"total'": 0, '"by_type'": {}}, '"Tabanovce L2'": {'"total'": 1, '"by_type'": {'"bus'": 1}}, '"Tabanovce L3'": {'"total'": 0, '"by_type'": {}}, '"Tabanovce L4'": {'"total'": 0, '"by_type'": {}}, '"Tabanovce L5'": {'"total'": 0, '"by_type'": {}}}",7
217,3,2026-05-02 21:40:01.629512+02,5,2,1,0,1,0,"{'"Tabanovce L1'": {'"total'": 0, '"by_type'": {}}, '"Tabanovce L2'": {'"total'": 1, '"by_type'": {'"bus'": 1}}, '"Tabanovce L3'": {'"total'": 0, '"by_type'": {}}, '"Tabanovce L4'": {'"total'": 0, '"by_type'": {}}, '"Tabanovce L5'": {'"total'": 1, '"by_type'": {'"car'": 1}}}",5.5
218,3,2026-05-02 21:45:01.737469+02,5,2,1,0,1,0,"{'"Tabanovce L1'": {'"total'": 0, '"by_type'": {}}, '"Tabanovce L2'": {'"total'": 1, '"by_type'": {'"bus'": 1}}, '"Tabanovce L3'": {'"total'": 1, '"by_type'": {'"car'": 1}}, '"Tabanovce L4'": {'"total'": 0, '"by_type'": {}}, '"Tabanovce L5'": {'"total'": 0, '"by_type'": {}}}",6.5
219,3,2026-05-02 21:50:01.84611+02,5,2,0,0,1,1,"{'"Tabanovce L1'": {'"total'": 0, '"by_type'": {}}, '"Tabanovce L2'": {'"total'": 2, '"by_type'": {'"bus'": 1, '"truck'": 1}}, '"Tabanovce L3'": {'"total'": 0, '"by_type'": {}}, '"Tabanovce L4'": {'"total'": 0, '"by_type'": {}}, '"Tabanovce L5'": {'"total'": 0, '"by_type'": {}}}",7
220,3,2026-05-02 21:55:01.881032+02,5,2,1,0,1,0,"{'"Tabanovce L1'": {'"total'": 0, '"by_type'": {}}, '"Tabanovce L2'": {'"total'": 1, '"by_type'": {'"bus'": 1}}, '"Tabanovce L3'": {'"total'": 1, '"by_type'": {'"car'": 1}}, '"Tabanovce L4'": {'"total'": 0, '"by_type'": {}}, '"Tabanovce L5'": {'"total'": 0, '"by_type'": {}}}",7
221,3,2026-05-02 22:00:01.960289+02,5,1,0,0,1,0,"{'"Tabanovce L1'": {'"total'": 0, '"by_type'": {}}, '"Tabanovce L2'": {'"total'": 1, '"by_type'": {'"bus'": 1}}, '"Tabanovce L3'": {'"total'": 0, '"by_type'": {}}, '"Tabanovce L4'": {'"total'": 0, '"by_type'": {}}, '"Tabanovce L5'": {'"total'": 0, '"by_type'": {}}}",1
222,3,2026-05-02 22:05:01.985404+02,5,1,0,0,1,0,"{'"Tabanovce L1'": {'"total'": 0, '"by_type'": {}}, '"Tabanovce L2'": {'"total'": 1, '"by_type'": {'"bus'": 1}}, '"Tabanovce L3'": {'"total'": 0, '"by_type'": {}}, '"Tabanovce L4'": {'"total'": 0, '"by_type'": {}}, '"Tabanovce L5'": {'"total'": 0, '"by_type'": {}}}",7
223,3,2026-05-02 22:10:02.036753+02,5,1,0,0,1,0,"{'"Tabanovce L1'": {'"total'": 0, '"by_type'": {}}, '"Tabanovce L2'": {'"total'": 1, '"by_type'": {'"bus'": 1}}, '"Tabanovce L3'": {'"total'": 0, '"by_type'": {}}, '"Tabanovce L4'": {'"total'": 0, '"by_type'": {}}, '"Tabanovce L5'": {'"total'": 0, '"by_type'": {}}}",7.5
224,3,2026-05-02 22:15:02.045654+02,5,1,0,0,1,0,"{'"Tabanovce L1'": {'"total'": 0, '"by_type'": {}}, '"Tabanovce L2'": {'"total'": 1, '"by_type'": {'"bus'": 1}}, '"Tabanovce L3'": {'"total'": 0, '"by_type'": {}}, '"Tabanovce L4'": {'"total'": 0, '"by_type'": {}}, '"Tabanovce L5'": {'"total'": 0, '"by_type'": {}}}",7
225,3,2026-05-02 22:20:02.068351+02,5,1,0,0,1,0,"{'"Tabanovce L1'": {'"total'": 0, '"by_type'": {}}, '"Tabanovce L2'": {'"total'": 1, '"by_type'": {'"bus'": 1}}, '"Tabanovce L3'": {'"total'": 0, '"by_type'": {}}, '"Tabanovce L4'": {'"total'": 0, '"by_type'": {}}, '"Tabanovce L5'": {'"total'": 0, '"by_type'": {}}}",6.5
226,3,2026-05-02 22:25:05.077752+02,5,2,1,0,1,0,"{'"Tabanovce L1'": {'"total'": 0, '"by_type'": {}}, '"Tabanovce L2'": {'"total'": 1, '"by_type'": {'"bus'": 1}}, '"Tabanovce L3'": {'"total'": 1, '"by_type'": {'"car'": 1}}, '"Tabanovce L4'": {'"total'": 0, '"by_type'": {}}, '"Tabanovce L5'": {'"total'": 0, '"by_type'": {}}}",0.5
227,3,2026-05-02 22:30:05.227837+02,5,1,0,0,1,0,"{'"Tabanovce L1'": {'"total'": 0, '"by_type'": {}}, '"Tabanovce L2'": {'"total'": 1, '"by_type'": {'"bus'": 1}}, '"Tabanovce L3'": {'"total'": 0, '"by_type'": {}}, '"Tabanovce L4'": {'"total'": 0, '"by_type'": {}}, '"Tabanovce L5'": {'"total'": 0, '"by_type'": {}}}",6.5
449,3,2026-05-04 00:06:57.503108+02,5,0,0,0,0,0,"{'"Tabanovce L1'": {'"total'": 0, '"by_type'": {}}, '"Tabanovce L2'": {'"total'": 0, '"by_type'": {}}, '"Tabanovce L3'": {'"total'": 0, '"by_type'": {}}}",8
228,3,2026-05-02 22:35:05.316437+02,5,2,1,0,0,1,"{'"Tabanovce L1'": {'"total'": 0, '"by_type'": {}}, '"Tabanovce L2'": {'"total'": 1, '"by_type'": {'"truck'": 1}}, '"Tabanovce L3'": {'"total'": 1, '"by_type'": {'"car'": 1}}, '"Tabanovce L4'": {'"total'": 0, '"by_type'": {}}, '"Tabanovce L5'": {'"total'": 0, '"by_type'": {}}}",7.5
229,3,2026-05-02 22:40:05.470351+02,5,1,0,0,1,0,"{'"Tabanovce L1'": {'"total'": 0, '"by_type'": {}}, '"Tabanovce L2'": {'"total'": 1, '"by_type'": {'"bus'": 1}}, '"Tabanovce L3'": {'"total'": 0, '"by_type'": {}}, '"Tabanovce L4'": {'"total'": 0, '"by_type'": {}}, '"Tabanovce L5'": {'"total'": 0, '"by_type'": {}}}",6.5
230,3,2026-05-02 22:45:05.570376+02,5,1,0,0,1,0,"{'"Tabanovce L1'": {'"total'": 0, '"by_type'": {}}, '"Tabanovce L2'": {'"total'": 1, '"by_type'": {'"bus'": 1}}, '"Tabanovce L3'": {'"total'": 0, '"by_type'": {}}, '"Tabanovce L4'": {'"total'": 0, '"by_type'": {}}, '"Tabanovce L5'": {'"total'": 0, '"by_type'": {}}}",7.5
231,3,2026-05-02 22:50:05.674604+02,5,1,0,0,1,0,"{'"Tabanovce L1'": {'"total'": 0, '"by_type'": {}}, '"Tabanovce L2'": {'"total'": 1, '"by_type'": {'"bus'": 1}}, '"Tabanovce L3'": {'"total'": 0, '"by_type'": {}}, '"Tabanovce L4'": {'"total'": 0, '"by_type'": {}}, '"Tabanovce L5'": {'"total'": 0, '"by_type'": {}}}",7
232,3,2026-05-02 22:55:05.709744+02,5,2,0,0,1,1,"{'"Tabanovce L1'": {'"total'": 0, '"by_type'": {}}, '"Tabanovce L2'": {'"total'": 2, '"by_type'": {'"bus'": 1, '"truck'": 1}}, '"Tabanovce L3'": {'"total'": 0, '"by_type'": {}}, '"Tabanovce L4'": {'"total'": 0, '"by_type'": {}}, '"Tabanovce L5'": {'"total'": 0, '"by_type'": {}}}",2
233,3,2026-05-02 23:00:05.735056+02,5,1,0,0,1,0,"{'"Tabanovce L1'": {'"total'": 0, '"by_type'": {}}, '"Tabanovce L2'": {'"total'": 1, '"by_type'": {'"bus'": 1}}, '"Tabanovce L3'": {'"total'": 0, '"by_type'": {}}, '"Tabanovce L4'": {'"total'": 0, '"by_type'": {}}, '"Tabanovce L5'": {'"total'": 0, '"by_type'": {}}}",7
234,3,2026-05-02 23:05:05.773689+02,5,1,0,0,1,0,"{'"Tabanovce L1'": {'"total'": 0, '"by_type'": {}}, '"Tabanovce L2'": {'"total'": 1, '"by_type'": {'"bus'": 1}}, '"Tabanovce L3'": {'"total'": 0, '"by_type'": {}}, '"Tabanovce L4'": {'"total'": 0, '"by_type'": {}}, '"Tabanovce L5'": {'"total'": 0, '"by_type'": {}}}",7
235,3,2026-05-02 23:10:05.87899+02,5,1,0,0,1,0,"{'"Tabanovce L1'": {'"total'": 0, '"by_type'": {}}, '"Tabanovce L2'": {'"total'": 1, '"by_type'": {'"bus'": 1}}, '"Tabanovce L3'": {'"total'": 0, '"by_type'": {}}, '"Tabanovce L4'": {'"total'": 0, '"by_type'": {}}, '"Tabanovce L5'": {'"total'": 0, '"by_type'": {}}}",7
236,3,2026-05-02 23:15:05.881944+02,5,0,0,0,0,0,"{'"Tabanovce L1'": {'"total'": 0, '"by_type'": {}}, '"Tabanovce L2'": {'"total'": 0, '"by_type'": {}}, '"Tabanovce L3'": {'"total'": 0, '"by_type'": {}}, '"Tabanovce L4'": {'"total'": 0, '"by_type'": {}}, '"Tabanovce L5'": {'"total'": 0, '"by_type'": {}}}",7
237,3,2026-05-02 23:20:05.999952+02,5,0,0,0,0,0,"{'"Tabanovce L1'": {'"total'": 0, '"by_type'": {}}, '"Tabanovce L2'": {'"total'": 0, '"by_type'": {}}, '"Tabanovce L3'": {'"total'": 0, '"by_type'": {}}, '"Tabanovce L4'": {'"total'": 0, '"by_type'": {}}, '"Tabanovce L5'": {'"total'": 0, '"by_type'": {}}}",7
238,3,2026-05-02 23:25:06.100742+02,5,0,0,0,0,0,"{'"Tabanovce L1'": {'"total'": 0, '"by_type'": {}}, '"Tabanovce L2'": {'"total'": 0, '"by_type'": {}}, '"Tabanovce L3'": {'"total'": 0, '"by_type'": {}}, '"Tabanovce L4'": {'"total'": 0, '"by_type'": {}}, '"Tabanovce L5'": {'"total'": 0, '"by_type'": {}}}",7
239,3,2026-05-02 23:30:06.175084+02,5,0,0,0,0,0,"{'"Tabanovce L1'": {'"total'": 0, '"by_type'": {}}, '"Tabanovce L2'": {'"total'": 0, '"by_type'": {}}, '"Tabanovce L3'": {'"total'": 0, '"by_type'": {}}, '"Tabanovce L4'": {'"total'": 0, '"by_type'": {}}, '"Tabanovce L5'": {'"total'": 0, '"by_type'": {}}}",6
240,3,2026-05-02 23:35:06.207349+02,5,0,0,0,0,0,"{'"Tabanovce L1'": {'"total'": 0, '"by_type'": {}}, '"Tabanovce L2'": {'"total'": 0, '"by_type'": {}}, '"Tabanovce L3'": {'"total'": 0, '"by_type'": {}}, '"Tabanovce L4'": {'"total'": 0, '"by_type'": {}}, '"Tabanovce L5'": {'"total'": 0, '"by_type'": {}}}",7
241,3,2026-05-02 23:40:06.336807+02,5,0,0,0,0,0,"{'"Tabanovce L1'": {'"total'": 0, '"by_type'": {}}, '"Tabanovce L2'": {'"total'": 0, '"by_type'": {}}, '"Tabanovce L3'": {'"total'": 0, '"by_type'": {}}, '"Tabanovce L4'": {'"total'": 0, '"by_type'": {}}, '"Tabanovce L5'": {'"total'": 0, '"by_type'": {}}}",7
242,3,2026-05-02 23:45:06.390233+02,5,0,0,0,0,0,"{'"Tabanovce L1'": {'"total'": 0, '"by_type'": {}}, '"Tabanovce L2'": {'"total'": 0, '"by_type'": {}}, '"Tabanovce L3'": {'"total'": 0, '"by_type'": {}}, '"Tabanovce L4'": {'"total'": 0, '"by_type'": {}}, '"Tabanovce L5'": {'"total'": 0, '"by_type'": {}}}",7.5
243,3,2026-05-02 23:50:06.424853+02,5,0,0,0,0,0,"{'"Tabanovce L1'": {'"total'": 0, '"by_type'": {}}, '"Tabanovce L2'": {'"total'": 0, '"by_type'": {}}, '"Tabanovce L3'": {'"total'": 0, '"by_type'": {}}, '"Tabanovce L4'": {'"total'": 0, '"by_type'": {}}, '"Tabanovce L5'": {'"total'": 0, '"by_type'": {}}}",7
244,3,2026-05-02 23:55:06.537312+02,5,0,0,0,0,0,"{'"Tabanovce L1'": {'"total'": 0, '"by_type'": {}}, '"Tabanovce L2'": {'"total'": 0, '"by_type'": {}}, '"Tabanovce L3'": {'"total'": 0, '"by_type'": {}}, '"Tabanovce L4'": {'"total'": 0, '"by_type'": {}}, '"Tabanovce L5'": {'"total'": 0, '"by_type'": {}}}",7.5
245,3,2026-05-03 00:00:06.574385+02,5,0,0,0,0,0,"{'"Tabanovce L1'": {'"total'": 0, '"by_type'": {}}, '"Tabanovce L2'": {'"total'": 0, '"by_type'": {}}, '"Tabanovce L3'": {'"total'": 0, '"by_type'": {}}, '"Tabanovce L4'": {'"total'": 0, '"by_type'": {}}, '"Tabanovce L5'": {'"total'": 0, '"by_type'": {}}}",7
246,3,2026-05-03 00:05:09.147298+02,5,0,0,0,0,0,"{'"Tabanovce L1'": {'"total'": 0, '"by_type'": {}}, '"Tabanovce L2'": {'"total'": 0, '"by_type'": {}}, '"Tabanovce L3'": {'"total'": 0, '"by_type'": {}}, '"Tabanovce L4'": {'"total'": 0, '"by_type'": {}}, '"Tabanovce L5'": {'"total'": 0, '"by_type'": {}}}",0.5
247,3,2026-05-03 00:10:09.258889+02,5,0,0,0,0,0,"{'"Tabanovce L1'": {'"total'": 0, '"by_type'": {}}, '"Tabanovce L2'": {'"total'": 0, '"by_type'": {}}, '"Tabanovce L3'": {'"total'": 0, '"by_type'": {}}, '"Tabanovce L4'": {'"total'": 0, '"by_type'": {}}, '"Tabanovce L5'": {'"total'": 0, '"by_type'": {}}}",7
248,3,2026-05-03 00:15:09.407301+02,5,0,0,0,0,0,"{'"Tabanovce L1'": {'"total'": 0, '"by_type'": {}}, '"Tabanovce L2'": {'"total'": 0, '"by_type'": {}}, '"Tabanovce L3'": {'"total'": 0, '"by_type'": {}}, '"Tabanovce L4'": {'"total'": 0, '"by_type'": {}}, '"Tabanovce L5'": {'"total'": 0, '"by_type'": {}}}",6.5
249,3,2026-05-03 00:20:09.408331+02,5,0,0,0,0,0,"{'"Tabanovce L1'": {'"total'": 0, '"by_type'": {}}, '"Tabanovce L2'": {'"total'": 0, '"by_type'": {}}, '"Tabanovce L3'": {'"total'": 0, '"by_type'": {}}, '"Tabanovce L4'": {'"total'": 0, '"by_type'": {}}, '"Tabanovce L5'": {'"total'": 0, '"by_type'": {}}}",6
250,3,2026-05-03 00:25:09.43431+02,5,0,0,0,0,0,"{'"Tabanovce L1'": {'"total'": 0, '"by_type'": {}}, '"Tabanovce L2'": {'"total'": 0, '"by_type'": {}}, '"Tabanovce L3'": {'"total'": 0, '"by_type'": {}}, '"Tabanovce L4'": {'"total'": 0, '"by_type'": {}}, '"Tabanovce L5'": {'"total'": 0, '"by_type'": {}}}",7
251,3,2026-05-03 00:30:09.460629+02,5,0,0,0,0,0,"{'"Tabanovce L1'": {'"total'": 0, '"by_type'": {}}, '"Tabanovce L2'": {'"total'": 0, '"by_type'": {}}, '"Tabanovce L3'": {'"total'": 0, '"by_type'": {}}, '"Tabanovce L4'": {'"total'": 0, '"by_type'": {}}, '"Tabanovce L5'": {'"total'": 0, '"by_type'": {}}}",7
252,3,2026-05-03 00:35:09.471681+02,5,0,0,0,0,0,"{'"Tabanovce L1'": {'"total'": 0, '"by_type'": {}}, '"Tabanovce L2'": {'"total'": 0, '"by_type'": {}}, '"Tabanovce L3'": {'"total'": 0, '"by_type'": {}}, '"Tabanovce L4'": {'"total'": 0, '"by_type'": {}}, '"Tabanovce L5'": {'"total'": 0, '"by_type'": {}}}",7
253,3,2026-05-03 00:40:09.622858+02,5,0,0,0,0,0,"{'"Tabanovce L1'": {'"total'": 0, '"by_type'": {}}, '"Tabanovce L2'": {'"total'": 0, '"by_type'": {}}, '"Tabanovce L3'": {'"total'": 0, '"by_type'": {}}, '"Tabanovce L4'": {'"total'": 0, '"by_type'": {}}, '"Tabanovce L5'": {'"total'": 0, '"by_type'": {}}}",7
254,3,2026-05-03 00:45:09.715061+02,5,0,0,0,0,0,"{'"Tabanovce L1'": {'"total'": 0, '"by_type'": {}}, '"Tabanovce L2'": {'"total'": 0, '"by_type'": {}}, '"Tabanovce L3'": {'"total'": 0, '"by_type'": {}}, '"Tabanovce L4'": {'"total'": 0, '"by_type'": {}}, '"Tabanovce L5'": {'"total'": 0, '"by_type'": {}}}",7
255,3,2026-05-03 00:50:09.831931+02,5,0,0,0,0,0,"{'"Tabanovce L1'": {'"total'": 0, '"by_type'": {}}, '"Tabanovce L2'": {'"total'": 0, '"by_type'": {}}, '"Tabanovce L3'": {'"total'": 0, '"by_type'": {}}, '"Tabanovce L4'": {'"total'": 0, '"by_type'": {}}, '"Tabanovce L5'": {'"total'": 0, '"by_type'": {}}}",7
256,3,2026-05-03 00:55:09.908222+02,5,0,0,0,0,0,"{'"Tabanovce L1'": {'"total'": 0, '"by_type'": {}}, '"Tabanovce L2'": {'"total'": 0, '"by_type'": {}}, '"Tabanovce L3'": {'"total'": 0, '"by_type'": {}}, '"Tabanovce L4'": {'"total'": 0, '"by_type'": {}}, '"Tabanovce L5'": {'"total'": 0, '"by_type'": {}}}",5
257,3,2026-05-03 01:00:09.996544+02,5,0,0,0,0,0,"{'"Tabanovce L1'": {'"total'": 0, '"by_type'": {}}, '"Tabanovce L2'": {'"total'": 0, '"by_type'": {}}, '"Tabanovce L3'": {'"total'": 0, '"by_type'": {}}, '"Tabanovce L4'": {'"total'": 0, '"by_type'": {}}, '"Tabanovce L5'": {'"total'": 0, '"by_type'": {}}}",7
258,3,2026-05-03 01:05:11.211915+02,5,0,0,0,0,0,"{'"Tabanovce L1'": {'"total'": 0, '"by_type'": {}}, '"Tabanovce L2'": {'"total'": 0, '"by_type'": {}}, '"Tabanovce L3'": {'"total'": 0, '"by_type'": {}}, '"Tabanovce L4'": {'"total'": 0, '"by_type'": {}}, '"Tabanovce L5'": {'"total'": 0, '"by_type'": {}}}",0.5
259,3,2026-05-03 01:10:11.234204+02,5,0,0,0,0,0,"{'"Tabanovce L1'": {'"total'": 0, '"by_type'": {}}, '"Tabanovce L2'": {'"total'": 0, '"by_type'": {}}, '"Tabanovce L3'": {'"total'": 0, '"by_type'": {}}, '"Tabanovce L4'": {'"total'": 0, '"by_type'": {}}, '"Tabanovce L5'": {'"total'": 0, '"by_type'": {}}}",7
260,3,2026-05-03 01:15:11.287606+02,5,0,0,0,0,0,"{'"Tabanovce L1'": {'"total'": 0, '"by_type'": {}}, '"Tabanovce L2'": {'"total'": 0, '"by_type'": {}}, '"Tabanovce L3'": {'"total'": 0, '"by_type'": {}}, '"Tabanovce L4'": {'"total'": 0, '"by_type'": {}}, '"Tabanovce L5'": {'"total'": 0, '"by_type'": {}}}",7
261,3,2026-05-03 01:20:11.395217+02,5,0,0,0,0,0,"{'"Tabanovce L1'": {'"total'": 0, '"by_type'": {}}, '"Tabanovce L2'": {'"total'": 0, '"by_type'": {}}, '"Tabanovce L3'": {'"total'": 0, '"by_type'": {}}, '"Tabanovce L4'": {'"total'": 0, '"by_type'": {}}, '"Tabanovce L5'": {'"total'": 0, '"by_type'": {}}}",7
262,3,2026-05-03 01:25:11.506545+02,5,1,1,0,0,0,"{'"Tabanovce L1'": {'"total'": 0, '"by_type'": {}}, '"Tabanovce L2'": {'"total'": 1, '"by_type'": {'"car'": 1}}, '"Tabanovce L3'": {'"total'": 0, '"by_type'": {}}, '"Tabanovce L4'": {'"total'": 0, '"by_type'": {}}, '"Tabanovce L5'": {'"total'": 0, '"by_type'": {}}}",5.5
263,3,2026-05-03 01:30:11.551495+02,5,0,0,0,0,0,"{'"Tabanovce L1'": {'"total'": 0, '"by_type'": {}}, '"Tabanovce L2'": {'"total'": 0, '"by_type'": {}}, '"Tabanovce L3'": {'"total'": 0, '"by_type'": {}}, '"Tabanovce L4'": {'"total'": 0, '"by_type'": {}}, '"Tabanovce L5'": {'"total'": 0, '"by_type'": {}}}",6
264,3,2026-05-03 01:35:11.570989+02,5,0,0,0,0,0,"{'"Tabanovce L1'": {'"total'": 0, '"by_type'": {}}, '"Tabanovce L2'": {'"total'": 0, '"by_type'": {}}, '"Tabanovce L3'": {'"total'": 0, '"by_type'": {}}, '"Tabanovce L4'": {'"total'": 0, '"by_type'": {}}, '"Tabanovce L5'": {'"total'": 0, '"by_type'": {}}}",6.5
265,3,2026-05-03 01:40:11.752342+02,5,0,0,0,0,0,"{'"Tabanovce L1'": {'"total'": 0, '"by_type'": {}}, '"Tabanovce L2'": {'"total'": 0, '"by_type'": {}}, '"Tabanovce L3'": {'"total'": 0, '"by_type'": {}}, '"Tabanovce L4'": {'"total'": 0, '"by_type'": {}}, '"Tabanovce L5'": {'"total'": 0, '"by_type'": {}}}",6.5
450,3,2026-05-04 00:11:57.56527+02,5,0,0,0,0,0,"{'"Tabanovce L1'": {'"total'": 0, '"by_type'": {}}, '"Tabanovce L2'": {'"total'": 0, '"by_type'": {}}, '"Tabanovce L3'": {'"total'": 0, '"by_type'": {}}}",2.5
266,3,2026-05-03 01:45:11.787048+02,5,0,0,0,0,0,"{'"Tabanovce L1'": {'"total'": 0, '"by_type'": {}}, '"Tabanovce L2'": {'"total'": 0, '"by_type'": {}}, '"Tabanovce L3'": {'"total'": 0, '"by_type'": {}}, '"Tabanovce L4'": {'"total'": 0, '"by_type'": {}}, '"Tabanovce L5'": {'"total'": 0, '"by_type'": {}}}",7
267,3,2026-05-03 01:50:11.836268+02,5,0,0,0,0,0,"{'"Tabanovce L1'": {'"total'": 0, '"by_type'": {}}, '"Tabanovce L2'": {'"total'": 0, '"by_type'": {}}, '"Tabanovce L3'": {'"total'": 0, '"by_type'": {}}, '"Tabanovce L4'": {'"total'": 0, '"by_type'": {}}, '"Tabanovce L5'": {'"total'": 0, '"by_type'": {}}}",7
268,3,2026-05-03 01:55:12.797419+02,5,0,0,0,0,0,"{'"Tabanovce L1'": {'"total'": 0, '"by_type'": {}}, '"Tabanovce L2'": {'"total'": 0, '"by_type'": {}}, '"Tabanovce L3'": {'"total'": 0, '"by_type'": {}}, '"Tabanovce L4'": {'"total'": 0, '"by_type'": {}}, '"Tabanovce L5'": {'"total'": 0, '"by_type'": {}}}",0.5
269,3,2026-05-03 02:00:17.353732+02,5,0,0,0,0,0,"{'"Tabanovce L1'": {'"total'": 0, '"by_type'": {}}, '"Tabanovce L2'": {'"total'": 0, '"by_type'": {}}, '"Tabanovce L3'": {'"total'": 0, '"by_type'": {}}, '"Tabanovce L4'": {'"total'": 0, '"by_type'": {}}, '"Tabanovce L5'": {'"total'": 0, '"by_type'": {}}}",0.5
270,3,2026-05-03 02:05:17.428634+02,5,1,1,0,0,0,"{'"Tabanovce L1'": {'"total'": 0, '"by_type'": {}}, '"Tabanovce L2'": {'"total'": 0, '"by_type'": {}}, '"Tabanovce L3'": {'"total'": 1, '"by_type'": {'"car'": 1}}, '"Tabanovce L4'": {'"total'": 0, '"by_type'": {}}, '"Tabanovce L5'": {'"total'": 0, '"by_type'": {}}}",7
271,3,2026-05-03 02:10:17.536509+02,5,0,0,0,0,0,"{'"Tabanovce L1'": {'"total'": 0, '"by_type'": {}}, '"Tabanovce L2'": {'"total'": 0, '"by_type'": {}}, '"Tabanovce L3'": {'"total'": 0, '"by_type'": {}}, '"Tabanovce L4'": {'"total'": 0, '"by_type'": {}}, '"Tabanovce L5'": {'"total'": 0, '"by_type'": {}}}",7
272,3,2026-05-03 02:15:17.604828+02,5,0,0,0,0,0,"{'"Tabanovce L1'": {'"total'": 0, '"by_type'": {}}, '"Tabanovce L2'": {'"total'": 0, '"by_type'": {}}, '"Tabanovce L3'": {'"total'": 0, '"by_type'": {}}, '"Tabanovce L4'": {'"total'": 0, '"by_type'": {}}, '"Tabanovce L5'": {'"total'": 0, '"by_type'": {}}}",6.5
273,3,2026-05-03 02:20:17.66115+02,5,0,0,0,0,0,"{'"Tabanovce L1'": {'"total'": 0, '"by_type'": {}}, '"Tabanovce L2'": {'"total'": 0, '"by_type'": {}}, '"Tabanovce L3'": {'"total'": 0, '"by_type'": {}}, '"Tabanovce L4'": {'"total'": 0, '"by_type'": {}}, '"Tabanovce L5'": {'"total'": 0, '"by_type'": {}}}",7.5
274,3,2026-05-03 02:25:17.770207+02,5,0,0,0,0,0,"{'"Tabanovce L1'": {'"total'": 0, '"by_type'": {}}, '"Tabanovce L2'": {'"total'": 0, '"by_type'": {}}, '"Tabanovce L3'": {'"total'": 0, '"by_type'": {}}, '"Tabanovce L4'": {'"total'": 0, '"by_type'": {}}, '"Tabanovce L5'": {'"total'": 0, '"by_type'": {}}}",7.5
275,3,2026-05-03 02:30:17.871255+02,5,0,0,0,0,0,"{'"Tabanovce L1'": {'"total'": 0, '"by_type'": {}}, '"Tabanovce L2'": {'"total'": 0, '"by_type'": {}}, '"Tabanovce L3'": {'"total'": 0, '"by_type'": {}}, '"Tabanovce L4'": {'"total'": 0, '"by_type'": {}}, '"Tabanovce L5'": {'"total'": 0, '"by_type'": {}}}",7
276,3,2026-05-03 02:35:17.983722+02,5,0,0,0,0,0,"{'"Tabanovce L1'": {'"total'": 0, '"by_type'": {}}, '"Tabanovce L2'": {'"total'": 0, '"by_type'": {}}, '"Tabanovce L3'": {'"total'": 0, '"by_type'": {}}, '"Tabanovce L4'": {'"total'": 0, '"by_type'": {}}, '"Tabanovce L5'": {'"total'": 0, '"by_type'": {}}}",7
277,3,2026-05-03 02:40:18.123988+02,5,0,0,0,0,0,"{'"Tabanovce L1'": {'"total'": 0, '"by_type'": {}}, '"Tabanovce L2'": {'"total'": 0, '"by_type'": {}}, '"Tabanovce L3'": {'"total'": 0, '"by_type'": {}}, '"Tabanovce L4'": {'"total'": 0, '"by_type'": {}}, '"Tabanovce L5'": {'"total'": 0, '"by_type'": {}}}",7.5
278,3,2026-05-03 02:45:18.187376+02,5,0,0,0,0,0,"{'"Tabanovce L1'": {'"total'": 0, '"by_type'": {}}, '"Tabanovce L2'": {'"total'": 0, '"by_type'": {}}, '"Tabanovce L3'": {'"total'": 0, '"by_type'": {}}, '"Tabanovce L4'": {'"total'": 0, '"by_type'": {}}, '"Tabanovce L5'": {'"total'": 0, '"by_type'": {}}}",7
279,3,2026-05-03 02:50:18.309849+02,5,0,0,0,0,0,"{'"Tabanovce L1'": {'"total'": 0, '"by_type'": {}}, '"Tabanovce L2'": {'"total'": 0, '"by_type'": {}}, '"Tabanovce L3'": {'"total'": 0, '"by_type'": {}}, '"Tabanovce L4'": {'"total'": 0, '"by_type'": {}}, '"Tabanovce L5'": {'"total'": 0, '"by_type'": {}}}",7
280,3,2026-05-03 02:55:18.428843+02,5,0,0,0,0,0,"{'"Tabanovce L1'": {'"total'": 0, '"by_type'": {}}, '"Tabanovce L2'": {'"total'": 0, '"by_type'": {}}, '"Tabanovce L3'": {'"total'": 0, '"by_type'": {}}, '"Tabanovce L4'": {'"total'": 0, '"by_type'": {}}, '"Tabanovce L5'": {'"total'": 0, '"by_type'": {}}}",7
281,3,2026-05-03 03:00:18.496456+02,5,0,0,0,0,0,"{'"Tabanovce L1'": {'"total'": 0, '"by_type'": {}}, '"Tabanovce L2'": {'"total'": 0, '"by_type'": {}}, '"Tabanovce L3'": {'"total'": 0, '"by_type'": {}}, '"Tabanovce L4'": {'"total'": 0, '"by_type'": {}}, '"Tabanovce L5'": {'"total'": 0, '"by_type'": {}}}",6.5
282,3,2026-05-03 03:05:18.520002+02,5,0,0,0,0,0,"{'"Tabanovce L1'": {'"total'": 0, '"by_type'": {}}, '"Tabanovce L2'": {'"total'": 0, '"by_type'": {}}, '"Tabanovce L3'": {'"total'": 0, '"by_type'": {}}, '"Tabanovce L4'": {'"total'": 0, '"by_type'": {}}, '"Tabanovce L5'": {'"total'": 0, '"by_type'": {}}}",7
283,3,2026-05-03 03:10:18.536482+02,5,0,0,0,0,0,"{'"Tabanovce L1'": {'"total'": 0, '"by_type'": {}}, '"Tabanovce L2'": {'"total'": 0, '"by_type'": {}}, '"Tabanovce L3'": {'"total'": 0, '"by_type'": {}}, '"Tabanovce L4'": {'"total'": 0, '"by_type'": {}}, '"Tabanovce L5'": {'"total'": 0, '"by_type'": {}}}",7
284,3,2026-05-03 03:15:18.582965+02,5,0,0,0,0,0,"{'"Tabanovce L1'": {'"total'": 0, '"by_type'": {}}, '"Tabanovce L2'": {'"total'": 0, '"by_type'": {}}, '"Tabanovce L3'": {'"total'": 0, '"by_type'": {}}, '"Tabanovce L4'": {'"total'": 0, '"by_type'": {}}, '"Tabanovce L5'": {'"total'": 0, '"by_type'": {}}}",7
451,3,2026-05-04 00:16:57.566544+02,5,1,1,0,0,0,"{'"Tabanovce L1'": {'"total'": 0, '"by_type'": {}}, '"Tabanovce L2'": {'"total'": 0, '"by_type'": {}}, '"Tabanovce L3'": {'"total'": 1, '"by_type'": {'"car'": 1}}}",8
285,3,2026-05-03 03:20:18.659224+02,5,0,0,0,0,0,"{'"Tabanovce L1'": {'"total'": 0, '"by_type'": {}}, '"Tabanovce L2'": {'"total'": 0, '"by_type'": {}}, '"Tabanovce L3'": {'"total'": 0, '"by_type'": {}}, '"Tabanovce L4'": {'"total'": 0, '"by_type'": {}}, '"Tabanovce L5'": {'"total'": 0, '"by_type'": {}}}",3
286,3,2026-05-03 03:25:18.717795+02,5,0,0,0,0,0,"{'"Tabanovce L1'": {'"total'": 0, '"by_type'": {}}, '"Tabanovce L2'": {'"total'": 0, '"by_type'": {}}, '"Tabanovce L3'": {'"total'": 0, '"by_type'": {}}, '"Tabanovce L4'": {'"total'": 0, '"by_type'": {}}, '"Tabanovce L5'": {'"total'": 0, '"by_type'": {}}}",7
287,3,2026-05-03 03:30:18.762539+02,5,0,0,0,0,0,"{'"Tabanovce L1'": {'"total'": 0, '"by_type'": {}}, '"Tabanovce L2'": {'"total'": 0, '"by_type'": {}}, '"Tabanovce L3'": {'"total'": 0, '"by_type'": {}}, '"Tabanovce L4'": {'"total'": 0, '"by_type'": {}}, '"Tabanovce L5'": {'"total'": 0, '"by_type'": {}}}",6.5
288,3,2026-05-03 03:35:18.808021+02,5,0,0,0,0,0,"{'"Tabanovce L1'": {'"total'": 0, '"by_type'": {}}, '"Tabanovce L2'": {'"total'": 0, '"by_type'": {}}, '"Tabanovce L3'": {'"total'": 0, '"by_type'": {}}, '"Tabanovce L4'": {'"total'": 0, '"by_type'": {}}, '"Tabanovce L5'": {'"total'": 0, '"by_type'": {}}}",7
289,3,2026-05-03 03:40:18.840679+02,5,0,0,0,0,0,"{'"Tabanovce L1'": {'"total'": 0, '"by_type'": {}}, '"Tabanovce L2'": {'"total'": 0, '"by_type'": {}}, '"Tabanovce L3'": {'"total'": 0, '"by_type'": {}}, '"Tabanovce L4'": {'"total'": 0, '"by_type'": {}}, '"Tabanovce L5'": {'"total'": 0, '"by_type'": {}}}",7
290,3,2026-05-03 03:45:22.328889+02,5,0,0,0,0,0,"{'"Tabanovce L1'": {'"total'": 0, '"by_type'": {}}, '"Tabanovce L2'": {'"total'": 0, '"by_type'": {}}, '"Tabanovce L3'": {'"total'": 0, '"by_type'": {}}, '"Tabanovce L4'": {'"total'": 0, '"by_type'": {}}, '"Tabanovce L5'": {'"total'": 0, '"by_type'": {}}}",0.5
291,3,2026-05-03 03:50:22.362443+02,5,0,0,0,0,0,"{'"Tabanovce L1'": {'"total'": 0, '"by_type'": {}}, '"Tabanovce L2'": {'"total'": 0, '"by_type'": {}}, '"Tabanovce L3'": {'"total'": 0, '"by_type'": {}}, '"Tabanovce L4'": {'"total'": 0, '"by_type'": {}}, '"Tabanovce L5'": {'"total'": 0, '"by_type'": {}}}",6.5
292,3,2026-05-03 03:55:22.445541+02,5,0,0,0,0,0,"{'"Tabanovce L1'": {'"total'": 0, '"by_type'": {}}, '"Tabanovce L2'": {'"total'": 0, '"by_type'": {}}, '"Tabanovce L3'": {'"total'": 0, '"by_type'": {}}, '"Tabanovce L4'": {'"total'": 0, '"by_type'": {}}, '"Tabanovce L5'": {'"total'": 0, '"by_type'": {}}}",7
293,3,2026-05-03 04:00:22.573033+02,5,0,0,0,0,0,"{'"Tabanovce L1'": {'"total'": 0, '"by_type'": {}}, '"Tabanovce L2'": {'"total'": 0, '"by_type'": {}}, '"Tabanovce L3'": {'"total'": 0, '"by_type'": {}}, '"Tabanovce L4'": {'"total'": 0, '"by_type'": {}}, '"Tabanovce L5'": {'"total'": 0, '"by_type'": {}}}",7
294,3,2026-05-03 04:05:22.579768+02,5,0,0,0,0,0,"{'"Tabanovce L1'": {'"total'": 0, '"by_type'": {}}, '"Tabanovce L2'": {'"total'": 0, '"by_type'": {}}, '"Tabanovce L3'": {'"total'": 0, '"by_type'": {}}, '"Tabanovce L4'": {'"total'": 0, '"by_type'": {}}, '"Tabanovce L5'": {'"total'": 0, '"by_type'": {}}}",7
295,3,2026-05-03 04:10:22.670133+02,5,0,0,0,0,0,"{'"Tabanovce L1'": {'"total'": 0, '"by_type'": {}}, '"Tabanovce L2'": {'"total'": 0, '"by_type'": {}}, '"Tabanovce L3'": {'"total'": 0, '"by_type'": {}}, '"Tabanovce L4'": {'"total'": 0, '"by_type'": {}}, '"Tabanovce L5'": {'"total'": 0, '"by_type'": {}}}",7.5
296,3,2026-05-03 04:15:22.706951+02,5,0,0,0,0,0,"{'"Tabanovce L1'": {'"total'": 0, '"by_type'": {}}, '"Tabanovce L2'": {'"total'": 0, '"by_type'": {}}, '"Tabanovce L3'": {'"total'": 0, '"by_type'": {}}, '"Tabanovce L4'": {'"total'": 0, '"by_type'": {}}, '"Tabanovce L5'": {'"total'": 0, '"by_type'": {}}}",6.5
297,3,2026-05-03 04:20:25.000655+02,5,0,0,0,0,0,"{'"Tabanovce L1'": {'"total'": 0, '"by_type'": {}}, '"Tabanovce L2'": {'"total'": 0, '"by_type'": {}}, '"Tabanovce L3'": {'"total'": 0, '"by_type'": {}}, '"Tabanovce L4'": {'"total'": 0, '"by_type'": {}}, '"Tabanovce L5'": {'"total'": 0, '"by_type'": {}}}",0.5
298,3,2026-05-03 04:25:25.075158+02,5,0,0,0,0,0,"{'"Tabanovce L1'": {'"total'": 0, '"by_type'": {}}, '"Tabanovce L2'": {'"total'": 0, '"by_type'": {}}, '"Tabanovce L3'": {'"total'": 0, '"by_type'": {}}, '"Tabanovce L4'": {'"total'": 0, '"by_type'": {}}, '"Tabanovce L5'": {'"total'": 0, '"by_type'": {}}}",7
299,3,2026-05-03 04:30:25.134881+02,5,1,1,0,0,0,"{'"Tabanovce L1'": {'"total'": 0, '"by_type'": {}}, '"Tabanovce L2'": {'"total'": 0, '"by_type'": {}}, '"Tabanovce L3'": {'"total'": 0, '"by_type'": {}}, '"Tabanovce L4'": {'"total'": 0, '"by_type'": {}}, '"Tabanovce L5'": {'"total'": 1, '"by_type'": {'"car'": 1}}}",6.5
300,3,2026-05-03 04:35:25.280985+02,5,0,0,0,0,0,"{'"Tabanovce L1'": {'"total'": 0, '"by_type'": {}}, '"Tabanovce L2'": {'"total'": 0, '"by_type'": {}}, '"Tabanovce L3'": {'"total'": 0, '"by_type'": {}}, '"Tabanovce L4'": {'"total'": 0, '"by_type'": {}}, '"Tabanovce L5'": {'"total'": 0, '"by_type'": {}}}",7
301,3,2026-05-03 04:40:25.350382+02,5,0,0,0,0,0,"{'"Tabanovce L1'": {'"total'": 0, '"by_type'": {}}, '"Tabanovce L2'": {'"total'": 0, '"by_type'": {}}, '"Tabanovce L3'": {'"total'": 0, '"by_type'": {}}, '"Tabanovce L4'": {'"total'": 0, '"by_type'": {}}, '"Tabanovce L5'": {'"total'": 0, '"by_type'": {}}}",7
302,3,2026-05-03 04:45:26.059067+02,5,0,0,0,0,0,"{'"Tabanovce L1'": {'"total'": 0, '"by_type'": {}}, '"Tabanovce L2'": {'"total'": 0, '"by_type'": {}}, '"Tabanovce L3'": {'"total'": 0, '"by_type'": {}}, '"Tabanovce L4'": {'"total'": 0, '"by_type'": {}}, '"Tabanovce L5'": {'"total'": 0, '"by_type'": {}}}",0.5
303,3,2026-05-03 04:50:26.161532+02,5,0,0,0,0,0,"{'"Tabanovce L1'": {'"total'": 0, '"by_type'": {}}, '"Tabanovce L2'": {'"total'": 0, '"by_type'": {}}, '"Tabanovce L3'": {'"total'": 0, '"by_type'": {}}, '"Tabanovce L4'": {'"total'": 0, '"by_type'": {}}, '"Tabanovce L5'": {'"total'": 0, '"by_type'": {}}}",6.5
452,3,2026-05-04 00:21:57.612222+02,5,0,0,0,0,0,"{'"Tabanovce L1'": {'"total'": 0, '"by_type'": {}}, '"Tabanovce L2'": {'"total'": 0, '"by_type'": {}}, '"Tabanovce L3'": {'"total'": 0, '"by_type'": {}}}",8
304,3,2026-05-03 04:55:26.292009+02,5,0,0,0,0,0,"{'"Tabanovce L1'": {'"total'": 0, '"by_type'": {}}, '"Tabanovce L2'": {'"total'": 0, '"by_type'": {}}, '"Tabanovce L3'": {'"total'": 0, '"by_type'": {}}, '"Tabanovce L4'": {'"total'": 0, '"by_type'": {}}, '"Tabanovce L5'": {'"total'": 0, '"by_type'": {}}}",7
305,3,2026-05-03 05:00:26.39511+02,5,0,0,0,0,0,"{'"Tabanovce L1'": {'"total'": 0, '"by_type'": {}}, '"Tabanovce L2'": {'"total'": 0, '"by_type'": {}}, '"Tabanovce L3'": {'"total'": 0, '"by_type'": {}}, '"Tabanovce L4'": {'"total'": 0, '"by_type'": {}}, '"Tabanovce L5'": {'"total'": 0, '"by_type'": {}}}",6.5
306,3,2026-05-03 05:05:26.462385+02,5,0,0,0,0,0,"{'"Tabanovce L1'": {'"total'": 0, '"by_type'": {}}, '"Tabanovce L2'": {'"total'": 0, '"by_type'": {}}, '"Tabanovce L3'": {'"total'": 0, '"by_type'": {}}, '"Tabanovce L4'": {'"total'": 0, '"by_type'": {}}, '"Tabanovce L5'": {'"total'": 0, '"by_type'": {}}}",6.5
307,3,2026-05-03 05:10:26.469734+02,5,1,0,0,0,1,"{'"Tabanovce L1'": {'"total'": 0, '"by_type'": {}}, '"Tabanovce L2'": {'"total'": 0, '"by_type'": {}}, '"Tabanovce L3'": {'"total'": 0, '"by_type'": {}}, '"Tabanovce L4'": {'"total'": 0, '"by_type'": {}}, '"Tabanovce L5'": {'"total'": 1, '"by_type'": {'"truck'": 1}}}",7
308,3,2026-05-03 05:15:26.581603+02,5,1,0,0,0,1,"{'"Tabanovce L1'": {'"total'": 0, '"by_type'": {}}, '"Tabanovce L2'": {'"total'": 0, '"by_type'": {}}, '"Tabanovce L3'": {'"total'": 0, '"by_type'": {}}, '"Tabanovce L4'": {'"total'": 0, '"by_type'": {}}, '"Tabanovce L5'": {'"total'": 1, '"by_type'": {'"truck'": 1}}}",6.5
309,3,2026-05-03 05:20:26.695193+02,5,1,1,0,0,0,"{'"Tabanovce L1'": {'"total'": 0, '"by_type'": {}}, '"Tabanovce L2'": {'"total'": 0, '"by_type'": {}}, '"Tabanovce L3'": {'"total'": 0, '"by_type'": {}}, '"Tabanovce L4'": {'"total'": 0, '"by_type'": {}}, '"Tabanovce L5'": {'"total'": 1, '"by_type'": {'"car'": 1}}}",6.5
310,3,2026-05-03 05:25:26.71336+02,5,0,0,0,0,0,"{'"Tabanovce L1'": {'"total'": 0, '"by_type'": {}}, '"Tabanovce L2'": {'"total'": 0, '"by_type'": {}}, '"Tabanovce L3'": {'"total'": 0, '"by_type'": {}}, '"Tabanovce L4'": {'"total'": 0, '"by_type'": {}}, '"Tabanovce L5'": {'"total'": 0, '"by_type'": {}}}",7
311,3,2026-05-03 05:30:26.829121+02,5,0,0,0,0,0,"{'"Tabanovce L1'": {'"total'": 0, '"by_type'": {}}, '"Tabanovce L2'": {'"total'": 0, '"by_type'": {}}, '"Tabanovce L3'": {'"total'": 0, '"by_type'": {}}, '"Tabanovce L4'": {'"total'": 0, '"by_type'": {}}, '"Tabanovce L5'": {'"total'": 0, '"by_type'": {}}}",7
312,3,2026-05-03 05:35:26.946756+02,5,0,0,0,0,0,"{'"Tabanovce L1'": {'"total'": 0, '"by_type'": {}}, '"Tabanovce L2'": {'"total'": 0, '"by_type'": {}}, '"Tabanovce L3'": {'"total'": 0, '"by_type'": {}}, '"Tabanovce L4'": {'"total'": 0, '"by_type'": {}}, '"Tabanovce L5'": {'"total'": 0, '"by_type'": {}}}",7
313,3,2026-05-03 05:40:27.014913+02,5,1,1,0,0,0,"{'"Tabanovce L1'": {'"total'": 0, '"by_type'": {}}, '"Tabanovce L2'": {'"total'": 0, '"by_type'": {}}, '"Tabanovce L3'": {'"total'": 0, '"by_type'": {}}, '"Tabanovce L4'": {'"total'": 0, '"by_type'": {}}, '"Tabanovce L5'": {'"total'": 1, '"by_type'": {'"car'": 1}}}",7
314,3,2026-05-03 05:45:27.141624+02,5,1,1,0,0,0,"{'"Tabanovce L1'": {'"total'": 0, '"by_type'": {}}, '"Tabanovce L2'": {'"total'": 0, '"by_type'": {}}, '"Tabanovce L3'": {'"total'": 0, '"by_type'": {}}, '"Tabanovce L4'": {'"total'": 0, '"by_type'": {}}, '"Tabanovce L5'": {'"total'": 1, '"by_type'": {'"car'": 1}}}",6.5
315,3,2026-05-03 05:50:27.431372+02,5,1,1,0,0,0,"{'"Tabanovce L1'": {'"total'": 0, '"by_type'": {}}, '"Tabanovce L2'": {'"total'": 0, '"by_type'": {}}, '"Tabanovce L3'": {'"total'": 0, '"by_type'": {}}, '"Tabanovce L4'": {'"total'": 0, '"by_type'": {}}, '"Tabanovce L5'": {'"total'": 1, '"by_type'": {'"car'": 1}}}",0.5
316,3,2026-05-03 05:55:27.510911+02,5,1,1,0,0,0,"{'"Tabanovce L1'": {'"total'": 0, '"by_type'": {}}, '"Tabanovce L2'": {'"total'": 0, '"by_type'": {}}, '"Tabanovce L3'": {'"total'": 0, '"by_type'": {}}, '"Tabanovce L4'": {'"total'": 0, '"by_type'": {}}, '"Tabanovce L5'": {'"total'": 1, '"by_type'": {'"car'": 1}}}",7.5
317,3,2026-05-03 06:00:27.643963+02,5,0,0,0,0,0,"{'"Tabanovce L1'": {'"total'": 0, '"by_type'": {}}, '"Tabanovce L2'": {'"total'": 0, '"by_type'": {}}, '"Tabanovce L3'": {'"total'": 0, '"by_type'": {}}, '"Tabanovce L4'": {'"total'": 0, '"by_type'": {}}, '"Tabanovce L5'": {'"total'": 0, '"by_type'": {}}}",7
318,3,2026-05-03 06:05:27.651487+02,5,1,1,0,0,0,"{'"Tabanovce L1'": {'"total'": 0, '"by_type'": {}}, '"Tabanovce L2'": {'"total'": 0, '"by_type'": {}}, '"Tabanovce L3'": {'"total'": 0, '"by_type'": {}}, '"Tabanovce L4'": {'"total'": 0, '"by_type'": {}}, '"Tabanovce L5'": {'"total'": 1, '"by_type'": {'"car'": 1}}}",7
319,3,2026-05-03 06:10:27.688404+02,5,2,2,0,0,0,"{'"Tabanovce L1'": {'"total'": 0, '"by_type'": {}}, '"Tabanovce L2'": {'"total'": 1, '"by_type'": {'"car'": 1}}, '"Tabanovce L3'": {'"total'": 0, '"by_type'": {}}, '"Tabanovce L4'": {'"total'": 0, '"by_type'": {}}, '"Tabanovce L5'": {'"total'": 1, '"by_type'": {'"car'": 1}}}",7
320,3,2026-05-03 06:15:27.826861+02,5,1,1,0,0,0,"{'"Tabanovce L1'": {'"total'": 0, '"by_type'": {}}, '"Tabanovce L2'": {'"total'": 0, '"by_type'": {}}, '"Tabanovce L3'": {'"total'": 0, '"by_type'": {}}, '"Tabanovce L4'": {'"total'": 0, '"by_type'": {}}, '"Tabanovce L5'": {'"total'": 1, '"by_type'": {'"car'": 1}}}",7
321,3,2026-05-03 06:20:27.89146+02,5,4,2,0,0,2,"{'"Tabanovce L1'": {'"total'": 0, '"by_type'": {}}, '"Tabanovce L2'": {'"total'": 1, '"by_type'": {'"car'": 1}}, '"Tabanovce L3'": {'"total'": 3, '"by_type'": {'"car'": 1, '"truck'": 2}}, '"Tabanovce L4'": {'"total'": 0, '"by_type'": {}}, '"Tabanovce L5'": {'"total'": 0, '"by_type'": {}}}",6
322,3,2026-05-03 06:25:28.058245+02,5,0,0,0,0,0,"{'"Tabanovce L1'": {'"total'": 0, '"by_type'": {}}, '"Tabanovce L2'": {'"total'": 0, '"by_type'": {}}, '"Tabanovce L3'": {'"total'": 0, '"by_type'": {}}, '"Tabanovce L4'": {'"total'": 0, '"by_type'": {}}, '"Tabanovce L5'": {'"total'": 0, '"by_type'": {}}}",6.5
323,3,2026-05-03 06:30:28.159136+02,5,1,1,0,0,0,"{'"Tabanovce L1'": {'"total'": 0, '"by_type'": {}}, '"Tabanovce L2'": {'"total'": 0, '"by_type'": {}}, '"Tabanovce L3'": {'"total'": 0, '"by_type'": {}}, '"Tabanovce L4'": {'"total'": 0, '"by_type'": {}}, '"Tabanovce L5'": {'"total'": 1, '"by_type'": {'"car'": 1}}}",6.5
324,3,2026-05-03 06:35:28.192544+02,5,1,1,0,0,0,"{'"Tabanovce L1'": {'"total'": 0, '"by_type'": {}}, '"Tabanovce L2'": {'"total'": 0, '"by_type'": {}}, '"Tabanovce L3'": {'"total'": 0, '"by_type'": {}}, '"Tabanovce L4'": {'"total'": 0, '"by_type'": {}}, '"Tabanovce L5'": {'"total'": 1, '"by_type'": {'"car'": 1}}}",7
325,3,2026-05-03 06:40:28.523045+02,5,0,0,0,0,0,"{'"Tabanovce L1'": {'"total'": 0, '"by_type'": {}}, '"Tabanovce L2'": {'"total'": 0, '"by_type'": {}}, '"Tabanovce L3'": {'"total'": 0, '"by_type'": {}}, '"Tabanovce L4'": {'"total'": 0, '"by_type'": {}}, '"Tabanovce L5'": {'"total'": 0, '"by_type'": {}}}",0.5
326,3,2026-05-03 06:45:28.562933+02,5,0,0,0,0,0,"{'"Tabanovce L1'": {'"total'": 0, '"by_type'": {}}, '"Tabanovce L2'": {'"total'": 0, '"by_type'": {}}, '"Tabanovce L3'": {'"total'": 0, '"by_type'": {}}, '"Tabanovce L4'": {'"total'": 0, '"by_type'": {}}, '"Tabanovce L5'": {'"total'": 0, '"by_type'": {}}}",7
327,3,2026-05-03 06:50:28.638017+02,5,0,0,0,0,0,"{'"Tabanovce L1'": {'"total'": 0, '"by_type'": {}}, '"Tabanovce L2'": {'"total'": 0, '"by_type'": {}}, '"Tabanovce L3'": {'"total'": 0, '"by_type'": {}}, '"Tabanovce L4'": {'"total'": 0, '"by_type'": {}}, '"Tabanovce L5'": {'"total'": 0, '"by_type'": {}}}",7
328,3,2026-05-03 06:55:28.735436+02,5,1,1,0,0,0,"{'"Tabanovce L1'": {'"total'": 0, '"by_type'": {}}, '"Tabanovce L2'": {'"total'": 0, '"by_type'": {}}, '"Tabanovce L3'": {'"total'": 0, '"by_type'": {}}, '"Tabanovce L4'": {'"total'": 0, '"by_type'": {}}, '"Tabanovce L5'": {'"total'": 1, '"by_type'": {'"car'": 1}}}",7
329,3,2026-05-03 07:00:28.867485+02,5,1,1,0,0,0,"{'"Tabanovce L1'": {'"total'": 0, '"by_type'": {}}, '"Tabanovce L2'": {'"total'": 0, '"by_type'": {}}, '"Tabanovce L3'": {'"total'": 0, '"by_type'": {}}, '"Tabanovce L4'": {'"total'": 0, '"by_type'": {}}, '"Tabanovce L5'": {'"total'": 1, '"by_type'": {'"car'": 1}}}",6.5
330,3,2026-05-03 14:06:35.505608+02,5,0,0,0,0,0,"{'"Tabanovce L1'": {'"total'": 0, '"by_type'": {}}, '"Tabanovce L2'": {'"total'": 0, '"by_type'": {}}, '"Tabanovce L3'": {'"total'": 0, '"by_type'": {}}, '"Tabanovce L4'": {'"total'": 0, '"by_type'": {}}, '"Tabanovce L5'": {'"total'": 0, '"by_type'": {}}}",8
331,3,2026-05-03 14:11:35.52427+02,5,0,0,0,0,0,"{'"Tabanovce L1'": {'"total'": 0, '"by_type'": {}}, '"Tabanovce L2'": {'"total'": 0, '"by_type'": {}}, '"Tabanovce L3'": {'"total'": 0, '"by_type'": {}}, '"Tabanovce L4'": {'"total'": 0, '"by_type'": {}}, '"Tabanovce L5'": {'"total'": 0, '"by_type'": {}}}",5.5
332,3,2026-05-03 14:16:35.551884+02,5,0,0,0,0,0,"{'"Tabanovce L1'": {'"total'": 0, '"by_type'": {}}, '"Tabanovce L2'": {'"total'": 0, '"by_type'": {}}, '"Tabanovce L3'": {'"total'": 0, '"by_type'": {}}, '"Tabanovce L4'": {'"total'": 0, '"by_type'": {}}, '"Tabanovce L5'": {'"total'": 0, '"by_type'": {}}}",6
333,3,2026-05-03 14:21:35.62183+02,5,1,1,0,0,0,"{'"Tabanovce L1'": {'"total'": 0, '"by_type'": {}}, '"Tabanovce L2'": {'"total'": 0, '"by_type'": {}}, '"Tabanovce L3'": {'"total'": 1, '"by_type'": {'"car'": 1}}, '"Tabanovce L4'": {'"total'": 0, '"by_type'": {}}, '"Tabanovce L5'": {'"total'": 0, '"by_type'": {}}}",6.5
334,3,2026-05-03 14:26:35.958679+02,5,0,0,0,0,0,"{'"Tabanovce L1'": {'"total'": 0, '"by_type'": {}}, '"Tabanovce L2'": {'"total'": 0, '"by_type'": {}}, '"Tabanovce L3'": {'"total'": 0, '"by_type'": {}}, '"Tabanovce L4'": {'"total'": 0, '"by_type'": {}}, '"Tabanovce L5'": {'"total'": 0, '"by_type'": {}}}",0.5
335,3,2026-05-03 14:31:35.980848+02,5,0,0,0,0,0,"{'"Tabanovce L1'": {'"total'": 0, '"by_type'": {}}, '"Tabanovce L2'": {'"total'": 0, '"by_type'": {}}, '"Tabanovce L3'": {'"total'": 0, '"by_type'": {}}, '"Tabanovce L4'": {'"total'": 0, '"by_type'": {}}, '"Tabanovce L5'": {'"total'": 0, '"by_type'": {}}}",6
336,3,2026-05-03 14:36:36.133727+02,5,1,1,0,0,0,"{'"Tabanovce L1'": {'"total'": 0, '"by_type'": {}}, '"Tabanovce L2'": {'"total'": 1, '"by_type'": {'"car'": 1}}, '"Tabanovce L3'": {'"total'": 0, '"by_type'": {}}, '"Tabanovce L4'": {'"total'": 0, '"by_type'": {}}, '"Tabanovce L5'": {'"total'": 0, '"by_type'": {}}}",6
337,3,2026-05-03 14:41:36.138446+02,5,0,0,0,0,0,"{'"Tabanovce L1'": {'"total'": 0, '"by_type'": {}}, '"Tabanovce L2'": {'"total'": 0, '"by_type'": {}}, '"Tabanovce L3'": {'"total'": 0, '"by_type'": {}}, '"Tabanovce L4'": {'"total'": 0, '"by_type'": {}}, '"Tabanovce L5'": {'"total'": 0, '"by_type'": {}}}",6.5
338,3,2026-05-03 14:46:36.263324+02,5,0,0,0,0,0,"{'"Tabanovce L1'": {'"total'": 0, '"by_type'": {}}, '"Tabanovce L2'": {'"total'": 0, '"by_type'": {}}, '"Tabanovce L3'": {'"total'": 0, '"by_type'": {}}, '"Tabanovce L4'": {'"total'": 0, '"by_type'": {}}, '"Tabanovce L5'": {'"total'": 0, '"by_type'": {}}}",7
339,3,2026-05-03 14:51:36.409991+02,5,0,0,0,0,0,"{'"Tabanovce L1'": {'"total'": 0, '"by_type'": {}}, '"Tabanovce L2'": {'"total'": 0, '"by_type'": {}}, '"Tabanovce L3'": {'"total'": 0, '"by_type'": {}}, '"Tabanovce L4'": {'"total'": 0, '"by_type'": {}}, '"Tabanovce L5'": {'"total'": 0, '"by_type'": {}}}",6.5
340,3,2026-05-03 14:56:36.514657+02,5,0,0,0,0,0,"{'"Tabanovce L1'": {'"total'": 0, '"by_type'": {}}, '"Tabanovce L2'": {'"total'": 0, '"by_type'": {}}, '"Tabanovce L3'": {'"total'": 0, '"by_type'": {}}, '"Tabanovce L4'": {'"total'": 0, '"by_type'": {}}, '"Tabanovce L5'": {'"total'": 0, '"by_type'": {}}}",7
341,3,2026-05-03 15:01:36.595521+02,5,0,0,0,0,0,"{'"Tabanovce L1'": {'"total'": 0, '"by_type'": {}}, '"Tabanovce L2'": {'"total'": 0, '"by_type'": {}}, '"Tabanovce L3'": {'"total'": 0, '"by_type'": {}}, '"Tabanovce L4'": {'"total'": 0, '"by_type'": {}}, '"Tabanovce L5'": {'"total'": 0, '"by_type'": {}}}",6.5
342,3,2026-05-03 15:06:36.68984+02,5,1,1,0,0,0,"{'"Tabanovce L1'": {'"total'": 0, '"by_type'": {}}, '"Tabanovce L2'": {'"total'": 0, '"by_type'": {}}, '"Tabanovce L3'": {'"total'": 0, '"by_type'": {}}, '"Tabanovce L4'": {'"total'": 1, '"by_type'": {'"car'": 1}}, '"Tabanovce L5'": {'"total'": 0, '"by_type'": {}}}",6.5
343,3,2026-05-03 15:11:36.789485+02,5,0,0,0,0,0,"{'"Tabanovce L1'": {'"total'": 0, '"by_type'": {}}, '"Tabanovce L2'": {'"total'": 0, '"by_type'": {}}, '"Tabanovce L3'": {'"total'": 0, '"by_type'": {}}, '"Tabanovce L4'": {'"total'": 0, '"by_type'": {}}, '"Tabanovce L5'": {'"total'": 0, '"by_type'": {}}}",6
344,3,2026-05-03 15:16:36.878357+02,5,0,0,0,0,0,"{'"Tabanovce L1'": {'"total'": 0, '"by_type'": {}}, '"Tabanovce L2'": {'"total'": 0, '"by_type'": {}}, '"Tabanovce L3'": {'"total'": 0, '"by_type'": {}}, '"Tabanovce L4'": {'"total'": 0, '"by_type'": {}}, '"Tabanovce L5'": {'"total'": 0, '"by_type'": {}}}",6.5
345,3,2026-05-03 15:21:37.015835+02,5,1,0,0,0,1,"{'"Tabanovce L1'": {'"total'": 1, '"by_type'": {'"truck'": 1}}, '"Tabanovce L2'": {'"total'": 0, '"by_type'": {}}, '"Tabanovce L3'": {'"total'": 0, '"by_type'": {}}, '"Tabanovce L4'": {'"total'": 0, '"by_type'": {}}, '"Tabanovce L5'": {'"total'": 0, '"by_type'": {}}}",6.5
346,3,2026-05-03 15:26:37.079398+02,5,1,1,0,0,0,"{'"Tabanovce L1'": {'"total'": 0, '"by_type'": {}}, '"Tabanovce L2'": {'"total'": 0, '"by_type'": {}}, '"Tabanovce L3'": {'"total'": 1, '"by_type'": {'"car'": 1}}, '"Tabanovce L4'": {'"total'": 0, '"by_type'": {}}, '"Tabanovce L5'": {'"total'": 0, '"by_type'": {}}}",6
347,3,2026-05-03 15:31:37.274338+02,5,0,0,0,0,0,"{'"Tabanovce L1'": {'"total'": 0, '"by_type'": {}}, '"Tabanovce L2'": {'"total'": 0, '"by_type'": {}}, '"Tabanovce L3'": {'"total'": 0, '"by_type'": {}}, '"Tabanovce L4'": {'"total'": 0, '"by_type'": {}}, '"Tabanovce L5'": {'"total'": 0, '"by_type'": {}}}",6
348,3,2026-05-03 15:36:37.354+02,5,1,1,0,0,0,"{'"Tabanovce L1'": {'"total'": 0, '"by_type'": {}}, '"Tabanovce L2'": {'"total'": 0, '"by_type'": {}}, '"Tabanovce L3'": {'"total'": 1, '"by_type'": {'"car'": 1}}, '"Tabanovce L4'": {'"total'": 0, '"by_type'": {}}, '"Tabanovce L5'": {'"total'": 0, '"by_type'": {}}}",6.5
349,3,2026-05-03 15:41:37.371746+02,5,0,0,0,0,0,"{'"Tabanovce L1'": {'"total'": 0, '"by_type'": {}}, '"Tabanovce L2'": {'"total'": 0, '"by_type'": {}}, '"Tabanovce L3'": {'"total'": 0, '"by_type'": {}}, '"Tabanovce L4'": {'"total'": 0, '"by_type'": {}}, '"Tabanovce L5'": {'"total'": 0, '"by_type'": {}}}",6.5
350,3,2026-05-03 15:46:37.470461+02,5,2,1,0,0,1,"{'"Tabanovce L1'": {'"total'": 0, '"by_type'": {}}, '"Tabanovce L2'": {'"total'": 0, '"by_type'": {}}, '"Tabanovce L3'": {'"total'": 2, '"by_type'": {'"car'": 1, '"truck'": 1}}, '"Tabanovce L4'": {'"total'": 0, '"by_type'": {}}, '"Tabanovce L5'": {'"total'": 0, '"by_type'": {}}}",6.5
351,3,2026-05-03 15:51:40.328032+02,5,0,0,0,0,0,"{'"Tabanovce L1'": {'"total'": 0, '"by_type'": {}}, '"Tabanovce L2'": {'"total'": 0, '"by_type'": {}}, '"Tabanovce L3'": {'"total'": 0, '"by_type'": {}}, '"Tabanovce L4'": {'"total'": 0, '"by_type'": {}}, '"Tabanovce L5'": {'"total'": 0, '"by_type'": {}}}",0.5
352,3,2026-05-03 15:56:40.342631+02,5,0,0,0,0,0,"{'"Tabanovce L1'": {'"total'": 0, '"by_type'": {}}, '"Tabanovce L2'": {'"total'": 0, '"by_type'": {}}, '"Tabanovce L3'": {'"total'": 0, '"by_type'": {}}, '"Tabanovce L4'": {'"total'": 0, '"by_type'": {}}, '"Tabanovce L5'": {'"total'": 0, '"by_type'": {}}}",8
353,3,2026-05-03 16:01:40.442066+02,5,0,0,0,0,0,"{'"Tabanovce L1'": {'"total'": 0, '"by_type'": {}}, '"Tabanovce L2'": {'"total'": 0, '"by_type'": {}}, '"Tabanovce L3'": {'"total'": 0, '"by_type'": {}}, '"Tabanovce L4'": {'"total'": 0, '"by_type'": {}}, '"Tabanovce L5'": {'"total'": 0, '"by_type'": {}}}",8
354,3,2026-05-03 16:07:22.333275+02,5,0,0,0,0,0,"{'"Tabanovce L1'": {'"total'": 0, '"by_type'": {}}, '"Tabanovce L2'": {'"total'": 0, '"by_type'": {}}, '"Tabanovce L3'": {'"total'": 0, '"by_type'": {}}, '"Tabanovce L4'": {'"total'": 0, '"by_type'": {}}, '"Tabanovce L5'": {'"total'": 0, '"by_type'": {}}}",7
355,3,2026-05-03 16:12:22.483137+02,5,0,0,0,0,0,"{'"Tabanovce L1'": {'"total'": 0, '"by_type'": {}}, '"Tabanovce L2'": {'"total'": 0, '"by_type'": {}}, '"Tabanovce L3'": {'"total'": 0, '"by_type'": {}}, '"Tabanovce L4'": {'"total'": 0, '"by_type'": {}}, '"Tabanovce L5'": {'"total'": 0, '"by_type'": {}}}",7
356,3,2026-05-03 16:17:22.507598+02,5,0,0,0,0,0,"{'"Tabanovce L1'": {'"total'": 0, '"by_type'": {}}, '"Tabanovce L2'": {'"total'": 0, '"by_type'": {}}, '"Tabanovce L3'": {'"total'": 0, '"by_type'": {}}, '"Tabanovce L4'": {'"total'": 0, '"by_type'": {}}, '"Tabanovce L5'": {'"total'": 0, '"by_type'": {}}}",6.5
357,3,2026-05-03 16:22:22.520991+02,5,2,2,0,0,0,"{'"Tabanovce L1'": {'"total'": 0, '"by_type'": {}}, '"Tabanovce L2'": {'"total'": 0, '"by_type'": {}}, '"Tabanovce L3'": {'"total'": 1, '"by_type'": {'"car'": 1}}, '"Tabanovce L4'": {'"total'": 1, '"by_type'": {'"car'": 1}}, '"Tabanovce L5'": {'"total'": 0, '"by_type'": {}}}",6.5
358,3,2026-05-03 16:27:24.617728+02,5,1,0,0,0,1,"{'"Tabanovce L1'": {'"total'": 0, '"by_type'": {}}, '"Tabanovce L2'": {'"total'": 0, '"by_type'": {}}, '"Tabanovce L3'": {'"total'": 0, '"by_type'": {}}, '"Tabanovce L4'": {'"total'": 0, '"by_type'": {}}, '"Tabanovce L5'": {'"total'": 1, '"by_type'": {'"truck'": 1}}}",0.5
359,3,2026-05-03 16:32:24.80688+02,5,0,0,0,0,0,"{'"Tabanovce L1'": {'"total'": 0, '"by_type'": {}}, '"Tabanovce L2'": {'"total'": 0, '"by_type'": {}}, '"Tabanovce L3'": {'"total'": 0, '"by_type'": {}}, '"Tabanovce L4'": {'"total'": 0, '"by_type'": {}}, '"Tabanovce L5'": {'"total'": 0, '"by_type'": {}}}",6.5
360,3,2026-05-03 16:37:24.891215+02,5,0,0,0,0,0,"{'"Tabanovce L1'": {'"total'": 0, '"by_type'": {}}, '"Tabanovce L2'": {'"total'": 0, '"by_type'": {}}, '"Tabanovce L3'": {'"total'": 0, '"by_type'": {}}, '"Tabanovce L4'": {'"total'": 0, '"by_type'": {}}, '"Tabanovce L5'": {'"total'": 0, '"by_type'": {}}}",7
361,3,2026-05-03 16:42:25.048681+02,5,1,0,0,0,1,"{'"Tabanovce L1'": {'"total'": 0, '"by_type'": {}}, '"Tabanovce L2'": {'"total'": 0, '"by_type'": {}}, '"Tabanovce L3'": {'"total'": 0, '"by_type'": {}}, '"Tabanovce L4'": {'"total'": 0, '"by_type'": {}}, '"Tabanovce L5'": {'"total'": 1, '"by_type'": {'"truck'": 1}}}",6.5
362,3,2026-05-03 16:47:25.152559+02,5,1,1,0,0,0,"{'"Tabanovce L1'": {'"total'": 0, '"by_type'": {}}, '"Tabanovce L2'": {'"total'": 0, '"by_type'": {}}, '"Tabanovce L3'": {'"total'": 0, '"by_type'": {}}, '"Tabanovce L4'": {'"total'": 1, '"by_type'": {'"car'": 1}}, '"Tabanovce L5'": {'"total'": 0, '"by_type'": {}}}",6.5
363,3,2026-05-03 16:52:25.182408+02,5,1,0,0,0,1,"{'"Tabanovce L1'": {'"total'": 0, '"by_type'": {}}, '"Tabanovce L2'": {'"total'": 0, '"by_type'": {}}, '"Tabanovce L3'": {'"total'": 1, '"by_type'": {'"truck'": 1}}, '"Tabanovce L4'": {'"total'": 0, '"by_type'": {}}, '"Tabanovce L5'": {'"total'": 0, '"by_type'": {}}}",7
364,3,2026-05-03 16:57:25.293143+02,5,0,0,0,0,0,"{'"Tabanovce L1'": {'"total'": 0, '"by_type'": {}}, '"Tabanovce L2'": {'"total'": 0, '"by_type'": {}}, '"Tabanovce L3'": {'"total'": 0, '"by_type'": {}}, '"Tabanovce L4'": {'"total'": 0, '"by_type'": {}}, '"Tabanovce L5'": {'"total'": 0, '"by_type'": {}}}",6.5
365,3,2026-05-03 17:02:25.31232+02,5,0,0,0,0,0,"{'"Tabanovce L1'": {'"total'": 0, '"by_type'": {}}, '"Tabanovce L2'": {'"total'": 0, '"by_type'": {}}, '"Tabanovce L3'": {'"total'": 0, '"by_type'": {}}, '"Tabanovce L4'": {'"total'": 0, '"by_type'": {}}, '"Tabanovce L5'": {'"total'": 0, '"by_type'": {}}}",0.5
366,3,2026-05-03 17:07:25.440763+02,5,1,0,0,0,1,"{'"Tabanovce L1'": {'"total'": 1, '"by_type'": {'"truck'": 1}}, '"Tabanovce L2'": {'"total'": 0, '"by_type'": {}}, '"Tabanovce L3'": {'"total'": 0, '"by_type'": {}}, '"Tabanovce L4'": {'"total'": 0, '"by_type'": {}}, '"Tabanovce L5'": {'"total'": 0, '"by_type'": {}}}",6.5
367,3,2026-05-03 17:12:25.477946+02,5,2,1,0,0,1,"{'"Tabanovce L1'": {'"total'": 1, '"by_type'": {'"truck'": 1}}, '"Tabanovce L2'": {'"total'": 0, '"by_type'": {}}, '"Tabanovce L3'": {'"total'": 1, '"by_type'": {'"car'": 1}}, '"Tabanovce L4'": {'"total'": 0, '"by_type'": {}}, '"Tabanovce L5'": {'"total'": 0, '"by_type'": {}}}",7.5
368,3,2026-05-03 17:17:25.506642+02,5,1,1,0,0,0,"{'"Tabanovce L1'": {'"total'": 0, '"by_type'": {}}, '"Tabanovce L2'": {'"total'": 0, '"by_type'": {}}, '"Tabanovce L3'": {'"total'": 1, '"by_type'": {'"car'": 1}}, '"Tabanovce L4'": {'"total'": 0, '"by_type'": {}}, '"Tabanovce L5'": {'"total'": 0, '"by_type'": {}}}",7.5
369,3,2026-05-03 17:22:25.509298+02,5,1,1,0,0,0,"{'"Tabanovce L1'": {'"total'": 0, '"by_type'": {}}, '"Tabanovce L2'": {'"total'": 0, '"by_type'": {}}, '"Tabanovce L3'": {'"total'": 0, '"by_type'": {}}, '"Tabanovce L4'": {'"total'": 0, '"by_type'": {}}, '"Tabanovce L5'": {'"total'": 1, '"by_type'": {'"car'": 1}}}",7
370,3,2026-05-03 17:27:28.257844+02,5,0,0,0,0,0,"{'"Tabanovce L1'": {'"total'": 0, '"by_type'": {}}, '"Tabanovce L2'": {'"total'": 0, '"by_type'": {}}, '"Tabanovce L3'": {'"total'": 0, '"by_type'": {}}, '"Tabanovce L4'": {'"total'": 0, '"by_type'": {}}, '"Tabanovce L5'": {'"total'": 0, '"by_type'": {}}}",0.5
371,3,2026-05-03 17:32:28.293297+02,5,0,0,0,0,0,"{'"Tabanovce L1'": {'"total'": 0, '"by_type'": {}}, '"Tabanovce L2'": {'"total'": 0, '"by_type'": {}}, '"Tabanovce L3'": {'"total'": 0, '"by_type'": {}}, '"Tabanovce L4'": {'"total'": 0, '"by_type'": {}}, '"Tabanovce L5'": {'"total'": 0, '"by_type'": {}}}",8
372,3,2026-05-03 17:37:28.313415+02,5,1,1,0,0,0,"{'"Tabanovce L1'": {'"total'": 0, '"by_type'": {}}, '"Tabanovce L2'": {'"total'": 1, '"by_type'": {'"car'": 1}}, '"Tabanovce L3'": {'"total'": 0, '"by_type'": {}}, '"Tabanovce L4'": {'"total'": 0, '"by_type'": {}}, '"Tabanovce L5'": {'"total'": 0, '"by_type'": {}}}",7.5
373,3,2026-05-03 17:42:33.886352+02,5,1,0,0,1,0,"{'"Tabanovce L1'": {'"total'": 0, '"by_type'": {}}, '"Tabanovce L2'": {'"total'": 1, '"by_type'": {'"bus'": 1}}, '"Tabanovce L3'": {'"total'": 0, '"by_type'": {}}, '"Tabanovce L4'": {'"total'": 0, '"by_type'": {}}, '"Tabanovce L5'": {'"total'": 0, '"by_type'": {}}}",0.5
374,3,2026-05-03 17:47:33.987389+02,5,1,1,0,0,0,"{'"Tabanovce L1'": {'"total'": 0, '"by_type'": {}}, '"Tabanovce L2'": {'"total'": 0, '"by_type'": {}}, '"Tabanovce L3'": {'"total'": 0, '"by_type'": {}}, '"Tabanovce L4'": {'"total'": 0, '"by_type'": {}}, '"Tabanovce L5'": {'"total'": 1, '"by_type'": {'"car'": 1}}}",8
375,3,2026-05-03 17:52:34.009179+02,5,0,0,0,0,0,"{'"Tabanovce L1'": {'"total'": 0, '"by_type'": {}}, '"Tabanovce L2'": {'"total'": 0, '"by_type'": {}}, '"Tabanovce L3'": {'"total'": 0, '"by_type'": {}}, '"Tabanovce L4'": {'"total'": 0, '"by_type'": {}}, '"Tabanovce L5'": {'"total'": 0, '"by_type'": {}}}",8
376,3,2026-05-03 17:57:34.089055+02,5,0,0,0,0,0,"{'"Tabanovce L1'": {'"total'": 0, '"by_type'": {}}, '"Tabanovce L2'": {'"total'": 0, '"by_type'": {}}, '"Tabanovce L3'": {'"total'": 0, '"by_type'": {}}, '"Tabanovce L4'": {'"total'": 0, '"by_type'": {}}, '"Tabanovce L5'": {'"total'": 0, '"by_type'": {}}}",8
377,3,2026-05-03 18:02:34.195826+02,5,0,0,0,0,0,"{'"Tabanovce L1'": {'"total'": 0, '"by_type'": {}}, '"Tabanovce L2'": {'"total'": 0, '"by_type'": {}}, '"Tabanovce L3'": {'"total'": 0, '"by_type'": {}}, '"Tabanovce L4'": {'"total'": 0, '"by_type'": {}}, '"Tabanovce L5'": {'"total'": 0, '"by_type'": {}}}",8
378,3,2026-05-03 18:07:34.271796+02,5,0,0,0,0,0,"{'"Tabanovce L1'": {'"total'": 0, '"by_type'": {}}, '"Tabanovce L2'": {'"total'": 0, '"by_type'": {}}, '"Tabanovce L3'": {'"total'": 0, '"by_type'": {}}, '"Tabanovce L4'": {'"total'": 0, '"by_type'": {}}, '"Tabanovce L5'": {'"total'": 0, '"by_type'": {}}}",8
379,3,2026-05-03 18:12:34.837045+02,5,2,1,0,0,1,"{'"Tabanovce L1'": {'"total'": 0, '"by_type'": {}}, '"Tabanovce L2'": {'"total'": 0, '"by_type'": {}}, '"Tabanovce L3'": {'"total'": 2, '"by_type'": {'"car'": 1, '"truck'": 1}}, '"Tabanovce L4'": {'"total'": 0, '"by_type'": {}}, '"Tabanovce L5'": {'"total'": 0, '"by_type'": {}}}",0.5
380,3,2026-05-03 18:17:34.941695+02,5,0,0,0,0,0,"{'"Tabanovce L1'": {'"total'": 0, '"by_type'": {}}, '"Tabanovce L2'": {'"total'": 0, '"by_type'": {}}, '"Tabanovce L3'": {'"total'": 0, '"by_type'": {}}, '"Tabanovce L4'": {'"total'": 0, '"by_type'": {}}, '"Tabanovce L5'": {'"total'": 0, '"by_type'": {}}}",8
381,3,2026-05-03 18:22:34.967969+02,5,0,0,0,0,0,"{'"Tabanovce L1'": {'"total'": 0, '"by_type'": {}}, '"Tabanovce L2'": {'"total'": 0, '"by_type'": {}}, '"Tabanovce L3'": {'"total'": 0, '"by_type'": {}}, '"Tabanovce L4'": {'"total'": 0, '"by_type'": {}}, '"Tabanovce L5'": {'"total'": 0, '"by_type'": {}}}",7.5
382,3,2026-05-03 18:27:35.053624+02,5,0,0,0,0,0,"{'"Tabanovce L1'": {'"total'": 0, '"by_type'": {}}, '"Tabanovce L2'": {'"total'": 0, '"by_type'": {}}, '"Tabanovce L3'": {'"total'": 0, '"by_type'": {}}, '"Tabanovce L4'": {'"total'": 0, '"by_type'": {}}, '"Tabanovce L5'": {'"total'": 0, '"by_type'": {}}}",8
383,3,2026-05-03 18:32:35.061465+02,5,0,0,0,0,0,"{'"Tabanovce L1'": {'"total'": 0, '"by_type'": {}}, '"Tabanovce L2'": {'"total'": 0, '"by_type'": {}}, '"Tabanovce L3'": {'"total'": 0, '"by_type'": {}}, '"Tabanovce L4'": {'"total'": 0, '"by_type'": {}}, '"Tabanovce L5'": {'"total'": 0, '"by_type'": {}}}",7
384,3,2026-05-03 18:37:35.191345+02,5,0,0,0,0,0,"{'"Tabanovce L1'": {'"total'": 0, '"by_type'": {}}, '"Tabanovce L2'": {'"total'": 0, '"by_type'": {}}, '"Tabanovce L3'": {'"total'": 0, '"by_type'": {}}, '"Tabanovce L4'": {'"total'": 0, '"by_type'": {}}, '"Tabanovce L5'": {'"total'": 0, '"by_type'": {}}}",7.5
385,3,2026-05-03 18:42:35.262081+02,5,0,0,0,0,0,"{'"Tabanovce L1'": {'"total'": 0, '"by_type'": {}}, '"Tabanovce L2'": {'"total'": 0, '"by_type'": {}}, '"Tabanovce L3'": {'"total'": 0, '"by_type'": {}}, '"Tabanovce L4'": {'"total'": 0, '"by_type'": {}}, '"Tabanovce L5'": {'"total'": 0, '"by_type'": {}}}",6
386,3,2026-05-03 18:47:35.375059+02,5,0,0,0,0,0,"{'"Tabanovce L1'": {'"total'": 0, '"by_type'": {}}, '"Tabanovce L2'": {'"total'": 0, '"by_type'": {}}, '"Tabanovce L3'": {'"total'": 0, '"by_type'": {}}, '"Tabanovce L4'": {'"total'": 0, '"by_type'": {}}, '"Tabanovce L5'": {'"total'": 0, '"by_type'": {}}}",8
387,3,2026-05-03 18:52:37.910122+02,5,0,0,0,0,0,"{'"Tabanovce L1'": {'"total'": 0, '"by_type'": {}}, '"Tabanovce L2'": {'"total'": 0, '"by_type'": {}}, '"Tabanovce L3'": {'"total'": 0, '"by_type'": {}}, '"Tabanovce L4'": {'"total'": 0, '"by_type'": {}}, '"Tabanovce L5'": {'"total'": 0, '"by_type'": {}}}",0.5
388,3,2026-05-03 18:57:38.025085+02,5,1,1,0,0,0,"{'"Tabanovce L1'": {'"total'": 0, '"by_type'": {}}, '"Tabanovce L2'": {'"total'": 1, '"by_type'": {'"car'": 1}}, '"Tabanovce L3'": {'"total'": 0, '"by_type'": {}}, '"Tabanovce L4'": {'"total'": 0, '"by_type'": {}}, '"Tabanovce L5'": {'"total'": 0, '"by_type'": {}}}",8
389,3,2026-05-03 19:02:38.093596+02,5,0,0,0,0,0,"{'"Tabanovce L1'": {'"total'": 0, '"by_type'": {}}, '"Tabanovce L2'": {'"total'": 0, '"by_type'": {}}, '"Tabanovce L3'": {'"total'": 0, '"by_type'": {}}, '"Tabanovce L4'": {'"total'": 0, '"by_type'": {}}, '"Tabanovce L5'": {'"total'": 0, '"by_type'": {}}}",8
390,3,2026-05-03 19:07:38.144576+02,5,0,0,0,0,0,"{'"Tabanovce L1'": {'"total'": 0, '"by_type'": {}}, '"Tabanovce L2'": {'"total'": 0, '"by_type'": {}}, '"Tabanovce L3'": {'"total'": 0, '"by_type'": {}}, '"Tabanovce L4'": {'"total'": 0, '"by_type'": {}}, '"Tabanovce L5'": {'"total'": 0, '"by_type'": {}}}",8
391,3,2026-05-03 19:12:38.175281+02,5,0,0,0,0,0,"{'"Tabanovce L1'": {'"total'": 0, '"by_type'": {}}, '"Tabanovce L2'": {'"total'": 0, '"by_type'": {}}, '"Tabanovce L3'": {'"total'": 0, '"by_type'": {}}, '"Tabanovce L4'": {'"total'": 0, '"by_type'": {}}, '"Tabanovce L5'": {'"total'": 0, '"by_type'": {}}}",8.5
392,3,2026-05-03 19:17:38.275452+02,5,0,0,0,0,0,"{'"Tabanovce L1'": {'"total'": 0, '"by_type'": {}}, '"Tabanovce L2'": {'"total'": 0, '"by_type'": {}}, '"Tabanovce L3'": {'"total'": 0, '"by_type'": {}}, '"Tabanovce L4'": {'"total'": 0, '"by_type'": {}}, '"Tabanovce L5'": {'"total'": 0, '"by_type'": {}}}",8
393,3,2026-05-03 19:22:38.283519+02,5,0,0,0,0,0,"{'"Tabanovce L1'": {'"total'": 0, '"by_type'": {}}, '"Tabanovce L2'": {'"total'": 0, '"by_type'": {}}, '"Tabanovce L3'": {'"total'": 0, '"by_type'": {}}, '"Tabanovce L4'": {'"total'": 0, '"by_type'": {}}, '"Tabanovce L5'": {'"total'": 0, '"by_type'": {}}}",7
394,3,2026-05-03 19:27:38.413722+02,5,0,0,0,0,0,"{'"Tabanovce L1'": {'"total'": 0, '"by_type'": {}}, '"Tabanovce L2'": {'"total'": 0, '"by_type'": {}}, '"Tabanovce L3'": {'"total'": 0, '"by_type'": {}}, '"Tabanovce L4'": {'"total'": 0, '"by_type'": {}}, '"Tabanovce L5'": {'"total'": 0, '"by_type'": {}}}",7
395,3,2026-05-03 19:32:38.442862+02,5,0,0,0,0,0,"{'"Tabanovce L1'": {'"total'": 0, '"by_type'": {}}, '"Tabanovce L2'": {'"total'": 0, '"by_type'": {}}, '"Tabanovce L3'": {'"total'": 0, '"by_type'": {}}, '"Tabanovce L4'": {'"total'": 0, '"by_type'": {}}, '"Tabanovce L5'": {'"total'": 0, '"by_type'": {}}}",6.5
396,3,2026-05-03 19:37:38.45527+02,5,0,0,0,0,0,"{'"Tabanovce L1'": {'"total'": 0, '"by_type'": {}}, '"Tabanovce L2'": {'"total'": 0, '"by_type'": {}}, '"Tabanovce L3'": {'"total'": 0, '"by_type'": {}}, '"Tabanovce L4'": {'"total'": 0, '"by_type'": {}}, '"Tabanovce L5'": {'"total'": 0, '"by_type'": {}}}",7
397,3,2026-05-03 19:42:38.46421+02,5,0,0,0,0,0,"{'"Tabanovce L1'": {'"total'": 0, '"by_type'": {}}, '"Tabanovce L2'": {'"total'": 0, '"by_type'": {}}, '"Tabanovce L3'": {'"total'": 0, '"by_type'": {}}, '"Tabanovce L4'": {'"total'": 0, '"by_type'": {}}, '"Tabanovce L5'": {'"total'": 0, '"by_type'": {}}}",8
398,3,2026-05-03 19:47:38.471746+02,5,1,1,0,0,0,"{'"Tabanovce L1'": {'"total'": 0, '"by_type'": {}}, '"Tabanovce L2'": {'"total'": 0, '"by_type'": {}}, '"Tabanovce L3'": {'"total'": 1, '"by_type'": {'"car'": 1}}, '"Tabanovce L4'": {'"total'": 0, '"by_type'": {}}, '"Tabanovce L5'": {'"total'": 0, '"by_type'": {}}}",7.5
453,3,2026-05-04 00:26:57.643538+02,5,0,0,0,0,0,"{'"Tabanovce L1'": {'"total'": 0, '"by_type'": {}}, '"Tabanovce L2'": {'"total'": 0, '"by_type'": {}}, '"Tabanovce L3'": {'"total'": 0, '"by_type'": {}}}",8.5
399,3,2026-05-03 19:52:38.600465+02,5,0,0,0,0,0,"{'"Tabanovce L1'": {'"total'": 0, '"by_type'": {}}, '"Tabanovce L2'": {'"total'": 0, '"by_type'": {}}, '"Tabanovce L3'": {'"total'": 0, '"by_type'": {}}, '"Tabanovce L4'": {'"total'": 0, '"by_type'": {}}, '"Tabanovce L5'": {'"total'": 0, '"by_type'": {}}}",8
400,3,2026-05-03 19:57:38.704475+02,5,0,0,0,0,0,"{'"Tabanovce L1'": {'"total'": 0, '"by_type'": {}}, '"Tabanovce L2'": {'"total'": 0, '"by_type'": {}}, '"Tabanovce L3'": {'"total'": 0, '"by_type'": {}}, '"Tabanovce L4'": {'"total'": 0, '"by_type'": {}}, '"Tabanovce L5'": {'"total'": 0, '"by_type'": {}}}",8
401,3,2026-05-03 20:02:38.815694+02,5,0,0,0,0,0,"{'"Tabanovce L1'": {'"total'": 0, '"by_type'": {}}, '"Tabanovce L2'": {'"total'": 0, '"by_type'": {}}, '"Tabanovce L3'": {'"total'": 0, '"by_type'": {}}, '"Tabanovce L4'": {'"total'": 0, '"by_type'": {}}, '"Tabanovce L5'": {'"total'": 0, '"by_type'": {}}}",7.5
402,3,2026-05-03 20:07:38.905347+02,5,0,0,0,0,0,"{'"Tabanovce L1'": {'"total'": 0, '"by_type'": {}}, '"Tabanovce L2'": {'"total'": 0, '"by_type'": {}}, '"Tabanovce L3'": {'"total'": 0, '"by_type'": {}}, '"Tabanovce L4'": {'"total'": 0, '"by_type'": {}}, '"Tabanovce L5'": {'"total'": 0, '"by_type'": {}}}",7
403,3,2026-05-03 20:12:40.521591+02,5,0,0,0,0,0,"{'"Tabanovce L1'": {'"total'": 0, '"by_type'": {}}, '"Tabanovce L2'": {'"total'": 0, '"by_type'": {}}, '"Tabanovce L3'": {'"total'": 0, '"by_type'": {}}, '"Tabanovce L4'": {'"total'": 0, '"by_type'": {}}, '"Tabanovce L5'": {'"total'": 0, '"by_type'": {}}}",0.5
404,3,2026-05-03 20:17:40.60668+02,5,0,0,0,0,0,"{'"Tabanovce L1'": {'"total'": 0, '"by_type'": {}}, '"Tabanovce L2'": {'"total'": 0, '"by_type'": {}}, '"Tabanovce L3'": {'"total'": 0, '"by_type'": {}}, '"Tabanovce L4'": {'"total'": 0, '"by_type'": {}}, '"Tabanovce L5'": {'"total'": 0, '"by_type'": {}}}",8
405,3,2026-05-03 20:22:40.663402+02,5,0,0,0,0,0,"{'"Tabanovce L1'": {'"total'": 0, '"by_type'": {}}, '"Tabanovce L2'": {'"total'": 0, '"by_type'": {}}, '"Tabanovce L3'": {'"total'": 0, '"by_type'": {}}, '"Tabanovce L4'": {'"total'": 0, '"by_type'": {}}, '"Tabanovce L5'": {'"total'": 0, '"by_type'": {}}}",8
406,3,2026-05-03 20:27:40.77932+02,5,1,1,0,0,0,"{'"Tabanovce L1'": {'"total'": 0, '"by_type'": {}}, '"Tabanovce L2'": {'"total'": 0, '"by_type'": {}}, '"Tabanovce L3'": {'"total'": 0, '"by_type'": {}}, '"Tabanovce L4'": {'"total'": 0, '"by_type'": {}}, '"Tabanovce L5'": {'"total'": 1, '"by_type'": {'"car'": 1}}}",8
407,3,2026-05-03 20:32:40.802074+02,5,0,0,0,0,0,"{'"Tabanovce L1'": {'"total'": 0, '"by_type'": {}}, '"Tabanovce L2'": {'"total'": 0, '"by_type'": {}}, '"Tabanovce L3'": {'"total'": 0, '"by_type'": {}}, '"Tabanovce L4'": {'"total'": 0, '"by_type'": {}}, '"Tabanovce L5'": {'"total'": 0, '"by_type'": {}}}",8
408,3,2026-05-03 20:37:40.845926+02,5,0,0,0,0,0,"{'"Tabanovce L1'": {'"total'": 0, '"by_type'": {}}, '"Tabanovce L2'": {'"total'": 0, '"by_type'": {}}, '"Tabanovce L3'": {'"total'": 0, '"by_type'": {}}, '"Tabanovce L4'": {'"total'": 0, '"by_type'": {}}, '"Tabanovce L5'": {'"total'": 0, '"by_type'": {}}}",8
409,3,2026-05-03 20:42:41.003713+02,5,2,2,0,0,0,"{'"Tabanovce L1'": {'"total'": 0, '"by_type'": {}}, '"Tabanovce L2'": {'"total'": 1, '"by_type'": {'"car'": 1}}, '"Tabanovce L3'": {'"total'": 1, '"by_type'": {'"car'": 1}}, '"Tabanovce L4'": {'"total'": 0, '"by_type'": {}}, '"Tabanovce L5'": {'"total'": 0, '"by_type'": {}}}",7
410,3,2026-05-03 20:47:41.00581+02,5,3,3,0,0,0,"{'"Tabanovce L1'": {'"total'": 0, '"by_type'": {}}, '"Tabanovce L2'": {'"total'": 0, '"by_type'": {}}, '"Tabanovce L3'": {'"total'": 1, '"by_type'": {'"car'": 1}}, '"Tabanovce L4'": {'"total'": 2, '"by_type'": {'"car'": 2}}, '"Tabanovce L5'": {'"total'": 0, '"by_type'": {}}}",7.5
411,3,2026-05-03 20:52:41.104017+02,5,1,1,0,0,0,"{'"Tabanovce L1'": {'"total'": 0, '"by_type'": {}}, '"Tabanovce L2'": {'"total'": 0, '"by_type'": {}}, '"Tabanovce L3'": {'"total'": 1, '"by_type'": {'"car'": 1}}, '"Tabanovce L4'": {'"total'": 0, '"by_type'": {}}, '"Tabanovce L5'": {'"total'": 0, '"by_type'": {}}}",7
412,3,2026-05-03 20:57:41.190111+02,5,0,0,0,0,0,"{'"Tabanovce L1'": {'"total'": 0, '"by_type'": {}}, '"Tabanovce L2'": {'"total'": 0, '"by_type'": {}}, '"Tabanovce L3'": {'"total'": 0, '"by_type'": {}}, '"Tabanovce L4'": {'"total'": 0, '"by_type'": {}}, '"Tabanovce L5'": {'"total'": 0, '"by_type'": {}}}",7
413,3,2026-05-03 21:02:41.226484+02,5,0,0,0,0,0,"{'"Tabanovce L1'": {'"total'": 0, '"by_type'": {}}, '"Tabanovce L2'": {'"total'": 0, '"by_type'": {}}, '"Tabanovce L3'": {'"total'": 0, '"by_type'": {}}, '"Tabanovce L4'": {'"total'": 0, '"by_type'": {}}, '"Tabanovce L5'": {'"total'": 0, '"by_type'": {}}}",7
414,3,2026-05-03 21:07:41.356673+02,5,0,0,0,0,0,"{'"Tabanovce L1'": {'"total'": 0, '"by_type'": {}}, '"Tabanovce L2'": {'"total'": 0, '"by_type'": {}}, '"Tabanovce L3'": {'"total'": 0, '"by_type'": {}}, '"Tabanovce L4'": {'"total'": 0, '"by_type'": {}}, '"Tabanovce L5'": {'"total'": 0, '"by_type'": {}}}",6
415,3,2026-05-03 21:12:41.458532+02,5,0,0,0,0,0,"{'"Tabanovce L1'": {'"total'": 0, '"by_type'": {}}, '"Tabanovce L2'": {'"total'": 0, '"by_type'": {}}, '"Tabanovce L3'": {'"total'": 0, '"by_type'": {}}, '"Tabanovce L4'": {'"total'": 0, '"by_type'": {}}, '"Tabanovce L5'": {'"total'": 0, '"by_type'": {}}}",6.5
416,3,2026-05-03 21:17:41.474956+02,5,0,0,0,0,0,"{'"Tabanovce L1'": {'"total'": 0, '"by_type'": {}}, '"Tabanovce L2'": {'"total'": 0, '"by_type'": {}}, '"Tabanovce L3'": {'"total'": 0, '"by_type'": {}}, '"Tabanovce L4'": {'"total'": 0, '"by_type'": {}}, '"Tabanovce L5'": {'"total'": 0, '"by_type'": {}}}",6
417,3,2026-05-03 21:22:41.597953+02,5,0,0,0,0,0,"{'"Tabanovce L1'": {'"total'": 0, '"by_type'": {}}, '"Tabanovce L2'": {'"total'": 0, '"by_type'": {}}, '"Tabanovce L3'": {'"total'": 0, '"by_type'": {}}, '"Tabanovce L4'": {'"total'": 0, '"by_type'": {}}, '"Tabanovce L5'": {'"total'": 0, '"by_type'": {}}}",7
418,3,2026-05-03 21:27:41.644525+02,5,0,0,0,0,0,"{'"Tabanovce L1'": {'"total'": 0, '"by_type'": {}}, '"Tabanovce L2'": {'"total'": 0, '"by_type'": {}}, '"Tabanovce L3'": {'"total'": 0, '"by_type'": {}}, '"Tabanovce L4'": {'"total'": 0, '"by_type'": {}}, '"Tabanovce L5'": {'"total'": 0, '"by_type'": {}}}",3.5
419,3,2026-05-03 21:32:41.788831+02,5,0,0,0,0,0,"{'"Tabanovce L1'": {'"total'": 0, '"by_type'": {}}, '"Tabanovce L2'": {'"total'": 0, '"by_type'": {}}, '"Tabanovce L3'": {'"total'": 0, '"by_type'": {}}, '"Tabanovce L4'": {'"total'": 0, '"by_type'": {}}, '"Tabanovce L5'": {'"total'": 0, '"by_type'": {}}}",7
420,3,2026-05-03 21:37:41.827983+02,5,1,1,0,0,0,"{'"Tabanovce L1'": {'"total'": 0, '"by_type'": {}}, '"Tabanovce L2'": {'"total'": 0, '"by_type'": {}}, '"Tabanovce L3'": {'"total'": 1, '"by_type'": {'"car'": 1}}, '"Tabanovce L4'": {'"total'": 0, '"by_type'": {}}, '"Tabanovce L5'": {'"total'": 0, '"by_type'": {}}}",7.5
421,3,2026-05-03 21:42:41.850028+02,5,0,0,0,0,0,"{'"Tabanovce L1'": {'"total'": 0, '"by_type'": {}}, '"Tabanovce L2'": {'"total'": 0, '"by_type'": {}}, '"Tabanovce L3'": {'"total'": 0, '"by_type'": {}}, '"Tabanovce L4'": {'"total'": 0, '"by_type'": {}}, '"Tabanovce L5'": {'"total'": 0, '"by_type'": {}}}",7.5
422,3,2026-05-03 21:51:42.801567+02,5,0,0,0,0,0,"{'"Tabanovce L1'": {'"total'": 0, '"by_type'": {}}, '"Tabanovce L2'": {'"total'": 0, '"by_type'": {}}, '"Tabanovce L3'": {'"total'": 0, '"by_type'": {}}}",7.5
423,3,2026-05-03 21:56:42.818804+02,5,0,0,0,0,0,"{'"Tabanovce L1'": {'"total'": 0, '"by_type'": {}}, '"Tabanovce L2'": {'"total'": 0, '"by_type'": {}}, '"Tabanovce L3'": {'"total'": 0, '"by_type'": {}}}",8
424,3,2026-05-03 22:01:42.84962+02,5,0,0,0,0,0,"{'"Tabanovce L1'": {'"total'": 0, '"by_type'": {}}, '"Tabanovce L2'": {'"total'": 0, '"by_type'": {}}, '"Tabanovce L3'": {'"total'": 0, '"by_type'": {}}}",8
425,3,2026-05-03 22:06:42.916881+02,5,0,0,0,0,0,"{'"Tabanovce L1'": {'"total'": 0, '"by_type'": {}}, '"Tabanovce L2'": {'"total'": 0, '"by_type'": {}}, '"Tabanovce L3'": {'"total'": 0, '"by_type'": {}}}",8
426,3,2026-05-03 22:11:43.035029+02,5,0,0,0,0,0,"{'"Tabanovce L1'": {'"total'": 0, '"by_type'": {}}, '"Tabanovce L2'": {'"total'": 0, '"by_type'": {}}, '"Tabanovce L3'": {'"total'": 0, '"by_type'": {}}}",8
427,3,2026-05-03 22:16:47.784591+02,5,0,0,0,0,0,"{'"Tabanovce L1'": {'"total'": 0, '"by_type'": {}}, '"Tabanovce L2'": {'"total'": 0, '"by_type'": {}}, '"Tabanovce L3'": {'"total'": 0, '"by_type'": {}}}",0.5
428,3,2026-05-03 22:21:47.863226+02,5,0,0,0,0,0,"{'"Tabanovce L1'": {'"total'": 0, '"by_type'": {}}, '"Tabanovce L2'": {'"total'": 0, '"by_type'": {}}, '"Tabanovce L3'": {'"total'": 0, '"by_type'": {}}}",8
429,3,2026-05-03 22:26:47.988948+02,5,0,0,0,0,0,"{'"Tabanovce L1'": {'"total'": 0, '"by_type'": {}}, '"Tabanovce L2'": {'"total'": 0, '"by_type'": {}}, '"Tabanovce L3'": {'"total'": 0, '"by_type'": {}}}",8
430,3,2026-05-03 22:31:48.067812+02,5,0,0,0,0,0,"{'"Tabanovce L1'": {'"total'": 0, '"by_type'": {}}, '"Tabanovce L2'": {'"total'": 0, '"by_type'": {}}, '"Tabanovce L3'": {'"total'": 0, '"by_type'": {}}}",8
431,3,2026-05-03 22:36:48.12672+02,5,0,0,0,0,0,"{'"Tabanovce L1'": {'"total'": 0, '"by_type'": {}}, '"Tabanovce L2'": {'"total'": 0, '"by_type'": {}}, '"Tabanovce L3'": {'"total'": 0, '"by_type'": {}}}",8
432,3,2026-05-03 22:41:50.768247+02,5,0,0,0,0,0,"{'"Tabanovce L1'": {'"total'": 0, '"by_type'": {}}, '"Tabanovce L2'": {'"total'": 0, '"by_type'": {}}, '"Tabanovce L3'": {'"total'": 0, '"by_type'": {}}}",0.5
433,3,2026-05-03 22:46:50.876972+02,5,0,0,0,0,0,"{'"Tabanovce L1'": {'"total'": 0, '"by_type'": {}}, '"Tabanovce L2'": {'"total'": 0, '"by_type'": {}}, '"Tabanovce L3'": {'"total'": 0, '"by_type'": {}}}",8.5
434,3,2026-05-03 22:51:50.956246+02,5,0,0,0,0,0,"{'"Tabanovce L1'": {'"total'": 0, '"by_type'": {}}, '"Tabanovce L2'": {'"total'": 0, '"by_type'": {}}, '"Tabanovce L3'": {'"total'": 0, '"by_type'": {}}}",7
435,3,2026-05-03 22:56:51.02289+02,5,1,1,0,0,0,"{'"Tabanovce L1'": {'"total'": 0, '"by_type'": {}}, '"Tabanovce L2'": {'"total'": 0, '"by_type'": {}}, '"Tabanovce L3'": {'"total'": 1, '"by_type'": {'"car'": 1}}}",8
436,3,2026-05-03 23:01:51.074237+02,5,0,0,0,0,0,"{'"Tabanovce L1'": {'"total'": 0, '"by_type'": {}}, '"Tabanovce L2'": {'"total'": 0, '"by_type'": {}}, '"Tabanovce L3'": {'"total'": 0, '"by_type'": {}}}",8
437,3,2026-05-03 23:06:51.120766+02,5,0,0,0,0,0,"{'"Tabanovce L1'": {'"total'": 0, '"by_type'": {}}, '"Tabanovce L2'": {'"total'": 0, '"by_type'": {}}, '"Tabanovce L3'": {'"total'": 0, '"by_type'": {}}}",8
438,3,2026-05-03 23:11:56.864136+02,5,0,0,0,0,0,"{'"Tabanovce L1'": {'"total'": 0, '"by_type'": {}}, '"Tabanovce L2'": {'"total'": 0, '"by_type'": {}}, '"Tabanovce L3'": {'"total'": 0, '"by_type'": {}}}",0.5
439,3,2026-05-03 23:16:56.878275+02,5,0,0,0,0,0,"{'"Tabanovce L1'": {'"total'": 0, '"by_type'": {}}, '"Tabanovce L2'": {'"total'": 0, '"by_type'": {}}, '"Tabanovce L3'": {'"total'": 0, '"by_type'": {}}}",8.5
440,3,2026-05-03 23:21:57.002508+02,5,0,0,0,0,0,"{'"Tabanovce L1'": {'"total'": 0, '"by_type'": {}}, '"Tabanovce L2'": {'"total'": 0, '"by_type'": {}}, '"Tabanovce L3'": {'"total'": 0, '"by_type'": {}}}",8
441,3,2026-05-03 23:26:57.08142+02,5,0,0,0,0,0,"{'"Tabanovce L1'": {'"total'": 0, '"by_type'": {}}, '"Tabanovce L2'": {'"total'": 0, '"by_type'": {}}, '"Tabanovce L3'": {'"total'": 0, '"by_type'": {}}}",7.5
442,3,2026-05-03 23:31:57.098013+02,5,0,0,0,0,0,"{'"Tabanovce L1'": {'"total'": 0, '"by_type'": {}}, '"Tabanovce L2'": {'"total'": 0, '"by_type'": {}}, '"Tabanovce L3'": {'"total'": 0, '"by_type'": {}}}",8
443,3,2026-05-03 23:36:57.224203+02,5,0,0,0,0,0,"{'"Tabanovce L1'": {'"total'": 0, '"by_type'": {}}, '"Tabanovce L2'": {'"total'": 0, '"by_type'": {}}, '"Tabanovce L3'": {'"total'": 0, '"by_type'": {}}}",8
454,3,2026-05-04 00:31:57.65903+02,5,0,0,0,0,0,"{'"Tabanovce L1'": {'"total'": 0, '"by_type'": {}}, '"Tabanovce L2'": {'"total'": 0, '"by_type'": {}}, '"Tabanovce L3'": {'"total'": 0, '"by_type'": {}}}",8
455,3,2026-05-04 00:36:57.778758+02,5,0,0,0,0,0,"{'"Tabanovce L1'": {'"total'": 0, '"by_type'": {}}, '"Tabanovce L2'": {'"total'": 0, '"by_type'": {}}, '"Tabanovce L3'": {'"total'": 0, '"by_type'": {}}}",7.5
456,3,2026-05-04 00:41:57.817307+02,5,2,2,0,0,0,"{'"Tabanovce L1'": {'"total'": 0, '"by_type'": {}}, '"Tabanovce L2'": {'"total'": 0, '"by_type'": {}}, '"Tabanovce L3'": {'"total'": 2, '"by_type'": {'"car'": 2}}}",8
457,3,2026-05-04 00:46:57.926883+02,5,0,0,0,0,0,"{'"Tabanovce L1'": {'"total'": 0, '"by_type'": {}}, '"Tabanovce L2'": {'"total'": 0, '"by_type'": {}}, '"Tabanovce L3'": {'"total'": 0, '"by_type'": {}}}",6
458,3,2026-05-04 00:51:58.050329+02,5,0,0,0,0,0,"{'"Tabanovce L1'": {'"total'": 0, '"by_type'": {}}, '"Tabanovce L2'": {'"total'": 0, '"by_type'": {}}, '"Tabanovce L3'": {'"total'": 0, '"by_type'": {}}}",7
459,3,2026-05-04 00:56:58.119338+02,5,0,0,0,0,0,"{'"Tabanovce L1'": {'"total'": 0, '"by_type'": {}}, '"Tabanovce L2'": {'"total'": 0, '"by_type'": {}}, '"Tabanovce L3'": {'"total'": 0, '"by_type'": {}}}",5
460,3,2026-05-04 01:01:58.356609+02,5,0,0,0,0,0,"{'"Tabanovce L1'": {'"total'": 0, '"by_type'": {}}, '"Tabanovce L2'": {'"total'": 0, '"by_type'": {}}, '"Tabanovce L3'": {'"total'": 0, '"by_type'": {}}}",5
461,3,2026-05-04 01:06:58.433188+02,5,0,0,0,0,0,"{'"Tabanovce L1'": {'"total'": 0, '"by_type'": {}}, '"Tabanovce L2'": {'"total'": 0, '"by_type'": {}}, '"Tabanovce L3'": {'"total'": 0, '"by_type'": {}}}",5
462,3,2026-05-04 01:11:58.465439+02,5,0,0,0,0,0,"{'"Tabanovce L1'": {'"total'": 0, '"by_type'": {}}, '"Tabanovce L2'": {'"total'": 0, '"by_type'": {}}, '"Tabanovce L3'": {'"total'": 0, '"by_type'": {}}}",5.5
463,3,2026-05-04 01:16:58.489173+02,5,1,1,0,0,0,"{'"Tabanovce L1'": {'"total'": 0, '"by_type'": {}}, '"Tabanovce L2'": {'"total'": 0, '"by_type'": {}}, '"Tabanovce L3'": {'"total'": 1, '"by_type'": {'"car'": 1}}}",5
464,3,2026-05-04 01:21:58.550015+02,5,0,0,0,0,0,"{'"Tabanovce L1'": {'"total'": 0, '"by_type'": {}}, '"Tabanovce L2'": {'"total'": 0, '"by_type'": {}}, '"Tabanovce L3'": {'"total'": 0, '"by_type'": {}}}",5
465,3,2026-05-04 01:26:58.554673+02,5,0,0,0,0,0,"{'"Tabanovce L1'": {'"total'": 0, '"by_type'": {}}, '"Tabanovce L2'": {'"total'": 0, '"by_type'": {}}, '"Tabanovce L3'": {'"total'": 0, '"by_type'": {}}}",5
466,3,2026-05-04 01:31:58.613511+02,5,0,0,0,0,0,"{'"Tabanovce L1'": {'"total'": 0, '"by_type'": {}}, '"Tabanovce L2'": {'"total'": 0, '"by_type'": {}}, '"Tabanovce L3'": {'"total'": 0, '"by_type'": {}}}",5
467,3,2026-05-04 01:36:58.718445+02,5,0,0,0,0,0,"{'"Tabanovce L1'": {'"total'": 0, '"by_type'": {}}, '"Tabanovce L2'": {'"total'": 0, '"by_type'": {}}, '"Tabanovce L3'": {'"total'": 0, '"by_type'": {}}}",5.5
468,3,2026-05-04 01:41:58.806549+02,5,0,0,0,0,0,"{'"Tabanovce L1'": {'"total'": 0, '"by_type'": {}}, '"Tabanovce L2'": {'"total'": 0, '"by_type'": {}}, '"Tabanovce L3'": {'"total'": 0, '"by_type'": {}}}",5
469,3,2026-05-04 01:46:58.830407+02,5,1,1,0,0,0,"{'"Tabanovce L1'": {'"total'": 0, '"by_type'": {}}, '"Tabanovce L2'": {'"total'": 0, '"by_type'": {}}, '"Tabanovce L3'": {'"total'": 1, '"by_type'": {'"car'": 1}}}",5.5
470,3,2026-05-04 01:51:58.883717+02,5,0,0,0,0,0,"{'"Tabanovce L1'": {'"total'": 0, '"by_type'": {}}, '"Tabanovce L2'": {'"total'": 0, '"by_type'": {}}, '"Tabanovce L3'": {'"total'": 0, '"by_type'": {}}}",4.5
471,3,2026-05-04 01:56:59.051236+02,5,0,0,0,0,0,"{'"Tabanovce L1'": {'"total'": 0, '"by_type'": {}}, '"Tabanovce L2'": {'"total'": 0, '"by_type'": {}}, '"Tabanovce L3'": {'"total'": 0, '"by_type'": {}}}",5
472,3,2026-05-04 02:01:59.17043+02,5,0,0,0,0,0,"{'"Tabanovce L1'": {'"total'": 0, '"by_type'": {}}, '"Tabanovce L2'": {'"total'": 0, '"by_type'": {}}, '"Tabanovce L3'": {'"total'": 0, '"by_type'": {}}}",5
473,3,2026-05-04 02:06:59.319465+02,5,0,0,0,0,0,"{'"Tabanovce L1'": {'"total'": 0, '"by_type'": {}}, '"Tabanovce L2'": {'"total'": 0, '"by_type'": {}}, '"Tabanovce L3'": {'"total'": 0, '"by_type'": {}}}",5
474,3,2026-05-04 02:11:59.519707+02,5,0,0,0,0,0,"{'"Tabanovce L1'": {'"total'": 0, '"by_type'": {}}, '"Tabanovce L2'": {'"total'": 0, '"by_type'": {}}, '"Tabanovce L3'": {'"total'": 0, '"by_type'": {}}}",5
475,3,2026-05-04 02:16:59.721969+02,5,0,0,0,0,0,"{'"Tabanovce L1'": {'"total'": 0, '"by_type'": {}}, '"Tabanovce L2'": {'"total'": 0, '"by_type'": {}}, '"Tabanovce L3'": {'"total'": 0, '"by_type'": {}}}",5
476,3,2026-05-04 02:21:59.749394+02,5,0,0,0,0,0,"{'"Tabanovce L1'": {'"total'": 0, '"by_type'": {}}, '"Tabanovce L2'": {'"total'": 0, '"by_type'": {}}, '"Tabanovce L3'": {'"total'": 0, '"by_type'": {}}}",5
477,3,2026-05-04 02:26:59.878336+02,5,0,0,0,0,0,"{'"Tabanovce L1'": {'"total'": 0, '"by_type'": {}}, '"Tabanovce L2'": {'"total'": 0, '"by_type'": {}}, '"Tabanovce L3'": {'"total'": 0, '"by_type'": {}}}",5.5
478,3,2026-05-04 02:31:59.988362+02,5,0,0,0,0,0,"{'"Tabanovce L1'": {'"total'": 0, '"by_type'": {}}, '"Tabanovce L2'": {'"total'": 0, '"by_type'": {}}, '"Tabanovce L3'": {'"total'": 0, '"by_type'": {}}}",5.5
479,3,2026-05-04 02:37:00.096411+02,5,0,0,0,0,0,"{'"Tabanovce L1'": {'"total'": 0, '"by_type'": {}}, '"Tabanovce L2'": {'"total'": 0, '"by_type'": {}}, '"Tabanovce L3'": {'"total'": 0, '"by_type'": {}}}",5
480,3,2026-05-04 02:42:00.194908+02,5,0,0,0,0,0,"{'"Tabanovce L1'": {'"total'": 0, '"by_type'": {}}, '"Tabanovce L2'": {'"total'": 0, '"by_type'": {}}, '"Tabanovce L3'": {'"total'": 0, '"by_type'": {}}}",5.5
481,3,2026-05-04 02:47:00.202091+02,5,0,0,0,0,0,"{'"Tabanovce L1'": {'"total'": 0, '"by_type'": {}}, '"Tabanovce L2'": {'"total'": 0, '"by_type'": {}}, '"Tabanovce L3'": {'"total'": 0, '"by_type'": {}}}",4.5
482,3,2026-05-04 02:52:00.210407+02,5,0,0,0,0,0,"{'"Tabanovce L1'": {'"total'": 0, '"by_type'": {}}, '"Tabanovce L2'": {'"total'": 0, '"by_type'": {}}, '"Tabanovce L3'": {'"total'": 0, '"by_type'": {}}}",6
483,3,2026-05-04 02:57:00.239202+02,5,0,0,0,0,0,"{'"Tabanovce L1'": {'"total'": 0, '"by_type'": {}}, '"Tabanovce L2'": {'"total'": 0, '"by_type'": {}}, '"Tabanovce L3'": {'"total'": 0, '"by_type'": {}}}",5.5
484,3,2026-05-04 03:02:00.264102+02,5,1,1,0,0,0,"{'"Tabanovce L1'": {'"total'": 0, '"by_type'": {}}, '"Tabanovce L2'": {'"total'": 1, '"by_type'": {'"car'": 1}}, '"Tabanovce L3'": {'"total'": 0, '"by_type'": {}}}",5
485,3,2026-05-04 03:07:00.428063+02,5,0,0,0,0,0,"{'"Tabanovce L1'": {'"total'": 0, '"by_type'": {}}, '"Tabanovce L2'": {'"total'": 0, '"by_type'": {}}, '"Tabanovce L3'": {'"total'": 0, '"by_type'": {}}}",5.5
486,3,2026-05-04 03:12:00.551835+02,5,0,0,0,0,0,"{'"Tabanovce L1'": {'"total'": 0, '"by_type'": {}}, '"Tabanovce L2'": {'"total'": 0, '"by_type'": {}}, '"Tabanovce L3'": {'"total'": 0, '"by_type'": {}}}",5
487,3,2026-05-04 03:17:00.686362+02,5,0,0,0,0,0,"{'"Tabanovce L1'": {'"total'": 0, '"by_type'": {}}, '"Tabanovce L2'": {'"total'": 0, '"by_type'": {}}, '"Tabanovce L3'": {'"total'": 0, '"by_type'": {}}}",5.5
488,3,2026-05-04 03:22:00.711303+02,5,0,0,0,0,0,"{'"Tabanovce L1'": {'"total'": 0, '"by_type'": {}}, '"Tabanovce L2'": {'"total'": 0, '"by_type'": {}}, '"Tabanovce L3'": {'"total'": 0, '"by_type'": {}}}",5
489,3,2026-05-04 03:27:00.746085+02,5,0,0,0,0,0,"{'"Tabanovce L1'": {'"total'": 0, '"by_type'": {}}, '"Tabanovce L2'": {'"total'": 0, '"by_type'": {}}, '"Tabanovce L3'": {'"total'": 0, '"by_type'": {}}}",4.5
490,3,2026-05-04 03:32:00.773511+02,5,0,0,0,0,0,"{'"Tabanovce L1'": {'"total'": 0, '"by_type'": {}}, '"Tabanovce L2'": {'"total'": 0, '"by_type'": {}}, '"Tabanovce L3'": {'"total'": 0, '"by_type'": {}}}",7
491,3,2026-05-04 03:37:00.859844+02,5,0,0,0,0,0,"{'"Tabanovce L1'": {'"total'": 0, '"by_type'": {}}, '"Tabanovce L2'": {'"total'": 0, '"by_type'": {}}, '"Tabanovce L3'": {'"total'": 0, '"by_type'": {}}}",7
492,3,2026-05-04 03:42:00.891625+02,5,0,0,0,0,0,"{'"Tabanovce L1'": {'"total'": 0, '"by_type'": {}}, '"Tabanovce L2'": {'"total'": 0, '"by_type'": {}}, '"Tabanovce L3'": {'"total'": 0, '"by_type'": {}}}",7
493,3,2026-05-04 03:47:00.91758+02,5,0,0,0,0,0,"{'"Tabanovce L1'": {'"total'": 0, '"by_type'": {}}, '"Tabanovce L2'": {'"total'": 0, '"by_type'": {}}, '"Tabanovce L3'": {'"total'": 0, '"by_type'": {}}}",6.5
494,3,2026-05-04 03:52:00.964457+02,5,0,0,0,0,0,"{'"Tabanovce L1'": {'"total'": 0, '"by_type'": {}}, '"Tabanovce L2'": {'"total'": 0, '"by_type'": {}}, '"Tabanovce L3'": {'"total'": 0, '"by_type'": {}}}",7
495,3,2026-05-04 03:57:01.041703+02,5,0,0,0,0,0,"{'"Tabanovce L1'": {'"total'": 0, '"by_type'": {}}, '"Tabanovce L2'": {'"total'": 0, '"by_type'": {}}, '"Tabanovce L3'": {'"total'": 0, '"by_type'": {}}}",7
496,3,2026-05-04 04:02:01.088437+02,5,0,0,0,0,0,"{'"Tabanovce L1'": {'"total'": 0, '"by_type'": {}}, '"Tabanovce L2'": {'"total'": 0, '"by_type'": {}}, '"Tabanovce L3'": {'"total'": 0, '"by_type'": {}}}",7
497,3,2026-05-04 04:07:04.242457+02,5,0,0,0,0,0,"{'"Tabanovce L1'": {'"total'": 0, '"by_type'": {}}, '"Tabanovce L2'": {'"total'": 0, '"by_type'": {}}, '"Tabanovce L3'": {'"total'": 0, '"by_type'": {}}}",0.5
498,3,2026-05-04 04:12:04.286401+02,5,1,0,0,0,1,"{'"Tabanovce L1'": {'"total'": 1, '"by_type'": {'"truck'": 1}}, '"Tabanovce L2'": {'"total'": 0, '"by_type'": {}}, '"Tabanovce L3'": {'"total'": 0, '"by_type'": {}}}",7
499,3,2026-05-04 04:17:04.362873+02,5,0,0,0,0,0,"{'"Tabanovce L1'": {'"total'": 0, '"by_type'": {}}, '"Tabanovce L2'": {'"total'": 0, '"by_type'": {}}, '"Tabanovce L3'": {'"total'": 0, '"by_type'": {}}}",7
500,3,2026-05-04 04:22:04.518678+02,5,0,0,0,0,0,"{'"Tabanovce L1'": {'"total'": 0, '"by_type'": {}}, '"Tabanovce L2'": {'"total'": 0, '"by_type'": {}}, '"Tabanovce L3'": {'"total'": 0, '"by_type'": {}}}",6.5
501,3,2026-05-04 04:27:04.569758+02,5,0,0,0,0,0,"{'"Tabanovce L1'": {'"total'": 0, '"by_type'": {}}, '"Tabanovce L2'": {'"total'": 0, '"by_type'": {}}, '"Tabanovce L3'": {'"total'": 0, '"by_type'": {}}}",6.5
502,3,2026-05-04 04:32:04.674184+02,5,0,0,0,0,0,"{'"Tabanovce L1'": {'"total'": 0, '"by_type'": {}}, '"Tabanovce L2'": {'"total'": 0, '"by_type'": {}}, '"Tabanovce L3'": {'"total'": 0, '"by_type'": {}}}",6.5
503,3,2026-05-04 04:37:04.769726+02,5,0,0,0,0,0,"{'"Tabanovce L1'": {'"total'": 0, '"by_type'": {}}, '"Tabanovce L2'": {'"total'": 0, '"by_type'": {}}, '"Tabanovce L3'": {'"total'": 0, '"by_type'": {}}}",7
504,3,2026-05-04 04:42:06.250001+02,5,0,0,0,0,0,"{'"Tabanovce L1'": {'"total'": 0, '"by_type'": {}}, '"Tabanovce L2'": {'"total'": 0, '"by_type'": {}}, '"Tabanovce L3'": {'"total'": 0, '"by_type'": {}}}",0.5
505,3,2026-05-04 04:47:06.371832+02,5,0,0,0,0,0,"{'"Tabanovce L1'": {'"total'": 0, '"by_type'": {}}, '"Tabanovce L2'": {'"total'": 0, '"by_type'": {}}, '"Tabanovce L3'": {'"total'": 0, '"by_type'": {}}}",7
506,3,2026-05-04 04:52:06.373254+02,5,0,0,0,0,0,"{'"Tabanovce L1'": {'"total'": 0, '"by_type'": {}}, '"Tabanovce L2'": {'"total'": 0, '"by_type'": {}}, '"Tabanovce L3'": {'"total'": 0, '"by_type'": {}}}",6.5
507,3,2026-05-04 04:57:06.442482+02,5,0,0,0,0,0,"{'"Tabanovce L1'": {'"total'": 0, '"by_type'": {}}, '"Tabanovce L2'": {'"total'": 0, '"by_type'": {}}, '"Tabanovce L3'": {'"total'": 0, '"by_type'": {}}}",6.5
508,3,2026-05-04 05:02:06.458098+02,5,0,0,0,0,0,"{'"Tabanovce L1'": {'"total'": 0, '"by_type'": {}}, '"Tabanovce L2'": {'"total'": 0, '"by_type'": {}}, '"Tabanovce L3'": {'"total'": 0, '"by_type'": {}}}",6.5
509,3,2026-05-04 05:07:06.484873+02,5,0,0,0,0,0,"{'"Tabanovce L1'": {'"total'": 0, '"by_type'": {}}, '"Tabanovce L2'": {'"total'": 0, '"by_type'": {}}, '"Tabanovce L3'": {'"total'": 0, '"by_type'": {}}}",7
510,3,2026-05-04 05:12:06.57731+02,5,0,0,0,0,0,"{'"Tabanovce L1'": {'"total'": 0, '"by_type'": {}}, '"Tabanovce L2'": {'"total'": 0, '"by_type'": {}}, '"Tabanovce L3'": {'"total'": 0, '"by_type'": {}}}",7
511,3,2026-05-04 05:17:06.655461+02,5,0,0,0,0,0,"{'"Tabanovce L1'": {'"total'": 0, '"by_type'": {}}, '"Tabanovce L2'": {'"total'": 0, '"by_type'": {}}, '"Tabanovce L3'": {'"total'": 0, '"by_type'": {}}}",7
512,3,2026-05-04 05:22:06.718705+02,5,0,0,0,0,0,"{'"Tabanovce L1'": {'"total'": 0, '"by_type'": {}}, '"Tabanovce L2'": {'"total'": 0, '"by_type'": {}}, '"Tabanovce L3'": {'"total'": 0, '"by_type'": {}}}",7
513,3,2026-05-04 05:27:06.787855+02,5,0,0,0,0,0,"{'"Tabanovce L1'": {'"total'": 0, '"by_type'": {}}, '"Tabanovce L2'": {'"total'": 0, '"by_type'": {}}, '"Tabanovce L3'": {'"total'": 0, '"by_type'": {}}}",7
514,3,2026-05-04 05:32:06.915587+02,5,0,0,0,0,0,"{'"Tabanovce L1'": {'"total'": 0, '"by_type'": {}}, '"Tabanovce L2'": {'"total'": 0, '"by_type'": {}}, '"Tabanovce L3'": {'"total'": 0, '"by_type'": {}}}",6
515,3,2026-05-04 05:37:06.972849+02,5,0,0,0,0,0,"{'"Tabanovce L1'": {'"total'": 0, '"by_type'": {}}, '"Tabanovce L2'": {'"total'": 0, '"by_type'": {}}, '"Tabanovce L3'": {'"total'": 0, '"by_type'": {}}}",7
516,3,2026-05-04 05:42:08.306499+02,5,0,0,0,0,0,"{'"Tabanovce L1'": {'"total'": 0, '"by_type'": {}}, '"Tabanovce L2'": {'"total'": 0, '"by_type'": {}}, '"Tabanovce L3'": {'"total'": 0, '"by_type'": {}}}",0.5
517,3,2026-05-04 05:47:08.392962+02,5,0,0,0,0,0,"{'"Tabanovce L1'": {'"total'": 0, '"by_type'": {}}, '"Tabanovce L2'": {'"total'": 0, '"by_type'": {}}, '"Tabanovce L3'": {'"total'": 0, '"by_type'": {}}}",6.5
518,3,2026-05-04 05:52:08.414506+02,5,0,0,0,0,0,"{'"Tabanovce L1'": {'"total'": 0, '"by_type'": {}}, '"Tabanovce L2'": {'"total'": 0, '"by_type'": {}}, '"Tabanovce L3'": {'"total'": 0, '"by_type'": {}}}",7
519,3,2026-05-04 05:57:08.52515+02,5,0,0,0,0,0,"{'"Tabanovce L1'": {'"total'": 0, '"by_type'": {}}, '"Tabanovce L2'": {'"total'": 0, '"by_type'": {}}, '"Tabanovce L3'": {'"total'": 0, '"by_type'": {}}}",7
520,3,2026-05-04 11:32:46.276426+02,5,0,0,0,0,0,"{'"Tabanovce L1'": {'"total'": 0, '"by_type'": {}}, '"Tabanovce L2'": {'"total'": 0, '"by_type'": {}}, '"Tabanovce L3'": {'"total'": 0, '"by_type'": {}}}",7
521,3,2026-05-04 11:37:46.390206+02,5,0,0,0,0,0,"{'"Tabanovce L1'": {'"total'": 0, '"by_type'": {}}, '"Tabanovce L2'": {'"total'": 0, '"by_type'": {}}, '"Tabanovce L3'": {'"total'": 0, '"by_type'": {}}}",7
522,3,2026-05-04 11:42:46.467599+02,5,0,0,0,0,0,"{'"Tabanovce L1'": {'"total'": 0, '"by_type'": {}}, '"Tabanovce L2'": {'"total'": 0, '"by_type'": {}}, '"Tabanovce L3'": {'"total'": 0, '"by_type'": {}}}",7
523,3,2026-05-04 11:47:46.492086+02,5,1,1,0,0,0,"{'"Tabanovce L1'": {'"total'": 0, '"by_type'": {}}, '"Tabanovce L2'": {'"total'": 0, '"by_type'": {}}, '"Tabanovce L3'": {'"total'": 1, '"by_type'": {'"car'": 1}}}",6.5
524,3,2026-05-04 11:52:46.61481+02,5,0,0,0,0,0,"{'"Tabanovce L1'": {'"total'": 0, '"by_type'": {}}, '"Tabanovce L2'": {'"total'": 0, '"by_type'": {}}, '"Tabanovce L3'": {'"total'": 0, '"by_type'": {}}}",7
525,3,2026-05-04 11:57:46.770764+02,5,0,0,0,0,0,"{'"Tabanovce L1'": {'"total'": 0, '"by_type'": {}}, '"Tabanovce L2'": {'"total'": 0, '"by_type'": {}}, '"Tabanovce L3'": {'"total'": 0, '"by_type'": {}}}",7
526,3,2026-05-04 12:02:46.902608+02,5,0,0,0,0,0,"{'"Tabanovce L1'": {'"total'": 0, '"by_type'": {}}, '"Tabanovce L2'": {'"total'": 0, '"by_type'": {}}, '"Tabanovce L3'": {'"total'": 0, '"by_type'": {}}}",7
527,3,2026-05-04 12:07:46.944121+02,5,0,0,0,0,0,"{'"Tabanovce L1'": {'"total'": 0, '"by_type'": {}}, '"Tabanovce L2'": {'"total'": 0, '"by_type'": {}}, '"Tabanovce L3'": {'"total'": 0, '"by_type'": {}}}",7
528,3,2026-05-04 12:12:46.953014+02,5,0,0,0,0,0,"{'"Tabanovce L1'": {'"total'": 0, '"by_type'": {}}, '"Tabanovce L2'": {'"total'": 0, '"by_type'": {}}, '"Tabanovce L3'": {'"total'": 0, '"by_type'": {}}}",7
529,3,2026-05-04 12:17:49.521387+02,5,0,0,0,0,0,"{'"Tabanovce L1'": {'"total'": 0, '"by_type'": {}}, '"Tabanovce L2'": {'"total'": 0, '"by_type'": {}}, '"Tabanovce L3'": {'"total'": 0, '"by_type'": {}}}",0.5
530,3,2026-05-04 12:22:49.572272+02,5,0,0,0,0,0,"{'"Tabanovce L1'": {'"total'": 0, '"by_type'": {}}, '"Tabanovce L2'": {'"total'": 0, '"by_type'": {}}, '"Tabanovce L3'": {'"total'": 0, '"by_type'": {}}}",7
531,3,2026-05-04 12:27:49.582335+02,5,0,0,0,0,0,"{'"Tabanovce L1'": {'"total'": 0, '"by_type'": {}}, '"Tabanovce L2'": {'"total'": 0, '"by_type'": {}}, '"Tabanovce L3'": {'"total'": 0, '"by_type'": {}}}",7.5
532,3,2026-05-04 12:32:49.599534+02,5,0,0,0,0,0,"{'"Tabanovce L1'": {'"total'": 0, '"by_type'": {}}, '"Tabanovce L2'": {'"total'": 0, '"by_type'": {}}, '"Tabanovce L3'": {'"total'": 0, '"by_type'": {}}}",7
533,3,2026-05-04 12:37:49.691875+02,5,0,0,0,0,0,"{'"Tabanovce L1'": {'"total'": 0, '"by_type'": {}}, '"Tabanovce L2'": {'"total'": 0, '"by_type'": {}}, '"Tabanovce L3'": {'"total'": 0, '"by_type'": {}}}",7
534,3,2026-05-04 12:42:49.814668+02,5,0,0,0,0,0,"{'"Tabanovce L1'": {'"total'": 0, '"by_type'": {}}, '"Tabanovce L2'": {'"total'": 0, '"by_type'": {}}, '"Tabanovce L3'": {'"total'": 0, '"by_type'": {}}}",6.5
535,3,2026-05-04 12:47:49.865768+02,5,0,0,0,0,0,"{'"Tabanovce L1'": {'"total'": 0, '"by_type'": {}}, '"Tabanovce L2'": {'"total'": 0, '"by_type'": {}}, '"Tabanovce L3'": {'"total'": 0, '"by_type'": {}}}",7
536,3,2026-05-04 12:52:50.013897+02,5,0,0,0,0,0,"{'"Tabanovce L1'": {'"total'": 0, '"by_type'": {}}, '"Tabanovce L2'": {'"total'": 0, '"by_type'": {}}, '"Tabanovce L3'": {'"total'": 0, '"by_type'": {}}}",6.5
537,3,2026-05-04 12:57:50.016485+02,5,0,0,0,0,0,"{'"Tabanovce L1'": {'"total'": 0, '"by_type'": {}}, '"Tabanovce L2'": {'"total'": 0, '"by_type'": {}}, '"Tabanovce L3'": {'"total'": 0, '"by_type'": {}}}",6.5
538,3,2026-05-04 13:02:50.108595+02,5,0,0,0,0,0,"{'"Tabanovce L1'": {'"total'": 0, '"by_type'": {}}, '"Tabanovce L2'": {'"total'": 0, '"by_type'": {}}, '"Tabanovce L3'": {'"total'": 0, '"by_type'": {}}}",7
539,3,2026-05-04 13:07:50.178793+02,5,0,0,0,0,0,"{'"Tabanovce L1'": {'"total'": 0, '"by_type'": {}}, '"Tabanovce L2'": {'"total'": 0, '"by_type'": {}}, '"Tabanovce L3'": {'"total'": 0, '"by_type'": {}}}",6
540,3,2026-05-04 13:12:50.238761+02,5,0,0,0,0,0,"{'"Tabanovce L1'": {'"total'": 0, '"by_type'": {}}, '"Tabanovce L2'": {'"total'": 0, '"by_type'": {}}, '"Tabanovce L3'": {'"total'": 0, '"by_type'": {}}}",7
541,3,2026-05-04 13:17:50.301081+02,5,0,0,0,0,0,"{'"Tabanovce L1'": {'"total'": 0, '"by_type'": {}}, '"Tabanovce L2'": {'"total'": 0, '"by_type'": {}}, '"Tabanovce L3'": {'"total'": 0, '"by_type'": {}}}",7
542,3,2026-05-04 13:22:50.38125+02,5,0,0,0,0,0,"{'"Tabanovce L1'": {'"total'": 0, '"by_type'": {}}, '"Tabanovce L2'": {'"total'": 0, '"by_type'": {}}, '"Tabanovce L3'": {'"total'": 0, '"by_type'": {}}}",7
543,3,2026-05-04 13:27:54.067793+02,5,0,0,0,0,0,"{'"Tabanovce L1'": {'"total'": 0, '"by_type'": {}}, '"Tabanovce L2'": {'"total'": 0, '"by_type'": {}}, '"Tabanovce L3'": {'"total'": 0, '"by_type'": {}}}",0.5
544,3,2026-05-04 13:32:54.191512+02,5,0,0,0,0,0,"{'"Tabanovce L1'": {'"total'": 0, '"by_type'": {}}, '"Tabanovce L2'": {'"total'": 0, '"by_type'": {}}, '"Tabanovce L3'": {'"total'": 0, '"by_type'": {}}}",7
545,3,2026-05-04 13:37:54.212083+02,5,0,0,0,0,0,"{'"Tabanovce L1'": {'"total'": 0, '"by_type'": {}}, '"Tabanovce L2'": {'"total'": 0, '"by_type'": {}}, '"Tabanovce L3'": {'"total'": 0, '"by_type'": {}}}",6.5
546,3,2026-05-04 13:42:54.281249+02,5,1,1,0,0,0,"{'"Tabanovce L1'": {'"total'": 0, '"by_type'": {}}, '"Tabanovce L2'": {'"total'": 0, '"by_type'": {}}, '"Tabanovce L3'": {'"total'": 1, '"by_type'": {'"car'": 1}}}",7
547,3,2026-05-04 13:47:54.418485+02,5,0,0,0,0,0,"{'"Tabanovce L1'": {'"total'": 0, '"by_type'": {}}, '"Tabanovce L2'": {'"total'": 0, '"by_type'": {}}, '"Tabanovce L3'": {'"total'": 0, '"by_type'": {}}}",6.5
548,3,2026-05-04 13:52:54.487423+02,5,0,0,0,0,0,"{'"Tabanovce L1'": {'"total'": 0, '"by_type'": {}}, '"Tabanovce L2'": {'"total'": 0, '"by_type'": {}}, '"Tabanovce L3'": {'"total'": 0, '"by_type'": {}}}",7.5
549,3,2026-05-04 13:57:54.552487+02,5,0,0,0,0,0,"{'"Tabanovce L1'": {'"total'": 0, '"by_type'": {}}, '"Tabanovce L2'": {'"total'": 0, '"by_type'": {}}, '"Tabanovce L3'": {'"total'": 0, '"by_type'": {}}}",7
550,3,2026-05-04 14:02:54.5791+02,5,0,0,0,0,0,"{'"Tabanovce L1'": {'"total'": 0, '"by_type'": {}}, '"Tabanovce L2'": {'"total'": 0, '"by_type'": {}}, '"Tabanovce L3'": {'"total'": 0, '"by_type'": {}}}",6.5
551,3,2026-05-04 14:07:54.705939+02,5,0,0,0,0,0,"{'"Tabanovce L1'": {'"total'": 0, '"by_type'": {}}, '"Tabanovce L2'": {'"total'": 0, '"by_type'": {}}, '"Tabanovce L3'": {'"total'": 0, '"by_type'": {}}}",7
552,3,2026-05-04 14:12:54.817564+02,5,0,0,0,0,0,"{'"Tabanovce L1'": {'"total'": 0, '"by_type'": {}}, '"Tabanovce L2'": {'"total'": 0, '"by_type'": {}}, '"Tabanovce L3'": {'"total'": 0, '"by_type'": {}}}",6.5
553,3,2026-05-04 14:17:54.955486+02,5,0,0,0,0,0,"{'"Tabanovce L1'": {'"total'": 0, '"by_type'": {}}, '"Tabanovce L2'": {'"total'": 0, '"by_type'": {}}, '"Tabanovce L3'": {'"total'": 0, '"by_type'": {}}}",6
554,3,2026-05-04 14:22:55.013877+02,5,0,0,0,0,0,"{'"Tabanovce L1'": {'"total'": 0, '"by_type'": {}}, '"Tabanovce L2'": {'"total'": 0, '"by_type'": {}}, '"Tabanovce L3'": {'"total'": 0, '"by_type'": {}}}",6.5
555,3,2026-05-04 14:27:55.108436+02,5,0,0,0,0,0,"{'"Tabanovce L1'": {'"total'": 0, '"by_type'": {}}, '"Tabanovce L2'": {'"total'": 0, '"by_type'": {}}, '"Tabanovce L3'": {'"total'": 0, '"by_type'": {}}}",7
556,3,2026-05-04 14:32:55.189486+02,5,0,0,0,0,0,"{'"Tabanovce L1'": {'"total'": 0, '"by_type'": {}}, '"Tabanovce L2'": {'"total'": 0, '"by_type'": {}}, '"Tabanovce L3'": {'"total'": 0, '"by_type'": {}}}",6.5
557,3,2026-05-04 14:37:55.297844+02,5,0,0,0,0,0,"{'"Tabanovce L1'": {'"total'": 0, '"by_type'": {}}, '"Tabanovce L2'": {'"total'": 0, '"by_type'": {}}, '"Tabanovce L3'": {'"total'": 0, '"by_type'": {}}}",7
558,3,2026-05-04 14:42:55.403396+02,5,0,0,0,0,0,"{'"Tabanovce L1'": {'"total'": 0, '"by_type'": {}}, '"Tabanovce L2'": {'"total'": 0, '"by_type'": {}}, '"Tabanovce L3'": {'"total'": 0, '"by_type'": {}}}",7
559,3,2026-05-04 14:47:55.532131+02,5,0,0,0,0,0,"{'"Tabanovce L1'": {'"total'": 0, '"by_type'": {}}, '"Tabanovce L2'": {'"total'": 0, '"by_type'": {}}, '"Tabanovce L3'": {'"total'": 0, '"by_type'": {}}}",7
560,3,2026-05-04 14:52:57.178111+02,5,0,0,0,0,0,"{'"Tabanovce L1'": {'"total'": 0, '"by_type'": {}}, '"Tabanovce L2'": {'"total'": 0, '"by_type'": {}}, '"Tabanovce L3'": {'"total'": 0, '"by_type'": {}}}",0.5
561,3,2026-05-04 14:57:57.298346+02,5,0,0,0,0,0,"{'"Tabanovce L1'": {'"total'": 0, '"by_type'": {}}, '"Tabanovce L2'": {'"total'": 0, '"by_type'": {}}, '"Tabanovce L3'": {'"total'": 0, '"by_type'": {}}}",7
562,3,2026-05-04 19:13:33.05326+02,5,0,0,0,0,0,"{'"Tabanovce L1'": {'"total'": 0, '"by_type'": {}}, '"Tabanovce L2'": {'"total'": 0, '"by_type'": {}}, '"Tabanovce L3'": {'"total'": 0, '"by_type'": {}}}",7
563,3,2026-05-04 19:18:33.059741+02,5,0,0,0,0,0,"{'"Tabanovce L1'": {'"total'": 0, '"by_type'": {}}, '"Tabanovce L2'": {'"total'": 0, '"by_type'": {}}, '"Tabanovce L3'": {'"total'": 0, '"by_type'": {}}}",5.5
564,3,2026-05-04 19:23:37.079907+02,5,0,0,0,0,0,"{'"Tabanovce L1'": {'"total'": 0, '"by_type'": {}}, '"Tabanovce L2'": {'"total'": 0, '"by_type'": {}}, '"Tabanovce L3'": {'"total'": 0, '"by_type'": {}}}",0.5
565,3,2026-05-04 19:28:37.160214+02,5,0,0,0,0,0,"{'"Tabanovce L1'": {'"total'": 0, '"by_type'": {}}, '"Tabanovce L2'": {'"total'": 0, '"by_type'": {}}, '"Tabanovce L3'": {'"total'": 0, '"by_type'": {}}}",8
566,3,2026-05-04 19:33:37.218197+02,5,0,0,0,0,0,"{'"Tabanovce L1'": {'"total'": 0, '"by_type'": {}}, '"Tabanovce L2'": {'"total'": 0, '"by_type'": {}}, '"Tabanovce L3'": {'"total'": 0, '"by_type'": {}}}",7.5
567,3,2026-05-04 19:38:37.326837+02,5,0,0,0,0,0,"{'"Tabanovce L1'": {'"total'": 0, '"by_type'": {}}, '"Tabanovce L2'": {'"total'": 0, '"by_type'": {}}, '"Tabanovce L3'": {'"total'": 0, '"by_type'": {}}}",7.5
568,3,2026-05-04 19:43:37.369252+02,5,0,0,0,0,0,"{'"Tabanovce L1'": {'"total'": 0, '"by_type'": {}}, '"Tabanovce L2'": {'"total'": 0, '"by_type'": {}}, '"Tabanovce L3'": {'"total'": 0, '"by_type'": {}}}",8
569,3,2026-05-04 19:48:43.926331+02,5,0,0,0,0,0,"{'"Tabanovce L1'": {'"total'": 0, '"by_type'": {}}, '"Tabanovce L2'": {'"total'": 0, '"by_type'": {}}, '"Tabanovce L3'": {'"total'": 0, '"by_type'": {}}}",0.5
570,3,2026-05-04 19:53:44.010651+02,5,0,0,0,0,0,"{'"Tabanovce L1'": {'"total'": 0, '"by_type'": {}}, '"Tabanovce L2'": {'"total'": 0, '"by_type'": {}}, '"Tabanovce L3'": {'"total'": 0, '"by_type'": {}}}",7
571,3,2026-05-04 19:58:44.068704+02,5,0,0,0,0,0,"{'"Tabanovce L1'": {'"total'": 0, '"by_type'": {}}, '"Tabanovce L2'": {'"total'": 0, '"by_type'": {}}, '"Tabanovce L3'": {'"total'": 0, '"by_type'": {}}}",8
572,3,2026-05-04 20:03:44.12579+02,5,0,0,0,0,0,"{'"Tabanovce L1'": {'"total'": 0, '"by_type'": {}}, '"Tabanovce L2'": {'"total'": 0, '"by_type'": {}}, '"Tabanovce L3'": {'"total'": 0, '"by_type'": {}}}",8
573,3,2026-05-04 20:08:44.178696+02,5,2,2,0,0,0,"{'"Tabanovce L1'": {'"total'": 0, '"by_type'": {}}, '"Tabanovce L2'": {'"total'": 0, '"by_type'": {}}, '"Tabanovce L3'": {'"total'": 2, '"by_type'": {'"car'": 2}}}",7
574,3,2026-05-04 20:13:44.195489+02,5,0,0,0,0,0,"{'"Tabanovce L1'": {'"total'": 0, '"by_type'": {}}, '"Tabanovce L2'": {'"total'": 0, '"by_type'": {}}, '"Tabanovce L3'": {'"total'": 0, '"by_type'": {}}}",8
575,3,2026-05-04 20:18:44.278564+02,5,0,0,0,0,0,"{'"Tabanovce L1'": {'"total'": 0, '"by_type'": {}}, '"Tabanovce L2'": {'"total'": 0, '"by_type'": {}}, '"Tabanovce L3'": {'"total'": 0, '"by_type'": {}}}",7.5
576,3,2026-05-04 20:23:46.107809+02,5,0,0,0,0,0,"{'"Tabanovce L1'": {'"total'": 0, '"by_type'": {}}, '"Tabanovce L2'": {'"total'": 0, '"by_type'": {}}, '"Tabanovce L3'": {'"total'": 0, '"by_type'": {}}}",0.5
577,3,2026-05-04 20:28:55.850246+02,5,0,0,0,0,0,"{'"Tabanovce L1'": {'"total'": 0, '"by_type'": {}}, '"Tabanovce L2'": {'"total'": 0, '"by_type'": {}}, '"Tabanovce L3'": {'"total'": 0, '"by_type'": {}}}",0.5
578,3,2026-05-04 20:33:55.913414+02,5,0,0,0,0,0,"{'"Tabanovce L1'": {'"total'": 0, '"by_type'": {}}, '"Tabanovce L2'": {'"total'": 0, '"by_type'": {}}, '"Tabanovce L3'": {'"total'": 0, '"by_type'": {}}}",7.5
579,3,2026-05-04 20:38:56.008675+02,5,0,0,0,0,0,"{'"Tabanovce L1'": {'"total'": 0, '"by_type'": {}}, '"Tabanovce L2'": {'"total'": 0, '"by_type'": {}}, '"Tabanovce L3'": {'"total'": 0, '"by_type'": {}}}",8
580,3,2026-05-04 20:43:57.190212+02,5,0,0,0,0,0,"{'"Tabanovce L1'": {'"total'": 0, '"by_type'": {}}, '"Tabanovce L2'": {'"total'": 0, '"by_type'": {}}, '"Tabanovce L3'": {'"total'": 0, '"by_type'": {}}}",0.5
581,3,2026-05-04 20:48:57.259624+02,5,0,0,0,0,0,"{'"Tabanovce L1'": {'"total'": 0, '"by_type'": {}}, '"Tabanovce L2'": {'"total'": 0, '"by_type'": {}}, '"Tabanovce L3'": {'"total'": 0, '"by_type'": {}}}",8
582,3,2026-05-04 20:53:57.353892+02,5,1,1,0,0,0,"{'"Tabanovce L1'": {'"total'": 0, '"by_type'": {}}, '"Tabanovce L2'": {'"total'": 0, '"by_type'": {}}, '"Tabanovce L3'": {'"total'": 1, '"by_type'": {'"car'": 1}}}",8
583,3,2026-05-04 20:58:57.445222+02,5,0,0,0,0,0,"{'"Tabanovce L1'": {'"total'": 0, '"by_type'": {}}, '"Tabanovce L2'": {'"total'": 0, '"by_type'": {}}, '"Tabanovce L3'": {'"total'": 0, '"by_type'": {}}}",6.5
584,3,2026-05-04 21:03:57.523475+02,5,0,0,0,0,0,"{'"Tabanovce L1'": {'"total'": 0, '"by_type'": {}}, '"Tabanovce L2'": {'"total'": 0, '"by_type'": {}}, '"Tabanovce L3'": {'"total'": 0, '"by_type'": {}}}",6
585,3,2026-05-04 21:08:57.593775+02,5,0,0,0,0,0,"{'"Tabanovce L1'": {'"total'": 0, '"by_type'": {}}, '"Tabanovce L2'": {'"total'": 0, '"by_type'": {}}, '"Tabanovce L3'": {'"total'": 0, '"by_type'": {}}}",8
586,3,2026-05-04 21:13:57.653729+02,5,0,0,0,0,0,"{'"Tabanovce L1'": {'"total'": 0, '"by_type'": {}}, '"Tabanovce L2'": {'"total'": 0, '"by_type'": {}}, '"Tabanovce L3'": {'"total'": 0, '"by_type'": {}}}",8
587,3,2026-05-04 21:18:58.713024+02,5,0,0,0,0,0,"{'"Tabanovce L1'": {'"total'": 0, '"by_type'": {}}, '"Tabanovce L2'": {'"total'": 0, '"by_type'": {}}, '"Tabanovce L3'": {'"total'": 0, '"by_type'": {}}}",0.5
588,3,2026-05-04 21:23:58.747638+02,5,1,1,0,0,0,"{'"Tabanovce L1'": {'"total'": 0, '"by_type'": {}}, '"Tabanovce L2'": {'"total'": 0, '"by_type'": {}}, '"Tabanovce L3'": {'"total'": 1, '"by_type'": {'"car'": 1}}}",8
589,3,2026-05-04 21:28:58.864364+02,5,0,0,0,0,0,"{'"Tabanovce L1'": {'"total'": 0, '"by_type'": {}}, '"Tabanovce L2'": {'"total'": 0, '"by_type'": {}}, '"Tabanovce L3'": {'"total'": 0, '"by_type'": {}}}",7.5
590,3,2026-05-04 21:33:58.9346+02,5,0,0,0,0,0,"{'"Tabanovce L1'": {'"total'": 0, '"by_type'": {}}, '"Tabanovce L2'": {'"total'": 0, '"by_type'": {}}, '"Tabanovce L3'": {'"total'": 0, '"by_type'": {}}}",7.5
591,3,2026-05-04 21:38:59.086653+02,5,0,0,0,0,0,"{'"Tabanovce L1'": {'"total'": 0, '"by_type'": {}}, '"Tabanovce L2'": {'"total'": 0, '"by_type'": {}}, '"Tabanovce L3'": {'"total'": 0, '"by_type'": {}}}",6
592,3,2026-05-04 21:43:59.187272+02,5,0,0,0,0,0,"{'"Tabanovce L1'": {'"total'": 0, '"by_type'": {}}, '"Tabanovce L2'": {'"total'": 0, '"by_type'": {}}, '"Tabanovce L3'": {'"total'": 0, '"by_type'": {}}}",6
593,3,2026-05-04 21:48:59.278489+02,5,0,0,0,0,0,"{'"Tabanovce L1'": {'"total'": 0, '"by_type'": {}}, '"Tabanovce L2'": {'"total'": 0, '"by_type'": {}}, '"Tabanovce L3'": {'"total'": 0, '"by_type'": {}}}",6.5
594,3,2026-05-04 21:53:59.442765+02,5,0,0,0,0,0,"{'"Tabanovce L1'": {'"total'": 0, '"by_type'": {}}, '"Tabanovce L2'": {'"total'": 0, '"by_type'": {}}, '"Tabanovce L3'": {'"total'": 0, '"by_type'": {}}}",7
595,3,2026-05-04 21:59:24.571235+02,5,0,0,0,0,0,"{'"Tabanovce L1'": {'"total'": 0, '"by_type'": {}}, '"Tabanovce L2'": {'"total'": 0, '"by_type'": {}}, '"Tabanovce L3'": {'"total'": 0, '"by_type'": {}}}",6.5
596,3,2026-05-04 22:04:25.630698+02,5,0,0,0,0,0,"{'"Tabanovce L1'": {'"total'": 0, '"by_type'": {}}, '"Tabanovce L2'": {'"total'": 0, '"by_type'": {}}, '"Tabanovce L3'": {'"total'": 0, '"by_type'": {}}}",0.5
597,3,2026-05-04 22:09:25.677553+02,5,0,0,0,0,0,"{'"Tabanovce L1'": {'"total'": 0, '"by_type'": {}}, '"Tabanovce L2'": {'"total'": 0, '"by_type'": {}}, '"Tabanovce L3'": {'"total'": 0, '"by_type'": {}}}",8
598,3,2026-05-04 22:14:25.725557+02,5,0,0,0,0,0,"{'"Tabanovce L1'": {'"total'": 0, '"by_type'": {}}, '"Tabanovce L2'": {'"total'": 0, '"by_type'": {}}, '"Tabanovce L3'": {'"total'": 0, '"by_type'": {}}}",6.5
599,3,2026-05-04 22:19:25.822304+02,5,0,0,0,0,0,"{'"Tabanovce L1'": {'"total'": 0, '"by_type'": {}}, '"Tabanovce L2'": {'"total'": 0, '"by_type'": {}}, '"Tabanovce L3'": {'"total'": 0, '"by_type'": {}}}",5
600,3,2026-05-04 22:24:25.947368+02,5,0,0,0,0,0,"{'"Tabanovce L1'": {'"total'": 0, '"by_type'": {}}, '"Tabanovce L2'": {'"total'": 0, '"by_type'": {}}, '"Tabanovce L3'": {'"total'": 0, '"by_type'": {}}}",6
601,3,2026-05-04 22:29:25.992363+02,5,0,0,0,0,0,"{'"Tabanovce L1'": {'"total'": 0, '"by_type'": {}}, '"Tabanovce L2'": {'"total'": 0, '"by_type'": {}}, '"Tabanovce L3'": {'"total'": 0, '"by_type'": {}}}",7
602,3,2026-05-04 22:34:26.122179+02,5,0,0,0,0,0,"{'"Tabanovce L1'": {'"total'": 0, '"by_type'": {}}, '"Tabanovce L2'": {'"total'": 0, '"by_type'": {}}, '"Tabanovce L3'": {'"total'": 0, '"by_type'": {}}}",7
603,3,2026-05-04 22:39:26.204496+02,5,0,0,0,0,0,"{'"Tabanovce L1'": {'"total'": 0, '"by_type'": {}}, '"Tabanovce L2'": {'"total'": 0, '"by_type'": {}}, '"Tabanovce L3'": {'"total'": 0, '"by_type'": {}}}",7
604,3,2026-05-04 22:44:26.258042+02,5,0,0,0,0,0,"{'"Tabanovce L1'": {'"total'": 0, '"by_type'": {}}, '"Tabanovce L2'": {'"total'": 0, '"by_type'": {}}, '"Tabanovce L3'": {'"total'": 0, '"by_type'": {}}}",5.5
605,3,2026-05-04 22:49:26.341604+02,5,0,0,0,0,0,"{'"Tabanovce L1'": {'"total'": 0, '"by_type'": {}}, '"Tabanovce L2'": {'"total'": 0, '"by_type'": {}}, '"Tabanovce L3'": {'"total'": 0, '"by_type'": {}}}",6
606,3,2026-05-04 22:54:26.46056+02,5,0,0,0,0,0,"{'"Tabanovce L1'": {'"total'": 0, '"by_type'": {}}, '"Tabanovce L2'": {'"total'": 0, '"by_type'": {}}, '"Tabanovce L3'": {'"total'": 0, '"by_type'": {}}}",6.5
607,3,2026-05-04 22:59:26.529325+02,5,0,0,0,0,0,"{'"Tabanovce L1'": {'"total'": 0, '"by_type'": {}}, '"Tabanovce L2'": {'"total'": 0, '"by_type'": {}}, '"Tabanovce L3'": {'"total'": 0, '"by_type'": {}}}",5
608,3,2026-05-04 23:04:26.648627+02,5,0,0,0,0,0,"{'"Tabanovce L1'": {'"total'": 0, '"by_type'": {}}, '"Tabanovce L2'": {'"total'": 0, '"by_type'": {}}, '"Tabanovce L3'": {'"total'": 0, '"by_type'": {}}}",4.5
609,3,2026-05-04 23:09:26.686841+02,5,0,0,0,0,0,"{'"Tabanovce L1'": {'"total'": 0, '"by_type'": {}}, '"Tabanovce L2'": {'"total'": 0, '"by_type'": {}}, '"Tabanovce L3'": {'"total'": 0, '"by_type'": {}}}",5
610,3,2026-05-04 23:14:26.854428+02,5,0,0,0,0,0,"{'"Tabanovce L1'": {'"total'": 0, '"by_type'": {}}, '"Tabanovce L2'": {'"total'": 0, '"by_type'": {}}, '"Tabanovce L3'": {'"total'": 0, '"by_type'": {}}}",4.5
611,3,2026-05-04 23:19:26.963857+02,5,1,1,0,0,0,"{'"Tabanovce L1'": {'"total'": 0, '"by_type'": {}}, '"Tabanovce L2'": {'"total'": 0, '"by_type'": {}}, '"Tabanovce L3'": {'"total'": 1, '"by_type'": {'"car'": 1}}}",5
612,3,2026-05-04 23:24:27.047157+02,5,0,0,0,0,0,"{'"Tabanovce L1'": {'"total'": 0, '"by_type'": {}}, '"Tabanovce L2'": {'"total'": 0, '"by_type'": {}}, '"Tabanovce L3'": {'"total'": 0, '"by_type'": {}}}",5
613,3,2026-05-04 23:29:27.237812+02,5,0,0,0,0,0,"{'"Tabanovce L1'": {'"total'": 0, '"by_type'": {}}, '"Tabanovce L2'": {'"total'": 0, '"by_type'": {}}, '"Tabanovce L3'": {'"total'": 0, '"by_type'": {}}}",4.5
614,3,2026-05-04 23:34:27.281557+02,5,0,0,0,0,0,"{'"Tabanovce L1'": {'"total'": 0, '"by_type'": {}}, '"Tabanovce L2'": {'"total'": 0, '"by_type'": {}}, '"Tabanovce L3'": {'"total'": 0, '"by_type'": {}}}",5
615,3,2026-05-04 23:39:27.479423+02,5,0,0,0,0,0,"{'"Tabanovce L1'": {'"total'": 0, '"by_type'": {}}, '"Tabanovce L2'": {'"total'": 0, '"by_type'": {}}, '"Tabanovce L3'": {'"total'": 0, '"by_type'": {}}}",5
616,3,2026-05-04 23:44:27.523125+02,5,0,0,0,0,0,"{'"Tabanovce L1'": {'"total'": 0, '"by_type'": {}}, '"Tabanovce L2'": {'"total'": 0, '"by_type'": {}}, '"Tabanovce L3'": {'"total'": 0, '"by_type'": {}}}",5.5
617,3,2026-05-04 23:49:27.622143+02,5,0,0,0,0,0,"{'"Tabanovce L1'": {'"total'": 0, '"by_type'": {}}, '"Tabanovce L2'": {'"total'": 0, '"by_type'": {}}, '"Tabanovce L3'": {'"total'": 0, '"by_type'": {}}}",7
618,3,2026-05-04 23:54:27.711627+02,5,0,0,0,0,0,"{'"Tabanovce L1'": {'"total'": 0, '"by_type'": {}}, '"Tabanovce L2'": {'"total'": 0, '"by_type'": {}}, '"Tabanovce L3'": {'"total'": 0, '"by_type'": {}}}",7.5
619,3,2026-05-04 23:59:27.733981+02,5,0,0,0,0,0,"{'"Tabanovce L1'": {'"total'": 0, '"by_type'": {}}, '"Tabanovce L2'": {'"total'": 0, '"by_type'": {}}, '"Tabanovce L3'": {'"total'": 0, '"by_type'": {}}}",7.5
620,3,2026-05-05 00:04:27.884884+02,5,0,0,0,0,0,"{'"Tabanovce L1'": {'"total'": 0, '"by_type'": {}}, '"Tabanovce L2'": {'"total'": 0, '"by_type'": {}}, '"Tabanovce L3'": {'"total'": 0, '"by_type'": {}}}",7
621,3,2026-05-05 00:09:27.987551+02,5,0,0,0,0,0,"{'"Tabanovce L1'": {'"total'": 0, '"by_type'": {}}, '"Tabanovce L2'": {'"total'": 0, '"by_type'": {}}, '"Tabanovce L3'": {'"total'": 0, '"by_type'": {}}}",7
622,3,2026-05-05 00:14:28.012479+02,5,0,0,0,0,0,"{'"Tabanovce L1'": {'"total'": 0, '"by_type'": {}}, '"Tabanovce L2'": {'"total'": 0, '"by_type'": {}}, '"Tabanovce L3'": {'"total'": 0, '"by_type'": {}}}",7
623,3,2026-05-05 00:19:28.123329+02,5,0,0,0,0,0,"{'"Tabanovce L1'": {'"total'": 0, '"by_type'": {}}, '"Tabanovce L2'": {'"total'": 0, '"by_type'": {}}, '"Tabanovce L3'": {'"total'": 0, '"by_type'": {}}}",6
624,3,2026-05-05 00:24:28.24573+02,5,0,0,0,0,0,"{'"Tabanovce L1'": {'"total'": 0, '"by_type'": {}}, '"Tabanovce L2'": {'"total'": 0, '"by_type'": {}}, '"Tabanovce L3'": {'"total'": 0, '"by_type'": {}}}",5
625,3,2026-05-05 00:29:28.293464+02,5,0,0,0,0,0,"{'"Tabanovce L1'": {'"total'": 0, '"by_type'": {}}, '"Tabanovce L2'": {'"total'": 0, '"by_type'": {}}, '"Tabanovce L3'": {'"total'": 0, '"by_type'": {}}}",7.5
626,3,2026-05-05 00:34:28.441599+02,5,0,0,0,0,0,"{'"Tabanovce L1'": {'"total'": 0, '"by_type'": {}}, '"Tabanovce L2'": {'"total'": 0, '"by_type'": {}}, '"Tabanovce L3'": {'"total'": 0, '"by_type'": {}}}",7
627,3,2026-05-05 00:39:28.505002+02,5,0,0,0,0,0,"{'"Tabanovce L1'": {'"total'": 0, '"by_type'": {}}, '"Tabanovce L2'": {'"total'": 0, '"by_type'": {}}, '"Tabanovce L3'": {'"total'": 0, '"by_type'": {}}}",7.5
628,3,2026-05-05 00:44:28.611134+02,5,0,0,0,0,0,"{'"Tabanovce L1'": {'"total'": 0, '"by_type'": {}}, '"Tabanovce L2'": {'"total'": 0, '"by_type'": {}}, '"Tabanovce L3'": {'"total'": 0, '"by_type'": {}}}",7
629,3,2026-05-05 00:49:28.720005+02,5,0,0,0,0,0,"{'"Tabanovce L1'": {'"total'": 0, '"by_type'": {}}, '"Tabanovce L2'": {'"total'": 0, '"by_type'": {}}, '"Tabanovce L3'": {'"total'": 0, '"by_type'": {}}}",6
630,3,2026-05-05 00:54:28.801806+02,5,0,0,0,0,0,"{'"Tabanovce L1'": {'"total'": 0, '"by_type'": {}}, '"Tabanovce L2'": {'"total'": 0, '"by_type'": {}}, '"Tabanovce L3'": {'"total'": 0, '"by_type'": {}}}",7
631,3,2026-05-05 00:59:28.873652+02,5,0,0,0,0,0,"{'"Tabanovce L1'": {'"total'": 0, '"by_type'": {}}, '"Tabanovce L2'": {'"total'": 0, '"by_type'": {}}, '"Tabanovce L3'": {'"total'": 0, '"by_type'": {}}}",6.5
632,3,2026-05-05 01:04:28.888563+02,5,0,0,0,0,0,"{'"Tabanovce L1'": {'"total'": 0, '"by_type'": {}}, '"Tabanovce L2'": {'"total'": 0, '"by_type'": {}}, '"Tabanovce L3'": {'"total'": 0, '"by_type'": {}}}",6.5
633,3,2026-05-05 01:09:28.96108+02,5,0,0,0,0,0,"{'"Tabanovce L1'": {'"total'": 0, '"by_type'": {}}, '"Tabanovce L2'": {'"total'": 0, '"by_type'": {}}, '"Tabanovce L3'": {'"total'": 0, '"by_type'": {}}}",5.5
634,3,2026-05-05 01:14:29.058406+02,5,0,0,0,0,0,"{'"Tabanovce L1'": {'"total'": 0, '"by_type'": {}}, '"Tabanovce L2'": {'"total'": 0, '"by_type'": {}}, '"Tabanovce L3'": {'"total'": 0, '"by_type'": {}}}",6.5
635,3,2026-05-05 01:19:29.172096+02,5,0,0,0,0,0,"{'"Tabanovce L1'": {'"total'": 0, '"by_type'": {}}, '"Tabanovce L2'": {'"total'": 0, '"by_type'": {}}, '"Tabanovce L3'": {'"total'": 0, '"by_type'": {}}}",6.5
636,3,2026-05-05 01:24:29.262956+02,5,0,0,0,0,0,"{'"Tabanovce L1'": {'"total'": 0, '"by_type'": {}}, '"Tabanovce L2'": {'"total'": 0, '"by_type'": {}}, '"Tabanovce L3'": {'"total'": 0, '"by_type'": {}}}",5.5
637,3,2026-05-05 01:29:29.379667+02,5,0,0,0,0,0,"{'"Tabanovce L1'": {'"total'": 0, '"by_type'": {}}, '"Tabanovce L2'": {'"total'": 0, '"by_type'": {}}, '"Tabanovce L3'": {'"total'": 0, '"by_type'": {}}}",7.5
638,3,2026-05-05 01:34:29.451265+02,5,0,0,0,0,0,"{'"Tabanovce L1'": {'"total'": 0, '"by_type'": {}}, '"Tabanovce L2'": {'"total'": 0, '"by_type'": {}}, '"Tabanovce L3'": {'"total'": 0, '"by_type'": {}}}",5
639,3,2026-05-05 01:39:29.465572+02,5,0,0,0,0,0,"{'"Tabanovce L1'": {'"total'": 0, '"by_type'": {}}, '"Tabanovce L2'": {'"total'": 0, '"by_type'": {}}, '"Tabanovce L3'": {'"total'": 0, '"by_type'": {}}}",5
640,3,2026-05-05 01:49:08.539457+02,5,0,0,0,0,0,"{'"Tabanovce L1'": {'"total'": 0, '"by_type'": {}}, '"Tabanovce L2'": {'"total'": 0, '"by_type'": {}}, '"Tabanovce L3'": {'"total'": 0, '"by_type'": {}}}",8
641,3,2026-05-05 01:54:08.594535+02,5,0,0,0,0,0,"{'"Tabanovce L1'": {'"total'": 0, '"by_type'": {}}, '"Tabanovce L2'": {'"total'": 0, '"by_type'": {}}, '"Tabanovce L3'": {'"total'": 0, '"by_type'": {}}}",8
642,3,2026-05-05 01:59:08.689625+02,5,0,0,0,0,0,"{'"Tabanovce L1'": {'"total'": 0, '"by_type'": {}}, '"Tabanovce L2'": {'"total'": 0, '"by_type'": {}}, '"Tabanovce L3'": {'"total'": 0, '"by_type'": {}}}",8
643,3,2026-05-05 12:56:53.045748+02,5,0,0,0,0,0,"{'"Tabanovce L1'": {'"total'": 0, '"by_type'": {}}, '"Tabanovce L2'": {'"total'": 0, '"by_type'": {}}, '"Tabanovce L3'": {'"total'": 0, '"by_type'": {}}}",7.5
644,3,2026-05-05 13:01:53.187857+02,5,0,0,0,0,0,"{'"Tabanovce L1'": {'"total'": 0, '"by_type'": {}}, '"Tabanovce L2'": {'"total'": 0, '"by_type'": {}}, '"Tabanovce L3'": {'"total'": 0, '"by_type'": {}}}",7.5
645,3,2026-05-05 13:06:53.310214+02,5,2,0,0,0,2,"{'"Tabanovce L1'": {'"total'": 2, '"by_type'": {'"truck'": 2}}, '"Tabanovce L2'": {'"total'": 0, '"by_type'": {}}, '"Tabanovce L3'": {'"total'": 0, '"by_type'": {}}}",8
646,3,2026-05-05 13:11:53.40057+02,5,2,0,0,0,2,"{'"Tabanovce L1'": {'"total'": 2, '"by_type'": {'"truck'": 2}}, '"Tabanovce L2'": {'"total'": 0, '"by_type'": {}}, '"Tabanovce L3'": {'"total'": 0, '"by_type'": {}}}",8
647,3,2026-05-05 13:17:00.678557+02,5,1,0,0,0,1,"{'"Tabanovce L1'": {'"total'": 1, '"by_type'": {'"truck'": 1}}, '"Tabanovce L2'": {'"total'": 0, '"by_type'": {}}, '"Tabanovce L3'": {'"total'": 0, '"by_type'": {}}}",0.5
648,3,2026-05-05 13:22:00.892876+02,5,2,0,0,0,2,"{'"Tabanovce L1'": {'"total'": 2, '"by_type'": {'"truck'": 2}}, '"Tabanovce L2'": {'"total'": 0, '"by_type'": {}}, '"Tabanovce L3'": {'"total'": 0, '"by_type'": {}}}",4.5
649,3,2026-05-05 13:27:01.042439+02,5,2,0,0,0,2,"{'"Tabanovce L1'": {'"total'": 2, '"by_type'": {'"truck'": 2}}, '"Tabanovce L2'": {'"total'": 0, '"by_type'": {}}, '"Tabanovce L3'": {'"total'": 0, '"by_type'": {}}}",4.5
650,3,2026-05-05 13:32:01.265742+02,5,2,0,0,0,2,"{'"Tabanovce L1'": {'"total'": 2, '"by_type'": {'"truck'": 2}}, '"Tabanovce L2'": {'"total'": 0, '"by_type'": {}}, '"Tabanovce L3'": {'"total'": 0, '"by_type'": {}}}",4
651,3,2026-05-05 13:37:01.330347+02,5,1,0,0,0,1,"{'"Tabanovce L1'": {'"total'": 1, '"by_type'": {'"truck'": 1}}, '"Tabanovce L2'": {'"total'": 0, '"by_type'": {}}, '"Tabanovce L3'": {'"total'": 0, '"by_type'": {}}}",6
652,3,2026-05-05 13:44:48.727251+02,5,0,0,0,0,0,"{'"Tabanovce L1'": {'"total'": 0, '"by_type'": {}}, '"Tabanovce L2'": {'"total'": 0, '"by_type'": {}}, '"Tabanovce L3'": {'"total'": 0, '"by_type'": {}}}",6
653,3,2026-05-05 13:49:48.814141+02,5,1,0,0,0,1,"{'"Tabanovce L1'": {'"total'": 1, '"by_type'": {'"truck'": 1}}, '"Tabanovce L2'": {'"total'": 0, '"by_type'": {}}, '"Tabanovce L3'": {'"total'": 0, '"by_type'": {}}}",6.5
654,3,2026-05-05 13:54:48.902779+02,5,1,0,0,0,1,"{'"Tabanovce L1'": {'"total'": 1, '"by_type'": {'"truck'": 1}}, '"Tabanovce L2'": {'"total'": 0, '"by_type'": {}}, '"Tabanovce L3'": {'"total'": 0, '"by_type'": {}}}",7
655,3,2026-05-05 13:59:49.020291+02,5,2,0,0,0,2,"{'"Tabanovce L1'": {'"total'": 2, '"by_type'": {'"truck'": 2}}, '"Tabanovce L2'": {'"total'": 0, '"by_type'": {}}, '"Tabanovce L3'": {'"total'": 0, '"by_type'": {}}}",5
656,3,2026-05-05 14:04:49.042436+02,5,2,0,0,0,2,"{'"Tabanovce L1'": {'"total'": 2, '"by_type'": {'"truck'": 2}}, '"Tabanovce L2'": {'"total'": 0, '"by_type'": {}}, '"Tabanovce L3'": {'"total'": 0, '"by_type'": {}}}",4
657,3,2026-05-05 14:09:49.200864+02,5,1,0,0,0,1,"{'"Tabanovce L1'": {'"total'": 1, '"by_type'": {'"truck'": 1}}, '"Tabanovce L2'": {'"total'": 0, '"by_type'": {}}, '"Tabanovce L3'": {'"total'": 0, '"by_type'": {}}}",4.5
658,3,2026-05-05 14:14:49.362241+02,5,4,0,0,2,2,"{'"Tabanovce L1'": {'"total'": 4, '"by_type'": {'"bus'": 2, '"truck'": 2}}, '"Tabanovce L2'": {'"total'": 0, '"by_type'": {}}, '"Tabanovce L3'": {'"total'": 0, '"by_type'": {}}}",4.5
659,3,2026-05-05 14:19:49.37353+02,5,3,0,0,0,3,"{'"Tabanovce L1'": {'"total'": 3, '"by_type'": {'"truck'": 3}}, '"Tabanovce L2'": {'"total'": 0, '"by_type'": {}}, '"Tabanovce L3'": {'"total'": 0, '"by_type'": {}}}",7.5
660,3,2026-05-05 14:24:49.500348+02,5,4,0,0,0,4,"{'"Tabanovce L1'": {'"total'": 4, '"by_type'": {'"truck'": 4}}, '"Tabanovce L2'": {'"total'": 0, '"by_type'": {}}, '"Tabanovce L3'": {'"total'": 0, '"by_type'": {}}}",8
661,3,2026-05-05 14:29:49.598588+02,5,3,0,0,0,3,"{'"Tabanovce L1'": {'"total'": 3, '"by_type'": {'"truck'": 3}}, '"Tabanovce L2'": {'"total'": 0, '"by_type'": {}}, '"Tabanovce L3'": {'"total'": 0, '"by_type'": {}}}",7.5
662,3,2026-05-05 14:34:55.610932+02,5,3,0,0,0,3,"{'"Tabanovce L1'": {'"total'": 3, '"by_type'": {'"truck'": 3}}, '"Tabanovce L2'": {'"total'": 0, '"by_type'": {}}, '"Tabanovce L3'": {'"total'": 0, '"by_type'": {}}}",0.5
663,3,2026-05-05 14:39:55.685592+02,5,1,0,0,0,1,"{'"Tabanovce L1'": {'"total'": 1, '"by_type'": {'"truck'": 1}}, '"Tabanovce L2'": {'"total'": 0, '"by_type'": {}}, '"Tabanovce L3'": {'"total'": 0, '"by_type'": {}}}",7.5
664,3,2026-05-05 14:44:55.732914+02,5,2,0,0,1,1,"{'"Tabanovce L1'": {'"total'": 2, '"by_type'": {'"bus'": 1, '"truck'": 1}}, '"Tabanovce L2'": {'"total'": 0, '"by_type'": {}}, '"Tabanovce L3'": {'"total'": 0, '"by_type'": {}}}",7.5
665,3,2026-05-05 14:49:55.75639+02,5,2,1,0,0,1,"{'"Tabanovce L1'": {'"total'": 1, '"by_type'": {'"truck'": 1}}, '"Tabanovce L2'": {'"total'": 0, '"by_type'": {}}, '"Tabanovce L3'": {'"total'": 1, '"by_type'": {'"car'": 1}}}",7.5
666,3,2026-05-05 14:54:55.858209+02,5,1,0,0,0,1,"{'"Tabanovce L1'": {'"total'": 1, '"by_type'": {'"truck'": 1}}, '"Tabanovce L2'": {'"total'": 0, '"by_type'": {}}, '"Tabanovce L3'": {'"total'": 0, '"by_type'": {}}}",6.5
667,3,2026-05-05 14:59:58.588187+02,5,1,0,0,0,1,"{'"Tabanovce L1'": {'"total'": 1, '"by_type'": {'"truck'": 1}}, '"Tabanovce L2'": {'"total'": 0, '"by_type'": {}}, '"Tabanovce L3'": {'"total'": 0, '"by_type'": {}}}",0.5
668,3,2026-05-05 15:04:58.59795+02,5,1,0,0,0,1,"{'"Tabanovce L1'": {'"total'": 1, '"by_type'": {'"truck'": 1}}, '"Tabanovce L2'": {'"total'": 0, '"by_type'": {}}, '"Tabanovce L3'": {'"total'": 0, '"by_type'": {}}}",7.5
669,3,2026-05-05 15:09:58.660836+02,5,2,0,0,0,2,"{'"Tabanovce L1'": {'"total'": 2, '"by_type'": {'"truck'": 2}}, '"Tabanovce L2'": {'"total'": 0, '"by_type'": {}}, '"Tabanovce L3'": {'"total'": 0, '"by_type'": {}}}",7.5
670,3,2026-05-05 15:14:58.698098+02,5,2,0,0,0,2,"{'"Tabanovce L1'": {'"total'": 2, '"by_type'": {'"truck'": 2}}, '"Tabanovce L2'": {'"total'": 0, '"by_type'": {}}, '"Tabanovce L3'": {'"total'": 0, '"by_type'": {}}}",7
671,3,2026-05-05 15:19:58.811946+02,5,2,0,0,0,2,"{'"Tabanovce L1'": {'"total'": 2, '"by_type'": {'"truck'": 2}}, '"Tabanovce L2'": {'"total'": 0, '"by_type'": {}}, '"Tabanovce L3'": {'"total'": 0, '"by_type'": {}}}",7
672,3,2026-05-05 15:24:58.905158+02,5,4,0,0,0,4,"{'"Tabanovce L1'": {'"total'": 4, '"by_type'": {'"truck'": 4}}, '"Tabanovce L2'": {'"total'": 0, '"by_type'": {}}, '"Tabanovce L3'": {'"total'": 0, '"by_type'": {}}}",7
673,3,2026-05-05 15:30:00.194976+02,5,1,0,0,0,1,"{'"Tabanovce L1'": {'"total'": 1, '"by_type'": {'"truck'": 1}}, '"Tabanovce L2'": {'"total'": 0, '"by_type'": {}}, '"Tabanovce L3'": {'"total'": 0, '"by_type'": {}}}",0.5
674,3,2026-05-05 15:35:00.283098+02,5,5,0,0,0,5,"{'"Tabanovce L1'": {'"total'": 5, '"by_type'": {'"truck'": 5}}, '"Tabanovce L2'": {'"total'": 0, '"by_type'": {}}, '"Tabanovce L3'": {'"total'": 0, '"by_type'": {}}}",6.5
675,3,2026-05-05 15:40:00.394571+02,5,2,0,0,0,2,"{'"Tabanovce L1'": {'"total'": 2, '"by_type'": {'"truck'": 2}}, '"Tabanovce L2'": {'"total'": 0, '"by_type'": {}}, '"Tabanovce L3'": {'"total'": 0, '"by_type'": {}}}",6.5
676,3,2026-05-05 15:45:00.42375+02,5,3,0,0,0,3,"{'"Tabanovce L1'": {'"total'": 3, '"by_type'": {'"truck'": 3}}, '"Tabanovce L2'": {'"total'": 0, '"by_type'": {}}, '"Tabanovce L3'": {'"total'": 0, '"by_type'": {}}}",6.5
677,3,2026-05-05 15:50:00.514033+02,5,2,1,0,0,1,"{'"Tabanovce L1'": {'"total'": 1, '"by_type'": {'"truck'": 1}}, '"Tabanovce L2'": {'"total'": 1, '"by_type'": {'"car'": 1}}, '"Tabanovce L3'": {'"total'": 0, '"by_type'": {}}}",6
678,3,2026-05-05 15:55:00.54665+02,5,2,0,0,0,2,"{'"Tabanovce L1'": {'"total'": 2, '"by_type'": {'"truck'": 2}}, '"Tabanovce L2'": {'"total'": 0, '"by_type'": {}}, '"Tabanovce L3'": {'"total'": 0, '"by_type'": {}}}",7.5
679,3,2026-05-05 16:00:00.586272+02,5,6,0,0,0,6,"{'"Tabanovce L1'": {'"total'": 6, '"by_type'": {'"truck'": 6}}, '"Tabanovce L2'": {'"total'": 0, '"by_type'": {}}, '"Tabanovce L3'": {'"total'": 0, '"by_type'": {}}}",5.5
680,3,2026-05-05 16:05:00.608418+02,5,4,0,0,0,4,"{'"Tabanovce L1'": {'"total'": 4, '"by_type'": {'"truck'": 4}}, '"Tabanovce L2'": {'"total'": 0, '"by_type'": {}}, '"Tabanovce L3'": {'"total'": 0, '"by_type'": {}}}",6.5
681,3,2026-05-05 16:10:00.706319+02,5,6,1,0,0,5,"{'"Tabanovce L1'": {'"total'": 6, '"by_type'": {'"car'": 1, '"truck'": 5}}, '"Tabanovce L2'": {'"total'": 0, '"by_type'": {}}, '"Tabanovce L3'": {'"total'": 0, '"by_type'": {}}}",7.5
682,3,2026-05-05 16:15:00.827108+02,5,6,1,0,0,5,"{'"Tabanovce L1'": {'"total'": 6, '"by_type'": {'"car'": 1, '"truck'": 5}}, '"Tabanovce L2'": {'"total'": 0, '"by_type'": {}}, '"Tabanovce L3'": {'"total'": 0, '"by_type'": {}}}",7
683,3,2026-05-05 16:20:00.863019+02,5,2,0,0,0,2,"{'"Tabanovce L1'": {'"total'": 2, '"by_type'": {'"truck'": 2}}, '"Tabanovce L2'": {'"total'": 0, '"by_type'": {}}, '"Tabanovce L3'": {'"total'": 0, '"by_type'": {}}}",7.5
684,3,2026-05-05 16:25:00.902531+02,5,1,0,0,0,1,"{'"Tabanovce L1'": {'"total'": 1, '"by_type'": {'"truck'": 1}}, '"Tabanovce L2'": {'"total'": 0, '"by_type'": {}}, '"Tabanovce L3'": {'"total'": 0, '"by_type'": {}}}",6.5
685,3,2026-05-05 16:30:00.928056+02,5,1,0,0,0,1,"{'"Tabanovce L1'": {'"total'": 1, '"by_type'": {'"truck'": 1}}, '"Tabanovce L2'": {'"total'": 0, '"by_type'": {}}, '"Tabanovce L3'": {'"total'": 0, '"by_type'": {}}}",7.5
686,3,2026-05-05 16:35:05.359562+02,5,0,0,0,0,0,"{'"Tabanovce L1'": {'"total'": 0, '"by_type'": {}}, '"Tabanovce L2'": {'"total'": 0, '"by_type'": {}}, '"Tabanovce L3'": {'"total'": 0, '"by_type'": {}}}",0.5
687,3,2026-05-05 16:40:05.44189+02,5,0,0,0,0,0,"{'"Tabanovce L1'": {'"total'": 0, '"by_type'": {}}, '"Tabanovce L2'": {'"total'": 0, '"by_type'": {}}, '"Tabanovce L3'": {'"total'": 0, '"by_type'": {}}}",7
688,3,2026-05-05 16:45:05.458589+02,5,1,0,0,0,1,"{'"Tabanovce L1'": {'"total'": 1, '"by_type'": {'"truck'": 1}}, '"Tabanovce L2'": {'"total'": 0, '"by_type'": {}}, '"Tabanovce L3'": {'"total'": 0, '"by_type'": {}}}",8
689,3,2026-05-05 16:50:05.549208+02,5,1,0,0,0,1,"{'"Tabanovce L1'": {'"total'": 1, '"by_type'": {'"truck'": 1}}, '"Tabanovce L2'": {'"total'": 0, '"by_type'": {}}, '"Tabanovce L3'": {'"total'": 0, '"by_type'": {}}}",8
690,3,2026-05-05 16:55:05.674302+02,5,1,0,0,0,1,"{'"Tabanovce L1'": {'"total'": 1, '"by_type'": {'"truck'": 1}}, '"Tabanovce L2'": {'"total'": 0, '"by_type'": {}}, '"Tabanovce L3'": {'"total'": 0, '"by_type'": {}}}",8
691,3,2026-05-05 17:00:07.971291+02,5,1,0,0,0,1,"{'"Tabanovce L1'": {'"total'": 1, '"by_type'": {'"truck'": 1}}, '"Tabanovce L2'": {'"total'": 0, '"by_type'": {}}, '"Tabanovce L3'": {'"total'": 0, '"by_type'": {}}}",0.5
692,3,2026-05-05 17:05:08.007395+02,5,1,0,0,0,1,"{'"Tabanovce L1'": {'"total'": 1, '"by_type'": {'"truck'": 1}}, '"Tabanovce L2'": {'"total'": 0, '"by_type'": {}}, '"Tabanovce L3'": {'"total'": 0, '"by_type'": {}}}",5.5
693,3,2026-05-05 17:10:08.063456+02,5,5,0,0,0,5,"{'"Tabanovce L1'": {'"total'": 5, '"by_type'": {'"truck'": 5}}, '"Tabanovce L2'": {'"total'": 0, '"by_type'": {}}, '"Tabanovce L3'": {'"total'": 0, '"by_type'": {}}}",6.5
694,3,2026-05-05 17:15:08.2399+02,5,3,1,0,0,2,"{'"Tabanovce L1'": {'"total'": 2, '"by_type'": {'"truck'": 2}}, '"Tabanovce L2'": {'"total'": 0, '"by_type'": {}}, '"Tabanovce L3'": {'"total'": 1, '"by_type'": {'"car'": 1}}}",6
695,3,2026-05-05 17:20:10.521516+02,5,4,0,0,0,4,"{'"Tabanovce L1'": {'"total'": 4, '"by_type'": {'"truck'": 4}}, '"Tabanovce L2'": {'"total'": 0, '"by_type'": {}}, '"Tabanovce L3'": {'"total'": 0, '"by_type'": {}}}",0.5
696,3,2026-05-05 17:25:10.650835+02,5,6,0,0,0,6,"{'"Tabanovce L1'": {'"total'": 6, '"by_type'": {'"truck'": 6}}, '"Tabanovce L2'": {'"total'": 0, '"by_type'": {}}, '"Tabanovce L3'": {'"total'": 0, '"by_type'": {}}}",7.5
697,3,2026-05-05 17:30:10.734268+02,5,5,0,0,0,5,"{'"Tabanovce L1'": {'"total'": 5, '"by_type'": {'"truck'": 5}}, '"Tabanovce L2'": {'"total'": 0, '"by_type'": {}}, '"Tabanovce L3'": {'"total'": 0, '"by_type'": {}}}",7.5
698,3,2026-05-05 17:55:43.644014+02,5,3,0,0,0,3,"{'"Tabanovce L1'": {'"total'": 3, '"by_type'": {'"truck'": 3}}, '"Tabanovce L2'": {'"total'": 0, '"by_type'": {}}, '"Tabanovce L3'": {'"total'": 0, '"by_type'": {}}}",6
699,3,2026-05-05 18:00:43.721905+02,5,5,1,0,0,4,"{'"Tabanovce L1'": {'"total'": 4, '"by_type'": {'"truck'": 4}}, '"Tabanovce L2'": {'"total'": 1, '"by_type'": {'"car'": 1}}, '"Tabanovce L3'": {'"total'": 0, '"by_type'": {}}}",6.5
700,3,2026-05-05 18:05:43.822897+02,5,2,0,0,0,2,"{'"Tabanovce L1'": {'"total'": 2, '"by_type'": {'"truck'": 2}}, '"Tabanovce L2'": {'"total'": 0, '"by_type'": {}}, '"Tabanovce L3'": {'"total'": 0, '"by_type'": {}}}",6.5
701,3,2026-05-05 18:10:43.89096+02,5,1,0,0,0,1,"{'"Tabanovce L1'": {'"total'": 1, '"by_type'": {'"truck'": 1}}, '"Tabanovce L2'": {'"total'": 0, '"by_type'": {}}, '"Tabanovce L3'": {'"total'": 0, '"by_type'": {}}}",6
702,3,2026-05-05 18:15:43.898368+02,5,1,0,0,0,1,"{'"Tabanovce L1'": {'"total'": 1, '"by_type'": {'"truck'": 1}}, '"Tabanovce L2'": {'"total'": 0, '"by_type'": {}}, '"Tabanovce L3'": {'"total'": 0, '"by_type'": {}}}",6.5
703,3,2026-05-05 18:20:44.023906+02,5,2,0,0,0,2,"{'"Tabanovce L1'": {'"total'": 2, '"by_type'": {'"truck'": 2}}, '"Tabanovce L2'": {'"total'": 0, '"by_type'": {}}, '"Tabanovce L3'": {'"total'": 0, '"by_type'": {}}}",7.5
704,3,2026-05-05 18:25:47.263472+02,5,1,0,0,0,1,"{'"Tabanovce L1'": {'"total'": 1, '"by_type'": {'"truck'": 1}}, '"Tabanovce L2'": {'"total'": 0, '"by_type'": {}}, '"Tabanovce L3'": {'"total'": 0, '"by_type'": {}}}",0.5
705,3,2026-05-05 18:30:47.342779+02,5,2,0,0,0,2,"{'"Tabanovce L1'": {'"total'": 2, '"by_type'": {'"truck'": 2}}, '"Tabanovce L2'": {'"total'": 0, '"by_type'": {}}, '"Tabanovce L3'": {'"total'": 0, '"by_type'": {}}}",8
706,3,2026-05-05 18:35:47.466186+02,5,1,0,0,0,1,"{'"Tabanovce L1'": {'"total'": 1, '"by_type'": {'"truck'": 1}}, '"Tabanovce L2'": {'"total'": 0, '"by_type'": {}}, '"Tabanovce L3'": {'"total'": 0, '"by_type'": {}}}",6.5
707,3,2026-05-05 18:40:47.542433+02,5,1,0,0,0,1,"{'"Tabanovce L1'": {'"total'": 1, '"by_type'": {'"truck'": 1}}, '"Tabanovce L2'": {'"total'": 0, '"by_type'": {}}, '"Tabanovce L3'": {'"total'": 0, '"by_type'": {}}}",5
708,3,2026-05-05 18:45:47.699826+02,5,2,0,0,0,2,"{'"Tabanovce L1'": {'"total'": 2, '"by_type'": {'"truck'": 2}}, '"Tabanovce L2'": {'"total'": 0, '"by_type'": {}}, '"Tabanovce L3'": {'"total'": 0, '"by_type'": {}}}",5
709,3,2026-05-05 18:50:47.828973+02,5,3,1,0,0,2,"{'"Tabanovce L1'": {'"total'": 2, '"by_type'": {'"truck'": 2}}, '"Tabanovce L2'": {'"total'": 0, '"by_type'": {}}, '"Tabanovce L3'": {'"total'": 1, '"by_type'": {'"car'": 1}}}",5
710,3,2026-05-05 18:55:48.013969+02,5,2,0,0,0,2,"{'"Tabanovce L1'": {'"total'": 2, '"by_type'": {'"truck'": 2}}, '"Tabanovce L2'": {'"total'": 0, '"by_type'": {}}, '"Tabanovce L3'": {'"total'": 0, '"by_type'": {}}}",5
711,3,2026-05-05 19:00:48.161247+02,5,2,0,0,0,2,"{'"Tabanovce L1'": {'"total'": 2, '"by_type'": {'"truck'": 2}}, '"Tabanovce L2'": {'"total'": 0, '"by_type'": {}}, '"Tabanovce L3'": {'"total'": 0, '"by_type'": {}}}",5
712,3,2026-05-05 19:05:48.33071+02,5,6,2,0,0,4,"{'"Tabanovce L1'": {'"total'": 4, '"by_type'": {'"truck'": 4}}, '"Tabanovce L2'": {'"total'": 0, '"by_type'": {}}, '"Tabanovce L3'": {'"total'": 2, '"by_type'": {'"car'": 2}}}",4.5
713,3,2026-05-05 19:10:48.548751+02,5,2,0,0,0,2,"{'"Tabanovce L1'": {'"total'": 2, '"by_type'": {'"truck'": 2}}, '"Tabanovce L2'": {'"total'": 0, '"by_type'": {}}, '"Tabanovce L3'": {'"total'": 0, '"by_type'": {}}}",4.5
714,3,2026-05-05 19:15:48.606368+02,5,4,0,0,0,4,"{'"Tabanovce L1'": {'"total'": 4, '"by_type'": {'"truck'": 4}}, '"Tabanovce L2'": {'"total'": 0, '"by_type'": {}}, '"Tabanovce L3'": {'"total'": 0, '"by_type'": {}}}",5
715,3,2026-05-05 19:20:48.735243+02,5,4,0,0,0,4,"{'"Tabanovce L1'": {'"total'": 4, '"by_type'": {'"truck'": 4}}, '"Tabanovce L2'": {'"total'": 0, '"by_type'": {}}, '"Tabanovce L3'": {'"total'": 0, '"by_type'": {}}}",5
716,3,2026-05-05 19:25:48.747988+02,5,4,0,0,0,4,"{'"Tabanovce L1'": {'"total'": 4, '"by_type'": {'"truck'": 4}}, '"Tabanovce L2'": {'"total'": 0, '"by_type'": {}}, '"Tabanovce L3'": {'"total'": 0, '"by_type'": {}}}",5
717,3,2026-05-05 19:30:48.898578+02,5,5,0,0,0,5,"{'"Tabanovce L1'": {'"total'": 5, '"by_type'": {'"truck'": 5}}, '"Tabanovce L2'": {'"total'": 0, '"by_type'": {}}, '"Tabanovce L3'": {'"total'": 0, '"by_type'": {}}}",5
718,3,2026-05-05 19:35:49.02519+02,5,5,1,0,0,4,"{'"Tabanovce L1'": {'"total'": 4, '"by_type'": {'"truck'": 4}}, '"Tabanovce L2'": {'"total'": 0, '"by_type'": {}}, '"Tabanovce L3'": {'"total'": 1, '"by_type'": {'"car'": 1}}}",7.5
719,3,2026-05-05 19:40:49.033092+02,5,3,0,0,0,3,"{'"Tabanovce L1'": {'"total'": 3, '"by_type'": {'"truck'": 3}}, '"Tabanovce L2'": {'"total'": 0, '"by_type'": {}}, '"Tabanovce L3'": {'"total'": 0, '"by_type'": {}}}",8
720,3,2026-05-05 19:45:49.115988+02,5,3,0,0,0,3,"{'"Tabanovce L1'": {'"total'": 3, '"by_type'": {'"truck'": 3}}, '"Tabanovce L2'": {'"total'": 0, '"by_type'": {}}, '"Tabanovce L3'": {'"total'": 0, '"by_type'": {}}}",7
721,3,2026-05-05 19:50:56.710626+02,5,3,0,0,0,3,"{'"Tabanovce L1'": {'"total'": 3, '"by_type'": {'"truck'": 3}}, '"Tabanovce L2'": {'"total'": 0, '"by_type'": {}}, '"Tabanovce L3'": {'"total'": 0, '"by_type'": {}}}",0.5
722,3,2026-05-05 19:55:56.861457+02,5,3,0,0,0,3,"{'"Tabanovce L1'": {'"total'": 3, '"by_type'": {'"truck'": 3}}, '"Tabanovce L2'": {'"total'": 0, '"by_type'": {}}, '"Tabanovce L3'": {'"total'": 0, '"by_type'": {}}}",5
723,3,2026-05-05 20:00:56.941725+02,5,2,0,0,0,2,"{'"Tabanovce L1'": {'"total'": 2, '"by_type'": {'"truck'": 2}}, '"Tabanovce L2'": {'"total'": 0, '"by_type'": {}}, '"Tabanovce L3'": {'"total'": 0, '"by_type'": {}}}",7.5
724,3,2026-05-05 20:05:57.03986+02,5,3,0,0,0,3,"{'"Tabanovce L1'": {'"total'": 3, '"by_type'": {'"truck'": 3}}, '"Tabanovce L2'": {'"total'": 0, '"by_type'": {}}, '"Tabanovce L3'": {'"total'": 0, '"by_type'": {}}}",8
725,3,2026-05-05 20:10:57.138201+02,5,2,0,0,0,2,"{'"Tabanovce L1'": {'"total'": 2, '"by_type'": {'"truck'": 2}}, '"Tabanovce L2'": {'"total'": 0, '"by_type'": {}}, '"Tabanovce L3'": {'"total'": 0, '"by_type'": {}}}",8
726,3,2026-05-05 20:16:02.046592+02,5,2,0,0,0,2,"{'"Tabanovce L1'": {'"total'": 2, '"by_type'": {'"truck'": 2}}, '"Tabanovce L2'": {'"total'": 0, '"by_type'": {}}, '"Tabanovce L3'": {'"total'": 0, '"by_type'": {}}}",0.5
727,3,2026-05-05 20:21:02.098791+02,5,1,0,0,0,1,"{'"Tabanovce L1'": {'"total'": 1, '"by_type'": {'"truck'": 1}}, '"Tabanovce L2'": {'"total'": 0, '"by_type'": {}}, '"Tabanovce L3'": {'"total'": 0, '"by_type'": {}}}",8
728,3,2026-05-05 20:26:02.12674+02,5,1,0,0,0,1,"{'"Tabanovce L1'": {'"total'": 1, '"by_type'": {'"truck'": 1}}, '"Tabanovce L2'": {'"total'": 0, '"by_type'": {}}, '"Tabanovce L3'": {'"total'": 0, '"by_type'": {}}}",8
729,3,2026-05-05 20:31:02.189913+02,5,1,0,0,0,1,"{'"Tabanovce L1'": {'"total'": 1, '"by_type'": {'"truck'": 1}}, '"Tabanovce L2'": {'"total'": 0, '"by_type'": {}}, '"Tabanovce L3'": {'"total'": 0, '"by_type'": {}}}",8
730,3,2026-05-05 20:36:02.314002+02,5,3,0,0,0,3,"{'"Tabanovce L1'": {'"total'": 3, '"by_type'": {'"truck'": 3}}, '"Tabanovce L2'": {'"total'": 0, '"by_type'": {}}, '"Tabanovce L3'": {'"total'": 0, '"by_type'": {}}}",7
731,3,2026-05-05 20:41:06.165982+02,5,2,0,0,0,2,"{'"Tabanovce L1'": {'"total'": 2, '"by_type'": {'"truck'": 2}}, '"Tabanovce L2'": {'"total'": 0, '"by_type'": {}}, '"Tabanovce L3'": {'"total'": 0, '"by_type'": {}}}",0.5
732,3,2026-05-05 20:46:06.232921+02,5,2,1,0,0,1,"{'"Tabanovce L1'": {'"total'": 2, '"by_type'": {'"car'": 1, '"truck'": 1}}, '"Tabanovce L2'": {'"total'": 0, '"by_type'": {}}, '"Tabanovce L3'": {'"total'": 0, '"by_type'": {}}}",7
733,3,2026-05-05 20:51:06.249398+02,5,3,0,0,0,3,"{'"Tabanovce L1'": {'"total'": 3, '"by_type'": {'"truck'": 3}}, '"Tabanovce L2'": {'"total'": 0, '"by_type'": {}}, '"Tabanovce L3'": {'"total'": 0, '"by_type'": {}}}",7.5
734,3,2026-05-05 20:56:06.28299+02,5,2,0,0,0,2,"{'"Tabanovce L1'": {'"total'": 2, '"by_type'": {'"truck'": 2}}, '"Tabanovce L2'": {'"total'": 0, '"by_type'": {}}, '"Tabanovce L3'": {'"total'": 0, '"by_type'": {}}}",6.5
735,3,2026-05-05 21:01:10.191339+02,5,1,0,0,0,1,"{'"Tabanovce L1'": {'"total'": 1, '"by_type'": {'"truck'": 1}}, '"Tabanovce L2'": {'"total'": 0, '"by_type'": {}}, '"Tabanovce L3'": {'"total'": 0, '"by_type'": {}}}",0.5
736,3,2026-05-05 21:06:10.312273+02,5,4,0,0,0,4,"{'"Tabanovce L1'": {'"total'": 4, '"by_type'": {'"truck'": 4}}, '"Tabanovce L2'": {'"total'": 0, '"by_type'": {}}, '"Tabanovce L3'": {'"total'": 0, '"by_type'": {}}}",7.5
737,3,2026-05-05 21:11:14.713801+02,5,2,0,0,0,2,"{'"Tabanovce L1'": {'"total'": 2, '"by_type'": {'"truck'": 2}}, '"Tabanovce L2'": {'"total'": 0, '"by_type'": {}}, '"Tabanovce L3'": {'"total'": 0, '"by_type'": {}}}",0.5
738,3,2026-05-05 21:16:14.831069+02,5,2,0,0,0,2,"{'"Tabanovce L1'": {'"total'": 2, '"by_type'": {'"truck'": 2}}, '"Tabanovce L2'": {'"total'": 0, '"by_type'": {}}, '"Tabanovce L3'": {'"total'": 0, '"by_type'": {}}}",7.5
739,3,2026-05-05 21:21:14.912291+02,5,3,0,0,0,3,"{'"Tabanovce L1'": {'"total'": 3, '"by_type'": {'"truck'": 3}}, '"Tabanovce L2'": {'"total'": 0, '"by_type'": {}}, '"Tabanovce L3'": {'"total'": 0, '"by_type'": {}}}",8
740,3,2026-05-05 21:26:14.942449+02,5,2,0,0,0,2,"{'"Tabanovce L1'": {'"total'": 2, '"by_type'": {'"truck'": 2}}, '"Tabanovce L2'": {'"total'": 0, '"by_type'": {}}, '"Tabanovce L3'": {'"total'": 0, '"by_type'": {}}}",7.5
741,3,2026-05-05 21:31:15.04571+02,5,2,0,0,0,2,"{'"Tabanovce L1'": {'"total'": 2, '"by_type'": {'"truck'": 2}}, '"Tabanovce L2'": {'"total'": 0, '"by_type'": {}}, '"Tabanovce L3'": {'"total'": 0, '"by_type'": {}}}",7.5
742,3,2026-05-05 21:36:15.194091+02,5,2,0,0,0,2,"{'"Tabanovce L1'": {'"total'": 2, '"by_type'": {'"truck'": 2}}, '"Tabanovce L2'": {'"total'": 0, '"by_type'": {}}, '"Tabanovce L3'": {'"total'": 0, '"by_type'": {}}}",5.5
743,3,2026-05-05 21:41:15.210208+02,5,4,0,0,0,4,"{'"Tabanovce L1'": {'"total'": 4, '"by_type'": {'"truck'": 4}}, '"Tabanovce L2'": {'"total'": 0, '"by_type'": {}}, '"Tabanovce L3'": {'"total'": 0, '"by_type'": {}}}",5.5
744,3,2026-05-05 21:46:15.226377+02,5,4,0,0,0,4,"{'"Tabanovce L1'": {'"total'": 4, '"by_type'": {'"truck'": 4}}, '"Tabanovce L2'": {'"total'": 0, '"by_type'": {}}, '"Tabanovce L3'": {'"total'": 0, '"by_type'": {}}}",6.5
745,3,2026-05-05 21:51:15.376837+02,5,5,1,0,0,4,"{'"Tabanovce L1'": {'"total'": 5, '"by_type'": {'"car'": 1, '"truck'": 4}}, '"Tabanovce L2'": {'"total'": 0, '"by_type'": {}}, '"Tabanovce L3'": {'"total'": 0, '"by_type'": {}}}",7
746,3,2026-05-05 21:56:15.433864+02,5,2,0,0,0,2,"{'"Tabanovce L1'": {'"total'": 2, '"by_type'": {'"truck'": 2}}, '"Tabanovce L2'": {'"total'": 0, '"by_type'": {}}, '"Tabanovce L3'": {'"total'": 0, '"by_type'": {}}}",8
747,3,2026-05-05 22:01:20.229878+02,5,4,0,0,0,4,"{'"Tabanovce L1'": {'"total'": 4, '"by_type'": {'"truck'": 4}}, '"Tabanovce L2'": {'"total'": 0, '"by_type'": {}}, '"Tabanovce L3'": {'"total'": 0, '"by_type'": {}}}",0.5
748,3,2026-05-05 22:06:20.279549+02,5,2,0,0,0,2,"{'"Tabanovce L1'": {'"total'": 2, '"by_type'": {'"truck'": 2}}, '"Tabanovce L2'": {'"total'": 0, '"by_type'": {}}, '"Tabanovce L3'": {'"total'": 0, '"by_type'": {}}}",8
749,3,2026-05-05 22:11:20.337926+02,5,3,1,0,0,2,"{'"Tabanovce L1'": {'"total'": 2, '"by_type'": {'"truck'": 2}}, '"Tabanovce L2'": {'"total'": 0, '"by_type'": {}}, '"Tabanovce L3'": {'"total'": 1, '"by_type'": {'"car'": 1}}}",7.5
750,3,2026-05-05 22:16:20.466032+02,5,1,0,0,0,1,"{'"Tabanovce L1'": {'"total'": 1, '"by_type'": {'"truck'": 1}}, '"Tabanovce L2'": {'"total'": 0, '"by_type'": {}}, '"Tabanovce L3'": {'"total'": 0, '"by_type'": {}}}",8
751,3,2026-05-05 22:21:20.598942+02,5,3,0,0,0,3,"{'"Tabanovce L1'": {'"total'": 3, '"by_type'": {'"truck'": 3}}, '"Tabanovce L2'": {'"total'": 0, '"by_type'": {}}, '"Tabanovce L3'": {'"total'": 0, '"by_type'": {}}}",7.5
752,3,2026-05-05 22:26:20.651817+02,5,2,0,0,0,2,"{'"Tabanovce L1'": {'"total'": 2, '"by_type'": {'"truck'": 2}}, '"Tabanovce L2'": {'"total'": 0, '"by_type'": {}}, '"Tabanovce L3'": {'"total'": 0, '"by_type'": {}}}",8
753,3,2026-05-05 22:31:20.725193+02,5,0,0,0,0,0,"{'"Tabanovce L1'": {'"total'": 0, '"by_type'": {}}, '"Tabanovce L2'": {'"total'": 0, '"by_type'": {}}, '"Tabanovce L3'": {'"total'": 0, '"by_type'": {}}}",8
754,3,2026-05-05 22:36:20.795944+02,5,1,0,0,0,1,"{'"Tabanovce L1'": {'"total'": 1, '"by_type'": {'"truck'": 1}}, '"Tabanovce L2'": {'"total'": 0, '"by_type'": {}}, '"Tabanovce L3'": {'"total'": 0, '"by_type'": {}}}",8
755,3,2026-05-05 22:41:20.802732+02,5,1,0,0,0,1,"{'"Tabanovce L1'": {'"total'": 1, '"by_type'": {'"truck'": 1}}, '"Tabanovce L2'": {'"total'": 0, '"by_type'": {}}, '"Tabanovce L3'": {'"total'": 0, '"by_type'": {}}}",5.5
756,3,2026-05-05 22:46:20.826716+02,5,0,0,0,0,0,"{'"Tabanovce L1'": {'"total'": 0, '"by_type'": {}}, '"Tabanovce L2'": {'"total'": 0, '"by_type'": {}}, '"Tabanovce L3'": {'"total'": 0, '"by_type'": {}}}",8
757,3,2026-05-05 22:51:20.847838+02,5,0,0,0,0,0,"{'"Tabanovce L1'": {'"total'": 0, '"by_type'": {}}, '"Tabanovce L2'": {'"total'": 0, '"by_type'": {}}, '"Tabanovce L3'": {'"total'": 0, '"by_type'": {}}}",8
758,3,2026-05-05 22:56:20.938845+02,5,0,0,0,0,0,"{'"Tabanovce L1'": {'"total'": 0, '"by_type'": {}}, '"Tabanovce L2'": {'"total'": 0, '"by_type'": {}}, '"Tabanovce L3'": {'"total'": 0, '"by_type'": {}}}",7
759,3,2026-05-05 23:01:21.077962+02,5,0,0,0,0,0,"{'"Tabanovce L1'": {'"total'": 0, '"by_type'": {}}, '"Tabanovce L2'": {'"total'": 0, '"by_type'": {}}, '"Tabanovce L3'": {'"total'": 0, '"by_type'": {}}}",7.5
760,3,2026-05-05 23:06:21.133286+02,5,0,0,0,0,0,"{'"Tabanovce L1'": {'"total'": 0, '"by_type'": {}}, '"Tabanovce L2'": {'"total'": 0, '"by_type'": {}}, '"Tabanovce L3'": {'"total'": 0, '"by_type'": {}}}",7
761,3,2026-05-05 23:11:22.562408+02,5,0,0,0,0,0,"{'"Tabanovce L1'": {'"total'": 0, '"by_type'": {}}, '"Tabanovce L2'": {'"total'": 0, '"by_type'": {}}, '"Tabanovce L3'": {'"total'": 0, '"by_type'": {}}}",0.5
762,3,2026-05-05 23:16:22.685083+02,5,0,0,0,0,0,"{'"Tabanovce L1'": {'"total'": 0, '"by_type'": {}}, '"Tabanovce L2'": {'"total'": 0, '"by_type'": {}}, '"Tabanovce L3'": {'"total'": 0, '"by_type'": {}}}",7
763,3,2026-05-05 23:21:22.741822+02,5,0,0,0,0,0,"{'"Tabanovce L1'": {'"total'": 0, '"by_type'": {}}, '"Tabanovce L2'": {'"total'": 0, '"by_type'": {}}, '"Tabanovce L3'": {'"total'": 0, '"by_type'": {}}}",8
764,3,2026-05-05 23:26:22.778853+02,5,0,0,0,0,0,"{'"Tabanovce L1'": {'"total'": 0, '"by_type'": {}}, '"Tabanovce L2'": {'"total'": 0, '"by_type'": {}}, '"Tabanovce L3'": {'"total'": 0, '"by_type'": {}}}",7.5
765,3,2026-05-05 23:31:22.901516+02,5,0,0,0,0,0,"{'"Tabanovce L1'": {'"total'": 0, '"by_type'": {}}, '"Tabanovce L2'": {'"total'": 0, '"by_type'": {}}, '"Tabanovce L3'": {'"total'": 0, '"by_type'": {}}}",7.5
766,3,2026-05-05 23:36:22.930136+02,5,0,0,0,0,0,"{'"Tabanovce L1'": {'"total'": 0, '"by_type'": {}}, '"Tabanovce L2'": {'"total'": 0, '"by_type'": {}}, '"Tabanovce L3'": {'"total'": 0, '"by_type'": {}}}",7.5
767,3,2026-05-05 23:41:22.938411+02,5,0,0,0,0,0,"{'"Tabanovce L1'": {'"total'": 0, '"by_type'": {}}, '"Tabanovce L2'": {'"total'": 0, '"by_type'": {}}, '"Tabanovce L3'": {'"total'": 0, '"by_type'": {}}}",8
768,3,2026-05-05 23:46:23.021221+02,5,1,0,0,1,0,"{'"Tabanovce L1'": {'"total'": 0, '"by_type'": {}}, '"Tabanovce L2'": {'"total'": 1, '"by_type'": {'"bus'": 1}}, '"Tabanovce L3'": {'"total'": 0, '"by_type'": {}}}",8
769,3,2026-05-05 23:51:23.10558+02,5,0,0,0,0,0,"{'"Tabanovce L1'": {'"total'": 0, '"by_type'": {}}, '"Tabanovce L2'": {'"total'": 0, '"by_type'": {}}, '"Tabanovce L3'": {'"total'": 0, '"by_type'": {}}}",6
770,3,2026-05-05 23:56:30.142423+02,5,0,0,0,0,0,"{'"Tabanovce L1'": {'"total'": 0, '"by_type'": {}}, '"Tabanovce L2'": {'"total'": 0, '"by_type'": {}}, '"Tabanovce L3'": {'"total'": 0, '"by_type'": {}}}",0.5
771,3,2026-05-06 00:01:30.177141+02,5,0,0,0,0,0,"{'"Tabanovce L1'": {'"total'": 0, '"by_type'": {}}, '"Tabanovce L2'": {'"total'": 0, '"by_type'": {}}, '"Tabanovce L3'": {'"total'": 0, '"by_type'": {}}}",8
772,3,2026-05-06 00:06:30.245414+02,5,0,0,0,0,0,"{'"Tabanovce L1'": {'"total'": 0, '"by_type'": {}}, '"Tabanovce L2'": {'"total'": 0, '"by_type'": {}}, '"Tabanovce L3'": {'"total'": 0, '"by_type'": {}}}",7
773,3,2026-05-06 00:11:38.966426+02,5,0,0,0,0,0,"{'"Tabanovce L1'": {'"total'": 0, '"by_type'": {}}, '"Tabanovce L2'": {'"total'": 0, '"by_type'": {}}, '"Tabanovce L3'": {'"total'": 0, '"by_type'": {}}}",0.5
774,3,2026-05-06 00:16:39.054236+02,5,0,0,0,0,0,"{'"Tabanovce L1'": {'"total'": 0, '"by_type'": {}}, '"Tabanovce L2'": {'"total'": 0, '"by_type'": {}}, '"Tabanovce L3'": {'"total'": 0, '"by_type'": {}}}",8
775,3,2026-05-06 00:21:39.076971+02,5,0,0,0,0,0,"{'"Tabanovce L1'": {'"total'": 0, '"by_type'": {}}, '"Tabanovce L2'": {'"total'": 0, '"by_type'": {}}, '"Tabanovce L3'": {'"total'": 0, '"by_type'": {}}}",7.5
776,3,2026-05-06 00:26:39.115347+02,5,0,0,0,0,0,"{'"Tabanovce L1'": {'"total'": 0, '"by_type'": {}}, '"Tabanovce L2'": {'"total'": 0, '"by_type'": {}}, '"Tabanovce L3'": {'"total'": 0, '"by_type'": {}}}",7.5
777,3,2026-05-06 00:31:39.225229+02,5,0,0,0,0,0,"{'"Tabanovce L1'": {'"total'": 0, '"by_type'": {}}, '"Tabanovce L2'": {'"total'": 0, '"by_type'": {}}, '"Tabanovce L3'": {'"total'": 0, '"by_type'": {}}}",7.5
778,3,2026-05-06 00:36:39.278484+02,5,0,0,0,0,0,"{'"Tabanovce L1'": {'"total'": 0, '"by_type'": {}}, '"Tabanovce L2'": {'"total'": 0, '"by_type'": {}}, '"Tabanovce L3'": {'"total'": 0, '"by_type'": {}}}",8
779,3,2026-05-06 00:41:39.399688+02,5,1,0,0,0,1,"{'"Tabanovce L1'": {'"total'": 1, '"by_type'": {'"truck'": 1}}, '"Tabanovce L2'": {'"total'": 0, '"by_type'": {}}, '"Tabanovce L3'": {'"total'": 0, '"by_type'": {}}}",7
780,3,2026-05-06 00:46:44.89965+02,5,0,0,0,0,0,"{'"Tabanovce L1'": {'"total'": 0, '"by_type'": {}}, '"Tabanovce L2'": {'"total'": 0, '"by_type'": {}}, '"Tabanovce L3'": {'"total'": 0, '"by_type'": {}}}",0.5
781,3,2026-05-06 00:51:45.02241+02,5,0,0,0,0,0,"{'"Tabanovce L1'": {'"total'": 0, '"by_type'": {}}, '"Tabanovce L2'": {'"total'": 0, '"by_type'": {}}, '"Tabanovce L3'": {'"total'": 0, '"by_type'": {}}}",8
782,3,2026-05-06 00:56:45.120847+02,5,0,0,0,0,0,"{'"Tabanovce L1'": {'"total'": 0, '"by_type'": {}}, '"Tabanovce L2'": {'"total'": 0, '"by_type'": {}}, '"Tabanovce L3'": {'"total'": 0, '"by_type'": {}}}",6.5
783,3,2026-05-06 01:01:45.2678+02,5,0,0,0,0,0,"{'"Tabanovce L1'": {'"total'": 0, '"by_type'": {}}, '"Tabanovce L2'": {'"total'": 0, '"by_type'": {}}, '"Tabanovce L3'": {'"total'": 0, '"by_type'": {}}}",6
784,3,2026-05-06 01:06:45.281519+02,5,0,0,0,0,0,"{'"Tabanovce L1'": {'"total'": 0, '"by_type'": {}}, '"Tabanovce L2'": {'"total'": 0, '"by_type'": {}}, '"Tabanovce L3'": {'"total'": 0, '"by_type'": {}}}",7.5
785,3,2026-05-06 01:11:45.404429+02,5,0,0,0,0,0,"{'"Tabanovce L1'": {'"total'": 0, '"by_type'": {}}, '"Tabanovce L2'": {'"total'": 0, '"by_type'": {}}, '"Tabanovce L3'": {'"total'": 0, '"by_type'": {}}}",7.5
786,3,2026-05-06 01:16:51.611843+02,5,0,0,0,0,0,"{'"Tabanovce L1'": {'"total'": 0, '"by_type'": {}}, '"Tabanovce L2'": {'"total'": 0, '"by_type'": {}}, '"Tabanovce L3'": {'"total'": 0, '"by_type'": {}}}",0.5
787,3,2026-05-06 01:21:51.63757+02,5,0,0,0,0,0,"{'"Tabanovce L1'": {'"total'": 0, '"by_type'": {}}, '"Tabanovce L2'": {'"total'": 0, '"by_type'": {}}, '"Tabanovce L3'": {'"total'": 0, '"by_type'": {}}}",7.5
788,3,2026-05-06 01:26:51.724502+02,5,0,0,0,0,0,"{'"Tabanovce L1'": {'"total'": 0, '"by_type'": {}}, '"Tabanovce L2'": {'"total'": 0, '"by_type'": {}}, '"Tabanovce L3'": {'"total'": 0, '"by_type'": {}}}",6.5
789,3,2026-05-06 01:31:51.985409+02,5,0,0,0,0,0,"{'"Tabanovce L1'": {'"total'": 0, '"by_type'": {}}, '"Tabanovce L2'": {'"total'": 0, '"by_type'": {}}, '"Tabanovce L3'": {'"total'": 0, '"by_type'": {}}}",7
790,3,2026-05-06 01:36:52.153019+02,5,0,0,0,0,0,"{'"Tabanovce L1'": {'"total'": 0, '"by_type'": {}}, '"Tabanovce L2'": {'"total'": 0, '"by_type'": {}}, '"Tabanovce L3'": {'"total'": 0, '"by_type'": {}}}",6
791,3,2026-05-06 01:41:52.267983+02,5,0,0,0,0,0,"{'"Tabanovce L1'": {'"total'": 0, '"by_type'": {}}, '"Tabanovce L2'": {'"total'": 0, '"by_type'": {}}, '"Tabanovce L3'": {'"total'": 0, '"by_type'": {}}}",8
792,3,2026-05-06 01:46:52.323713+02,5,0,0,0,0,0,"{'"Tabanovce L1'": {'"total'": 0, '"by_type'": {}}, '"Tabanovce L2'": {'"total'": 0, '"by_type'": {}}, '"Tabanovce L3'": {'"total'": 0, '"by_type'": {}}}",8
793,3,2026-05-06 01:51:52.397409+02,5,0,0,0,0,0,"{'"Tabanovce L1'": {'"total'": 0, '"by_type'": {}}, '"Tabanovce L2'": {'"total'": 0, '"by_type'": {}}, '"Tabanovce L3'": {'"total'": 0, '"by_type'": {}}}",8
794,3,2026-05-06 01:56:52.50535+02,5,0,0,0,0,0,"{'"Tabanovce L1'": {'"total'": 0, '"by_type'": {}}, '"Tabanovce L2'": {'"total'": 0, '"by_type'": {}}, '"Tabanovce L3'": {'"total'": 0, '"by_type'": {}}}",6
795,3,2026-05-06 02:01:52.63315+02,5,0,0,0,0,0,"{'"Tabanovce L1'": {'"total'": 0, '"by_type'": {}}, '"Tabanovce L2'": {'"total'": 0, '"by_type'": {}}, '"Tabanovce L3'": {'"total'": 0, '"by_type'": {}}}",6
796,3,2026-05-06 02:06:52.72122+02,5,0,0,0,0,0,"{'"Tabanovce L1'": {'"total'": 0, '"by_type'": {}}, '"Tabanovce L2'": {'"total'": 0, '"by_type'": {}}, '"Tabanovce L3'": {'"total'": 0, '"by_type'": {}}}",6
797,3,2026-05-06 02:11:53.737821+02,5,0,0,0,0,0,"{'"Tabanovce L1'": {'"total'": 0, '"by_type'": {}}, '"Tabanovce L2'": {'"total'": 0, '"by_type'": {}}, '"Tabanovce L3'": {'"total'": 0, '"by_type'": {}}}",0.5
798,3,2026-05-06 02:16:53.745069+02,5,0,0,0,0,0,"{'"Tabanovce L1'": {'"total'": 0, '"by_type'": {}}, '"Tabanovce L2'": {'"total'": 0, '"by_type'": {}}, '"Tabanovce L3'": {'"total'": 0, '"by_type'": {}}}",8
799,3,2026-05-06 02:21:53.788959+02,5,0,0,0,0,0,"{'"Tabanovce L1'": {'"total'": 0, '"by_type'": {}}, '"Tabanovce L2'": {'"total'": 0, '"by_type'": {}}, '"Tabanovce L3'": {'"total'": 0, '"by_type'": {}}}",8
800,3,2026-05-06 02:26:53.857116+02,5,0,0,0,0,0,"{'"Tabanovce L1'": {'"total'": 0, '"by_type'": {}}, '"Tabanovce L2'": {'"total'": 0, '"by_type'": {}}, '"Tabanovce L3'": {'"total'": 0, '"by_type'": {}}}",8
801,3,2026-05-06 02:31:53.919233+02,5,0,0,0,0,0,"{'"Tabanovce L1'": {'"total'": 0, '"by_type'": {}}, '"Tabanovce L2'": {'"total'": 0, '"by_type'": {}}, '"Tabanovce L3'": {'"total'": 0, '"by_type'": {}}}",8
802,3,2026-05-06 02:36:54.011592+02,5,0,0,0,0,0,"{'"Tabanovce L1'": {'"total'": 0, '"by_type'": {}}, '"Tabanovce L2'": {'"total'": 0, '"by_type'": {}}, '"Tabanovce L3'": {'"total'": 0, '"by_type'": {}}}",7
803,3,2026-05-06 02:41:54.110512+02,5,0,0,0,0,0,"{'"Tabanovce L1'": {'"total'": 0, '"by_type'": {}}, '"Tabanovce L2'": {'"total'": 0, '"by_type'": {}}, '"Tabanovce L3'": {'"total'": 0, '"by_type'": {}}}",8
804,3,2026-05-06 02:46:54.172091+02,5,0,0,0,0,0,"{'"Tabanovce L1'": {'"total'": 0, '"by_type'": {}}, '"Tabanovce L2'": {'"total'": 0, '"by_type'": {}}, '"Tabanovce L3'": {'"total'": 0, '"by_type'": {}}}",7.5
805,3,2026-05-06 02:52:02.076611+02,5,0,0,0,0,0,"{'"Tabanovce L1'": {'"total'": 0, '"by_type'": {}}, '"Tabanovce L2'": {'"total'": 0, '"by_type'": {}}, '"Tabanovce L3'": {'"total'": 0, '"by_type'": {}}}",0.5
806,3,2026-05-06 02:57:02.16906+02,5,0,0,0,0,0,"{'"Tabanovce L1'": {'"total'": 0, '"by_type'": {}}, '"Tabanovce L2'": {'"total'": 0, '"by_type'": {}}, '"Tabanovce L3'": {'"total'": 0, '"by_type'": {}}}",8
807,3,2026-05-06 03:02:04.049682+02,5,1,0,0,0,1,"{'"Tabanovce L1'": {'"total'": 1, '"by_type'": {'"truck'": 1}}, '"Tabanovce L2'": {'"total'": 0, '"by_type'": {}}, '"Tabanovce L3'": {'"total'": 0, '"by_type'": {}}}",7.5
808,3,2026-05-06 03:07:04.05692+02,5,0,0,0,0,0,"{'"Tabanovce L1'": {'"total'": 0, '"by_type'": {}}, '"Tabanovce L2'": {'"total'": 0, '"by_type'": {}}, '"Tabanovce L3'": {'"total'": 0, '"by_type'": {}}}",8
809,3,2026-05-06 03:12:04.149213+02,5,0,0,0,0,0,"{'"Tabanovce L1'": {'"total'": 0, '"by_type'": {}}, '"Tabanovce L2'": {'"total'": 0, '"by_type'": {}}, '"Tabanovce L3'": {'"total'": 0, '"by_type'": {}}}",8
810,3,2026-05-06 03:17:04.168945+02,5,0,0,0,0,0,"{'"Tabanovce L1'": {'"total'": 0, '"by_type'": {}}, '"Tabanovce L2'": {'"total'": 0, '"by_type'": {}}, '"Tabanovce L3'": {'"total'": 0, '"by_type'": {}}}",7.5
811,3,2026-05-06 03:22:09.800705+02,5,0,0,0,0,0,"{'"Tabanovce L1'": {'"total'": 0, '"by_type'": {}}, '"Tabanovce L2'": {'"total'": 0, '"by_type'": {}}, '"Tabanovce L3'": {'"total'": 0, '"by_type'": {}}}",0.5
812,3,2026-05-06 03:27:09.844605+02,5,0,0,0,0,0,"{'"Tabanovce L1'": {'"total'": 0, '"by_type'": {}}, '"Tabanovce L2'": {'"total'": 0, '"by_type'": {}}, '"Tabanovce L3'": {'"total'": 0, '"by_type'": {}}}",8
813,3,2026-05-06 03:32:09.931019+02,5,0,0,0,0,0,"{'"Tabanovce L1'": {'"total'": 0, '"by_type'": {}}, '"Tabanovce L2'": {'"total'": 0, '"by_type'": {}}, '"Tabanovce L3'": {'"total'": 0, '"by_type'": {}}}",8
814,3,2026-05-06 03:37:10.035741+02,5,0,0,0,0,0,"{'"Tabanovce L1'": {'"total'": 0, '"by_type'": {}}, '"Tabanovce L2'": {'"total'": 0, '"by_type'": {}}, '"Tabanovce L3'": {'"total'": 0, '"by_type'": {}}}",7.5
815,3,2026-05-06 03:42:10.073585+02,5,0,0,0,0,0,"{'"Tabanovce L1'": {'"total'": 0, '"by_type'": {}}, '"Tabanovce L2'": {'"total'": 0, '"by_type'": {}}, '"Tabanovce L3'": {'"total'": 0, '"by_type'": {}}}",8
816,3,2026-05-06 03:47:10.159728+02,5,0,0,0,0,0,"{'"Tabanovce L1'": {'"total'": 0, '"by_type'": {}}, '"Tabanovce L2'": {'"total'": 0, '"by_type'": {}}, '"Tabanovce L3'": {'"total'": 0, '"by_type'": {}}}",7.5
817,3,2026-05-06 03:52:13.846084+02,5,0,0,0,0,0,"{'"Tabanovce L1'": {'"total'": 0, '"by_type'": {}}, '"Tabanovce L2'": {'"total'": 0, '"by_type'": {}}, '"Tabanovce L3'": {'"total'": 0, '"by_type'": {}}}",0.5
818,3,2026-05-06 03:57:13.938596+02,5,1,0,0,0,1,"{'"Tabanovce L1'": {'"total'": 1, '"by_type'": {'"truck'": 1}}, '"Tabanovce L2'": {'"total'": 0, '"by_type'": {}}, '"Tabanovce L3'": {'"total'": 0, '"by_type'": {}}}",8
819,3,2026-05-06 04:02:13.958289+02,5,0,0,0,0,0,"{'"Tabanovce L1'": {'"total'": 0, '"by_type'": {}}, '"Tabanovce L2'": {'"total'": 0, '"by_type'": {}}, '"Tabanovce L3'": {'"total'": 0, '"by_type'": {}}}",8
820,3,2026-05-06 04:07:14.044505+02,5,0,0,0,0,0,"{'"Tabanovce L1'": {'"total'": 0, '"by_type'": {}}, '"Tabanovce L2'": {'"total'": 0, '"by_type'": {}}, '"Tabanovce L3'": {'"total'": 0, '"by_type'": {}}}",8.5
821,3,2026-05-06 04:12:14.076543+02,5,0,0,0,0,0,"{'"Tabanovce L1'": {'"total'": 0, '"by_type'": {}}, '"Tabanovce L2'": {'"total'": 0, '"by_type'": {}}, '"Tabanovce L3'": {'"total'": 0, '"by_type'": {}}}",8
822,3,2026-05-06 04:17:14.199061+02,5,0,0,0,0,0,"{'"Tabanovce L1'": {'"total'": 0, '"by_type'": {}}, '"Tabanovce L2'": {'"total'": 0, '"by_type'": {}}, '"Tabanovce L3'": {'"total'": 0, '"by_type'": {}}}",8
823,3,2026-05-06 04:22:14.230928+02,5,0,0,0,0,0,"{'"Tabanovce L1'": {'"total'": 0, '"by_type'": {}}, '"Tabanovce L2'": {'"total'": 0, '"by_type'": {}}, '"Tabanovce L3'": {'"total'": 0, '"by_type'": {}}}",8
824,3,2026-05-06 04:27:21.305052+02,5,0,0,0,0,0,"{'"Tabanovce L1'": {'"total'": 0, '"by_type'": {}}, '"Tabanovce L2'": {'"total'": 0, '"by_type'": {}}, '"Tabanovce L3'": {'"total'": 0, '"by_type'": {}}}",0.5
825,3,2026-05-06 13:36:03.679763+02,5,0,0,0,0,0,"{'"Tabanovce L1'": {'"total'": 0, '"by_type'": {}}, '"Tabanovce L2'": {'"total'": 0, '"by_type'": {}}, '"Tabanovce L3'": {'"total'": 0, '"by_type'": {}}}",6.5
826,3,2026-05-06 13:41:03.687023+02,5,0,0,0,0,0,"{'"Tabanovce L1'": {'"total'": 0, '"by_type'": {}}, '"Tabanovce L2'": {'"total'": 0, '"by_type'": {}}, '"Tabanovce L3'": {'"total'": 0, '"by_type'": {}}}",7.5
827,3,2026-05-06 13:46:03.768634+02,5,0,0,0,0,0,"{'"Tabanovce L1'": {'"total'": 0, '"by_type'": {}}, '"Tabanovce L2'": {'"total'": 0, '"by_type'": {}}, '"Tabanovce L3'": {'"total'": 0, '"by_type'": {}}}",8
828,3,2026-05-06 13:51:03.878963+02,5,0,0,0,0,0,"{'"Tabanovce L1'": {'"total'": 0, '"by_type'": {}}, '"Tabanovce L2'": {'"total'": 0, '"by_type'": {}}, '"Tabanovce L3'": {'"total'": 0, '"by_type'": {}}}",7.5
829,3,2026-05-06 13:56:03.915696+02,5,0,0,0,0,0,"{'"Tabanovce L1'": {'"total'": 0, '"by_type'": {}}, '"Tabanovce L2'": {'"total'": 0, '"by_type'": {}}, '"Tabanovce L3'": {'"total'": 0, '"by_type'": {}}}",5.5
830,3,2026-05-06 14:01:04.030672+02,5,0,0,0,0,0,"{'"Tabanovce L1'": {'"total'": 0, '"by_type'": {}}, '"Tabanovce L2'": {'"total'": 0, '"by_type'": {}}, '"Tabanovce L3'": {'"total'": 0, '"by_type'": {}}}",7.5
831,3,2026-05-06 14:06:04.143296+02,5,0,0,0,0,0,"{'"Tabanovce L1'": {'"total'": 0, '"by_type'": {}}, '"Tabanovce L2'": {'"total'": 0, '"by_type'": {}}, '"Tabanovce L3'": {'"total'": 0, '"by_type'": {}}}",7.5
832,3,2026-05-06 14:11:04.2149+02,5,1,1,0,0,0,"{'"Tabanovce L1'": {'"total'": 0, '"by_type'": {}}, '"Tabanovce L2'": {'"total'": 1, '"by_type'": {'"car'": 1}}, '"Tabanovce L3'": {'"total'": 0, '"by_type'": {}}}",7.5
833,3,2026-05-06 14:16:04.356369+02,5,0,0,0,0,0,"{'"Tabanovce L1'": {'"total'": 0, '"by_type'": {}}, '"Tabanovce L2'": {'"total'": 0, '"by_type'": {}}, '"Tabanovce L3'": {'"total'": 0, '"by_type'": {}}}",7
834,3,2026-05-06 14:21:04.436648+02,5,0,0,0,0,0,"{'"Tabanovce L1'": {'"total'": 0, '"by_type'": {}}, '"Tabanovce L2'": {'"total'": 0, '"by_type'": {}}, '"Tabanovce L3'": {'"total'": 0, '"by_type'": {}}}",7.5
835,3,2026-05-06 14:26:04.509796+02,5,0,0,0,0,0,"{'"Tabanovce L1'": {'"total'": 0, '"by_type'": {}}, '"Tabanovce L2'": {'"total'": 0, '"by_type'": {}}, '"Tabanovce L3'": {'"total'": 0, '"by_type'": {}}}",7.5
836,3,2026-05-06 14:31:04.529433+02,5,4,1,0,0,3,"{'"Tabanovce L1'": {'"total'": 4, '"by_type'": {'"car'": 1, '"truck'": 3}}, '"Tabanovce L2'": {'"total'": 0, '"by_type'": {}}, '"Tabanovce L3'": {'"total'": 0, '"by_type'": {}}}",7.5
837,3,2026-05-06 14:36:04.565694+02,5,1,0,0,0,1,"{'"Tabanovce L1'": {'"total'": 0, '"by_type'": {}}, '"Tabanovce L2'": {'"total'": 1, '"by_type'": {'"truck'": 1}}, '"Tabanovce L3'": {'"total'": 0, '"by_type'": {}}}",8
838,3,2026-05-06 14:41:04.724034+02,5,1,0,0,0,1,"{'"Tabanovce L1'": {'"total'": 0, '"by_type'": {}}, '"Tabanovce L2'": {'"total'": 1, '"by_type'": {'"truck'": 1}}, '"Tabanovce L3'": {'"total'": 0, '"by_type'": {}}}",7.5
839,3,2026-05-06 14:46:04.749826+02,5,0,0,0,0,0,"{'"Tabanovce L1'": {'"total'": 0, '"by_type'": {}}, '"Tabanovce L2'": {'"total'": 0, '"by_type'": {}}, '"Tabanovce L3'": {'"total'": 0, '"by_type'": {}}}",7.5
840,3,2026-05-06 14:51:04.854628+02,5,0,0,0,0,0,"{'"Tabanovce L1'": {'"total'": 0, '"by_type'": {}}, '"Tabanovce L2'": {'"total'": 0, '"by_type'": {}}, '"Tabanovce L3'": {'"total'": 0, '"by_type'": {}}}",5.5
841,3,2026-05-06 14:56:04.976412+02,5,0,0,0,0,0,"{'"Tabanovce L1'": {'"total'": 0, '"by_type'": {}}, '"Tabanovce L2'": {'"total'": 0, '"by_type'": {}}, '"Tabanovce L3'": {'"total'": 0, '"by_type'": {}}}",7.5
842,3,2026-05-06 15:01:05.027363+02,5,1,0,0,0,1,"{'"Tabanovce L1'": {'"total'": 1, '"by_type'": {'"truck'": 1}}, '"Tabanovce L2'": {'"total'": 0, '"by_type'": {}}, '"Tabanovce L3'": {'"total'": 0, '"by_type'": {}}}",5
843,3,2026-05-06 15:06:05.079525+02,5,0,0,0,0,0,"{'"Tabanovce L1'": {'"total'": 0, '"by_type'": {}}, '"Tabanovce L2'": {'"total'": 0, '"by_type'": {}}, '"Tabanovce L3'": {'"total'": 0, '"by_type'": {}}}",7.5
844,3,2026-05-06 15:11:05.206262+02,5,1,0,0,0,1,"{'"Tabanovce L1'": {'"total'": 1, '"by_type'": {'"truck'": 1}}, '"Tabanovce L2'": {'"total'": 0, '"by_type'": {}}, '"Tabanovce L3'": {'"total'": 0, '"by_type'": {}}}",7
845,3,2026-05-06 15:16:05.255628+02,5,0,0,0,0,0,"{'"Tabanovce L1'": {'"total'": 0, '"by_type'": {}}, '"Tabanovce L2'": {'"total'": 0, '"by_type'": {}}, '"Tabanovce L3'": {'"total'": 0, '"by_type'": {}}}",7
846,3,2026-05-06 15:21:05.3697+02,5,0,0,0,0,0,"{'"Tabanovce L1'": {'"total'": 0, '"by_type'": {}}, '"Tabanovce L2'": {'"total'": 0, '"by_type'": {}}, '"Tabanovce L3'": {'"total'": 0, '"by_type'": {}}}",7
847,3,2026-05-06 15:26:05.457554+02,5,0,0,0,0,0,"{'"Tabanovce L1'": {'"total'": 0, '"by_type'": {}}, '"Tabanovce L2'": {'"total'": 0, '"by_type'": {}}, '"Tabanovce L3'": {'"total'": 0, '"by_type'": {}}}",6.5
848,3,2026-05-06 15:31:05.461454+02,5,0,0,0,0,0,"{'"Tabanovce L1'": {'"total'": 0, '"by_type'": {}}, '"Tabanovce L2'": {'"total'": 0, '"by_type'": {}}, '"Tabanovce L3'": {'"total'": 0, '"by_type'": {}}}",1
849,3,2026-05-06 15:36:05.508035+02,5,0,0,0,0,0,"{'"Tabanovce L1'": {'"total'": 0, '"by_type'": {}}, '"Tabanovce L2'": {'"total'": 0, '"by_type'": {}}, '"Tabanovce L3'": {'"total'": 0, '"by_type'": {}}}",7.5
850,3,2026-05-06 15:41:05.526458+02,5,1,0,0,0,1,"{'"Tabanovce L1'": {'"total'": 1, '"by_type'": {'"truck'": 1}}, '"Tabanovce L2'": {'"total'": 0, '"by_type'": {}}, '"Tabanovce L3'": {'"total'": 0, '"by_type'": {}}}",7.5
851,3,2026-05-06 15:46:11.601122+02,5,0,0,0,0,0,"{'"Tabanovce L1'": {'"total'": 0, '"by_type'": {}}, '"Tabanovce L2'": {'"total'": 0, '"by_type'": {}}, '"Tabanovce L3'": {'"total'": 0, '"by_type'": {}}}",0.5
852,3,2026-05-06 15:51:11.652924+02,5,0,0,0,0,0,"{'"Tabanovce L1'": {'"total'": 0, '"by_type'": {}}, '"Tabanovce L2'": {'"total'": 0, '"by_type'": {}}, '"Tabanovce L3'": {'"total'": 0, '"by_type'": {}}}",5.5
853,3,2026-05-06 15:56:11.716713+02,5,1,0,0,0,1,"{'"Tabanovce L1'": {'"total'": 1, '"by_type'": {'"truck'": 1}}, '"Tabanovce L2'": {'"total'": 0, '"by_type'": {}}, '"Tabanovce L3'": {'"total'": 0, '"by_type'": {}}}",6.5
854,3,2026-05-06 16:01:11.883742+02,5,0,0,0,0,0,"{'"Tabanovce L1'": {'"total'": 0, '"by_type'": {}}, '"Tabanovce L2'": {'"total'": 0, '"by_type'": {}}, '"Tabanovce L3'": {'"total'": 0, '"by_type'": {}}}",5
855,3,2026-05-06 16:06:11.908763+02,5,1,0,0,0,1,"{'"Tabanovce L1'": {'"total'": 1, '"by_type'": {'"truck'": 1}}, '"Tabanovce L2'": {'"total'": 0, '"by_type'": {}}, '"Tabanovce L3'": {'"total'": 0, '"by_type'": {}}}",6.5
856,3,2026-05-06 16:11:12.044774+02,5,1,0,0,0,1,"{'"Tabanovce L1'": {'"total'": 0, '"by_type'": {}}, '"Tabanovce L2'": {'"total'": 1, '"by_type'": {'"truck'": 1}}, '"Tabanovce L3'": {'"total'": 0, '"by_type'": {}}}",5
857,3,2026-05-06 16:16:12.17549+02,5,0,0,0,0,0,"{'"Tabanovce L1'": {'"total'": 0, '"by_type'": {}}, '"Tabanovce L2'": {'"total'": 0, '"by_type'": {}}, '"Tabanovce L3'": {'"total'": 0, '"by_type'": {}}}",7.5
858,3,2026-05-06 16:21:12.278425+02,5,0,0,0,0,0,"{'"Tabanovce L1'": {'"total'": 0, '"by_type'": {}}, '"Tabanovce L2'": {'"total'": 0, '"by_type'": {}}, '"Tabanovce L3'": {'"total'": 0, '"by_type'": {}}}",7
859,3,2026-05-06 16:26:12.301464+02,5,0,0,0,0,0,"{'"Tabanovce L1'": {'"total'": 0, '"by_type'": {}}, '"Tabanovce L2'": {'"total'": 0, '"by_type'": {}}, '"Tabanovce L3'": {'"total'": 0, '"by_type'": {}}}",5.5
860,3,2026-05-06 16:31:12.357953+02,5,0,0,0,0,0,"{'"Tabanovce L1'": {'"total'": 0, '"by_type'": {}}, '"Tabanovce L2'": {'"total'": 0, '"by_type'": {}}, '"Tabanovce L3'": {'"total'": 0, '"by_type'": {}}}",6.5
861,3,2026-05-06 16:36:12.386686+02,5,1,0,0,0,1,"{'"Tabanovce L1'": {'"total'": 1, '"by_type'": {'"truck'": 1}}, '"Tabanovce L2'": {'"total'": 0, '"by_type'": {}}, '"Tabanovce L3'": {'"total'": 0, '"by_type'": {}}}",6
862,3,2026-05-06 16:41:12.393023+02,5,0,0,0,0,0,"{'"Tabanovce L1'": {'"total'": 0, '"by_type'": {}}, '"Tabanovce L2'": {'"total'": 0, '"by_type'": {}}, '"Tabanovce L3'": {'"total'": 0, '"by_type'": {}}}",6.5
863,3,2026-05-06 16:46:12.418846+02,5,0,0,0,0,0,"{'"Tabanovce L1'": {'"total'": 0, '"by_type'": {}}, '"Tabanovce L2'": {'"total'": 0, '"by_type'": {}}, '"Tabanovce L3'": {'"total'": 0, '"by_type'": {}}}",6.5
864,3,2026-05-06 16:51:12.532971+02,5,0,0,0,0,0,"{'"Tabanovce L1'": {'"total'": 0, '"by_type'": {}}, '"Tabanovce L2'": {'"total'": 0, '"by_type'": {}}, '"Tabanovce L3'": {'"total'": 0, '"by_type'": {}}}",5.5
