id,crossing_id,captured_at,interval_minutes,total_vehicles,cars,motorcycles,buses,trucks,lane_breakdown,fps
1,2,2026-05-02 03:02:01.780423,5,5,5,0,0,0,"{""Blace L1"": {""total"": 0, ""by_type"": {}}, ""Blace L2"": {""total"": 2, ""by_type"": {""car"": 2}}, ""Blace L3"": {""total"": 3, ""by_type"": {""car"": 3}}}",2
2,2,2026-05-02 03:09:57.437483,5,0,0,0,0,0,"{""Blace L1"": {""total"": 0, ""by_type"": {}}, ""Blace L2"": {""total"": 0, ""by_type"": {}}, ""Blace L3"": {""total"": 0, ""by_type"": {}}}",2
3,2,2026-05-02 03:14:57.900617,5,4,4,0,0,0,"{""Blace L1"": {""total"": 0, ""by_type"": {}}, ""Blace L2"": {""total"": 0, ""by_type"": {}}, ""Blace L3"": {""total"": 4, ""by_type"": {""car"": 4}}}",2
4,2,2026-05-02 03:19:58.131405,5,3,3,0,0,0,"{""Blace L1"": {""total"": 0, ""by_type"": {}}, ""Blace L2"": {""total"": 0, ""by_type"": {}}, ""Blace L3"": {""total"": 3, ""by_type"": {""car"": 3}}}",2.5
5,2,2026-05-02 03:24:58.277849,5,3,3,0,0,0,"{""Blace L1"": {""total"": 0, ""by_type"": {}}, ""Blace L2"": {""total"": 2, ""by_type"": {""car"": 2}}, ""Blace L3"": {""total"": 1, ""by_type"": {""car"": 1}}}",2.5
6,2,2026-05-02 03:29:58.445909,5,1,1,0,0,0,"{""Blace L1"": {""total"": 0, ""by_type"": {}}, ""Blace L2"": {""total"": 0, ""by_type"": {}}, ""Blace L3"": {""total"": 1, ""by_type"": {""car"": 1}}}",2.5
7,2,2026-05-02 04:45:46.735764,5,0,0,0,0,0,"{""Blace L1"": {""total"": 0, ""by_type"": {}}, ""Blace L2"": {""total"": 0, ""by_type"": {}}, ""Blace L3"": {""total"": 0, ""by_type"": {}}}",0.5
8,2,2026-05-02 05:22:48.126115,5,0,0,0,0,0,"{""Blace L1"": {""total"": 0, ""by_type"": {}}, ""Blace L2"": {""total"": 0, ""by_type"": {}}, ""Blace L3"": {""total"": 0, ""by_type"": {}}}",0.5
9,2,2026-05-02 05:27:48.245764,5,1,1,0,0,0,"{""Blace L1"": {""total"": 0, ""by_type"": {}}, ""Blace L2"": {""total"": 0, ""by_type"": {}}, ""Blace L3"": {""total"": 1, ""by_type"": {""car"": 1}}}",3
10,2,2026-05-02 05:32:48.332339,5,0,0,0,0,0,"{""Blace L1"": {""total"": 0, ""by_type"": {}}, ""Blace L2"": {""total"": 0, ""by_type"": {}}, ""Blace L3"": {""total"": 0, ""by_type"": {}}}",3
11,2,2026-05-02 05:52:25.448594,5,0,0,0,0,0,"{""Blace L1"": {""total"": 0, ""by_type"": {}}, ""Blace L2"": {""total"": 0, ""by_type"": {}}, ""Blace L3"": {""total"": 0, ""by_type"": {}}}",3
12,2,2026-05-02 08:22:42.093083,5,0,0,0,0,0,"{""Blace L1"": {""total"": 0, ""by_type"": {}}, ""Blace L2"": {""total"": 0, ""by_type"": {}}, ""Blace L3"": {""total"": 0, ""by_type"": {}}}",0.5
13,2,2026-05-02 10:46:15.290092,5,0,0,0,0,0,"{""Blace L1"": {""total"": 0, ""by_type"": {}}, ""Blace L2"": {""total"": 0, ""by_type"": {}}, ""Blace L3"": {""total"": 0, ""by_type"": {}}}",0.5
14,2,2026-05-02 13:43:34.828711,5,13,11,0,1,1,"{""Blace L1"": {""total"": 6, ""by_type"": {""car"": 5, ""truck"": 1}}, ""Blace L2"": {""total"": 4, ""by_type"": {""car"": 4}}, ""Blace L3"": {""total"": 3, ""by_type"": {""bus"": 1, ""car"": 2}}}",0.5
15,2,2026-05-02 13:48:35.31195,5,16,16,0,0,0,"{""Blace L1"": {""total"": 6, ""by_type"": {""car"": 6}}, ""Blace L2"": {""total"": 4, ""by_type"": {""car"": 4}}, ""Blace L3"": {""total"": 6, ""by_type"": {""car"": 6}}}",2
16,2,2026-05-02 13:53:35.643953,5,12,11,0,0,1,"{""Blace L1"": {""total"": 6, ""by_type"": {""car"": 5, ""truck"": 1}}, ""Blace L2"": {""total"": 3, ""by_type"": {""car"": 3}}, ""Blace L3"": {""total"": 3, ""by_type"": {""car"": 3}}}",2
17,2,2026-05-02 13:58:35.877614,5,14,13,0,0,1,"{""Blace L1"": {""total"": 4, ""by_type"": {""car"": 3, ""truck"": 1}}, ""Blace L2"": {""total"": 5, ""by_type"": {""car"": 5}}, ""Blace L3"": {""total"": 5, ""by_type"": {""car"": 5}}}",2
18,2,2026-05-02 14:09:33.974767,5,14,14,0,0,0,"{""Blace L1"": {""total"": 5, ""by_type"": {""car"": 5}}, ""Blace L2"": {""total"": 5, ""by_type"": {""car"": 5}}, ""Blace L3"": {""total"": 4, ""by_type"": {""car"": 4}}}",2
19,2,2026-05-02 14:29:48.241582,5,17,17,0,0,0,"{""Blace L1"": {""total"": 6, ""by_type"": {""car"": 6}}, ""Blace L2"": {""total"": 6, ""by_type"": {""car"": 6}}, ""Blace L3"": {""total"": 5, ""by_type"": {""car"": 5}}}",0.5
20,2,2026-05-02 15:09:46.770599,5,13,13,0,0,0,"{""Blace L1"": {""total"": 5, ""by_type"": {""car"": 5}}, ""Blace L2"": {""total"": 4, ""by_type"": {""car"": 4}}, ""Blace L3"": {""total"": 4, ""by_type"": {""car"": 4}}}",0.5
21,2,2026-05-02 15:14:47.412466,5,15,14,0,0,1,"{""Blace L1"": {""total"": 5, ""by_type"": {""car"": 4, ""truck"": 1}}, ""Blace L2"": {""total"": 5, ""by_type"": {""car"": 5}}, ""Blace L3"": {""total"": 5, ""by_type"": {""car"": 5}}}",1.5
22,2,2026-05-02 15:41:38.46449,5,15,14,0,0,1,"{""Blace L1"": {""total"": 5, ""by_type"": {""car"": 4, ""truck"": 1}}, ""Blace L2"": {""total"": 5, ""by_type"": {""car"": 5}}, ""Blace L3"": {""total"": 5, ""by_type"": {""car"": 5}}}",0.5
23,2,2026-05-02 15:46:38.648679,5,9,8,0,1,0,"{""Blace L1"": {""total"": 1, ""by_type"": {""bus"": 1}}, ""Blace L2"": {""total"": 3, ""by_type"": {""car"": 3}}, ""Blace L3"": {""total"": 5, ""by_type"": {""car"": 5}}}",2
24,2,2026-05-02 15:51:38.813056,5,15,14,0,0,1,"{""Blace L1"": {""total"": 6, ""by_type"": {""car"": 5, ""truck"": 1}}, ""Blace L2"": {""total"": 5, ""by_type"": {""car"": 5}}, ""Blace L3"": {""total"": 4, ""by_type"": {""car"": 4}}}",2
25,2,2026-05-02 16:52:19.958363,5,12,11,0,0,1,"{""Blace L1"": {""total"": 5, ""by_type"": {""car"": 4, ""truck"": 1}}, ""Blace L2"": {""total"": 4, ""by_type"": {""car"": 4}}, ""Blace L3"": {""total"": 3, ""by_type"": {""car"": 3}}}",2
26,2,2026-05-02 17:05:30.442789,5,13,13,0,0,0,"{""Blace L1"": {""total"": 6, ""by_type"": {""car"": 6}}, ""Blace L2"": {""total"": 3, ""by_type"": {""car"": 3}}, ""Blace L3"": {""total"": 4, ""by_type"": {""car"": 4}}}",0.5
27,2,2026-05-02 17:50:51.297992,5,16,15,0,0,1,"{""Blace L1"": {""total"": 6, ""by_type"": {""car"": 6}}, ""Blace L2"": {""total"": 4, ""by_type"": {""car"": 4}}, ""Blace L3"": {""total"": 6, ""by_type"": {""car"": 5, ""truck"": 1}}}",0.5
28,2,2026-05-02 17:56:09.852551,5,14,14,0,0,0,"{""Blace L1"": {""total"": 5, ""by_type"": {""car"": 5}}, ""Blace L2"": {""total"": 5, ""by_type"": {""car"": 5}}, ""Blace L3"": {""total"": 4, ""by_type"": {""car"": 4}}}",0.5
29,2,2026-05-02 18:30:14.121046,5,14,13,0,0,1,"{""Blace L1"": {""total"": 5, ""by_type"": {""car"": 4, ""truck"": 1}}, ""Blace L2"": {""total"": 5, ""by_type"": {""car"": 5}}, ""Blace L3"": {""total"": 4, ""by_type"": {""car"": 4}}}",2
30,2,2026-05-02 19:14:32.36706,5,13,13,0,0,0,"{""Blace L1"": {""total"": 1, ""by_type"": {""car"": 1}}, ""Blace L2"": {""total"": 5, ""by_type"": {""car"": 5}}, ""Blace L3"": {""total"": 7, ""by_type"": {""car"": 7}}}",0.5
31,2,2026-05-02 21:38:12.189301,5,15,14,0,0,1,"{""Blace L1"": {""total"": 5, ""by_type"": {""car"": 4, ""truck"": 1}}, ""Blace L2"": {""total"": 4, ""by_type"": {""car"": 4}}, ""Blace L3"": {""total"": 6, ""by_type"": {""car"": 6}}}",0.5
32,2,2026-05-03 00:19:50.609389,5,16,14,0,0,2,"{""Blace L1"": {""total"": 6, ""by_type"": {""car"": 4, ""truck"": 2}}, ""Blace L2"": {""total"": 4, ""by_type"": {""car"": 4}}, ""Blace L3"": {""total"": 6, ""by_type"": {""car"": 6}}}",1.5
33,2,2026-05-03 01:31:28.72478,5,2,2,0,0,0,"{""Blace L1"": {""total"": 1, ""by_type"": {""car"": 1}}, ""Blace L2"": {""total"": 0, ""by_type"": {}}, ""Blace L3"": {""total"": 1, ""by_type"": {""car"": 1}}}",3
34,2,2026-05-03 01:36:30.310653,5,0,0,0,0,0,"{""Blace L1"": {""total"": 0, ""by_type"": {}}, ""Blace L2"": {""total"": 0, ""by_type"": {}}, ""Blace L3"": {""total"": 0, ""by_type"": {}}}",0.5
35,2,2026-05-03 01:41:49.695981,5,4,4,0,0,0,"{""Blace L1"": {""total"": 0, ""by_type"": {}}, ""Blace L2"": {""total"": 1, ""by_type"": {""car"": 1}}, ""Blace L3"": {""total"": 3, ""by_type"": {""car"": 3}}}",0.5
36,2,2026-05-03 01:46:51.331496,5,0,0,0,0,0,"{""Blace L1"": {""total"": 0, ""by_type"": {}}, ""Blace L2"": {""total"": 0, ""by_type"": {}}, ""Blace L3"": {""total"": 0, ""by_type"": {}}}",1
37,2,2026-05-03 01:51:51.718003,5,3,3,0,0,0,"{""Blace L1"": {""total"": 0, ""by_type"": {}}, ""Blace L2"": {""total"": 0, ""by_type"": {}}, ""Blace L3"": {""total"": 3, ""by_type"": {""car"": 3}}}",3
38,2,2026-05-03 01:56:52.033971,5,3,3,0,0,0,"{""Blace L1"": {""total"": 0, ""by_type"": {}}, ""Blace L2"": {""total"": 0, ""by_type"": {}}, ""Blace L3"": {""total"": 3, ""by_type"": {""car"": 3}}}",3
39,2,2026-05-03 02:01:52.263694,5,5,5,0,0,0,"{""Blace L1"": {""total"": 0, ""by_type"": {}}, ""Blace L2"": {""total"": 0, ""by_type"": {}}, ""Blace L3"": {""total"": 5, ""by_type"": {""car"": 5}}}",3
40,2,2026-05-03 02:06:52.274243,5,4,4,0,0,0,"{""Blace L1"": {""total"": 0, ""by_type"": {}}, ""Blace L2"": {""total"": 0, ""by_type"": {}}, ""Blace L3"": {""total"": 4, ""by_type"": {""car"": 4}}}",2.5
41,2,2026-05-03 02:12:18.88093,5,4,4,0,0,0,"{""Blace L1"": {""total"": 0, ""by_type"": {}}, ""Blace L2"": {""total"": 2, ""by_type"": {""car"": 2}}, ""Blace L3"": {""total"": 2, ""by_type"": {""car"": 2}}}",3
42,2,2026-05-03 02:17:19.14076,5,3,2,0,1,0,"{""Blace L1"": {""total"": 1, ""by_type"": {""bus"": 1}}, ""Blace L2"": {""total"": 2, ""by_type"": {""car"": 2}}, ""Blace L3"": {""total"": 0, ""by_type"": {}}}",3
43,2,2026-05-03 02:22:19.196725,5,8,7,0,1,0,"{""Blace L1"": {""total"": 1, ""by_type"": {""bus"": 1}}, ""Blace L2"": {""total"": 3, ""by_type"": {""car"": 3}}, ""Blace L3"": {""total"": 4, ""by_type"": {""car"": 4}}}",3
44,2,2026-05-03 02:27:47.829035,5,10,10,0,0,0,"{""Blace L1"": {""total"": 0, ""by_type"": {}}, ""Blace L2"": {""total"": 5, ""by_type"": {""car"": 5}}, ""Blace L3"": {""total"": 5, ""by_type"": {""car"": 5}}}",0.5
45,2,2026-05-03 02:32:47.882945,5,8,8,0,0,0,"{""Blace L1"": {""total"": 0, ""by_type"": {}}, ""Blace L2"": {""total"": 4, ""by_type"": {""car"": 4}}, ""Blace L3"": {""total"": 4, ""by_type"": {""car"": 4}}}",3
46,2,2026-05-03 02:37:48.029784,5,9,9,0,0,0,"{""Blace L1"": {""total"": 0, ""by_type"": {}}, ""Blace L2"": {""total"": 4, ""by_type"": {""car"": 4}}, ""Blace L3"": {""total"": 5, ""by_type"": {""car"": 5}}}",3
47,2,2026-05-03 02:42:48.187738,5,7,7,0,0,0,"{""Blace L1"": {""total"": 0, ""by_type"": {}}, ""Blace L2"": {""total"": 4, ""by_type"": {""car"": 4}}, ""Blace L3"": {""total"": 3, ""by_type"": {""car"": 3}}}",3
48,2,2026-05-03 02:47:48.45763,5,8,8,0,0,0,"{""Blace L1"": {""total"": 0, ""by_type"": {}}, ""Blace L2"": {""total"": 4, ""by_type"": {""car"": 4}}, ""Blace L3"": {""total"": 4, ""by_type"": {""car"": 4}}}",3
49,2,2026-05-03 02:52:48.564304,5,7,7,0,0,0,"{""Blace L1"": {""total"": 0, ""by_type"": {}}, ""Blace L2"": {""total"": 3, ""by_type"": {""car"": 3}}, ""Blace L3"": {""total"": 4, ""by_type"": {""car"": 4}}}",3
50,2,2026-05-03 02:57:48.844472,5,8,8,0,0,0,"{""Blace L1"": {""total"": 0, ""by_type"": {}}, ""Blace L2"": {""total"": 3, ""by_type"": {""car"": 3}}, ""Blace L3"": {""total"": 5, ""by_type"": {""car"": 5}}}",3.5
51,2,2026-05-03 03:02:48.847609,5,7,7,0,0,0,"{""Blace L1"": {""total"": 0, ""by_type"": {}}, ""Blace L2"": {""total"": 4, ""by_type"": {""car"": 4}}, ""Blace L3"": {""total"": 3, ""by_type"": {""car"": 3}}}",3
52,2,2026-05-03 03:07:48.864166,5,6,6,0,0,0,"{""Blace L1"": {""total"": 0, ""by_type"": {}}, ""Blace L2"": {""total"": 2, ""by_type"": {""car"": 2}}, ""Blace L3"": {""total"": 4, ""by_type"": {""car"": 4}}}",3
53,2,2026-05-03 03:12:49.194941,5,6,6,0,0,0,"{""Blace L1"": {""total"": 0, ""by_type"": {}}, ""Blace L2"": {""total"": 2, ""by_type"": {""car"": 2}}, ""Blace L3"": {""total"": 4, ""by_type"": {""car"": 4}}}",3
54,2,2026-05-03 03:17:49.467238,5,9,9,0,0,0,"{""Blace L1"": {""total"": 0, ""by_type"": {}}, ""Blace L2"": {""total"": 4, ""by_type"": {""car"": 4}}, ""Blace L3"": {""total"": 5, ""by_type"": {""car"": 5}}}",3
55,2,2026-05-03 03:22:49.764061,5,4,4,0,0,0,"{""Blace L1"": {""total"": 0, ""by_type"": {}}, ""Blace L2"": {""total"": 2, ""by_type"": {""car"": 2}}, ""Blace L3"": {""total"": 2, ""by_type"": {""car"": 2}}}",3
56,2,2026-05-03 03:28:04.300043,5,9,9,0,0,0,"{""Blace L1"": {""total"": 0, ""by_type"": {}}, ""Blace L2"": {""total"": 5, ""by_type"": {""car"": 5}}, ""Blace L3"": {""total"": 4, ""by_type"": {""car"": 4}}}",3.5
57,2,2026-05-03 03:33:04.393682,5,7,7,0,0,0,"{""Blace L1"": {""total"": 0, ""by_type"": {}}, ""Blace L2"": {""total"": 3, ""by_type"": {""car"": 3}}, ""Blace L3"": {""total"": 4, ""by_type"": {""car"": 4}}}",3
58,2,2026-05-03 03:38:04.61981,5,3,3,0,0,0,"{""Blace L1"": {""total"": 0, ""by_type"": {}}, ""Blace L2"": {""total"": 0, ""by_type"": {}}, ""Blace L3"": {""total"": 3, ""by_type"": {""car"": 3}}}",3
59,2,2026-05-03 03:43:04.85414,5,0,0,0,0,0,"{""Blace L1"": {""total"": 0, ""by_type"": {}}, ""Blace L2"": {""total"": 0, ""by_type"": {}}, ""Blace L3"": {""total"": 0, ""by_type"": {}}}",3
60,2,2026-05-03 03:48:04.921271,5,4,4,0,0,0,"{""Blace L1"": {""total"": 0, ""by_type"": {}}, ""Blace L2"": {""total"": 0, ""by_type"": {}}, ""Blace L3"": {""total"": 4, ""by_type"": {""car"": 4}}}",3
61,2,2026-05-03 03:53:05.255204,5,3,3,0,0,0,"{""Blace L1"": {""total"": 0, ""by_type"": {}}, ""Blace L2"": {""total"": 1, ""by_type"": {""car"": 1}}, ""Blace L3"": {""total"": 2, ""by_type"": {""car"": 2}}}",3
62,2,2026-05-03 03:58:05.387559,5,2,2,0,0,0,"{""Blace L1"": {""total"": 0, ""by_type"": {}}, ""Blace L2"": {""total"": 1, ""by_type"": {""car"": 1}}, ""Blace L3"": {""total"": 1, ""by_type"": {""car"": 1}}}",3
63,2,2026-05-03 04:03:05.490096,5,1,1,0,0,0,"{""Blace L1"": {""total"": 0, ""by_type"": {}}, ""Blace L2"": {""total"": 0, ""by_type"": {}}, ""Blace L3"": {""total"": 1, ""by_type"": {""car"": 1}}}",3
64,2,2026-05-03 04:08:05.682128,5,5,5,0,0,0,"{""Blace L1"": {""total"": 0, ""by_type"": {}}, ""Blace L2"": {""total"": 0, ""by_type"": {}}, ""Blace L3"": {""total"": 5, ""by_type"": {""car"": 5}}}",3
65,2,2026-05-03 04:13:05.954647,5,2,2,0,0,0,"{""Blace L1"": {""total"": 0, ""by_type"": {}}, ""Blace L2"": {""total"": 0, ""by_type"": {}}, ""Blace L3"": {""total"": 2, ""by_type"": {""car"": 2}}}",3.5
66,2,2026-05-03 04:18:05.983572,5,4,4,0,0,0,"{""Blace L1"": {""total"": 0, ""by_type"": {}}, ""Blace L2"": {""total"": 0, ""by_type"": {}}, ""Blace L3"": {""total"": 4, ""by_type"": {""car"": 4}}}",3
67,2,2026-05-03 04:23:06.248571,5,6,6,0,0,0,"{""Blace L1"": {""total"": 0, ""by_type"": {}}, ""Blace L2"": {""total"": 3, ""by_type"": {""car"": 3}}, ""Blace L3"": {""total"": 3, ""by_type"": {""car"": 3}}}",3.5
68,2,2026-05-03 04:28:06.523428,5,8,8,0,0,0,"{""Blace L1"": {""total"": 0, ""by_type"": {}}, ""Blace L2"": {""total"": 3, ""by_type"": {""car"": 3}}, ""Blace L3"": {""total"": 5, ""by_type"": {""car"": 5}}}",3
69,2,2026-05-03 04:33:06.587557,5,1,1,0,0,0,"{""Blace L1"": {""total"": 0, ""by_type"": {}}, ""Blace L2"": {""total"": 1, ""by_type"": {""car"": 1}}, ""Blace L3"": {""total"": 0, ""by_type"": {}}}",3
70,2,2026-05-03 04:38:06.669339,5,0,0,0,0,0,"{""Blace L1"": {""total"": 0, ""by_type"": {}}, ""Blace L2"": {""total"": 0, ""by_type"": {}}, ""Blace L3"": {""total"": 0, ""by_type"": {}}}",3
71,2,2026-05-03 04:43:06.88626,5,0,0,0,0,0,"{""Blace L1"": {""total"": 0, ""by_type"": {}}, ""Blace L2"": {""total"": 0, ""by_type"": {}}, ""Blace L3"": {""total"": 0, ""by_type"": {}}}",3.5
72,2,2026-05-03 04:48:06.888156,5,0,0,0,0,0,"{""Blace L1"": {""total"": 0, ""by_type"": {}}, ""Blace L2"": {""total"": 0, ""by_type"": {}}, ""Blace L3"": {""total"": 0, ""by_type"": {}}}",3
73,2,2026-05-03 04:53:07.102583,5,2,2,0,0,0,"{""Blace L1"": {""total"": 0, ""by_type"": {}}, ""Blace L2"": {""total"": 2, ""by_type"": {""car"": 2}}, ""Blace L3"": {""total"": 0, ""by_type"": {}}}",3
74,2,2026-05-03 04:58:07.111441,5,0,0,0,0,0,"{""Blace L1"": {""total"": 0, ""by_type"": {}}, ""Blace L2"": {""total"": 0, ""by_type"": {}}, ""Blace L3"": {""total"": 0, ""by_type"": {}}}",3
75,2,2026-05-03 05:03:07.415122,5,0,0,0,0,0,"{""Blace L1"": {""total"": 0, ""by_type"": {}}, ""Blace L2"": {""total"": 0, ""by_type"": {}}, ""Blace L3"": {""total"": 0, ""by_type"": {}}}",3
76,2,2026-05-03 05:08:07.517086,5,6,6,0,0,0,"{""Blace L1"": {""total"": 0, ""by_type"": {}}, ""Blace L2"": {""total"": 2, ""by_type"": {""car"": 2}}, ""Blace L3"": {""total"": 4, ""by_type"": {""car"": 4}}}",3
77,2,2026-05-03 05:13:07.628119,5,0,0,0,0,0,"{""Blace L1"": {""total"": 0, ""by_type"": {}}, ""Blace L2"": {""total"": 0, ""by_type"": {}}, ""Blace L3"": {""total"": 0, ""by_type"": {}}}",3.5
78,2,2026-05-03 05:18:07.795897,5,0,0,0,0,0,"{""Blace L1"": {""total"": 0, ""by_type"": {}}, ""Blace L2"": {""total"": 0, ""by_type"": {}}, ""Blace L3"": {""total"": 0, ""by_type"": {}}}",3
79,2,2026-05-03 05:23:07.875054,5,1,1,0,0,0,"{""Blace L1"": {""total"": 0, ""by_type"": {}}, ""Blace L2"": {""total"": 0, ""by_type"": {}}, ""Blace L3"": {""total"": 1, ""by_type"": {""car"": 1}}}",3
80,2,2026-05-03 05:28:08.008777,5,1,0,0,1,0,"{""Blace L1"": {""total"": 1, ""by_type"": {""bus"": 1}}, ""Blace L2"": {""total"": 0, ""by_type"": {}}, ""Blace L3"": {""total"": 0, ""by_type"": {}}}",3
81,2,2026-05-03 05:33:08.01908,5,0,0,0,0,0,"{""Blace L1"": {""total"": 0, ""by_type"": {}}, ""Blace L2"": {""total"": 0, ""by_type"": {}}, ""Blace L3"": {""total"": 0, ""by_type"": {}}}",3.5
82,2,2026-05-03 05:38:08.332351,5,0,0,0,0,0,"{""Blace L1"": {""total"": 0, ""by_type"": {}}, ""Blace L2"": {""total"": 0, ""by_type"": {}}, ""Blace L3"": {""total"": 0, ""by_type"": {}}}",3
83,2,2026-05-03 05:43:28.746798,5,0,0,0,0,0,"{""Blace L1"": {""total"": 0, ""by_type"": {}}, ""Blace L2"": {""total"": 0, ""by_type"": {}}, ""Blace L3"": {""total"": 0, ""by_type"": {}}}",3.5
84,2,2026-05-03 05:48:29.011911,5,1,0,0,1,0,"{""Blace L1"": {""total"": 0, ""by_type"": {}}, ""Blace L2"": {""total"": 0, ""by_type"": {}}, ""Blace L3"": {""total"": 1, ""by_type"": {""bus"": 1}}}",3
85,2,2026-05-03 05:53:29.285289,5,0,0,0,0,0,"{""Blace L1"": {""total"": 0, ""by_type"": {}}, ""Blace L2"": {""total"": 0, ""by_type"": {}}, ""Blace L3"": {""total"": 0, ""by_type"": {}}}",3
86,2,2026-05-03 05:58:29.407047,5,1,1,0,0,0,"{""Blace L1"": {""total"": 0, ""by_type"": {}}, ""Blace L2"": {""total"": 0, ""by_type"": {}}, ""Blace L3"": {""total"": 1, ""by_type"": {""car"": 1}}}",3
87,2,2026-05-03 06:03:29.428718,5,3,3,0,0,0,"{""Blace L1"": {""total"": 0, ""by_type"": {}}, ""Blace L2"": {""total"": 0, ""by_type"": {}}, ""Blace L3"": {""total"": 3, ""by_type"": {""car"": 3}}}",3.5
88,2,2026-05-03 06:08:29.494996,5,2,1,0,1,0,"{""Blace L1"": {""total"": 1, ""by_type"": {""bus"": 1}}, ""Blace L2"": {""total"": 0, ""by_type"": {}}, ""Blace L3"": {""total"": 1, ""by_type"": {""car"": 1}}}",3
89,2,2026-05-03 06:13:29.796003,5,5,5,0,0,0,"{""Blace L1"": {""total"": 0, ""by_type"": {}}, ""Blace L2"": {""total"": 0, ""by_type"": {}}, ""Blace L3"": {""total"": 5, ""by_type"": {""car"": 5}}}",3
90,2,2026-05-03 06:18:29.870855,5,4,4,0,0,0,"{""Blace L1"": {""total"": 0, ""by_type"": {}}, ""Blace L2"": {""total"": 0, ""by_type"": {}}, ""Blace L3"": {""total"": 4, ""by_type"": {""car"": 4}}}",3
91,2,2026-05-03 06:23:29.950689,5,5,5,0,0,0,"{""Blace L1"": {""total"": 0, ""by_type"": {}}, ""Blace L2"": {""total"": 0, ""by_type"": {}}, ""Blace L3"": {""total"": 5, ""by_type"": {""car"": 5}}}",3.5
92,2,2026-05-03 06:28:30.059342,5,2,2,0,0,0,"{""Blace L1"": {""total"": 0, ""by_type"": {}}, ""Blace L2"": {""total"": 0, ""by_type"": {}}, ""Blace L3"": {""total"": 2, ""by_type"": {""car"": 2}}}",3
93,2,2026-05-03 06:33:30.199152,5,1,1,0,0,0,"{""Blace L1"": {""total"": 0, ""by_type"": {}}, ""Blace L2"": {""total"": 0, ""by_type"": {}}, ""Blace L3"": {""total"": 1, ""by_type"": {""car"": 1}}}",3
94,2,2026-05-03 06:38:30.313393,5,1,1,0,0,0,"{""Blace L1"": {""total"": 0, ""by_type"": {}}, ""Blace L2"": {""total"": 0, ""by_type"": {}}, ""Blace L3"": {""total"": 1, ""by_type"": {""car"": 1}}}",3
95,2,2026-05-03 06:43:30.326834,5,0,0,0,0,0,"{""Blace L1"": {""total"": 0, ""by_type"": {}}, ""Blace L2"": {""total"": 0, ""by_type"": {}}, ""Blace L3"": {""total"": 0, ""by_type"": {}}}",3
96,2,2026-05-03 06:48:30.329655,5,1,0,0,1,0,"{""Blace L1"": {""total"": 1, ""by_type"": {""bus"": 1}}, ""Blace L2"": {""total"": 0, ""by_type"": {}}, ""Blace L3"": {""total"": 0, ""by_type"": {}}}",3
97,2,2026-05-03 06:53:30.350273,5,2,2,0,0,0,"{""Blace L1"": {""total"": 0, ""by_type"": {}}, ""Blace L2"": {""total"": 0, ""by_type"": {}}, ""Blace L3"": {""total"": 2, ""by_type"": {""car"": 2}}}",3.5
98,2,2026-05-03 06:58:30.378681,5,2,2,0,0,0,"{""Blace L1"": {""total"": 0, ""by_type"": {}}, ""Blace L2"": {""total"": 0, ""by_type"": {}}, ""Blace L3"": {""total"": 2, ""by_type"": {""car"": 2}}}",3
99,2,2026-05-03 07:03:30.701917,5,0,0,0,0,0,"{""Blace L1"": {""total"": 0, ""by_type"": {}}, ""Blace L2"": {""total"": 0, ""by_type"": {}}, ""Blace L3"": {""total"": 0, ""by_type"": {}}}",3
100,2,2026-05-03 07:08:30.858196,5,0,0,0,0,0,"{""Blace L1"": {""total"": 0, ""by_type"": {}}, ""Blace L2"": {""total"": 0, ""by_type"": {}}, ""Blace L3"": {""total"": 0, ""by_type"": {}}}",3
101,2,2026-05-03 07:13:32.782076,5,2,1,0,1,0,"{""Blace L1"": {""total"": 1, ""by_type"": {""bus"": 1}}, ""Blace L2"": {""total"": 0, ""by_type"": {}}, ""Blace L3"": {""total"": 1, ""by_type"": {""car"": 1}}}",3.5
102,2,2026-05-03 07:18:33.050035,5,0,0,0,0,0,"{""Blace L1"": {""total"": 0, ""by_type"": {}}, ""Blace L2"": {""total"": 0, ""by_type"": {}}, ""Blace L3"": {""total"": 0, ""by_type"": {}}}",3
103,2,2026-05-03 07:23:33.136329,5,0,0,0,0,0,"{""Blace L1"": {""total"": 0, ""by_type"": {}}, ""Blace L2"": {""total"": 0, ""by_type"": {}}, ""Blace L3"": {""total"": 0, ""by_type"": {}}}",3
104,2,2026-05-03 07:28:33.504826,5,1,0,0,1,0,"{""Blace L1"": {""total"": 1, ""by_type"": {""bus"": 1}}, ""Blace L2"": {""total"": 0, ""by_type"": {}}, ""Blace L3"": {""total"": 0, ""by_type"": {}}}",3
105,2,2026-05-03 07:33:33.6197,5,1,0,0,1,0,"{""Blace L1"": {""total"": 1, ""by_type"": {""bus"": 1}}, ""Blace L2"": {""total"": 0, ""by_type"": {}}, ""Blace L3"": {""total"": 0, ""by_type"": {}}}",3
106,2,2026-05-03 07:38:33.713462,5,5,4,0,1,0,"{""Blace L1"": {""total"": 2, ""by_type"": {""bus"": 1, ""car"": 1}}, ""Blace L2"": {""total"": 0, ""by_type"": {}}, ""Blace L3"": {""total"": 3, ""by_type"": {""car"": 3}}}",3
107,2,2026-05-03 07:43:34.044029,5,3,2,0,0,1,"{""Blace L1"": {""total"": 0, ""by_type"": {}}, ""Blace L2"": {""total"": 0, ""by_type"": {}}, ""Blace L3"": {""total"": 3, ""by_type"": {""car"": 2, ""truck"": 1}}}",3
108,2,2026-05-03 07:48:34.376146,5,0,0,0,0,0,"{""Blace L1"": {""total"": 0, ""by_type"": {}}, ""Blace L2"": {""total"": 0, ""by_type"": {}}, ""Blace L3"": {""total"": 0, ""by_type"": {}}}",3
109,2,2026-05-03 07:53:34.449935,5,0,0,0,0,0,"{""Blace L1"": {""total"": 0, ""by_type"": {}}, ""Blace L2"": {""total"": 0, ""by_type"": {}}, ""Blace L3"": {""total"": 0, ""by_type"": {}}}",3
110,2,2026-05-03 07:58:34.495065,5,0,0,0,0,0,"{""Blace L1"": {""total"": 0, ""by_type"": {}}, ""Blace L2"": {""total"": 0, ""by_type"": {}}, ""Blace L3"": {""total"": 0, ""by_type"": {}}}",3
111,2,2026-05-03 08:03:34.579042,5,1,1,0,0,0,"{""Blace L1"": {""total"": 0, ""by_type"": {}}, ""Blace L2"": {""total"": 1, ""by_type"": {""car"": 1}}, ""Blace L3"": {""total"": 0, ""by_type"": {}}}",3
112,2,2026-05-03 08:08:34.759325,5,1,0,0,0,1,"{""Blace L1"": {""total"": 1, ""by_type"": {""truck"": 1}}, ""Blace L2"": {""total"": 0, ""by_type"": {}}, ""Blace L3"": {""total"": 0, ""by_type"": {}}}",3
113,2,2026-05-03 08:13:35.033081,5,4,3,0,0,1,"{""Blace L1"": {""total"": 1, ""by_type"": {""truck"": 1}}, ""Blace L2"": {""total"": 1, ""by_type"": {""car"": 1}}, ""Blace L3"": {""total"": 2, ""by_type"": {""car"": 2}}}",3
114,2,2026-05-03 08:18:35.139325,5,1,0,0,1,0,"{""Blace L1"": {""total"": 1, ""by_type"": {""bus"": 1}}, ""Blace L2"": {""total"": 0, ""by_type"": {}}, ""Blace L3"": {""total"": 0, ""by_type"": {}}}",3
115,2,2026-05-03 08:23:35.255796,5,1,0,0,1,0,"{""Blace L1"": {""total"": 1, ""by_type"": {""bus"": 1}}, ""Blace L2"": {""total"": 0, ""by_type"": {}}, ""Blace L3"": {""total"": 0, ""by_type"": {}}}",3
116,2,2026-05-03 08:28:35.516263,5,1,1,0,0,0,"{""Blace L1"": {""total"": 0, ""by_type"": {}}, ""Blace L2"": {""total"": 0, ""by_type"": {}}, ""Blace L3"": {""total"": 1, ""by_type"": {""car"": 1}}}",3.5
117,2,2026-05-03 08:33:35.705935,5,8,5,0,3,0,"{""Blace L1"": {""total"": 3, ""by_type"": {""bus"": 3}}, ""Blace L2"": {""total"": 2, ""by_type"": {""car"": 2}}, ""Blace L3"": {""total"": 3, ""by_type"": {""car"": 3}}}",3
118,2,2026-05-03 08:38:35.916475,5,9,8,0,1,0,"{""Blace L1"": {""total"": 1, ""by_type"": {""bus"": 1}}, ""Blace L2"": {""total"": 4, ""by_type"": {""car"": 4}}, ""Blace L3"": {""total"": 4, ""by_type"": {""car"": 4}}}",3
119,2,2026-05-03 08:43:36.129931,5,10,10,0,0,0,"{""Blace L1"": {""total"": 0, ""by_type"": {}}, ""Blace L2"": {""total"": 5, ""by_type"": {""car"": 5}}, ""Blace L3"": {""total"": 5, ""by_type"": {""car"": 5}}}",3.5
120,2,2026-05-03 08:48:36.376764,5,10,10,0,0,0,"{""Blace L1"": {""total"": 0, ""by_type"": {}}, ""Blace L2"": {""total"": 6, ""by_type"": {""car"": 6}}, ""Blace L3"": {""total"": 4, ""by_type"": {""car"": 4}}}",3
121,2,2026-05-03 08:53:36.426847,5,7,7,0,0,0,"{""Blace L1"": {""total"": 0, ""by_type"": {}}, ""Blace L2"": {""total"": 3, ""by_type"": {""car"": 3}}, ""Blace L3"": {""total"": 4, ""by_type"": {""car"": 4}}}",3
122,2,2026-05-03 08:58:58.778023,5,8,7,0,1,0,"{""Blace L1"": {""total"": 1, ""by_type"": {""bus"": 1}}, ""Blace L2"": {""total"": 2, ""by_type"": {""car"": 2}}, ""Blace L3"": {""total"": 5, ""by_type"": {""car"": 5}}}",3.5
123,2,2026-05-03 09:03:59.256552,5,11,11,0,0,0,"{""Blace L1"": {""total"": 0, ""by_type"": {}}, ""Blace L2"": {""total"": 5, ""by_type"": {""car"": 5}}, ""Blace L3"": {""total"": 6, ""by_type"": {""car"": 6}}}",2
124,2,2026-05-03 09:08:59.37497,5,11,10,0,1,0,"{""Blace L1"": {""total"": 1, ""by_type"": {""bus"": 1}}, ""Blace L2"": {""total"": 4, ""by_type"": {""car"": 4}}, ""Blace L3"": {""total"": 6, ""by_type"": {""car"": 6}}}",2
125,2,2026-05-03 09:13:59.588798,5,10,9,0,1,0,"{""Blace L1"": {""total"": 1, ""by_type"": {""bus"": 1}}, ""Blace L2"": {""total"": 4, ""by_type"": {""car"": 4}}, ""Blace L3"": {""total"": 5, ""by_type"": {""car"": 5}}}",2
126,2,2026-05-03 09:18:59.859013,5,8,7,0,1,0,"{""Blace L1"": {""total"": 1, ""by_type"": {""bus"": 1}}, ""Blace L2"": {""total"": 4, ""by_type"": {""car"": 4}}, ""Blace L3"": {""total"": 3, ""by_type"": {""car"": 3}}}",2
127,2,2026-05-03 09:24:00.135876,5,11,11,0,0,0,"{""Blace L1"": {""total"": 0, ""by_type"": {}}, ""Blace L2"": {""total"": 5, ""by_type"": {""car"": 5}}, ""Blace L3"": {""total"": 6, ""by_type"": {""car"": 6}}}",2
128,2,2026-05-03 09:29:00.598366,5,10,10,0,0,0,"{""Blace L1"": {""total"": 4, ""by_type"": {""car"": 4}}, ""Blace L2"": {""total"": 3, ""by_type"": {""car"": 3}}, ""Blace L3"": {""total"": 3, ""by_type"": {""car"": 3}}}",0.5
129,2,2026-05-03 09:34:16.434382,5,14,14,0,0,0,"{""Blace L1"": {""total"": 5, ""by_type"": {""car"": 5}}, ""Blace L2"": {""total"": 5, ""by_type"": {""car"": 5}}, ""Blace L3"": {""total"": 4, ""by_type"": {""car"": 4}}}",0.5
130,2,2026-05-03 09:39:16.680953,5,16,16,0,0,0,"{""Blace L1"": {""total"": 5, ""by_type"": {""car"": 5}}, ""Blace L2"": {""total"": 5, ""by_type"": {""car"": 5}}, ""Blace L3"": {""total"": 6, ""by_type"": {""car"": 6}}}",2
131,2,2026-05-03 09:44:16.705437,5,14,14,0,0,0,"{""Blace L1"": {""total"": 6, ""by_type"": {""car"": 6}}, ""Blace L2"": {""total"": 4, ""by_type"": {""car"": 4}}, ""Blace L3"": {""total"": 4, ""by_type"": {""car"": 4}}}",2
132,2,2026-05-03 09:49:17.210326,5,14,14,0,0,0,"{""Blace L1"": {""total"": 5, ""by_type"": {""car"": 5}}, ""Blace L2"": {""total"": 5, ""by_type"": {""car"": 5}}, ""Blace L3"": {""total"": 4, ""by_type"": {""car"": 4}}}",2
133,2,2026-05-03 09:54:17.222578,5,14,13,0,0,1,"{""Blace L1"": {""total"": 4, ""by_type"": {""car"": 3, ""truck"": 1}}, ""Blace L2"": {""total"": 6, ""by_type"": {""car"": 6}}, ""Blace L3"": {""total"": 4, ""by_type"": {""car"": 4}}}",2
134,2,2026-05-03 09:59:17.359187,5,14,13,0,0,1,"{""Blace L1"": {""total"": 6, ""by_type"": {""car"": 5, ""truck"": 1}}, ""Blace L2"": {""total"": 3, ""by_type"": {""car"": 3}}, ""Blace L3"": {""total"": 5, ""by_type"": {""car"": 5}}}",2
135,2,2026-05-03 10:04:49.643899,5,15,15,0,0,0,"{""Blace L1"": {""total"": 6, ""by_type"": {""car"": 6}}, ""Blace L2"": {""total"": 5, ""by_type"": {""car"": 5}}, ""Blace L3"": {""total"": 4, ""by_type"": {""car"": 4}}}",2
136,2,2026-05-03 10:09:50.155124,5,13,13,0,0,0,"{""Blace L1"": {""total"": 5, ""by_type"": {""car"": 5}}, ""Blace L2"": {""total"": 4, ""by_type"": {""car"": 4}}, ""Blace L3"": {""total"": 4, ""by_type"": {""car"": 4}}}",2
137,2,2026-05-03 10:14:50.569818,5,15,15,0,0,0,"{""Blace L1"": {""total"": 6, ""by_type"": {""car"": 6}}, ""Blace L2"": {""total"": 5, ""by_type"": {""car"": 5}}, ""Blace L3"": {""total"": 4, ""by_type"": {""car"": 4}}}",2
138,2,2026-05-03 10:19:50.759804,5,16,16,0,0,0,"{""Blace L1"": {""total"": 7, ""by_type"": {""car"": 7}}, ""Blace L2"": {""total"": 4, ""by_type"": {""car"": 4}}, ""Blace L3"": {""total"": 5, ""by_type"": {""car"": 5}}}",2
139,2,2026-05-03 10:24:51.148805,5,15,15,0,0,0,"{""Blace L1"": {""total"": 6, ""by_type"": {""car"": 6}}, ""Blace L2"": {""total"": 4, ""by_type"": {""car"": 4}}, ""Blace L3"": {""total"": 5, ""by_type"": {""car"": 5}}}",2
140,2,2026-05-03 10:29:51.689267,5,14,14,0,0,0,"{""Blace L1"": {""total"": 2, ""by_type"": {""car"": 2}}, ""Blace L2"": {""total"": 7, ""by_type"": {""car"": 7}}, ""Blace L3"": {""total"": 5, ""by_type"": {""car"": 5}}}",2
141,2,2026-05-03 10:34:52.142883,5,16,15,0,0,1,"{""Blace L1"": {""total"": 6, ""by_type"": {""car"": 5, ""truck"": 1}}, ""Blace L2"": {""total"": 5, ""by_type"": {""car"": 5}}, ""Blace L3"": {""total"": 5, ""by_type"": {""car"": 5}}}",1.5
142,2,2026-05-03 10:39:52.509639,5,14,14,0,0,0,"{""Blace L1"": {""total"": 4, ""by_type"": {""car"": 4}}, ""Blace L2"": {""total"": 4, ""by_type"": {""car"": 4}}, ""Blace L3"": {""total"": 6, ""by_type"": {""car"": 6}}}",2
143,2,2026-05-03 10:44:52.54837,5,10,10,0,0,0,"{""Blace L1"": {""total"": 0, ""by_type"": {}}, ""Blace L2"": {""total"": 6, ""by_type"": {""car"": 6}}, ""Blace L3"": {""total"": 4, ""by_type"": {""car"": 4}}}",2
144,2,2026-05-03 10:50:02.712497,5,12,12,0,0,0,"{""Blace L1"": {""total"": 2, ""by_type"": {""car"": 2}}, ""Blace L2"": {""total"": 4, ""by_type"": {""car"": 4}}, ""Blace L3"": {""total"": 6, ""by_type"": {""car"": 6}}}",0.5
145,2,2026-05-03 10:55:02.86791,5,13,13,0,0,0,"{""Blace L1"": {""total"": 2, ""by_type"": {""car"": 2}}, ""Blace L2"": {""total"": 5, ""by_type"": {""car"": 5}}, ""Blace L3"": {""total"": 6, ""by_type"": {""car"": 6}}}",2
146,2,2026-05-03 11:00:02.996759,5,16,16,0,0,0,"{""Blace L1"": {""total"": 6, ""by_type"": {""car"": 6}}, ""Blace L2"": {""total"": 5, ""by_type"": {""car"": 5}}, ""Blace L3"": {""total"": 5, ""by_type"": {""car"": 5}}}",2
147,2,2026-05-03 11:05:03.416478,5,15,15,0,0,0,"{""Blace L1"": {""total"": 5, ""by_type"": {""car"": 5}}, ""Blace L2"": {""total"": 5, ""by_type"": {""car"": 5}}, ""Blace L3"": {""total"": 5, ""by_type"": {""car"": 5}}}",2
148,2,2026-05-03 11:10:03.768935,5,12,12,0,0,0,"{""Blace L1"": {""total"": 3, ""by_type"": {""car"": 3}}, ""Blace L2"": {""total"": 4, ""by_type"": {""car"": 4}}, ""Blace L3"": {""total"": 5, ""by_type"": {""car"": 5}}}",2
149,2,2026-05-03 11:15:04.220729,5,10,10,0,0,0,"{""Blace L1"": {""total"": 0, ""by_type"": {}}, ""Blace L2"": {""total"": 5, ""by_type"": {""car"": 5}}, ""Blace L3"": {""total"": 5, ""by_type"": {""car"": 5}}}",2
150,2,2026-05-03 11:20:27.788579,5,12,11,0,0,1,"{""Blace L1"": {""total"": 2, ""by_type"": {""car"": 1, ""truck"": 1}}, ""Blace L2"": {""total"": 5, ""by_type"": {""car"": 5}}, ""Blace L3"": {""total"": 5, ""by_type"": {""car"": 5}}}",0.5
151,2,2026-05-03 11:25:28.105404,5,16,16,0,0,0,"{""Blace L1"": {""total"": 5, ""by_type"": {""car"": 5}}, ""Blace L2"": {""total"": 6, ""by_type"": {""car"": 6}}, ""Blace L3"": {""total"": 5, ""by_type"": {""car"": 5}}}",2
152,2,2026-05-03 11:30:28.316837,5,11,11,0,0,0,"{""Blace L1"": {""total"": 2, ""by_type"": {""car"": 2}}, ""Blace L2"": {""total"": 5, ""by_type"": {""car"": 5}}, ""Blace L3"": {""total"": 4, ""by_type"": {""car"": 4}}}",2
153,2,2026-05-03 11:35:28.491731,5,15,15,0,0,0,"{""Blace L1"": {""total"": 6, ""by_type"": {""car"": 6}}, ""Blace L2"": {""total"": 5, ""by_type"": {""car"": 5}}, ""Blace L3"": {""total"": 4, ""by_type"": {""car"": 4}}}",2
154,2,2026-05-03 11:40:28.848335,5,14,14,0,0,0,"{""Blace L1"": {""total"": 6, ""by_type"": {""car"": 6}}, ""Blace L2"": {""total"": 4, ""by_type"": {""car"": 4}}, ""Blace L3"": {""total"": 4, ""by_type"": {""car"": 4}}}",2
155,2,2026-05-03 11:45:29.152664,5,11,11,0,0,0,"{""Blace L1"": {""total"": 2, ""by_type"": {""car"": 2}}, ""Blace L2"": {""total"": 5, ""by_type"": {""car"": 5}}, ""Blace L3"": {""total"": 4, ""by_type"": {""car"": 4}}}",2
156,2,2026-05-03 11:50:29.599229,5,16,16,0,0,0,"{""Blace L1"": {""total"": 6, ""by_type"": {""car"": 6}}, ""Blace L2"": {""total"": 5, ""by_type"": {""car"": 5}}, ""Blace L3"": {""total"": 5, ""by_type"": {""car"": 5}}}",2
157,2,2026-05-03 11:55:29.66458,5,19,19,0,0,0,"{""Blace L1"": {""total"": 7, ""by_type"": {""car"": 7}}, ""Blace L2"": {""total"": 6, ""by_type"": {""car"": 6}}, ""Blace L3"": {""total"": 6, ""by_type"": {""car"": 6}}}",2
158,2,2026-05-03 12:00:29.9419,5,17,17,0,0,0,"{""Blace L1"": {""total"": 7, ""by_type"": {""car"": 7}}, ""Blace L2"": {""total"": 5, ""by_type"": {""car"": 5}}, ""Blace L3"": {""total"": 5, ""by_type"": {""car"": 5}}}",2
159,2,2026-05-03 12:05:30.460336,5,16,16,0,0,0,"{""Blace L1"": {""total"": 7, ""by_type"": {""car"": 7}}, ""Blace L2"": {""total"": 5, ""by_type"": {""car"": 5}}, ""Blace L3"": {""total"": 4, ""by_type"": {""car"": 4}}}",2
160,2,2026-05-03 12:10:30.968041,5,14,14,0,0,0,"{""Blace L1"": {""total"": 7, ""by_type"": {""car"": 7}}, ""Blace L2"": {""total"": 3, ""by_type"": {""car"": 3}}, ""Blace L3"": {""total"": 4, ""by_type"": {""car"": 4}}}",2
161,2,2026-05-03 12:42:54.521202,5,15,15,0,0,0,"{""Blace L1"": {""total"": 5, ""by_type"": {""car"": 5}}, ""Blace L2"": {""total"": 5, ""by_type"": {""car"": 5}}, ""Blace L3"": {""total"": 5, ""by_type"": {""car"": 5}}}",2.5
162,2,2026-05-03 12:47:54.811338,5,16,15,0,0,1,"{""Blace L1"": {""total"": 7, ""by_type"": {""car"": 7}}, ""Blace L2"": {""total"": 5, ""by_type"": {""car"": 5}}, ""Blace L3"": {""total"": 4, ""by_type"": {""car"": 3, ""truck"": 1}}}",2.5
163,2,2026-05-03 12:52:54.928207,5,15,15,0,0,0,"{""Blace L1"": {""total"": 5, ""by_type"": {""car"": 5}}, ""Blace L2"": {""total"": 5, ""by_type"": {""car"": 5}}, ""Blace L3"": {""total"": 5, ""by_type"": {""car"": 5}}}",3
164,2,2026-05-03 12:57:55.575542,5,17,17,0,0,0,"{""Blace L1"": {""total"": 6, ""by_type"": {""car"": 6}}, ""Blace L2"": {""total"": 5, ""by_type"": {""car"": 5}}, ""Blace L3"": {""total"": 6, ""by_type"": {""car"": 6}}}",0.5
165,2,2026-05-03 13:02:56.716126,5,13,13,0,0,0,"{""Blace L1"": {""total"": 5, ""by_type"": {""car"": 5}}, ""Blace L2"": {""total"": 4, ""by_type"": {""car"": 4}}, ""Blace L3"": {""total"": 4, ""by_type"": {""car"": 4}}}",0.5
166,2,2026-05-03 13:07:56.797602,5,13,13,0,0,0,"{""Blace L1"": {""total"": 5, ""by_type"": {""car"": 5}}, ""Blace L2"": {""total"": 5, ""by_type"": {""car"": 5}}, ""Blace L3"": {""total"": 3, ""by_type"": {""car"": 3}}}",2.5
167,2,2026-05-03 13:13:03.865963,5,14,13,0,0,1,"{""Blace L1"": {""total"": 7, ""by_type"": {""car"": 6, ""truck"": 1}}, ""Blace L2"": {""total"": 4, ""by_type"": {""car"": 4}}, ""Blace L3"": {""total"": 3, ""by_type"": {""car"": 3}}}",2.5
168,2,2026-05-03 13:18:04.259501,5,14,14,0,0,0,"{""Blace L1"": {""total"": 2, ""by_type"": {""car"": 2}}, ""Blace L2"": {""total"": 6, ""by_type"": {""car"": 6}}, ""Blace L3"": {""total"": 6, ""by_type"": {""car"": 6}}}",1
169,2,2026-05-03 13:23:05.638966,5,18,18,0,0,0,"{""Blace L1"": {""total"": 7, ""by_type"": {""car"": 7}}, ""Blace L2"": {""total"": 4, ""by_type"": {""car"": 4}}, ""Blace L3"": {""total"": 7, ""by_type"": {""car"": 7}}}",0.5
170,2,2026-05-03 13:28:24.189619,5,15,15,0,0,0,"{""Blace L1"": {""total"": 6, ""by_type"": {""car"": 6}}, ""Blace L2"": {""total"": 6, ""by_type"": {""car"": 6}}, ""Blace L3"": {""total"": 3, ""by_type"": {""car"": 3}}}",2.5
171,2,2026-05-03 13:33:25.113504,5,18,18,0,0,0,"{""Blace L1"": {""total"": 6, ""by_type"": {""car"": 6}}, ""Blace L2"": {""total"": 6, ""by_type"": {""car"": 6}}, ""Blace L3"": {""total"": 6, ""by_type"": {""car"": 6}}}",0.5
172,2,2026-05-03 13:38:25.516756,5,17,17,0,0,0,"{""Blace L1"": {""total"": 7, ""by_type"": {""car"": 7}}, ""Blace L2"": {""total"": 6, ""by_type"": {""car"": 6}}, ""Blace L3"": {""total"": 4, ""by_type"": {""car"": 4}}}",2.5
173,2,2026-05-03 13:43:25.549821,5,15,14,0,0,1,"{""Blace L1"": {""total"": 6, ""by_type"": {""car"": 5, ""truck"": 1}}, ""Blace L2"": {""total"": 5, ""by_type"": {""car"": 5}}, ""Blace L3"": {""total"": 4, ""by_type"": {""car"": 4}}}",2.5
174,2,2026-05-03 13:48:25.853045,5,16,16,0,0,0,"{""Blace L1"": {""total"": 6, ""by_type"": {""car"": 6}}, ""Blace L2"": {""total"": 5, ""by_type"": {""car"": 5}}, ""Blace L3"": {""total"": 5, ""by_type"": {""car"": 5}}}",3
175,2,2026-05-03 13:53:26.186999,5,14,13,0,0,1,"{""Blace L1"": {""total"": 6, ""by_type"": {""car"": 5, ""truck"": 1}}, ""Blace L2"": {""total"": 4, ""by_type"": {""car"": 4}}, ""Blace L3"": {""total"": 4, ""by_type"": {""car"": 4}}}",3
176,2,2026-05-03 13:58:26.360294,5,16,16,0,0,0,"{""Blace L1"": {""total"": 6, ""by_type"": {""car"": 6}}, ""Blace L2"": {""total"": 5, ""by_type"": {""car"": 5}}, ""Blace L3"": {""total"": 5, ""by_type"": {""car"": 5}}}",3
177,2,2026-05-03 14:03:26.45485,5,15,15,0,0,0,"{""Blace L1"": {""total"": 6, ""by_type"": {""car"": 6}}, ""Blace L2"": {""total"": 4, ""by_type"": {""car"": 4}}, ""Blace L3"": {""total"": 5, ""by_type"": {""car"": 5}}}",3
178,2,2026-05-03 14:08:26.59133,5,17,17,0,0,0,"{""Blace L1"": {""total"": 7, ""by_type"": {""car"": 7}}, ""Blace L2"": {""total"": 5, ""by_type"": {""car"": 5}}, ""Blace L3"": {""total"": 5, ""by_type"": {""car"": 5}}}",3
179,2,2026-05-03 14:13:26.892544,5,16,16,0,0,0,"{""Blace L1"": {""total"": 6, ""by_type"": {""car"": 6}}, ""Blace L2"": {""total"": 5, ""by_type"": {""car"": 5}}, ""Blace L3"": {""total"": 5, ""by_type"": {""car"": 5}}}",1.5
180,2,2026-05-03 14:18:27.046797,5,15,15,0,0,0,"{""Blace L1"": {""total"": 6, ""by_type"": {""car"": 6}}, ""Blace L2"": {""total"": 4, ""by_type"": {""car"": 4}}, ""Blace L3"": {""total"": 5, ""by_type"": {""car"": 5}}}",3
181,2,2026-05-03 14:23:27.426767,5,16,15,0,0,1,"{""Blace L1"": {""total"": 7, ""by_type"": {""car"": 6, ""truck"": 1}}, ""Blace L2"": {""total"": 5, ""by_type"": {""car"": 5}}, ""Blace L3"": {""total"": 4, ""by_type"": {""car"": 4}}}",2
182,2,2026-05-03 14:28:27.803592,5,15,15,0,0,0,"{""Blace L1"": {""total"": 6, ""by_type"": {""car"": 6}}, ""Blace L2"": {""total"": 5, ""by_type"": {""car"": 5}}, ""Blace L3"": {""total"": 4, ""by_type"": {""car"": 4}}}",0.5
183,2,2026-05-03 14:33:27.825862,5,16,16,0,0,0,"{""Blace L1"": {""total"": 6, ""by_type"": {""car"": 6}}, ""Blace L2"": {""total"": 5, ""by_type"": {""car"": 5}}, ""Blace L3"": {""total"": 5, ""by_type"": {""car"": 5}}}",2.5
184,2,2026-05-03 14:38:29.236142,5,15,15,0,0,0,"{""Blace L1"": {""total"": 5, ""by_type"": {""car"": 5}}, ""Blace L2"": {""total"": 5, ""by_type"": {""car"": 5}}, ""Blace L3"": {""total"": 5, ""by_type"": {""car"": 5}}}",0.5
185,2,2026-05-03 14:43:30.294267,5,15,15,0,0,0,"{""Blace L1"": {""total"": 5, ""by_type"": {""car"": 5}}, ""Blace L2"": {""total"": 5, ""by_type"": {""car"": 5}}, ""Blace L3"": {""total"": 5, ""by_type"": {""car"": 5}}}",1
186,2,2026-05-03 14:48:53.527845,5,15,12,0,0,3,"{""Blace L1"": {""total"": 6, ""by_type"": {""car"": 3, ""truck"": 3}}, ""Blace L2"": {""total"": 5, ""by_type"": {""car"": 5}}, ""Blace L3"": {""total"": 4, ""by_type"": {""car"": 4}}}",0.5
187,2,2026-05-03 14:53:53.559989,5,14,14,0,0,0,"{""Blace L1"": {""total"": 5, ""by_type"": {""car"": 5}}, ""Blace L2"": {""total"": 5, ""by_type"": {""car"": 5}}, ""Blace L3"": {""total"": 4, ""by_type"": {""car"": 4}}}",3
188,2,2026-05-03 14:58:53.7694,5,18,16,0,1,1,"{""Blace L1"": {""total"": 7, ""by_type"": {""bus"": 1, ""car"": 5, ""truck"": 1}}, ""Blace L2"": {""total"": 6, ""by_type"": {""car"": 6}}, ""Blace L3"": {""total"": 5, ""by_type"": {""car"": 5}}}",3
189,2,2026-05-03 15:03:54.037904,5,13,12,0,1,0,"{""Blace L1"": {""total"": 5, ""by_type"": {""bus"": 1, ""car"": 4}}, ""Blace L2"": {""total"": 5, ""by_type"": {""car"": 5}}, ""Blace L3"": {""total"": 3, ""by_type"": {""car"": 3}}}",3
190,2,2026-05-03 15:08:54.792981,5,14,14,0,0,0,"{""Blace L1"": {""total"": 6, ""by_type"": {""car"": 6}}, ""Blace L2"": {""total"": 4, ""by_type"": {""car"": 4}}, ""Blace L3"": {""total"": 4, ""by_type"": {""car"": 4}}}",0.5
191,2,2026-05-03 15:13:54.855799,5,14,14,0,0,0,"{""Blace L1"": {""total"": 6, ""by_type"": {""car"": 6}}, ""Blace L2"": {""total"": 4, ""by_type"": {""car"": 4}}, ""Blace L3"": {""total"": 4, ""by_type"": {""car"": 4}}}",2.5
192,2,2026-05-03 15:18:55.014577,5,12,12,0,0,0,"{""Blace L1"": {""total"": 5, ""by_type"": {""car"": 5}}, ""Blace L2"": {""total"": 4, ""by_type"": {""car"": 4}}, ""Blace L3"": {""total"": 3, ""by_type"": {""car"": 3}}}",3
193,2,2026-05-03 15:23:55.038165,5,15,15,0,0,0,"{""Blace L1"": {""total"": 6, ""by_type"": {""car"": 6}}, ""Blace L2"": {""total"": 5, ""by_type"": {""car"": 5}}, ""Blace L3"": {""total"": 4, ""by_type"": {""car"": 4}}}",3.5
194,2,2026-05-03 15:28:55.069147,5,13,13,0,0,0,"{""Blace L1"": {""total"": 4, ""by_type"": {""car"": 4}}, ""Blace L2"": {""total"": 4, ""by_type"": {""car"": 4}}, ""Blace L3"": {""total"": 5, ""by_type"": {""car"": 5}}}",3.5
195,2,2026-05-03 15:33:55.255418,5,15,15,0,0,0,"{""Blace L1"": {""total"": 3, ""by_type"": {""car"": 3}}, ""Blace L2"": {""total"": 6, ""by_type"": {""car"": 6}}, ""Blace L3"": {""total"": 6, ""by_type"": {""car"": 6}}}",3.5
196,2,2026-05-03 15:38:55.474398,5,16,16,0,0,0,"{""Blace L1"": {""total"": 6, ""by_type"": {""car"": 6}}, ""Blace L2"": {""total"": 4, ""by_type"": {""car"": 4}}, ""Blace L3"": {""total"": 6, ""by_type"": {""car"": 6}}}",3.5
197,2,2026-05-03 15:43:55.636508,5,14,14,0,0,0,"{""Blace L1"": {""total"": 6, ""by_type"": {""car"": 6}}, ""Blace L2"": {""total"": 4, ""by_type"": {""car"": 4}}, ""Blace L3"": {""total"": 4, ""by_type"": {""car"": 4}}}",3.5
198,2,2026-05-03 15:48:55.756224,5,14,14,0,0,0,"{""Blace L1"": {""total"": 5, ""by_type"": {""car"": 5}}, ""Blace L2"": {""total"": 4, ""by_type"": {""car"": 4}}, ""Blace L3"": {""total"": 5, ""by_type"": {""car"": 5}}}",3.5
199,2,2026-05-03 15:53:55.849281,5,14,14,0,0,0,"{""Blace L1"": {""total"": 5, ""by_type"": {""car"": 5}}, ""Blace L2"": {""total"": 5, ""by_type"": {""car"": 5}}, ""Blace L3"": {""total"": 4, ""by_type"": {""car"": 4}}}",3.5
200,2,2026-05-03 15:58:56.016759,5,14,14,0,0,0,"{""Blace L1"": {""total"": 5, ""by_type"": {""car"": 5}}, ""Blace L2"": {""total"": 4, ""by_type"": {""car"": 4}}, ""Blace L3"": {""total"": 5, ""by_type"": {""car"": 5}}}",3
201,2,2026-05-03 16:03:56.190185,5,13,13,0,0,0,"{""Blace L1"": {""total"": 4, ""by_type"": {""car"": 4}}, ""Blace L2"": {""total"": 5, ""by_type"": {""car"": 5}}, ""Blace L3"": {""total"": 4, ""by_type"": {""car"": 4}}}",3.5
202,2,2026-05-03 16:08:56.262762,5,15,15,0,0,0,"{""Blace L1"": {""total"": 6, ""by_type"": {""car"": 6}}, ""Blace L2"": {""total"": 5, ""by_type"": {""car"": 5}}, ""Blace L3"": {""total"": 4, ""by_type"": {""car"": 4}}}",3.5
203,2,2026-05-03 16:13:56.410096,5,14,12,0,1,1,"{""Blace L1"": {""total"": 5, ""by_type"": {""bus"": 1, ""car"": 3, ""truck"": 1}}, ""Blace L2"": {""total"": 5, ""by_type"": {""car"": 5}}, ""Blace L3"": {""total"": 4, ""by_type"": {""car"": 4}}}",3.5
204,2,2026-05-03 16:19:25.554243,5,14,14,0,0,0,"{""Blace L1"": {""total"": 5, ""by_type"": {""car"": 5}}, ""Blace L2"": {""total"": 4, ""by_type"": {""car"": 4}}, ""Blace L3"": {""total"": 5, ""by_type"": {""car"": 5}}}",0.5
205,2,2026-05-03 16:24:25.73978,5,10,9,0,1,0,"{""Blace L1"": {""total"": 3, ""by_type"": {""bus"": 1, ""car"": 2}}, ""Blace L2"": {""total"": 2, ""by_type"": {""car"": 2}}, ""Blace L3"": {""total"": 5, ""by_type"": {""car"": 5}}}",3.5
206,2,2026-05-03 16:29:25.959047,5,15,13,0,1,1,"{""Blace L1"": {""total"": 7, ""by_type"": {""bus"": 1, ""car"": 5, ""truck"": 1}}, ""Blace L2"": {""total"": 4, ""by_type"": {""car"": 4}}, ""Blace L3"": {""total"": 4, ""by_type"": {""car"": 4}}}",3.5
207,2,2026-05-03 16:34:26.137234,5,12,12,0,0,0,"{""Blace L1"": {""total"": 4, ""by_type"": {""car"": 4}}, ""Blace L2"": {""total"": 4, ""by_type"": {""car"": 4}}, ""Blace L3"": {""total"": 4, ""by_type"": {""car"": 4}}}",3
208,2,2026-05-03 16:39:26.407456,5,11,11,0,0,0,"{""Blace L1"": {""total"": 5, ""by_type"": {""car"": 5}}, ""Blace L2"": {""total"": 3, ""by_type"": {""car"": 3}}, ""Blace L3"": {""total"": 3, ""by_type"": {""car"": 3}}}",3.5
209,2,2026-05-03 16:44:26.44847,5,14,13,0,0,1,"{""Blace L1"": {""total"": 6, ""by_type"": {""car"": 5, ""truck"": 1}}, ""Blace L2"": {""total"": 4, ""by_type"": {""car"": 4}}, ""Blace L3"": {""total"": 4, ""by_type"": {""car"": 4}}}",3.5
210,2,2026-05-03 16:49:26.611787,5,14,13,0,0,1,"{""Blace L1"": {""total"": 6, ""by_type"": {""car"": 5, ""truck"": 1}}, ""Blace L2"": {""total"": 3, ""by_type"": {""car"": 3}}, ""Blace L3"": {""total"": 5, ""by_type"": {""car"": 5}}}",3.5
211,2,2026-05-03 16:54:26.671537,5,14,14,0,0,0,"{""Blace L1"": {""total"": 4, ""by_type"": {""car"": 4}}, ""Blace L2"": {""total"": 5, ""by_type"": {""car"": 5}}, ""Blace L3"": {""total"": 5, ""by_type"": {""car"": 5}}}",3.5
212,2,2026-05-03 16:59:26.77986,5,16,16,0,0,0,"{""Blace L1"": {""total"": 6, ""by_type"": {""car"": 6}}, ""Blace L2"": {""total"": 4, ""by_type"": {""car"": 4}}, ""Blace L3"": {""total"": 6, ""by_type"": {""car"": 6}}}",2
213,2,2026-05-03 17:04:27.082217,5,15,15,0,0,0,"{""Blace L1"": {""total"": 6, ""by_type"": {""car"": 6}}, ""Blace L2"": {""total"": 3, ""by_type"": {""car"": 3}}, ""Blace L3"": {""total"": 6, ""by_type"": {""car"": 6}}}",2
214,2,2026-05-03 17:09:27.375311,5,13,13,0,0,0,"{""Blace L1"": {""total"": 4, ""by_type"": {""car"": 4}}, ""Blace L2"": {""total"": 4, ""by_type"": {""car"": 4}}, ""Blace L3"": {""total"": 5, ""by_type"": {""car"": 5}}}",2
215,2,2026-05-03 17:14:27.649073,5,13,13,0,0,0,"{""Blace L1"": {""total"": 4, ""by_type"": {""car"": 4}}, ""Blace L2"": {""total"": 5, ""by_type"": {""car"": 5}}, ""Blace L3"": {""total"": 4, ""by_type"": {""car"": 4}}}",2
216,2,2026-05-03 17:19:29.174396,5,15,14,0,1,0,"{""Blace L1"": {""total"": 5, ""by_type"": {""bus"": 1, ""car"": 4}}, ""Blace L2"": {""total"": 4, ""by_type"": {""car"": 4}}, ""Blace L3"": {""total"": 6, ""by_type"": {""car"": 6}}}",0.5
217,2,2026-05-03 17:24:29.227262,5,14,14,0,0,0,"{""Blace L1"": {""total"": 5, ""by_type"": {""car"": 5}}, ""Blace L2"": {""total"": 5, ""by_type"": {""car"": 5}}, ""Blace L3"": {""total"": 4, ""by_type"": {""car"": 4}}}",2
218,2,2026-05-03 17:29:47.711669,5,11,11,0,0,0,"{""Blace L1"": {""total"": 3, ""by_type"": {""car"": 3}}, ""Blace L2"": {""total"": 4, ""by_type"": {""car"": 4}}, ""Blace L3"": {""total"": 4, ""by_type"": {""car"": 4}}}",0.5
219,2,2026-05-03 17:34:47.793085,5,13,12,0,0,1,"{""Blace L1"": {""total"": 4, ""by_type"": {""car"": 4}}, ""Blace L2"": {""total"": 6, ""by_type"": {""car"": 6}}, ""Blace L3"": {""total"": 3, ""by_type"": {""car"": 2, ""truck"": 1}}}",2
220,2,2026-05-03 17:39:47.979732,5,14,14,0,0,0,"{""Blace L1"": {""total"": 4, ""by_type"": {""car"": 4}}, ""Blace L2"": {""total"": 4, ""by_type"": {""car"": 4}}, ""Blace L3"": {""total"": 6, ""by_type"": {""car"": 6}}}",2
221,2,2026-05-03 17:44:48.173287,5,15,14,0,1,0,"{""Blace L1"": {""total"": 5, ""by_type"": {""bus"": 1, ""car"": 4}}, ""Blace L2"": {""total"": 5, ""by_type"": {""car"": 5}}, ""Blace L3"": {""total"": 5, ""by_type"": {""car"": 5}}}",2
222,2,2026-05-03 17:49:59.716631,5,13,13,0,0,0,"{""Blace L1"": {""total"": 3, ""by_type"": {""car"": 3}}, ""Blace L2"": {""total"": 5, ""by_type"": {""car"": 5}}, ""Blace L3"": {""total"": 5, ""by_type"": {""car"": 5}}}",2
223,2,2026-05-03 17:55:00.001954,5,11,11,0,0,0,"{""Blace L1"": {""total"": 3, ""by_type"": {""car"": 3}}, ""Blace L2"": {""total"": 3, ""by_type"": {""car"": 3}}, ""Blace L3"": {""total"": 5, ""by_type"": {""car"": 5}}}",2
224,2,2026-05-03 18:00:00.340851,5,16,15,0,0,1,"{""Blace L1"": {""total"": 4, ""by_type"": {""car"": 4}}, ""Blace L2"": {""total"": 5, ""by_type"": {""car"": 5}}, ""Blace L3"": {""total"": 7, ""by_type"": {""car"": 6, ""truck"": 1}}}",2
225,2,2026-05-03 18:05:00.510781,5,12,12,0,0,0,"{""Blace L1"": {""total"": 3, ""by_type"": {""car"": 3}}, ""Blace L2"": {""total"": 5, ""by_type"": {""car"": 5}}, ""Blace L3"": {""total"": 4, ""by_type"": {""car"": 4}}}",2
226,2,2026-05-03 22:25:58.714794,5,12,12,0,0,0,"{""Blace L1"": {""total"": 1, ""by_type"": {""car"": 1}}, ""Blace L2"": {""total"": 5, ""by_type"": {""car"": 5}}, ""Blace L3"": {""total"": 6, ""by_type"": {""car"": 6}}}",0.5
227,2,2026-05-03 22:30:58.800536,5,9,8,0,1,0,"{""Blace L1"": {""total"": 2, ""by_type"": {""bus"": 1, ""car"": 1}}, ""Blace L2"": {""total"": 3, ""by_type"": {""car"": 3}}, ""Blace L3"": {""total"": 4, ""by_type"": {""car"": 4}}}",2
228,2,2026-05-03 22:35:58.958901,5,7,6,0,1,0,"{""Blace L1"": {""total"": 1, ""by_type"": {""bus"": 1}}, ""Blace L2"": {""total"": 2, ""by_type"": {""car"": 2}}, ""Blace L3"": {""total"": 4, ""by_type"": {""car"": 4}}}",2
229,2,2026-05-03 22:40:59.101686,5,8,7,0,1,0,"{""Blace L1"": {""total"": 1, ""by_type"": {""bus"": 1}}, ""Blace L2"": {""total"": 3, ""by_type"": {""car"": 3}}, ""Blace L3"": {""total"": 4, ""by_type"": {""car"": 4}}}",1
230,2,2026-05-03 22:45:59.400165,5,9,7,0,2,0,"{""Blace L1"": {""total"": 2, ""by_type"": {""bus"": 2}}, ""Blace L2"": {""total"": 4, ""by_type"": {""car"": 4}}, ""Blace L3"": {""total"": 3, ""by_type"": {""car"": 3}}}",2
231,2,2026-05-03 22:50:59.575389,5,6,4,0,2,0,"{""Blace L1"": {""total"": 2, ""by_type"": {""bus"": 2}}, ""Blace L2"": {""total"": 2, ""by_type"": {""car"": 2}}, ""Blace L3"": {""total"": 2, ""by_type"": {""car"": 2}}}",2
232,2,2026-05-03 22:55:59.837617,5,11,9,0,2,0,"{""Blace L1"": {""total"": 2, ""by_type"": {""bus"": 2}}, ""Blace L2"": {""total"": 4, ""by_type"": {""car"": 4}}, ""Blace L3"": {""total"": 5, ""by_type"": {""car"": 5}}}",2
233,2,2026-05-03 23:01:00.340666,5,8,7,0,1,0,"{""Blace L1"": {""total"": 2, ""by_type"": {""bus"": 1, ""car"": 1}}, ""Blace L2"": {""total"": 3, ""by_type"": {""car"": 3}}, ""Blace L3"": {""total"": 3, ""by_type"": {""car"": 3}}}",2
234,2,2026-05-03 23:06:00.882989,5,11,9,0,1,1,"{""Blace L1"": {""total"": 1, ""by_type"": {""bus"": 1}}, ""Blace L2"": {""total"": 7, ""by_type"": {""car"": 7}}, ""Blace L3"": {""total"": 3, ""by_type"": {""car"": 2, ""truck"": 1}}}",2
235,2,2026-05-03 23:11:27.342815,5,10,10,0,0,0,"{""Blace L1"": {""total"": 3, ""by_type"": {""car"": 3}}, ""Blace L2"": {""total"": 3, ""by_type"": {""car"": 3}}, ""Blace L3"": {""total"": 4, ""by_type"": {""car"": 4}}}",0.5
236,2,2026-05-03 23:16:27.506958,5,10,7,0,3,0,"{""Blace L1"": {""total"": 4, ""by_type"": {""bus"": 3, ""car"": 1}}, ""Blace L2"": {""total"": 2, ""by_type"": {""car"": 2}}, ""Blace L3"": {""total"": 4, ""by_type"": {""car"": 4}}}",2
237,2,2026-05-03 23:21:27.863261,5,5,5,0,0,0,"{""Blace L1"": {""total"": 1, ""by_type"": {""car"": 1}}, ""Blace L2"": {""total"": 1, ""by_type"": {""car"": 1}}, ""Blace L3"": {""total"": 3, ""by_type"": {""car"": 3}}}",2
238,2,2026-05-03 23:26:29.318571,5,6,6,0,0,0,"{""Blace L1"": {""total"": 1, ""by_type"": {""car"": 1}}, ""Blace L2"": {""total"": 2, ""by_type"": {""car"": 2}}, ""Blace L3"": {""total"": 3, ""by_type"": {""car"": 3}}}",2
239,2,2026-05-03 23:31:29.442003,5,3,2,0,1,0,"{""Blace L1"": {""total"": 1, ""by_type"": {""bus"": 1}}, ""Blace L2"": {""total"": 1, ""by_type"": {""car"": 1}}, ""Blace L3"": {""total"": 1, ""by_type"": {""car"": 1}}}",2.5
240,2,2026-05-03 23:36:30.477626,5,5,4,0,1,0,"{""Blace L1"": {""total"": 1, ""by_type"": {""bus"": 1}}, ""Blace L2"": {""total"": 2, ""by_type"": {""car"": 2}}, ""Blace L3"": {""total"": 2, ""by_type"": {""car"": 2}}}",0.5
241,2,2026-05-03 23:41:30.551799,5,1,0,0,1,0,"{""Blace L1"": {""total"": 1, ""by_type"": {""bus"": 1}}, ""Blace L2"": {""total"": 0, ""by_type"": {}}, ""Blace L3"": {""total"": 0, ""by_type"": {}}}",2.5
242,2,2026-05-03 23:46:30.915643,5,6,5,0,1,0,"{""Blace L1"": {""total"": 1, ""by_type"": {""bus"": 1}}, ""Blace L2"": {""total"": 2, ""by_type"": {""car"": 2}}, ""Blace L3"": {""total"": 3, ""by_type"": {""car"": 3}}}",2.5
243,2,2026-05-03 23:51:31.271898,5,7,7,0,0,0,"{""Blace L1"": {""total"": 1, ""by_type"": {""car"": 1}}, ""Blace L2"": {""total"": 2, ""by_type"": {""car"": 2}}, ""Blace L3"": {""total"": 4, ""by_type"": {""car"": 4}}}",1.5
244,2,2026-05-03 23:56:53.739232,5,7,7,0,0,0,"{""Blace L1"": {""total"": 0, ""by_type"": {}}, ""Blace L2"": {""total"": 3, ""by_type"": {""car"": 3}}, ""Blace L3"": {""total"": 4, ""by_type"": {""car"": 4}}}",0.5
245,2,2026-05-04 00:01:54.337906,5,10,10,0,0,0,"{""Blace L1"": {""total"": 0, ""by_type"": {}}, ""Blace L2"": {""total"": 4, ""by_type"": {""car"": 4}}, ""Blace L3"": {""total"": 6, ""by_type"": {""car"": 6}}}",2.5
246,2,2026-05-04 00:06:54.547014,5,8,8,0,0,0,"{""Blace L1"": {""total"": 0, ""by_type"": {}}, ""Blace L2"": {""total"": 3, ""by_type"": {""car"": 3}}, ""Blace L3"": {""total"": 5, ""by_type"": {""car"": 5}}}",3
247,2,2026-05-04 00:12:24.562969,5,9,9,0,0,0,"{""Blace L1"": {""total"": 0, ""by_type"": {}}, ""Blace L2"": {""total"": 4, ""by_type"": {""car"": 4}}, ""Blace L3"": {""total"": 5, ""by_type"": {""car"": 5}}}",2
248,2,2026-05-04 00:17:25.416983,5,10,10,0,0,0,"{""Blace L1"": {""total"": 1, ""by_type"": {""car"": 1}}, ""Blace L2"": {""total"": 4, ""by_type"": {""car"": 4}}, ""Blace L3"": {""total"": 5, ""by_type"": {""car"": 5}}}",1
249,2,2026-05-04 00:22:25.809815,5,7,7,0,0,0,"{""Blace L1"": {""total"": 0, ""by_type"": {}}, ""Blace L2"": {""total"": 3, ""by_type"": {""car"": 3}}, ""Blace L3"": {""total"": 4, ""by_type"": {""car"": 4}}}",0.5
250,2,2026-05-04 00:27:47.243083,5,6,6,0,0,0,"{""Blace L1"": {""total"": 0, ""by_type"": {}}, ""Blace L2"": {""total"": 2, ""by_type"": {""car"": 2}}, ""Blace L3"": {""total"": 4, ""by_type"": {""car"": 4}}}",0.5
251,2,2026-05-04 00:32:47.257117,5,8,8,0,0,0,"{""Blace L1"": {""total"": 0, ""by_type"": {}}, ""Blace L2"": {""total"": 4, ""by_type"": {""car"": 4}}, ""Blace L3"": {""total"": 4, ""by_type"": {""car"": 4}}}",1.5
252,2,2026-05-04 00:37:47.40573,5,8,7,0,1,0,"{""Blace L1"": {""total"": 1, ""by_type"": {""bus"": 1}}, ""Blace L2"": {""total"": 3, ""by_type"": {""car"": 3}}, ""Blace L3"": {""total"": 4, ""by_type"": {""car"": 4}}}",2.5
253,2,2026-05-04 00:42:47.64088,5,12,12,0,0,0,"{""Blace L1"": {""total"": 3, ""by_type"": {""car"": 3}}, ""Blace L2"": {""total"": 5, ""by_type"": {""car"": 5}}, ""Blace L3"": {""total"": 4, ""by_type"": {""car"": 4}}}",3
254,2,2026-05-04 00:47:47.99081,5,14,14,0,0,0,"{""Blace L1"": {""total"": 4, ""by_type"": {""car"": 4}}, ""Blace L2"": {""total"": 5, ""by_type"": {""car"": 5}}, ""Blace L3"": {""total"": 5, ""by_type"": {""car"": 5}}}",3
255,2,2026-05-04 00:52:50.448278,5,17,17,0,0,0,"{""Blace L1"": {""total"": 5, ""by_type"": {""car"": 5}}, ""Blace L2"": {""total"": 6, ""by_type"": {""car"": 6}}, ""Blace L3"": {""total"": 6, ""by_type"": {""car"": 6}}}",0.5
256,2,2026-05-04 00:58:12.965539,5,10,10,0,0,0,"{""Blace L1"": {""total"": 3, ""by_type"": {""car"": 3}}, ""Blace L2"": {""total"": 5, ""by_type"": {""car"": 5}}, ""Blace L3"": {""total"": 2, ""by_type"": {""car"": 2}}}",2.5
257,2,2026-05-04 01:03:15.614327,5,6,6,0,0,0,"{""Blace L1"": {""total"": 0, ""by_type"": {}}, ""Blace L2"": {""total"": 2, ""by_type"": {""car"": 2}}, ""Blace L3"": {""total"": 4, ""by_type"": {""car"": 4}}}",0.5
258,2,2026-05-04 01:08:15.965431,5,7,7,0,0,0,"{""Blace L1"": {""total"": 0, ""by_type"": {}}, ""Blace L2"": {""total"": 3, ""by_type"": {""car"": 3}}, ""Blace L3"": {""total"": 4, ""by_type"": {""car"": 4}}}",2.5
259,2,2026-05-04 01:13:16.279816,5,4,4,0,0,0,"{""Blace L1"": {""total"": 0, ""by_type"": {}}, ""Blace L2"": {""total"": 3, ""by_type"": {""car"": 3}}, ""Blace L3"": {""total"": 1, ""by_type"": {""car"": 1}}}",2.5
260,2,2026-05-04 01:18:16.476607,5,6,6,0,0,0,"{""Blace L1"": {""total"": 0, ""by_type"": {}}, ""Blace L2"": {""total"": 3, ""by_type"": {""car"": 3}}, ""Blace L3"": {""total"": 3, ""by_type"": {""car"": 3}}}",2.5
261,2,2026-05-04 01:23:17.634752,5,10,10,0,0,0,"{""Blace L1"": {""total"": 0, ""by_type"": {}}, ""Blace L2"": {""total"": 5, ""by_type"": {""car"": 5}}, ""Blace L3"": {""total"": 5, ""by_type"": {""car"": 5}}}",3
262,2,2026-05-04 01:28:17.868042,5,8,8,0,0,0,"{""Blace L1"": {""total"": 0, ""by_type"": {}}, ""Blace L2"": {""total"": 4, ""by_type"": {""car"": 4}}, ""Blace L3"": {""total"": 4, ""by_type"": {""car"": 4}}}",3
263,2,2026-05-04 01:33:17.950555,5,3,3,0,0,0,"{""Blace L1"": {""total"": 0, ""by_type"": {}}, ""Blace L2"": {""total"": 2, ""by_type"": {""car"": 2}}, ""Blace L3"": {""total"": 1, ""by_type"": {""car"": 1}}}",3
264,2,2026-05-04 01:38:18.263748,5,0,0,0,0,0,"{""Blace L1"": {""total"": 0, ""by_type"": {}}, ""Blace L2"": {""total"": 0, ""by_type"": {}}, ""Blace L3"": {""total"": 0, ""by_type"": {}}}",1
265,2,2026-05-04 01:43:18.569664,5,2,2,0,0,0,"{""Blace L1"": {""total"": 0, ""by_type"": {}}, ""Blace L2"": {""total"": 0, ""by_type"": {}}, ""Blace L3"": {""total"": 2, ""by_type"": {""car"": 2}}}",3
266,2,2026-05-04 01:48:18.902831,5,3,3,0,0,0,"{""Blace L1"": {""total"": 0, ""by_type"": {}}, ""Blace L2"": {""total"": 2, ""by_type"": {""car"": 2}}, ""Blace L3"": {""total"": 1, ""by_type"": {""car"": 1}}}",3
267,2,2026-05-04 01:53:19.039735,5,3,3,0,0,0,"{""Blace L1"": {""total"": 0, ""by_type"": {}}, ""Blace L2"": {""total"": 2, ""by_type"": {""car"": 2}}, ""Blace L3"": {""total"": 1, ""by_type"": {""car"": 1}}}",0.5
268,2,2026-05-04 01:58:19.206584,5,0,0,0,0,0,"{""Blace L1"": {""total"": 0, ""by_type"": {}}, ""Blace L2"": {""total"": 0, ""by_type"": {}}, ""Blace L3"": {""total"": 0, ""by_type"": {}}}",3
269,2,2026-05-04 02:03:19.320918,5,1,0,0,1,0,"{""Blace L1"": {""total"": 1, ""by_type"": {""bus"": 1}}, ""Blace L2"": {""total"": 0, ""by_type"": {}}, ""Blace L3"": {""total"": 0, ""by_type"": {}}}",2
270,2,2026-05-04 02:08:19.329023,5,4,4,0,0,0,"{""Blace L1"": {""total"": 1, ""by_type"": {""car"": 1}}, ""Blace L2"": {""total"": 1, ""by_type"": {""car"": 1}}, ""Blace L3"": {""total"": 2, ""by_type"": {""car"": 2}}}",2
271,2,2026-05-04 02:13:19.635016,5,2,1,0,1,0,"{""Blace L1"": {""total"": 1, ""by_type"": {""bus"": 1}}, ""Blace L2"": {""total"": 0, ""by_type"": {}}, ""Blace L3"": {""total"": 1, ""by_type"": {""car"": 1}}}",2
272,2,2026-05-04 02:18:40.475697,5,0,0,0,0,0,"{""Blace L1"": {""total"": 0, ""by_type"": {}}, ""Blace L2"": {""total"": 0, ""by_type"": {}}, ""Blace L3"": {""total"": 0, ""by_type"": {}}}",0.5
273,2,2026-05-04 02:23:40.700472,5,2,2,0,0,0,"{""Blace L1"": {""total"": 1, ""by_type"": {""car"": 1}}, ""Blace L2"": {""total"": 1, ""by_type"": {""car"": 1}}, ""Blace L3"": {""total"": 0, ""by_type"": {}}}",2
274,2,2026-05-04 02:28:40.875651,5,1,1,0,0,0,"{""Blace L1"": {""total"": 0, ""by_type"": {}}, ""Blace L2"": {""total"": 0, ""by_type"": {}}, ""Blace L3"": {""total"": 1, ""by_type"": {""car"": 1}}}",2
275,2,2026-05-04 02:33:41.305513,5,0,0,0,0,0,"{""Blace L1"": {""total"": 0, ""by_type"": {}}, ""Blace L2"": {""total"": 0, ""by_type"": {}}, ""Blace L3"": {""total"": 0, ""by_type"": {}}}",2
276,2,2026-05-04 02:38:41.787048,5,0,0,0,0,0,"{""Blace L1"": {""total"": 0, ""by_type"": {}}, ""Blace L2"": {""total"": 0, ""by_type"": {}}, ""Blace L3"": {""total"": 0, ""by_type"": {}}}",2
277,2,2026-05-04 02:43:41.865778,5,1,0,0,1,0,"{""Blace L1"": {""total"": 1, ""by_type"": {""bus"": 1}}, ""Blace L2"": {""total"": 0, ""by_type"": {}}, ""Blace L3"": {""total"": 0, ""by_type"": {}}}",2
278,2,2026-05-04 02:48:42.186796,5,2,1,0,1,0,"{""Blace L1"": {""total"": 1, ""by_type"": {""bus"": 1}}, ""Blace L2"": {""total"": 0, ""by_type"": {}}, ""Blace L3"": {""total"": 1, ""by_type"": {""car"": 1}}}",2
279,2,2026-05-04 02:53:42.791078,5,2,2,0,0,0,"{""Blace L1"": {""total"": 0, ""by_type"": {}}, ""Blace L2"": {""total"": 2, ""by_type"": {""car"": 2}}, ""Blace L3"": {""total"": 0, ""by_type"": {}}}",2
280,2,2026-05-04 02:58:42.865287,5,1,1,0,0,0,"{""Blace L1"": {""total"": 0, ""by_type"": {}}, ""Blace L2"": {""total"": 1, ""by_type"": {""car"": 1}}, ""Blace L3"": {""total"": 0, ""by_type"": {}}}",2
281,2,2026-05-04 03:03:57.4613,5,1,1,0,0,0,"{""Blace L1"": {""total"": 1, ""by_type"": {""car"": 1}}, ""Blace L2"": {""total"": 0, ""by_type"": {}}, ""Blace L3"": {""total"": 0, ""by_type"": {}}}",0.5
282,2,2026-05-04 03:08:57.596719,5,1,1,0,0,0,"{""Blace L1"": {""total"": 1, ""by_type"": {""car"": 1}}, ""Blace L2"": {""total"": 0, ""by_type"": {}}, ""Blace L3"": {""total"": 0, ""by_type"": {}}}",2
283,2,2026-05-04 03:13:57.994321,5,1,0,0,1,0,"{""Blace L1"": {""total"": 1, ""by_type"": {""bus"": 1}}, ""Blace L2"": {""total"": 0, ""by_type"": {}}, ""Blace L3"": {""total"": 0, ""by_type"": {}}}",2
284,2,2026-05-04 03:18:58.086891,5,1,0,0,1,0,"{""Blace L1"": {""total"": 1, ""by_type"": {""bus"": 1}}, ""Blace L2"": {""total"": 0, ""by_type"": {}}, ""Blace L3"": {""total"": 0, ""by_type"": {}}}",2
285,2,2026-05-04 03:23:58.405793,5,4,3,0,1,0,"{""Blace L1"": {""total"": 1, ""by_type"": {""bus"": 1}}, ""Blace L2"": {""total"": 3, ""by_type"": {""car"": 3}}, ""Blace L3"": {""total"": 0, ""by_type"": {}}}",2
286,2,2026-05-04 03:29:03.957356,5,0,0,0,0,0,"{""Blace L1"": {""total"": 0, ""by_type"": {}}, ""Blace L2"": {""total"": 0, ""by_type"": {}}, ""Blace L3"": {""total"": 0, ""by_type"": {}}}",2
287,2,2026-05-04 03:34:18.592956,5,0,0,0,0,0,"{""Blace L1"": {""total"": 0, ""by_type"": {}}, ""Blace L2"": {""total"": 0, ""by_type"": {}}, ""Blace L3"": {""total"": 0, ""by_type"": {}}}",0.5
288,2,2026-05-04 03:39:19.095428,5,0,0,0,0,0,"{""Blace L1"": {""total"": 0, ""by_type"": {}}, ""Blace L2"": {""total"": 0, ""by_type"": {}}, ""Blace L3"": {""total"": 0, ""by_type"": {}}}",2
289,2,2026-05-04 03:44:19.359401,5,0,0,0,0,0,"{""Blace L1"": {""total"": 0, ""by_type"": {}}, ""Blace L2"": {""total"": 0, ""by_type"": {}}, ""Blace L3"": {""total"": 0, ""by_type"": {}}}",2
290,2,2026-05-04 03:49:19.58955,5,1,0,0,1,0,"{""Blace L1"": {""total"": 1, ""by_type"": {""bus"": 1}}, ""Blace L2"": {""total"": 0, ""by_type"": {}}, ""Blace L3"": {""total"": 0, ""by_type"": {}}}",2
291,2,2026-05-04 03:54:20.043895,5,0,0,0,0,0,"{""Blace L1"": {""total"": 0, ""by_type"": {}}, ""Blace L2"": {""total"": 0, ""by_type"": {}}, ""Blace L3"": {""total"": 0, ""by_type"": {}}}",2
292,2,2026-05-04 03:59:22.522047,5,0,0,0,0,0,"{""Blace L1"": {""total"": 0, ""by_type"": {}}, ""Blace L2"": {""total"": 0, ""by_type"": {}}, ""Blace L3"": {""total"": 0, ""by_type"": {}}}",2
293,2,2026-05-04 04:04:22.931269,5,0,0,0,0,0,"{""Blace L1"": {""total"": 0, ""by_type"": {}}, ""Blace L2"": {""total"": 0, ""by_type"": {}}, ""Blace L3"": {""total"": 0, ""by_type"": {}}}",2
294,2,2026-05-04 04:09:23.378139,5,4,4,0,0,0,"{""Blace L1"": {""total"": 0, ""by_type"": {}}, ""Blace L2"": {""total"": 2, ""by_type"": {""car"": 2}}, ""Blace L3"": {""total"": 2, ""by_type"": {""car"": 2}}}",2
295,2,2026-05-04 04:14:23.650639,5,0,0,0,0,0,"{""Blace L1"": {""total"": 0, ""by_type"": {}}, ""Blace L2"": {""total"": 0, ""by_type"": {}}, ""Blace L3"": {""total"": 0, ""by_type"": {}}}",2
296,2,2026-05-04 04:19:24.086555,5,0,0,0,0,0,"{""Blace L1"": {""total"": 0, ""by_type"": {}}, ""Blace L2"": {""total"": 0, ""by_type"": {}}, ""Blace L3"": {""total"": 0, ""by_type"": {}}}",2
297,2,2026-05-04 04:24:24.302142,5,1,0,0,1,0,"{""Blace L1"": {""total"": 1, ""by_type"": {""bus"": 1}}, ""Blace L2"": {""total"": 0, ""by_type"": {}}, ""Blace L3"": {""total"": 0, ""by_type"": {}}}",2
298,2,2026-05-04 04:29:24.825776,5,0,0,0,0,0,"{""Blace L1"": {""total"": 0, ""by_type"": {}}, ""Blace L2"": {""total"": 0, ""by_type"": {}}, ""Blace L3"": {""total"": 0, ""by_type"": {}}}",2
299,2,2026-05-04 04:34:24.855089,5,1,1,0,0,0,"{""Blace L1"": {""total"": 0, ""by_type"": {}}, ""Blace L2"": {""total"": 1, ""by_type"": {""car"": 1}}, ""Blace L3"": {""total"": 0, ""by_type"": {}}}",2
300,2,2026-05-04 04:39:25.31485,5,0,0,0,0,0,"{""Blace L1"": {""total"": 0, ""by_type"": {}}, ""Blace L2"": {""total"": 0, ""by_type"": {}}, ""Blace L3"": {""total"": 0, ""by_type"": {}}}",2
301,2,2026-05-04 04:44:26.309478,5,0,0,0,0,0,"{""Blace L1"": {""total"": 0, ""by_type"": {}}, ""Blace L2"": {""total"": 0, ""by_type"": {}}, ""Blace L3"": {""total"": 0, ""by_type"": {}}}",1.5
302,2,2026-05-04 11:04:23.632554,5,0,0,0,0,0,"{""Blace L1"": {""total"": 0, ""by_type"": {}}, ""Blace L2"": {""total"": 0, ""by_type"": {}}, ""Blace L3"": {""total"": 0, ""by_type"": {}}}",3
303,2,2026-05-04 12:30:13.241966,5,14,14,0,0,0,"{""Blace L1"": {""total"": 5, ""by_type"": {""car"": 5}}, ""Blace L2"": {""total"": 3, ""by_type"": {""car"": 3}}, ""Blace L3"": {""total"": 6, ""by_type"": {""car"": 6}}}",3.5
304,2,2026-05-04 12:35:13.466441,5,12,11,0,1,0,"{""Blace L1"": {""total"": 1, ""by_type"": {""bus"": 1}}, ""Blace L2"": {""total"": 5, ""by_type"": {""car"": 5}}, ""Blace L3"": {""total"": 6, ""by_type"": {""car"": 6}}}",3.5
305,2,2026-05-04 12:40:13.500272,5,15,13,0,1,1,"{""Blace L1"": {""total"": 5, ""by_type"": {""bus"": 1, ""car"": 3, ""truck"": 1}}, ""Blace L2"": {""total"": 5, ""by_type"": {""car"": 5}}, ""Blace L3"": {""total"": 5, ""by_type"": {""car"": 5}}}",3
306,2,2026-05-04 12:45:13.919709,5,18,18,0,0,0,"{""Blace L1"": {""total"": 7, ""by_type"": {""car"": 7}}, ""Blace L2"": {""total"": 6, ""by_type"": {""car"": 6}}, ""Blace L3"": {""total"": 5, ""by_type"": {""car"": 5}}}",2
307,2,2026-05-04 12:50:14.460634,5,17,16,0,0,1,"{""Blace L1"": {""total"": 7, ""by_type"": {""car"": 6, ""truck"": 1}}, ""Blace L2"": {""total"": 5, ""by_type"": {""car"": 5}}, ""Blace L3"": {""total"": 5, ""by_type"": {""car"": 5}}}",2
308,2,2026-05-04 12:55:14.569221,5,15,14,0,0,1,"{""Blace L1"": {""total"": 6, ""by_type"": {""car"": 5, ""truck"": 1}}, ""Blace L2"": {""total"": 4, ""by_type"": {""car"": 4}}, ""Blace L3"": {""total"": 5, ""by_type"": {""car"": 5}}}",2
309,2,2026-05-04 13:00:14.930278,5,17,17,0,0,0,"{""Blace L1"": {""total"": 6, ""by_type"": {""car"": 6}}, ""Blace L2"": {""total"": 5, ""by_type"": {""car"": 5}}, ""Blace L3"": {""total"": 6, ""by_type"": {""car"": 6}}}",2
310,2,2026-05-04 13:05:15.30992,5,3,3,0,0,0,"{""Blace L1"": {""total"": 0, ""by_type"": {}}, ""Blace L2"": {""total"": 1, ""by_type"": {""car"": 1}}, ""Blace L3"": {""total"": 2, ""by_type"": {""car"": 2}}}",2
311,2,2026-05-04 13:10:15.825105,5,6,6,0,0,0,"{""Blace L1"": {""total"": 0, ""by_type"": {}}, ""Blace L2"": {""total"": 3, ""by_type"": {""car"": 3}}, ""Blace L3"": {""total"": 3, ""by_type"": {""car"": 3}}}",2
312,2,2026-05-04 13:15:16.315037,5,10,10,0,0,0,"{""Blace L1"": {""total"": 0, ""by_type"": {}}, ""Blace L2"": {""total"": 4, ""by_type"": {""car"": 4}}, ""Blace L3"": {""total"": 6, ""by_type"": {""car"": 6}}}",2
313,2,2026-05-04 13:20:26.528431,5,4,4,0,0,0,"{""Blace L1"": {""total"": 0, ""by_type"": {}}, ""Blace L2"": {""total"": 3, ""by_type"": {""car"": 3}}, ""Blace L3"": {""total"": 1, ""by_type"": {""car"": 1}}}",0.5
314,2,2026-05-04 13:25:26.76604,5,2,2,0,0,0,"{""Blace L1"": {""total"": 0, ""by_type"": {}}, ""Blace L2"": {""total"": 1, ""by_type"": {""car"": 1}}, ""Blace L3"": {""total"": 1, ""by_type"": {""car"": 1}}}",2
315,2,2026-05-04 13:30:27.17276,5,10,10,0,0,0,"{""Blace L1"": {""total"": 0, ""by_type"": {}}, ""Blace L2"": {""total"": 5, ""by_type"": {""car"": 5}}, ""Blace L3"": {""total"": 5, ""by_type"": {""car"": 5}}}",2
316,2,2026-05-04 13:35:27.190866,5,7,7,0,0,0,"{""Blace L1"": {""total"": 0, ""by_type"": {}}, ""Blace L2"": {""total"": 3, ""by_type"": {""car"": 3}}, ""Blace L3"": {""total"": 4, ""by_type"": {""car"": 4}}}",2
317,2,2026-05-04 13:40:27.363773,5,10,10,0,0,0,"{""Blace L1"": {""total"": 0, ""by_type"": {}}, ""Blace L2"": {""total"": 5, ""by_type"": {""car"": 5}}, ""Blace L3"": {""total"": 5, ""by_type"": {""car"": 5}}}",2
318,2,2026-05-04 13:45:27.755986,5,1,1,0,0,0,"{""Blace L1"": {""total"": 0, ""by_type"": {}}, ""Blace L2"": {""total"": 0, ""by_type"": {}}, ""Blace L3"": {""total"": 1, ""by_type"": {""car"": 1}}}",2
319,2,2026-05-04 13:50:28.013961,5,3,3,0,0,0,"{""Blace L1"": {""total"": 0, ""by_type"": {}}, ""Blace L2"": {""total"": 1, ""by_type"": {""car"": 1}}, ""Blace L3"": {""total"": 2, ""by_type"": {""car"": 2}}}",2
320,2,2026-05-04 13:55:28.195636,5,6,6,0,0,0,"{""Blace L1"": {""total"": 0, ""by_type"": {}}, ""Blace L2"": {""total"": 2, ""by_type"": {""car"": 2}}, ""Blace L3"": {""total"": 4, ""by_type"": {""car"": 4}}}",2
321,2,2026-05-04 14:00:28.653144,5,9,9,0,0,0,"{""Blace L1"": {""total"": 0, ""by_type"": {}}, ""Blace L2"": {""total"": 4, ""by_type"": {""car"": 4}}, ""Blace L3"": {""total"": 5, ""by_type"": {""car"": 5}}}",2
322,2,2026-05-04 14:05:28.69612,5,7,7,0,0,0,"{""Blace L1"": {""total"": 0, ""by_type"": {}}, ""Blace L2"": {""total"": 4, ""by_type"": {""car"": 4}}, ""Blace L3"": {""total"": 3, ""by_type"": {""car"": 3}}}",2
323,2,2026-05-04 14:10:29.195259,5,10,10,0,0,0,"{""Blace L1"": {""total"": 0, ""by_type"": {}}, ""Blace L2"": {""total"": 4, ""by_type"": {""car"": 4}}, ""Blace L3"": {""total"": 6, ""by_type"": {""car"": 6}}}",2
324,2,2026-05-04 14:15:29.525761,5,13,13,0,0,0,"{""Blace L1"": {""total"": 4, ""by_type"": {""car"": 4}}, ""Blace L2"": {""total"": 4, ""by_type"": {""car"": 4}}, ""Blace L3"": {""total"": 5, ""by_type"": {""car"": 5}}}",2
325,2,2026-05-04 14:20:29.813832,5,13,13,0,0,0,"{""Blace L1"": {""total"": 4, ""by_type"": {""car"": 4}}, ""Blace L2"": {""total"": 4, ""by_type"": {""car"": 4}}, ""Blace L3"": {""total"": 5, ""by_type"": {""car"": 5}}}",2
326,2,2026-05-04 14:25:30.080863,5,3,3,0,0,0,"{""Blace L1"": {""total"": 0, ""by_type"": {}}, ""Blace L2"": {""total"": 1, ""by_type"": {""car"": 1}}, ""Blace L3"": {""total"": 2, ""by_type"": {""car"": 2}}}",2
327,2,2026-05-04 14:30:30.462562,5,10,10,0,0,0,"{""Blace L1"": {""total"": 0, ""by_type"": {}}, ""Blace L2"": {""total"": 5, ""by_type"": {""car"": 5}}, ""Blace L3"": {""total"": 5, ""by_type"": {""car"": 5}}}",2
328,2,2026-05-04 14:35:30.880282,5,10,10,0,0,0,"{""Blace L1"": {""total"": 0, ""by_type"": {}}, ""Blace L2"": {""total"": 5, ""by_type"": {""car"": 5}}, ""Blace L3"": {""total"": 5, ""by_type"": {""car"": 5}}}",2
329,2,2026-05-04 14:40:30.939114,5,15,15,0,0,0,"{""Blace L1"": {""total"": 6, ""by_type"": {""car"": 6}}, ""Blace L2"": {""total"": 4, ""by_type"": {""car"": 4}}, ""Blace L3"": {""total"": 5, ""by_type"": {""car"": 5}}}",2
330,2,2026-05-04 14:45:31.389043,5,8,7,0,0,1,"{""Blace L1"": {""total"": 2, ""by_type"": {""car"": 2}}, ""Blace L2"": {""total"": 3, ""by_type"": {""car"": 2, ""truck"": 1}}, ""Blace L3"": {""total"": 3, ""by_type"": {""car"": 3}}}",2
331,2,2026-05-04 14:50:31.765943,5,13,13,0,0,0,"{""Blace L1"": {""total"": 2, ""by_type"": {""car"": 2}}, ""Blace L2"": {""total"": 5, ""by_type"": {""car"": 5}}, ""Blace L3"": {""total"": 6, ""by_type"": {""car"": 6}}}",2
332,2,2026-05-04 14:55:31.891099,5,8,8,0,0,0,"{""Blace L1"": {""total"": 0, ""by_type"": {}}, ""Blace L2"": {""total"": 4, ""by_type"": {""car"": 4}}, ""Blace L3"": {""total"": 4, ""by_type"": {""car"": 4}}}",2
333,2,2026-05-04 15:00:32.400533,5,7,7,0,0,0,"{""Blace L1"": {""total"": 1, ""by_type"": {""car"": 1}}, ""Blace L2"": {""total"": 3, ""by_type"": {""car"": 3}}, ""Blace L3"": {""total"": 3, ""by_type"": {""car"": 3}}}",2
334,2,2026-05-04 15:05:32.452476,5,8,8,0,0,0,"{""Blace L1"": {""total"": 0, ""by_type"": {}}, ""Blace L2"": {""total"": 4, ""by_type"": {""car"": 4}}, ""Blace L3"": {""total"": 4, ""by_type"": {""car"": 4}}}",2
335,2,2026-05-04 15:13:35.187383,5,7,7,0,0,0,"{""Blace L1"": {""total"": 0, ""by_type"": {}}, ""Blace L2"": {""total"": 3, ""by_type"": {""car"": 3}}, ""Blace L3"": {""total"": 4, ""by_type"": {""car"": 4}}}",0.5
336,2,2026-05-04 15:18:35.294577,5,9,9,0,0,0,"{""Blace L1"": {""total"": 2, ""by_type"": {""car"": 2}}, ""Blace L2"": {""total"": 3, ""by_type"": {""car"": 3}}, ""Blace L3"": {""total"": 4, ""by_type"": {""car"": 4}}}",2
337,2,2026-05-04 15:23:35.812086,5,7,7,0,0,0,"{""Blace L1"": {""total"": 0, ""by_type"": {}}, ""Blace L2"": {""total"": 4, ""by_type"": {""car"": 4}}, ""Blace L3"": {""total"": 3, ""by_type"": {""car"": 3}}}",2
338,2,2026-05-04 15:28:36.060482,5,5,5,0,0,0,"{""Blace L1"": {""total"": 0, ""by_type"": {}}, ""Blace L2"": {""total"": 3, ""by_type"": {""car"": 3}}, ""Blace L3"": {""total"": 2, ""by_type"": {""car"": 2}}}",2
339,2,2026-05-04 15:44:32.810836,5,9,9,0,0,0,"{""Blace L1"": {""total"": 0, ""by_type"": {}}, ""Blace L2"": {""total"": 5, ""by_type"": {""car"": 5}}, ""Blace L3"": {""total"": 4, ""by_type"": {""car"": 4}}}",0.5
340,2,2026-05-04 17:26:31.335061,5,9,9,0,0,0,"{""Blace L1"": {""total"": 0, ""by_type"": {}}, ""Blace L2"": {""total"": 5, ""by_type"": {""car"": 5}}, ""Blace L3"": {""total"": 4, ""by_type"": {""car"": 4}}}",3
341,2,2026-05-04 17:35:25.213367,5,14,14,0,0,0,"{""Blace L1"": {""total"": 5, ""by_type"": {""car"": 5}}, ""Blace L2"": {""total"": 4, ""by_type"": {""car"": 4}}, ""Blace L3"": {""total"": 5, ""by_type"": {""car"": 5}}}",3
342,2,2026-05-04 17:40:25.58179,5,12,12,0,0,0,"{""Blace L1"": {""total"": 5, ""by_type"": {""car"": 5}}, ""Blace L2"": {""total"": 3, ""by_type"": {""car"": 3}}, ""Blace L3"": {""total"": 4, ""by_type"": {""car"": 4}}}",3
343,2,2026-05-04 17:45:25.774881,5,15,15,0,0,0,"{""Blace L1"": {""total"": 5, ""by_type"": {""car"": 5}}, ""Blace L2"": {""total"": 5, ""by_type"": {""car"": 5}}, ""Blace L3"": {""total"": 5, ""by_type"": {""car"": 5}}}",3
344,2,2026-05-04 17:50:27.070363,5,13,12,0,1,0,"{""Blace L1"": {""total"": 5, ""by_type"": {""bus"": 1, ""car"": 4}}, ""Blace L2"": {""total"": 3, ""by_type"": {""car"": 3}}, ""Blace L3"": {""total"": 5, ""by_type"": {""car"": 5}}}",2.5
345,2,2026-05-04 17:55:27.099999,5,11,11,0,0,0,"{""Blace L1"": {""total"": 0, ""by_type"": {}}, ""Blace L2"": {""total"": 6, ""by_type"": {""car"": 6}}, ""Blace L3"": {""total"": 5, ""by_type"": {""car"": 5}}}",2
346,2,2026-05-04 18:00:27.410978,5,10,10,0,0,0,"{""Blace L1"": {""total"": 0, ""by_type"": {}}, ""Blace L2"": {""total"": 4, ""by_type"": {""car"": 4}}, ""Blace L3"": {""total"": 6, ""by_type"": {""car"": 6}}}",2
347,2,2026-05-04 18:05:27.759619,5,13,13,0,0,0,"{""Blace L1"": {""total"": 1, ""by_type"": {""car"": 1}}, ""Blace L2"": {""total"": 5, ""by_type"": {""car"": 5}}, ""Blace L3"": {""total"": 7, ""by_type"": {""car"": 7}}}",3
348,2,2026-05-04 18:10:54.326736,5,16,15,0,0,1,"{""Blace L1"": {""total"": 7, ""by_type"": {""car"": 6, ""truck"": 1}}, ""Blace L2"": {""total"": 4, ""by_type"": {""car"": 4}}, ""Blace L3"": {""total"": 5, ""by_type"": {""car"": 5}}}",0.5
349,2,2026-05-04 18:15:54.417005,5,2,2,0,0,0,"{""Blace L1"": {""total"": 0, ""by_type"": {}}, ""Blace L2"": {""total"": 1, ""by_type"": {""car"": 1}}, ""Blace L3"": {""total"": 1, ""by_type"": {""car"": 1}}}",3
350,2,2026-05-04 18:20:54.581568,5,11,11,0,0,0,"{""Blace L1"": {""total"": 0, ""by_type"": {}}, ""Blace L2"": {""total"": 5, ""by_type"": {""car"": 5}}, ""Blace L3"": {""total"": 6, ""by_type"": {""car"": 6}}}",2.5
351,2,2026-05-04 18:25:54.960844,5,8,8,0,0,0,"{""Blace L1"": {""total"": 0, ""by_type"": {}}, ""Blace L2"": {""total"": 4, ""by_type"": {""car"": 4}}, ""Blace L3"": {""total"": 4, ""by_type"": {""car"": 4}}}",2.5
352,2,2026-05-04 18:30:55.328584,5,7,7,0,0,0,"{""Blace L1"": {""total"": 0, ""by_type"": {}}, ""Blace L2"": {""total"": 4, ""by_type"": {""car"": 4}}, ""Blace L3"": {""total"": 3, ""by_type"": {""car"": 3}}}",2
353,2,2026-05-04 18:35:55.6616,5,0,0,0,0,0,"{""Blace L1"": {""total"": 0, ""by_type"": {}}, ""Blace L2"": {""total"": 0, ""by_type"": {}}, ""Blace L3"": {""total"": 0, ""by_type"": {}}}",1
354,2,2026-05-04 18:41:25.891329,5,3,3,0,0,0,"{""Blace L1"": {""total"": 0, ""by_type"": {}}, ""Blace L2"": {""total"": 1, ""by_type"": {""car"": 1}}, ""Blace L3"": {""total"": 2, ""by_type"": {""car"": 2}}}",0.5
355,2,2026-05-04 18:46:27.38055,5,0,0,0,0,0,"{""Blace L1"": {""total"": 0, ""by_type"": {}}, ""Blace L2"": {""total"": 0, ""by_type"": {}}, ""Blace L3"": {""total"": 0, ""by_type"": {}}}",0.5
356,2,2026-05-04 18:51:45.046802,5,2,1,0,1,0,"{""Blace L1"": {""total"": 1, ""by_type"": {""bus"": 1}}, ""Blace L2"": {""total"": 0, ""by_type"": {}}, ""Blace L3"": {""total"": 1, ""by_type"": {""car"": 1}}}",0.5
357,2,2026-05-04 18:56:46.034901,5,0,0,0,0,0,"{""Blace L1"": {""total"": 0, ""by_type"": {}}, ""Blace L2"": {""total"": 0, ""by_type"": {}}, ""Blace L3"": {""total"": 0, ""by_type"": {}}}",0.5
358,2,2026-05-04 19:01:46.370867,5,6,6,0,0,0,"{""Blace L1"": {""total"": 0, ""by_type"": {}}, ""Blace L2"": {""total"": 3, ""by_type"": {""car"": 3}}, ""Blace L3"": {""total"": 3, ""by_type"": {""car"": 3}}}",0.5
359,2,2026-05-04 19:06:46.548851,5,8,8,0,0,0,"{""Blace L1"": {""total"": 0, ""by_type"": {}}, ""Blace L2"": {""total"": 4, ""by_type"": {""car"": 4}}, ""Blace L3"": {""total"": 4, ""by_type"": {""car"": 4}}}",0.5
360,2,2026-05-04 19:11:46.759988,5,4,4,0,0,0,"{""Blace L1"": {""total"": 0, ""by_type"": {}}, ""Blace L2"": {""total"": 3, ""by_type"": {""car"": 3}}, ""Blace L3"": {""total"": 1, ""by_type"": {""car"": 1}}}",3
361,2,2026-05-04 19:16:46.977481,5,7,7,0,0,0,"{""Blace L1"": {""total"": 0, ""by_type"": {}}, ""Blace L2"": {""total"": 5, ""by_type"": {""car"": 5}}, ""Blace L3"": {""total"": 2, ""by_type"": {""car"": 2}}}",2.5
362,2,2026-05-04 19:21:47.264215,5,2,2,0,0,0,"{""Blace L1"": {""total"": 0, ""by_type"": {}}, ""Blace L2"": {""total"": 1, ""by_type"": {""car"": 1}}, ""Blace L3"": {""total"": 1, ""by_type"": {""car"": 1}}}",3
363,2,2026-05-04 19:26:47.658726,5,9,9,0,0,0,"{""Blace L1"": {""total"": 0, ""by_type"": {}}, ""Blace L2"": {""total"": 5, ""by_type"": {""car"": 5}}, ""Blace L3"": {""total"": 4, ""by_type"": {""car"": 4}}}",2
364,2,2026-05-04 19:31:47.928707,5,11,10,0,0,1,"{""Blace L1"": {""total"": 0, ""by_type"": {}}, ""Blace L2"": {""total"": 5, ""by_type"": {""car"": 5}}, ""Blace L3"": {""total"": 6, ""by_type"": {""car"": 5, ""truck"": 1}}}",2
365,2,2026-05-04 19:36:47.939827,5,10,10,0,0,0,"{""Blace L1"": {""total"": 0, ""by_type"": {}}, ""Blace L2"": {""total"": 5, ""by_type"": {""car"": 5}}, ""Blace L3"": {""total"": 5, ""by_type"": {""car"": 5}}}",2.5
366,2,2026-05-04 19:42:18.226706,5,14,12,0,0,2,"{""Blace L1"": {""total"": 5, ""by_type"": {""car"": 4, ""truck"": 1}}, ""Blace L2"": {""total"": 5, ""by_type"": {""car"": 5}}, ""Blace L3"": {""total"": 4, ""by_type"": {""car"": 3, ""truck"": 1}}}",3
367,2,2026-05-04 19:47:18.778742,5,15,14,0,0,1,"{""Blace L1"": {""total"": 6, ""by_type"": {""car"": 5, ""truck"": 1}}, ""Blace L2"": {""total"": 5, ""by_type"": {""car"": 5}}, ""Blace L3"": {""total"": 4, ""by_type"": {""car"": 4}}}",0.5
368,2,2026-05-04 19:52:19.00512,5,3,3,0,0,0,"{""Blace L1"": {""total"": 0, ""by_type"": {}}, ""Blace L2"": {""total"": 1, ""by_type"": {""car"": 1}}, ""Blace L3"": {""total"": 2, ""by_type"": {""car"": 2}}}",2.5
369,2,2026-05-04 19:57:19.070771,5,0,0,0,0,0,"{""Blace L1"": {""total"": 0, ""by_type"": {}}, ""Blace L2"": {""total"": 0, ""by_type"": {}}, ""Blace L3"": {""total"": 0, ""by_type"": {}}}",3
370,2,2026-05-04 20:02:19.428971,5,7,7,0,0,0,"{""Blace L1"": {""total"": 0, ""by_type"": {}}, ""Blace L2"": {""total"": 3, ""by_type"": {""car"": 3}}, ""Blace L3"": {""total"": 4, ""by_type"": {""car"": 4}}}",3
371,2,2026-05-04 20:07:19.470626,5,7,7,0,0,0,"{""Blace L1"": {""total"": 1, ""by_type"": {""car"": 1}}, ""Blace L2"": {""total"": 4, ""by_type"": {""car"": 4}}, ""Blace L3"": {""total"": 2, ""by_type"": {""car"": 2}}}",2.5
372,2,2026-05-04 20:12:41.175766,5,5,5,0,0,0,"{""Blace L1"": {""total"": 0, ""by_type"": {}}, ""Blace L2"": {""total"": 2, ""by_type"": {""car"": 2}}, ""Blace L3"": {""total"": 3, ""by_type"": {""car"": 3}}}",0.5
373,2,2026-05-04 20:17:41.353673,5,9,9,0,0,0,"{""Blace L1"": {""total"": 0, ""by_type"": {}}, ""Blace L2"": {""total"": 5, ""by_type"": {""car"": 5}}, ""Blace L3"": {""total"": 4, ""by_type"": {""car"": 4}}}",1.5
374,2,2026-05-04 20:22:41.402295,5,8,8,0,0,0,"{""Blace L1"": {""total"": 1, ""by_type"": {""car"": 1}}, ""Blace L2"": {""total"": 4, ""by_type"": {""car"": 4}}, ""Blace L3"": {""total"": 3, ""by_type"": {""car"": 3}}}",2.5
375,2,2026-05-04 20:27:46.077094,5,12,11,0,0,1,"{""Blace L1"": {""total"": 5, ""by_type"": {""car"": 4, ""truck"": 1}}, ""Blace L2"": {""total"": 3, ""by_type"": {""car"": 3}}, ""Blace L3"": {""total"": 4, ""by_type"": {""car"": 4}}}",2.5
376,2,2026-05-04 20:32:46.375173,5,12,12,0,0,0,"{""Blace L1"": {""total"": 5, ""by_type"": {""car"": 5}}, ""Blace L2"": {""total"": 4, ""by_type"": {""car"": 4}}, ""Blace L3"": {""total"": 3, ""by_type"": {""car"": 3}}}",3
377,2,2026-05-04 20:37:46.411548,5,13,12,0,0,1,"{""Blace L1"": {""total"": 5, ""by_type"": {""car"": 4, ""truck"": 1}}, ""Blace L2"": {""total"": 4, ""by_type"": {""car"": 4}}, ""Blace L3"": {""total"": 4, ""by_type"": {""car"": 4}}}",3.5
378,2,2026-05-04 20:42:46.636116,5,10,10,0,0,0,"{""Blace L1"": {""total"": 3, ""by_type"": {""car"": 3}}, ""Blace L2"": {""total"": 3, ""by_type"": {""car"": 3}}, ""Blace L3"": {""total"": 4, ""by_type"": {""car"": 4}}}",2
379,2,2026-05-04 20:47:46.665206,5,5,5,0,0,0,"{""Blace L1"": {""total"": 1, ""by_type"": {""car"": 1}}, ""Blace L2"": {""total"": 2, ""by_type"": {""car"": 2}}, ""Blace L3"": {""total"": 2, ""by_type"": {""car"": 2}}}",4
380,2,2026-05-04 20:52:46.788164,5,1,1,0,0,0,"{""Blace L1"": {""total"": 0, ""by_type"": {}}, ""Blace L2"": {""total"": 1, ""by_type"": {""car"": 1}}, ""Blace L3"": {""total"": 0, ""by_type"": {}}}",3.5
381,2,2026-05-04 20:57:46.835604,5,5,5,0,0,0,"{""Blace L1"": {""total"": 0, ""by_type"": {}}, ""Blace L2"": {""total"": 3, ""by_type"": {""car"": 3}}, ""Blace L3"": {""total"": 2, ""by_type"": {""car"": 2}}}",3.5
382,2,2026-05-04 21:02:47.097539,5,8,8,0,0,0,"{""Blace L1"": {""total"": 1, ""by_type"": {""car"": 1}}, ""Blace L2"": {""total"": 3, ""by_type"": {""car"": 3}}, ""Blace L3"": {""total"": 4, ""by_type"": {""car"": 4}}}",3.5
383,2,2026-05-04 21:07:47.14047,5,5,5,0,0,0,"{""Blace L1"": {""total"": 1, ""by_type"": {""car"": 1}}, ""Blace L2"": {""total"": 2, ""by_type"": {""car"": 2}}, ""Blace L3"": {""total"": 2, ""by_type"": {""car"": 2}}}",3.5
384,2,2026-05-04 21:12:57.454493,5,10,10,0,0,0,"{""Blace L1"": {""total"": 3, ""by_type"": {""car"": 3}}, ""Blace L2"": {""total"": 3, ""by_type"": {""car"": 3}}, ""Blace L3"": {""total"": 4, ""by_type"": {""car"": 4}}}",0.5
385,2,2026-05-04 21:17:57.681272,5,2,2,0,0,0,"{""Blace L1"": {""total"": 0, ""by_type"": {}}, ""Blace L2"": {""total"": 1, ""by_type"": {""car"": 1}}, ""Blace L3"": {""total"": 1, ""by_type"": {""car"": 1}}}",3.5
386,2,2026-05-04 21:22:58.18115,5,3,3,0,0,0,"{""Blace L1"": {""total"": 0, ""by_type"": {}}, ""Blace L2"": {""total"": 2, ""by_type"": {""car"": 2}}, ""Blace L3"": {""total"": 1, ""by_type"": {""car"": 1}}}",0.5
387,2,2026-05-04 21:28:15.424506,5,7,7,0,0,0,"{""Blace L1"": {""total"": 0, ""by_type"": {}}, ""Blace L2"": {""total"": 3, ""by_type"": {""car"": 3}}, ""Blace L3"": {""total"": 4, ""by_type"": {""car"": 4}}}",0.5
388,2,2026-05-04 21:33:45.254519,5,8,8,0,0,0,"{""Blace L1"": {""total"": 0, ""by_type"": {}}, ""Blace L2"": {""total"": 4, ""by_type"": {""car"": 4}}, ""Blace L3"": {""total"": 4, ""by_type"": {""car"": 4}}}",0.5
389,2,2026-05-04 21:38:45.485182,5,7,7,0,0,0,"{""Blace L1"": {""total"": 0, ""by_type"": {}}, ""Blace L2"": {""total"": 3, ""by_type"": {""car"": 3}}, ""Blace L3"": {""total"": 4, ""by_type"": {""car"": 4}}}",2
390,2,2026-05-04 21:43:45.691584,5,8,8,0,0,0,"{""Blace L1"": {""total"": 0, ""by_type"": {}}, ""Blace L2"": {""total"": 4, ""by_type"": {""car"": 4}}, ""Blace L3"": {""total"": 4, ""by_type"": {""car"": 4}}}",2
391,2,2026-05-04 21:48:45.974949,5,7,7,0,0,0,"{""Blace L1"": {""total"": 0, ""by_type"": {}}, ""Blace L2"": {""total"": 4, ""by_type"": {""car"": 4}}, ""Blace L3"": {""total"": 3, ""by_type"": {""car"": 3}}}",2
392,2,2026-05-04 21:53:45.981397,5,0,0,0,0,0,"{""Blace L1"": {""total"": 0, ""by_type"": {}}, ""Blace L2"": {""total"": 0, ""by_type"": {}}, ""Blace L3"": {""total"": 0, ""by_type"": {}}}",2
393,2,2026-05-04 21:58:46.016344,5,5,5,0,0,0,"{""Blace L1"": {""total"": 0, ""by_type"": {}}, ""Blace L2"": {""total"": 3, ""by_type"": {""car"": 3}}, ""Blace L3"": {""total"": 2, ""by_type"": {""car"": 2}}}",2
394,2,2026-05-04 22:03:46.252423,5,8,8,0,0,0,"{""Blace L1"": {""total"": 0, ""by_type"": {}}, ""Blace L2"": {""total"": 4, ""by_type"": {""car"": 4}}, ""Blace L3"": {""total"": 4, ""by_type"": {""car"": 4}}}",2
395,2,2026-05-04 22:08:46.551902,5,12,12,0,0,0,"{""Blace L1"": {""total"": 0, ""by_type"": {}}, ""Blace L2"": {""total"": 7, ""by_type"": {""car"": 7}}, ""Blace L3"": {""total"": 5, ""by_type"": {""car"": 5}}}",2
396,2,2026-05-04 22:13:46.701749,5,10,10,0,0,0,"{""Blace L1"": {""total"": 0, ""by_type"": {}}, ""Blace L2"": {""total"": 5, ""by_type"": {""car"": 5}}, ""Blace L3"": {""total"": 5, ""by_type"": {""car"": 5}}}",2
397,2,2026-05-04 22:18:47.069644,5,9,9,0,0,0,"{""Blace L1"": {""total"": 0, ""by_type"": {}}, ""Blace L2"": {""total"": 4, ""by_type"": {""car"": 4}}, ""Blace L3"": {""total"": 5, ""by_type"": {""car"": 5}}}",2
398,2,2026-05-04 22:23:47.141286,5,10,10,0,0,0,"{""Blace L1"": {""total"": 0, ""by_type"": {}}, ""Blace L2"": {""total"": 6, ""by_type"": {""car"": 6}}, ""Blace L3"": {""total"": 4, ""by_type"": {""car"": 4}}}",2
399,2,2026-05-04 22:29:12.995963,5,8,8,0,0,0,"{""Blace L1"": {""total"": 1, ""by_type"": {""car"": 1}}, ""Blace L2"": {""total"": 4, ""by_type"": {""car"": 4}}, ""Blace L3"": {""total"": 3, ""by_type"": {""car"": 3}}}",2
400,2,2026-05-04 22:34:13.109618,5,6,6,0,0,0,"{""Blace L1"": {""total"": 0, ""by_type"": {}}, ""Blace L2"": {""total"": 3, ""by_type"": {""car"": 3}}, ""Blace L3"": {""total"": 3, ""by_type"": {""car"": 3}}}",2
401,2,2026-05-04 22:39:13.585339,5,12,12,0,0,0,"{""Blace L1"": {""total"": 4, ""by_type"": {""car"": 4}}, ""Blace L2"": {""total"": 4, ""by_type"": {""car"": 4}}, ""Blace L3"": {""total"": 4, ""by_type"": {""car"": 4}}}",2
402,2,2026-05-04 22:44:13.919485,5,7,7,0,0,0,"{""Blace L1"": {""total"": 0, ""by_type"": {}}, ""Blace L2"": {""total"": 3, ""by_type"": {""car"": 3}}, ""Blace L3"": {""total"": 4, ""by_type"": {""car"": 4}}}",2
403,2,2026-05-04 22:49:14.104049,5,6,6,0,0,0,"{""Blace L1"": {""total"": 0, ""by_type"": {}}, ""Blace L2"": {""total"": 2, ""by_type"": {""car"": 2}}, ""Blace L3"": {""total"": 4, ""by_type"": {""car"": 4}}}",2
404,2,2026-05-04 22:54:14.629311,5,8,8,0,0,0,"{""Blace L1"": {""total"": 1, ""by_type"": {""car"": 1}}, ""Blace L2"": {""total"": 4, ""by_type"": {""car"": 4}}, ""Blace L3"": {""total"": 3, ""by_type"": {""car"": 3}}}",2
405,2,2026-05-04 22:59:14.809811,5,2,2,0,0,0,"{""Blace L1"": {""total"": 0, ""by_type"": {}}, ""Blace L2"": {""total"": 1, ""by_type"": {""car"": 1}}, ""Blace L3"": {""total"": 1, ""by_type"": {""car"": 1}}}",0.5
406,2,2026-05-04 23:04:14.955069,5,7,7,0,0,0,"{""Blace L1"": {""total"": 0, ""by_type"": {}}, ""Blace L2"": {""total"": 3, ""by_type"": {""car"": 3}}, ""Blace L3"": {""total"": 4, ""by_type"": {""car"": 4}}}",2
407,2,2026-05-04 23:09:14.997576,5,7,6,0,0,1,"{""Blace L1"": {""total"": 0, ""by_type"": {}}, ""Blace L2"": {""total"": 3, ""by_type"": {""car"": 2, ""truck"": 1}}, ""Blace L3"": {""total"": 4, ""by_type"": {""car"": 4}}}",2
408,2,2026-05-04 23:14:15.277035,5,7,7,0,0,0,"{""Blace L1"": {""total"": 0, ""by_type"": {}}, ""Blace L2"": {""total"": 3, ""by_type"": {""car"": 3}}, ""Blace L3"": {""total"": 4, ""by_type"": {""car"": 4}}}",2
409,2,2026-05-04 23:19:15.499313,5,9,9,0,0,0,"{""Blace L1"": {""total"": 0, ""by_type"": {}}, ""Blace L2"": {""total"": 4, ""by_type"": {""car"": 4}}, ""Blace L3"": {""total"": 5, ""by_type"": {""car"": 5}}}",2
410,2,2026-05-04 23:24:15.774923,5,8,8,0,0,0,"{""Blace L1"": {""total"": 0, ""by_type"": {}}, ""Blace L2"": {""total"": 4, ""by_type"": {""car"": 4}}, ""Blace L3"": {""total"": 4, ""by_type"": {""car"": 4}}}",2
411,2,2026-05-04 23:29:15.822953,5,9,9,0,0,0,"{""Blace L1"": {""total"": 2, ""by_type"": {""car"": 2}}, ""Blace L2"": {""total"": 5, ""by_type"": {""car"": 5}}, ""Blace L3"": {""total"": 2, ""by_type"": {""car"": 2}}}",2
412,2,2026-05-04 23:34:39.955492,5,6,6,0,0,0,"{""Blace L1"": {""total"": 0, ""by_type"": {}}, ""Blace L2"": {""total"": 3, ""by_type"": {""car"": 3}}, ""Blace L3"": {""total"": 3, ""by_type"": {""car"": 3}}}",2.5
413,2,2026-05-04 23:39:39.961592,5,0,0,0,0,0,"{""Blace L1"": {""total"": 0, ""by_type"": {}}, ""Blace L2"": {""total"": 0, ""by_type"": {}}, ""Blace L3"": {""total"": 0, ""by_type"": {}}}",2.5
414,2,2026-05-04 23:44:40.329035,5,0,0,0,0,0,"{""Blace L1"": {""total"": 0, ""by_type"": {}}, ""Blace L2"": {""total"": 0, ""by_type"": {}}, ""Blace L3"": {""total"": 0, ""by_type"": {}}}",2.5
415,2,2026-05-04 23:49:40.421522,5,0,0,0,0,0,"{""Blace L1"": {""total"": 0, ""by_type"": {}}, ""Blace L2"": {""total"": 0, ""by_type"": {}}, ""Blace L3"": {""total"": 0, ""by_type"": {}}}",3
416,2,2026-05-04 23:54:40.444712,5,0,0,0,0,0,"{""Blace L1"": {""total"": 0, ""by_type"": {}}, ""Blace L2"": {""total"": 0, ""by_type"": {}}, ""Blace L3"": {""total"": 0, ""by_type"": {}}}",2
417,2,2026-05-04 23:59:56.770396,5,0,0,0,0,0,"{""Blace L1"": {""total"": 0, ""by_type"": {}}, ""Blace L2"": {""total"": 0, ""by_type"": {}}, ""Blace L3"": {""total"": 0, ""by_type"": {}}}",2.5
418,2,2026-05-05 00:04:56.815568,5,0,0,0,0,0,"{""Blace L1"": {""total"": 0, ""by_type"": {}}, ""Blace L2"": {""total"": 0, ""by_type"": {}}, ""Blace L3"": {""total"": 0, ""by_type"": {}}}",4
419,2,2026-05-05 00:09:57.025374,5,3,3,0,0,0,"{""Blace L1"": {""total"": 0, ""by_type"": {}}, ""Blace L2"": {""total"": 0, ""by_type"": {}}, ""Blace L3"": {""total"": 3, ""by_type"": {""car"": 3}}}",3
420,2,2026-05-05 00:14:57.337652,5,5,5,0,0,0,"{""Blace L1"": {""total"": 0, ""by_type"": {}}, ""Blace L2"": {""total"": 4, ""by_type"": {""car"": 4}}, ""Blace L3"": {""total"": 1, ""by_type"": {""car"": 1}}}",3
421,2,2026-05-05 00:19:57.510991,5,0,0,0,0,0,"{""Blace L1"": {""total"": 0, ""by_type"": {}}, ""Blace L2"": {""total"": 0, ""by_type"": {}}, ""Blace L3"": {""total"": 0, ""by_type"": {}}}",3
422,2,2026-05-05 00:24:57.526001,5,0,0,0,0,0,"{""Blace L1"": {""total"": 0, ""by_type"": {}}, ""Blace L2"": {""total"": 0, ""by_type"": {}}, ""Blace L3"": {""total"": 0, ""by_type"": {}}}",3
423,2,2026-05-05 00:29:57.847946,5,0,0,0,0,0,"{""Blace L1"": {""total"": 0, ""by_type"": {}}, ""Blace L2"": {""total"": 0, ""by_type"": {}}, ""Blace L3"": {""total"": 0, ""by_type"": {}}}",3
424,2,2026-05-05 00:34:57.98656,5,0,0,0,0,0,"{""Blace L1"": {""total"": 0, ""by_type"": {}}, ""Blace L2"": {""total"": 0, ""by_type"": {}}, ""Blace L3"": {""total"": 0, ""by_type"": {}}}",3
425,2,2026-05-05 00:39:58.139187,5,3,3,0,0,0,"{""Blace L1"": {""total"": 0, ""by_type"": {}}, ""Blace L2"": {""total"": 1, ""by_type"": {""car"": 1}}, ""Blace L3"": {""total"": 2, ""by_type"": {""car"": 2}}}",2.5
426,2,2026-05-05 00:44:58.477373,5,0,0,0,0,0,"{""Blace L1"": {""total"": 0, ""by_type"": {}}, ""Blace L2"": {""total"": 0, ""by_type"": {}}, ""Blace L3"": {""total"": 0, ""by_type"": {}}}",3
427,2,2026-05-05 00:50:06.957002,5,0,0,0,0,0,"{""Blace L1"": {""total"": 0, ""by_type"": {}}, ""Blace L2"": {""total"": 0, ""by_type"": {}}, ""Blace L3"": {""total"": 0, ""by_type"": {}}}",0.5
428,2,2026-05-05 00:55:07.138403,5,0,0,0,0,0,"{""Blace L1"": {""total"": 0, ""by_type"": {}}, ""Blace L2"": {""total"": 0, ""by_type"": {}}, ""Blace L3"": {""total"": 0, ""by_type"": {}}}",3
429,2,2026-05-05 01:00:07.185369,5,0,0,0,0,0,"{""Blace L1"": {""total"": 0, ""by_type"": {}}, ""Blace L2"": {""total"": 0, ""by_type"": {}}, ""Blace L3"": {""total"": 0, ""by_type"": {}}}",3
430,2,2026-05-05 01:05:07.377313,5,0,0,0,0,0,"{""Blace L1"": {""total"": 0, ""by_type"": {}}, ""Blace L2"": {""total"": 0, ""by_type"": {}}, ""Blace L3"": {""total"": 0, ""by_type"": {}}}",3
431,2,2026-05-05 01:10:07.699965,5,0,0,0,0,0,"{""Blace L1"": {""total"": 0, ""by_type"": {}}, ""Blace L2"": {""total"": 0, ""by_type"": {}}, ""Blace L3"": {""total"": 0, ""by_type"": {}}}",3
432,2,2026-05-05 01:15:07.862197,5,0,0,0,0,0,"{""Blace L1"": {""total"": 0, ""by_type"": {}}, ""Blace L2"": {""total"": 0, ""by_type"": {}}, ""Blace L3"": {""total"": 0, ""by_type"": {}}}",3
433,2,2026-05-05 01:20:08.208537,5,2,2,0,0,0,"{""Blace L1"": {""total"": 0, ""by_type"": {}}, ""Blace L2"": {""total"": 0, ""by_type"": {}}, ""Blace L3"": {""total"": 2, ""by_type"": {""car"": 2}}}",3
434,2,2026-05-05 01:25:08.515532,5,0,0,0,0,0,"{""Blace L1"": {""total"": 0, ""by_type"": {}}, ""Blace L2"": {""total"": 0, ""by_type"": {}}, ""Blace L3"": {""total"": 0, ""by_type"": {}}}",3
435,2,2026-05-05 01:30:08.619946,5,1,1,0,0,0,"{""Blace L1"": {""total"": 0, ""by_type"": {}}, ""Blace L2"": {""total"": 0, ""by_type"": {}}, ""Blace L3"": {""total"": 1, ""by_type"": {""car"": 1}}}",3
436,2,2026-05-05 01:35:09.954041,5,0,0,0,0,0,"{""Blace L1"": {""total"": 0, ""by_type"": {}}, ""Blace L2"": {""total"": 0, ""by_type"": {}}, ""Blace L3"": {""total"": 0, ""by_type"": {}}}",1
437,2,2026-05-05 01:40:11.831743,5,0,0,0,0,0,"{""Blace L1"": {""total"": 0, ""by_type"": {}}, ""Blace L2"": {""total"": 0, ""by_type"": {}}, ""Blace L3"": {""total"": 0, ""by_type"": {}}}",0.5
438,2,2026-05-05 01:45:12.249475,5,3,3,0,0,0,"{""Blace L1"": {""total"": 0, ""by_type"": {}}, ""Blace L2"": {""total"": 0, ""by_type"": {}}, ""Blace L3"": {""total"": 3, ""by_type"": {""car"": 3}}}",2
439,2,2026-05-05 01:50:12.40768,5,4,4,0,0,0,"{""Blace L1"": {""total"": 0, ""by_type"": {}}, ""Blace L2"": {""total"": 0, ""by_type"": {}}, ""Blace L3"": {""total"": 4, ""by_type"": {""car"": 4}}}",2
440,2,2026-05-05 01:55:12.797268,5,8,8,0,0,0,"{""Blace L1"": {""total"": 0, ""by_type"": {}}, ""Blace L2"": {""total"": 5, ""by_type"": {""car"": 5}}, ""Blace L3"": {""total"": 3, ""by_type"": {""car"": 3}}}",2
441,2,2026-05-05 02:00:13.245762,5,1,1,0,0,0,"{""Blace L1"": {""total"": 0, ""by_type"": {}}, ""Blace L2"": {""total"": 0, ""by_type"": {}}, ""Blace L3"": {""total"": 1, ""by_type"": {""car"": 1}}}",2
442,2,2026-05-05 02:05:13.601643,5,0,0,0,0,0,"{""Blace L1"": {""total"": 0, ""by_type"": {}}, ""Blace L2"": {""total"": 0, ""by_type"": {}}, ""Blace L3"": {""total"": 0, ""by_type"": {}}}",2
443,2,2026-05-05 02:10:13.618619,5,1,1,0,0,0,"{""Blace L1"": {""total"": 0, ""by_type"": {}}, ""Blace L2"": {""total"": 0, ""by_type"": {}}, ""Blace L3"": {""total"": 1, ""by_type"": {""car"": 1}}}",2
444,2,2026-05-05 02:15:13.933821,5,0,0,0,0,0,"{""Blace L1"": {""total"": 0, ""by_type"": {}}, ""Blace L2"": {""total"": 0, ""by_type"": {}}, ""Blace L3"": {""total"": 0, ""by_type"": {}}}",2
445,2,2026-05-05 02:20:25.052377,5,0,0,0,0,0,"{""Blace L1"": {""total"": 0, ""by_type"": {}}, ""Blace L2"": {""total"": 0, ""by_type"": {}}, ""Blace L3"": {""total"": 0, ""by_type"": {}}}",0.5
446,2,2026-05-05 02:25:25.112741,5,0,0,0,0,0,"{""Blace L1"": {""total"": 0, ""by_type"": {}}, ""Blace L2"": {""total"": 0, ""by_type"": {}}, ""Blace L3"": {""total"": 0, ""by_type"": {}}}",2
447,2,2026-05-05 02:30:25.417076,5,0,0,0,0,0,"{""Blace L1"": {""total"": 0, ""by_type"": {}}, ""Blace L2"": {""total"": 0, ""by_type"": {}}, ""Blace L3"": {""total"": 0, ""by_type"": {}}}",2
448,2,2026-05-05 02:35:25.486961,5,1,1,0,0,0,"{""Blace L1"": {""total"": 0, ""by_type"": {}}, ""Blace L2"": {""total"": 1, ""by_type"": {""car"": 1}}, ""Blace L3"": {""total"": 0, ""by_type"": {}}}",2
449,2,2026-05-05 02:40:25.739152,5,1,1,0,0,0,"{""Blace L1"": {""total"": 0, ""by_type"": {}}, ""Blace L2"": {""total"": 1, ""by_type"": {""car"": 1}}, ""Blace L3"": {""total"": 0, ""by_type"": {}}}",2
450,2,2026-05-05 02:45:26.389122,5,0,0,0,0,0,"{""Blace L1"": {""total"": 0, ""by_type"": {}}, ""Blace L2"": {""total"": 0, ""by_type"": {}}, ""Blace L3"": {""total"": 0, ""by_type"": {}}}",0.5
451,2,2026-05-05 02:50:45.003848,5,0,0,0,0,0,"{""Blace L1"": {""total"": 0, ""by_type"": {}}, ""Blace L2"": {""total"": 0, ""by_type"": {}}, ""Blace L3"": {""total"": 0, ""by_type"": {}}}",2.5
452,2,2026-05-05 02:55:46.444981,5,0,0,0,0,0,"{""Blace L1"": {""total"": 0, ""by_type"": {}}, ""Blace L2"": {""total"": 0, ""by_type"": {}}, ""Blace L3"": {""total"": 0, ""by_type"": {}}}",0.5
453,2,2026-05-05 03:00:46.520255,5,0,0,0,0,0,"{""Blace L1"": {""total"": 0, ""by_type"": {}}, ""Blace L2"": {""total"": 0, ""by_type"": {}}, ""Blace L3"": {""total"": 0, ""by_type"": {}}}",3
454,2,2026-05-05 03:05:47.436692,5,1,1,0,0,0,"{""Blace L1"": {""total"": 0, ""by_type"": {}}, ""Blace L2"": {""total"": 0, ""by_type"": {}}, ""Blace L3"": {""total"": 1, ""by_type"": {""car"": 1}}}",0.5
455,2,2026-05-05 03:11:15.47248,5,0,0,0,0,0,"{""Blace L1"": {""total"": 0, ""by_type"": {}}, ""Blace L2"": {""total"": 0, ""by_type"": {}}, ""Blace L3"": {""total"": 0, ""by_type"": {}}}",0.5
456,2,2026-05-05 03:16:15.765088,5,0,0,0,0,0,"{""Blace L1"": {""total"": 0, ""by_type"": {}}, ""Blace L2"": {""total"": 0, ""by_type"": {}}, ""Blace L3"": {""total"": 0, ""by_type"": {}}}",3.5
457,2,2026-05-05 03:21:16.239529,5,0,0,0,0,0,"{""Blace L1"": {""total"": 0, ""by_type"": {}}, ""Blace L2"": {""total"": 0, ""by_type"": {}}, ""Blace L3"": {""total"": 0, ""by_type"": {}}}",2
458,2,2026-05-05 03:26:16.585663,5,0,0,0,0,0,"{""Blace L1"": {""total"": 0, ""by_type"": {}}, ""Blace L2"": {""total"": 0, ""by_type"": {}}, ""Blace L3"": {""total"": 0, ""by_type"": {}}}",2
459,2,2026-05-05 03:31:16.91732,5,0,0,0,0,0,"{""Blace L1"": {""total"": 0, ""by_type"": {}}, ""Blace L2"": {""total"": 0, ""by_type"": {}}, ""Blace L3"": {""total"": 0, ""by_type"": {}}}",2
460,2,2026-05-05 03:36:17.350647,5,0,0,0,0,0,"{""Blace L1"": {""total"": 0, ""by_type"": {}}, ""Blace L2"": {""total"": 0, ""by_type"": {}}, ""Blace L3"": {""total"": 0, ""by_type"": {}}}",2
461,2,2026-05-05 03:41:17.372941,5,0,0,0,0,0,"{""Blace L1"": {""total"": 0, ""by_type"": {}}, ""Blace L2"": {""total"": 0, ""by_type"": {}}, ""Blace L3"": {""total"": 0, ""by_type"": {}}}",2
462,2,2026-05-05 03:46:17.901925,5,0,0,0,0,0,"{""Blace L1"": {""total"": 0, ""by_type"": {}}, ""Blace L2"": {""total"": 0, ""by_type"": {}}, ""Blace L3"": {""total"": 0, ""by_type"": {}}}",2
463,2,2026-05-05 03:51:27.741642,5,0,0,0,0,0,"{""Blace L1"": {""total"": 0, ""by_type"": {}}, ""Blace L2"": {""total"": 0, ""by_type"": {}}, ""Blace L3"": {""total"": 0, ""by_type"": {}}}",2
464,2,2026-05-05 03:56:27.980552,5,1,1,0,0,0,"{""Blace L1"": {""total"": 0, ""by_type"": {}}, ""Blace L2"": {""total"": 0, ""by_type"": {}}, ""Blace L3"": {""total"": 1, ""by_type"": {""car"": 1}}}",2
465,2,2026-05-05 04:01:28.118388,5,0,0,0,0,0,"{""Blace L1"": {""total"": 0, ""by_type"": {}}, ""Blace L2"": {""total"": 0, ""by_type"": {}}, ""Blace L3"": {""total"": 0, ""by_type"": {}}}",2
466,2,2026-05-05 04:06:28.571359,5,0,0,0,0,0,"{""Blace L1"": {""total"": 0, ""by_type"": {}}, ""Blace L2"": {""total"": 0, ""by_type"": {}}, ""Blace L3"": {""total"": 0, ""by_type"": {}}}",2
467,2,2026-05-05 04:11:28.896846,5,0,0,0,0,0,"{""Blace L1"": {""total"": 0, ""by_type"": {}}, ""Blace L2"": {""total"": 0, ""by_type"": {}}, ""Blace L3"": {""total"": 0, ""by_type"": {}}}",2
468,2,2026-05-05 04:16:29.078697,5,2,2,0,0,0,"{""Blace L1"": {""total"": 0, ""by_type"": {}}, ""Blace L2"": {""total"": 0, ""by_type"": {}}, ""Blace L3"": {""total"": 2, ""by_type"": {""car"": 2}}}",2
469,2,2026-05-05 04:21:29.286423,5,1,1,0,0,0,"{""Blace L1"": {""total"": 0, ""by_type"": {}}, ""Blace L2"": {""total"": 0, ""by_type"": {}}, ""Blace L3"": {""total"": 1, ""by_type"": {""car"": 1}}}",2
470,2,2026-05-05 04:26:29.671451,5,0,0,0,0,0,"{""Blace L1"": {""total"": 0, ""by_type"": {}}, ""Blace L2"": {""total"": 0, ""by_type"": {}}, ""Blace L3"": {""total"": 0, ""by_type"": {}}}",2
471,2,2026-05-05 04:31:29.95094,5,0,0,0,0,0,"{""Blace L1"": {""total"": 0, ""by_type"": {}}, ""Blace L2"": {""total"": 0, ""by_type"": {}}, ""Blace L3"": {""total"": 0, ""by_type"": {}}}",2
472,2,2026-05-05 04:36:30.398171,5,0,0,0,0,0,"{""Blace L1"": {""total"": 0, ""by_type"": {}}, ""Blace L2"": {""total"": 0, ""by_type"": {}}, ""Blace L3"": {""total"": 0, ""by_type"": {}}}",2
473,2,2026-05-05 04:41:30.625698,5,0,0,0,0,0,"{""Blace L1"": {""total"": 0, ""by_type"": {}}, ""Blace L2"": {""total"": 0, ""by_type"": {}}, ""Blace L3"": {""total"": 0, ""by_type"": {}}}",2
474,2,2026-05-05 04:46:30.629611,5,0,0,0,0,0,"{""Blace L1"": {""total"": 0, ""by_type"": {}}, ""Blace L2"": {""total"": 0, ""by_type"": {}}, ""Blace L3"": {""total"": 0, ""by_type"": {}}}",2
475,2,2026-05-05 04:51:30.800739,5,1,1,0,0,0,"{""Blace L1"": {""total"": 0, ""by_type"": {}}, ""Blace L2"": {""total"": 0, ""by_type"": {}}, ""Blace L3"": {""total"": 1, ""by_type"": {""car"": 1}}}",2
476,2,2026-05-05 04:56:30.967838,5,0,0,0,0,0,"{""Blace L1"": {""total"": 0, ""by_type"": {}}, ""Blace L2"": {""total"": 0, ""by_type"": {}}, ""Blace L3"": {""total"": 0, ""by_type"": {}}}",2
477,2,2026-05-05 05:01:31.481521,5,0,0,0,0,0,"{""Blace L1"": {""total"": 0, ""by_type"": {}}, ""Blace L2"": {""total"": 0, ""by_type"": {}}, ""Blace L3"": {""total"": 0, ""by_type"": {}}}",2
478,2,2026-05-05 05:06:31.820117,5,0,0,0,0,0,"{""Blace L1"": {""total"": 0, ""by_type"": {}}, ""Blace L2"": {""total"": 0, ""by_type"": {}}, ""Blace L3"": {""total"": 0, ""by_type"": {}}}",2
479,2,2026-05-05 05:11:32.227231,5,0,0,0,0,0,"{""Blace L1"": {""total"": 0, ""by_type"": {}}, ""Blace L2"": {""total"": 0, ""by_type"": {}}, ""Blace L3"": {""total"": 0, ""by_type"": {}}}",2
480,2,2026-05-05 05:16:40.882062,5,0,0,0,0,0,"{""Blace L1"": {""total"": 0, ""by_type"": {}}, ""Blace L2"": {""total"": 0, ""by_type"": {}}, ""Blace L3"": {""total"": 0, ""by_type"": {}}}",2
481,2,2026-05-05 05:21:40.887116,5,0,0,0,0,0,"{""Blace L1"": {""total"": 0, ""by_type"": {}}, ""Blace L2"": {""total"": 0, ""by_type"": {}}, ""Blace L3"": {""total"": 0, ""by_type"": {}}}",2
482,2,2026-05-05 05:26:41.322274,5,0,0,0,0,0,"{""Blace L1"": {""total"": 0, ""by_type"": {}}, ""Blace L2"": {""total"": 0, ""by_type"": {}}, ""Blace L3"": {""total"": 0, ""by_type"": {}}}",2
483,2,2026-05-05 05:31:41.661223,5,0,0,0,0,0,"{""Blace L1"": {""total"": 0, ""by_type"": {}}, ""Blace L2"": {""total"": 0, ""by_type"": {}}, ""Blace L3"": {""total"": 0, ""by_type"": {}}}",3
484,2,2026-05-05 18:45:42.310497,5,0,0,0,0,0,"{""Blace L1"": {""total"": 0, ""by_type"": {}}, ""Blace L2"": {""total"": 0, ""by_type"": {}}, ""Blace L3"": {""total"": 0, ""by_type"": {}}}",3
485,2,2026-05-05 18:51:24.013321,5,9,8,0,0,1,"{""Blace L1"": {""total"": 3, ""by_type"": {""car"": 2, ""truck"": 1}}, ""Blace L2"": {""total"": 3, ""by_type"": {""car"": 3}}, ""Blace L3"": {""total"": 3, ""by_type"": {""car"": 3}}}",0.5
486,2,2026-05-05 18:56:24.08653,5,11,10,0,0,1,"{""Blace L1"": {""total"": 0, ""by_type"": {}}, ""Blace L2"": {""total"": 5, ""by_type"": {""car"": 5}}, ""Blace L3"": {""total"": 6, ""by_type"": {""car"": 5, ""truck"": 1}}}",2.5
487,2,2026-05-05 19:01:24.119143,5,9,9,0,0,0,"{""Blace L1"": {""total"": 0, ""by_type"": {}}, ""Blace L2"": {""total"": 4, ""by_type"": {""car"": 4}}, ""Blace L3"": {""total"": 5, ""by_type"": {""car"": 5}}}",2.5
488,2,2026-05-05 19:06:24.188877,5,10,10,0,0,0,"{""Blace L1"": {""total"": 0, ""by_type"": {}}, ""Blace L2"": {""total"": 6, ""by_type"": {""car"": 6}}, ""Blace L3"": {""total"": 4, ""by_type"": {""car"": 4}}}",2.5
489,2,2026-05-05 19:11:26.729942,5,13,13,0,0,0,"{""Blace L1"": {""total"": 4, ""by_type"": {""car"": 4}}, ""Blace L2"": {""total"": 4, ""by_type"": {""car"": 4}}, ""Blace L3"": {""total"": 5, ""by_type"": {""car"": 5}}}",0.5
490,2,2026-05-05 19:16:26.771174,5,13,13,0,0,0,"{""Blace L1"": {""total"": 5, ""by_type"": {""car"": 5}}, ""Blace L2"": {""total"": 4, ""by_type"": {""car"": 4}}, ""Blace L3"": {""total"": 4, ""by_type"": {""car"": 4}}}",3
491,2,2026-05-05 19:21:26.870558,5,15,15,0,0,0,"{""Blace L1"": {""total"": 6, ""by_type"": {""car"": 6}}, ""Blace L2"": {""total"": 5, ""by_type"": {""car"": 5}}, ""Blace L3"": {""total"": 4, ""by_type"": {""car"": 4}}}",3
492,2,2026-05-05 19:26:26.999379,5,16,16,0,0,0,"{""Blace L1"": {""total"": 5, ""by_type"": {""car"": 5}}, ""Blace L2"": {""total"": 5, ""by_type"": {""car"": 5}}, ""Blace L3"": {""total"": 6, ""by_type"": {""car"": 6}}}",3
493,2,2026-05-05 19:31:27.029313,5,15,15,0,0,0,"{""Blace L1"": {""total"": 5, ""by_type"": {""car"": 5}}, ""Blace L2"": {""total"": 6, ""by_type"": {""car"": 6}}, ""Blace L3"": {""total"": 4, ""by_type"": {""car"": 4}}}",3
494,2,2026-05-05 19:36:27.147187,5,16,16,0,0,0,"{""Blace L1"": {""total"": 6, ""by_type"": {""car"": 6}}, ""Blace L2"": {""total"": 5, ""by_type"": {""car"": 5}}, ""Blace L3"": {""total"": 5, ""by_type"": {""car"": 5}}}",3
495,2,2026-05-05 19:41:28.785136,5,12,11,0,0,1,"{""Blace L1"": {""total"": 2, ""by_type"": {""car"": 1, ""truck"": 1}}, ""Blace L2"": {""total"": 5, ""by_type"": {""car"": 5}}, ""Blace L3"": {""total"": 5, ""by_type"": {""car"": 5}}}",0.5
496,2,2026-05-05 19:46:28.846986,5,11,11,0,0,0,"{""Blace L1"": {""total"": 2, ""by_type"": {""car"": 2}}, ""Blace L2"": {""total"": 5, ""by_type"": {""car"": 5}}, ""Blace L3"": {""total"": 4, ""by_type"": {""car"": 4}}}",3
497,2,2026-05-05 19:51:29.014941,5,11,11,0,0,0,"{""Blace L1"": {""total"": 3, ""by_type"": {""car"": 3}}, ""Blace L2"": {""total"": 3, ""by_type"": {""car"": 3}}, ""Blace L3"": {""total"": 5, ""by_type"": {""car"": 5}}}",3
498,2,2026-05-05 19:56:29.289271,5,9,9,0,0,0,"{""Blace L1"": {""total"": 2, ""by_type"": {""car"": 2}}, ""Blace L2"": {""total"": 4, ""by_type"": {""car"": 4}}, ""Blace L3"": {""total"": 3, ""by_type"": {""car"": 3}}}",2
499,2,2026-05-05 20:01:29.455272,5,13,13,0,0,0,"{""Blace L1"": {""total"": 4, ""by_type"": {""car"": 4}}, ""Blace L2"": {""total"": 5, ""by_type"": {""car"": 5}}, ""Blace L3"": {""total"": 4, ""by_type"": {""car"": 4}}}",2
500,2,2026-05-05 20:06:29.609997,5,3,3,0,0,0,"{""Blace L1"": {""total"": 1, ""by_type"": {""car"": 1}}, ""Blace L2"": {""total"": 2, ""by_type"": {""car"": 2}}, ""Blace L3"": {""total"": 0, ""by_type"": {}}}",2
501,2,2026-05-05 20:11:31.295566,5,4,4,0,0,0,"{""Blace L1"": {""total"": 1, ""by_type"": {""car"": 1}}, ""Blace L2"": {""total"": 2, ""by_type"": {""car"": 2}}, ""Blace L3"": {""total"": 1, ""by_type"": {""car"": 1}}}",0.5
502,2,2026-05-05 20:16:31.316711,5,0,0,0,0,0,"{""Blace L1"": {""total"": 0, ""by_type"": {}}, ""Blace L2"": {""total"": 0, ""by_type"": {}}, ""Blace L3"": {""total"": 0, ""by_type"": {}}}",2
503,2,2026-05-05 20:21:31.535447,5,1,1,0,0,0,"{""Blace L1"": {""total"": 0, ""by_type"": {}}, ""Blace L2"": {""total"": 0, ""by_type"": {}}, ""Blace L3"": {""total"": 1, ""by_type"": {""car"": 1}}}",2
504,2,2026-05-05 23:36:03.610472,5,0,0,0,0,0,"{""Blace L1"": {""total"": 0, ""by_type"": {}}, ""Blace L2"": {""total"": 0, ""by_type"": {}}, ""Blace L3"": {""total"": 0, ""by_type"": {}}}",0.5
505,2,2026-05-05 23:41:34.289282,5,1,1,0,0,0,"{""Blace L1"": {""total"": 0, ""by_type"": {}}, ""Blace L2"": {""total"": 0, ""by_type"": {}}, ""Blace L3"": {""total"": 1, ""by_type"": {""car"": 1}}}",0.5
506,2,2026-05-05 23:46:34.435743,5,1,1,0,0,0,"{""Blace L1"": {""total"": 0, ""by_type"": {}}, ""Blace L2"": {""total"": 0, ""by_type"": {}}, ""Blace L3"": {""total"": 1, ""by_type"": {""car"": 1}}}",2
507,2,2026-05-05 23:51:34.493145,5,5,5,0,0,0,"{""Blace L1"": {""total"": 0, ""by_type"": {}}, ""Blace L2"": {""total"": 3, ""by_type"": {""car"": 3}}, ""Blace L3"": {""total"": 2, ""by_type"": {""car"": 2}}}",2
508,2,2026-05-05 23:56:34.799343,5,0,0,0,0,0,"{""Blace L1"": {""total"": 0, ""by_type"": {}}, ""Blace L2"": {""total"": 0, ""by_type"": {}}, ""Blace L3"": {""total"": 0, ""by_type"": {}}}",2
509,2,2026-05-06 00:01:35.186217,5,5,5,0,0,0,"{""Blace L1"": {""total"": 0, ""by_type"": {}}, ""Blace L2"": {""total"": 0, ""by_type"": {}}, ""Blace L3"": {""total"": 5, ""by_type"": {""car"": 5}}}",2
510,2,2026-05-06 00:06:35.520583,5,0,0,0,0,0,"{""Blace L1"": {""total"": 0, ""by_type"": {}}, ""Blace L2"": {""total"": 0, ""by_type"": {}}, ""Blace L3"": {""total"": 0, ""by_type"": {}}}",2
511,2,2026-05-06 00:12:05.164008,5,2,2,0,0,0,"{""Blace L1"": {""total"": 0, ""by_type"": {}}, ""Blace L2"": {""total"": 0, ""by_type"": {}}, ""Blace L3"": {""total"": 2, ""by_type"": {""car"": 2}}}",0.5
512,2,2026-05-06 00:17:05.169797,5,1,1,0,0,0,"{""Blace L1"": {""total"": 0, ""by_type"": {}}, ""Blace L2"": {""total"": 0, ""by_type"": {}}, ""Blace L3"": {""total"": 1, ""by_type"": {""car"": 1}}}",2
513,2,2026-05-06 00:22:05.404612,5,0,0,0,0,0,"{""Blace L1"": {""total"": 0, ""by_type"": {}}, ""Blace L2"": {""total"": 0, ""by_type"": {}}, ""Blace L3"": {""total"": 0, ""by_type"": {}}}",2
514,2,2026-05-06 00:27:05.569808,5,0,0,0,0,0,"{""Blace L1"": {""total"": 0, ""by_type"": {}}, ""Blace L2"": {""total"": 0, ""by_type"": {}}, ""Blace L3"": {""total"": 0, ""by_type"": {}}}",2
515,2,2026-05-06 00:32:05.709123,5,2,2,0,0,0,"{""Blace L1"": {""total"": 0, ""by_type"": {}}, ""Blace L2"": {""total"": 0, ""by_type"": {}}, ""Blace L3"": {""total"": 2, ""by_type"": {""car"": 2}}}",2
516,2,2026-05-06 00:37:06.106643,5,1,1,0,0,0,"{""Blace L1"": {""total"": 0, ""by_type"": {}}, ""Blace L2"": {""total"": 0, ""by_type"": {}}, ""Blace L3"": {""total"": 1, ""by_type"": {""car"": 1}}}",2
517,2,2026-05-06 00:42:06.250518,5,0,0,0,0,0,"{""Blace L1"": {""total"": 0, ""by_type"": {}}, ""Blace L2"": {""total"": 0, ""by_type"": {}}, ""Blace L3"": {""total"": 0, ""by_type"": {}}}",2
518,2,2026-05-06 00:47:06.734812,5,0,0,0,0,0,"{""Blace L1"": {""total"": 0, ""by_type"": {}}, ""Blace L2"": {""total"": 0, ""by_type"": {}}, ""Blace L3"": {""total"": 0, ""by_type"": {}}}",2
519,2,2026-05-06 00:52:07.09556,5,2,2,0,0,0,"{""Blace L1"": {""total"": 0, ""by_type"": {}}, ""Blace L2"": {""total"": 0, ""by_type"": {}}, ""Blace L3"": {""total"": 2, ""by_type"": {""car"": 2}}}",2
520,2,2026-05-06 00:57:07.325393,5,1,1,0,0,0,"{""Blace L1"": {""total"": 0, ""by_type"": {}}, ""Blace L2"": {""total"": 0, ""by_type"": {}}, ""Blace L3"": {""total"": 1, ""by_type"": {""car"": 1}}}",2
521,2,2026-05-06 01:02:07.595816,5,4,4,0,0,0,"{""Blace L1"": {""total"": 0, ""by_type"": {}}, ""Blace L2"": {""total"": 0, ""by_type"": {}}, ""Blace L3"": {""total"": 4, ""by_type"": {""car"": 4}}}",2
522,2,2026-05-06 01:07:07.895171,5,7,7,0,0,0,"{""Blace L1"": {""total"": 0, ""by_type"": {}}, ""Blace L2"": {""total"": 4, ""by_type"": {""car"": 4}}, ""Blace L3"": {""total"": 3, ""by_type"": {""car"": 3}}}",2
523,2,2026-05-06 01:12:20.377146,5,0,0,0,0,0,"{""Blace L1"": {""total"": 0, ""by_type"": {}}, ""Blace L2"": {""total"": 0, ""by_type"": {}}, ""Blace L3"": {""total"": 0, ""by_type"": {}}}",0.5
524,2,2026-05-06 01:17:20.878611,5,0,0,0,0,0,"{""Blace L1"": {""total"": 0, ""by_type"": {}}, ""Blace L2"": {""total"": 0, ""by_type"": {}}, ""Blace L3"": {""total"": 0, ""by_type"": {}}}",2
525,2,2026-05-06 01:22:20.962879,5,1,1,0,0,0,"{""Blace L1"": {""total"": 0, ""by_type"": {}}, ""Blace L2"": {""total"": 0, ""by_type"": {}}, ""Blace L3"": {""total"": 1, ""by_type"": {""car"": 1}}}",2
526,2,2026-05-06 01:27:38.516315,5,0,0,0,0,0,"{""Blace L1"": {""total"": 0, ""by_type"": {}}, ""Blace L2"": {""total"": 0, ""by_type"": {}}, ""Blace L3"": {""total"": 0, ""by_type"": {}}}",0.5
527,2,2026-05-06 01:32:38.64457,5,4,4,0,0,0,"{""Blace L1"": {""total"": 0, ""by_type"": {}}, ""Blace L2"": {""total"": 0, ""by_type"": {}}, ""Blace L3"": {""total"": 4, ""by_type"": {""car"": 4}}}",2.5
528,2,2026-05-06 01:37:39.028363,5,2,2,0,0,0,"{""Blace L1"": {""total"": 0, ""by_type"": {}}, ""Blace L2"": {""total"": 0, ""by_type"": {}}, ""Blace L3"": {""total"": 2, ""by_type"": {""car"": 2}}}",2.5
529,2,2026-05-06 01:42:43.158321,5,0,0,0,0,0,"{""Blace L1"": {""total"": 0, ""by_type"": {}}, ""Blace L2"": {""total"": 0, ""by_type"": {}}, ""Blace L3"": {""total"": 0, ""by_type"": {}}}",2.5
530,2,2026-05-06 01:47:43.829499,5,1,1,0,0,0,"{""Blace L1"": {""total"": 0, ""by_type"": {}}, ""Blace L2"": {""total"": 0, ""by_type"": {}}, ""Blace L3"": {""total"": 1, ""by_type"": {""car"": 1}}}",0.5
531,2,2026-05-06 01:52:45.216149,5,6,6,0,0,0,"{""Blace L1"": {""total"": 0, ""by_type"": {}}, ""Blace L2"": {""total"": 3, ""by_type"": {""car"": 3}}, ""Blace L3"": {""total"": 3, ""by_type"": {""car"": 3}}}",1
532,2,2026-05-06 01:57:45.391309,5,3,3,0,0,0,"{""Blace L1"": {""total"": 0, ""by_type"": {}}, ""Blace L2"": {""total"": 1, ""by_type"": {""car"": 1}}, ""Blace L3"": {""total"": 2, ""by_type"": {""car"": 2}}}",2.5
533,2,2026-05-06 02:02:48.410292,5,7,7,0,0,0,"{""Blace L1"": {""total"": 0, ""by_type"": {}}, ""Blace L2"": {""total"": 3, ""by_type"": {""car"": 3}}, ""Blace L3"": {""total"": 4, ""by_type"": {""car"": 4}}}",0.5
534,2,2026-05-06 02:07:48.528011,5,0,0,0,0,0,"{""Blace L1"": {""total"": 0, ""by_type"": {}}, ""Blace L2"": {""total"": 0, ""by_type"": {}}, ""Blace L3"": {""total"": 0, ""by_type"": {}}}",2.5
535,2,2026-05-06 02:12:48.618442,5,3,3,0,0,0,"{""Blace L1"": {""total"": 0, ""by_type"": {}}, ""Blace L2"": {""total"": 0, ""by_type"": {}}, ""Blace L3"": {""total"": 3, ""by_type"": {""car"": 3}}}",3
536,2,2026-05-06 02:17:48.652404,5,7,7,0,0,0,"{""Blace L1"": {""total"": 0, ""by_type"": {}}, ""Blace L2"": {""total"": 3, ""by_type"": {""car"": 3}}, ""Blace L3"": {""total"": 4, ""by_type"": {""car"": 4}}}",3
537,2,2026-05-06 02:22:48.686322,5,9,9,0,0,0,"{""Blace L1"": {""total"": 0, ""by_type"": {}}, ""Blace L2"": {""total"": 4, ""by_type"": {""car"": 4}}, ""Blace L3"": {""total"": 5, ""by_type"": {""car"": 5}}}",3
538,2,2026-05-06 02:27:48.930896,5,2,2,0,0,0,"{""Blace L1"": {""total"": 0, ""by_type"": {}}, ""Blace L2"": {""total"": 2, ""by_type"": {""car"": 2}}, ""Blace L3"": {""total"": 0, ""by_type"": {}}}",3.5
539,2,2026-05-06 02:32:49.24131,5,0,0,0,0,0,"{""Blace L1"": {""total"": 0, ""by_type"": {}}, ""Blace L2"": {""total"": 0, ""by_type"": {}}, ""Blace L3"": {""total"": 0, ""by_type"": {}}}",3
540,2,2026-05-06 02:37:49.61125,5,1,1,0,0,0,"{""Blace L1"": {""total"": 0, ""by_type"": {}}, ""Blace L2"": {""total"": 0, ""by_type"": {}}, ""Blace L3"": {""total"": 1, ""by_type"": {""car"": 1}}}",3
541,2,2026-05-06 02:42:50.007606,5,0,0,0,0,0,"{""Blace L1"": {""total"": 0, ""by_type"": {}}, ""Blace L2"": {""total"": 0, ""by_type"": {}}, ""Blace L3"": {""total"": 0, ""by_type"": {}}}",2.5
542,2,2026-05-06 02:47:50.240708,5,4,4,0,0,0,"{""Blace L1"": {""total"": 0, ""by_type"": {}}, ""Blace L2"": {""total"": 0, ""by_type"": {}}, ""Blace L3"": {""total"": 4, ""by_type"": {""car"": 4}}}",3
543,2,2026-05-06 02:52:50.408424,5,2,2,0,0,0,"{""Blace L1"": {""total"": 0, ""by_type"": {}}, ""Blace L2"": {""total"": 0, ""by_type"": {}}, ""Blace L3"": {""total"": 2, ""by_type"": {""car"": 2}}}",3
544,2,2026-05-06 02:57:50.506866,5,1,1,0,0,0,"{""Blace L1"": {""total"": 0, ""by_type"": {}}, ""Blace L2"": {""total"": 0, ""by_type"": {}}, ""Blace L3"": {""total"": 1, ""by_type"": {""car"": 1}}}",3
545,2,2026-05-06 03:02:50.698728,5,0,0,0,0,0,"{""Blace L1"": {""total"": 0, ""by_type"": {}}, ""Blace L2"": {""total"": 0, ""by_type"": {}}, ""Blace L3"": {""total"": 0, ""by_type"": {}}}",3
546,2,2026-05-06 03:07:50.770479,5,0,0,0,0,0,"{""Blace L1"": {""total"": 0, ""by_type"": {}}, ""Blace L2"": {""total"": 0, ""by_type"": {}}, ""Blace L3"": {""total"": 0, ""by_type"": {}}}",3
547,2,2026-05-06 03:12:51.07203,5,3,3,0,0,0,"{""Blace L1"": {""total"": 0, ""by_type"": {}}, ""Blace L2"": {""total"": 0, ""by_type"": {}}, ""Blace L3"": {""total"": 3, ""by_type"": {""car"": 3}}}",3
548,2,2026-05-06 03:17:51.093537,5,0,0,0,0,0,"{""Blace L1"": {""total"": 0, ""by_type"": {}}, ""Blace L2"": {""total"": 0, ""by_type"": {}}, ""Blace L3"": {""total"": 0, ""by_type"": {}}}",3
549,2,2026-05-06 03:22:52.835121,5,0,0,0,0,0,"{""Blace L1"": {""total"": 0, ""by_type"": {}}, ""Blace L2"": {""total"": 0, ""by_type"": {}}, ""Blace L3"": {""total"": 0, ""by_type"": {}}}",0.5
550,2,2026-05-06 03:27:53.005164,5,1,1,0,0,0,"{""Blace L1"": {""total"": 0, ""by_type"": {}}, ""Blace L2"": {""total"": 0, ""by_type"": {}}, ""Blace L3"": {""total"": 1, ""by_type"": {""car"": 1}}}",3
551,2,2026-05-06 03:32:53.533977,5,1,1,0,0,0,"{""Blace L1"": {""total"": 0, ""by_type"": {}}, ""Blace L2"": {""total"": 0, ""by_type"": {}}, ""Blace L3"": {""total"": 1, ""by_type"": {""car"": 1}}}",2
552,2,2026-05-06 03:37:53.919019,5,0,0,0,0,0,"{""Blace L1"": {""total"": 0, ""by_type"": {}}, ""Blace L2"": {""total"": 0, ""by_type"": {}}, ""Blace L3"": {""total"": 0, ""by_type"": {}}}",2
553,2,2026-05-06 03:49:12.330919,5,0,0,0,0,0,"{""Blace L1"": {""total"": 0, ""by_type"": {}}, ""Blace L2"": {""total"": 0, ""by_type"": {}}, ""Blace L3"": {""total"": 0, ""by_type"": {}}}",2
554,2,2026-05-06 03:54:12.478767,5,0,0,0,0,0,"{""Blace L1"": {""total"": 0, ""by_type"": {}}, ""Blace L2"": {""total"": 0, ""by_type"": {}}, ""Blace L3"": {""total"": 0, ""by_type"": {}}}",2
555,2,2026-05-06 03:59:12.914782,5,2,2,0,0,0,"{""Blace L1"": {""total"": 1, ""by_type"": {""car"": 1}}, ""Blace L2"": {""total"": 0, ""by_type"": {}}, ""Blace L3"": {""total"": 1, ""by_type"": {""car"": 1}}}",2
556,2,2026-05-06 04:04:13.207105,5,1,1,0,0,0,"{""Blace L1"": {""total"": 0, ""by_type"": {}}, ""Blace L2"": {""total"": 0, ""by_type"": {}}, ""Blace L3"": {""total"": 1, ""by_type"": {""car"": 1}}}",2
557,2,2026-05-06 04:09:13.71971,5,0,0,0,0,0,"{""Blace L1"": {""total"": 0, ""by_type"": {}}, ""Blace L2"": {""total"": 0, ""by_type"": {}}, ""Blace L3"": {""total"": 0, ""by_type"": {}}}",2
558,2,2026-05-06 04:14:13.946864,5,0,0,0,0,0,"{""Blace L1"": {""total"": 0, ""by_type"": {}}, ""Blace L2"": {""total"": 0, ""by_type"": {}}, ""Blace L3"": {""total"": 0, ""by_type"": {}}}",2
559,2,2026-05-06 04:19:14.328355,5,0,0,0,0,0,"{""Blace L1"": {""total"": 0, ""by_type"": {}}, ""Blace L2"": {""total"": 0, ""by_type"": {}}, ""Blace L3"": {""total"": 0, ""by_type"": {}}}",2
560,2,2026-05-06 04:24:14.456924,5,0,0,0,0,0,"{""Blace L1"": {""total"": 0, ""by_type"": {}}, ""Blace L2"": {""total"": 0, ""by_type"": {}}, ""Blace L3"": {""total"": 0, ""by_type"": {}}}",2
561,2,2026-05-06 04:29:14.589584,5,0,0,0,0,0,"{""Blace L1"": {""total"": 0, ""by_type"": {}}, ""Blace L2"": {""total"": 0, ""by_type"": {}}, ""Blace L3"": {""total"": 0, ""by_type"": {}}}",2
562,2,2026-05-06 04:34:14.764021,5,0,0,0,0,0,"{""Blace L1"": {""total"": 0, ""by_type"": {}}, ""Blace L2"": {""total"": 0, ""by_type"": {}}, ""Blace L3"": {""total"": 0, ""by_type"": {}}}",2
563,2,2026-05-06 04:39:14.784568,5,0,0,0,0,0,"{""Blace L1"": {""total"": 0, ""by_type"": {}}, ""Blace L2"": {""total"": 0, ""by_type"": {}}, ""Blace L3"": {""total"": 0, ""by_type"": {}}}",2
564,2,2026-05-06 04:44:15.127203,5,1,1,0,0,0,"{""Blace L1"": {""total"": 0, ""by_type"": {}}, ""Blace L2"": {""total"": 0, ""by_type"": {}}, ""Blace L3"": {""total"": 1, ""by_type"": {""car"": 1}}}",2
565,2,2026-05-06 04:49:15.300096,5,0,0,0,0,0,"{""Blace L1"": {""total"": 0, ""by_type"": {}}, ""Blace L2"": {""total"": 0, ""by_type"": {}}, ""Blace L3"": {""total"": 0, ""by_type"": {}}}",2
566,2,2026-05-06 04:54:15.772319,5,0,0,0,0,0,"{""Blace L1"": {""total"": 0, ""by_type"": {}}, ""Blace L2"": {""total"": 0, ""by_type"": {}}, ""Blace L3"": {""total"": 0, ""by_type"": {}}}",2
567,2,2026-05-06 04:59:16.063223,5,1,1,0,0,0,"{""Blace L1"": {""total"": 0, ""by_type"": {}}, ""Blace L2"": {""total"": 0, ""by_type"": {}}, ""Blace L3"": {""total"": 1, ""by_type"": {""car"": 1}}}",2
568,2,2026-05-06 05:04:16.408208,5,0,0,0,0,0,"{""Blace L1"": {""total"": 0, ""by_type"": {}}, ""Blace L2"": {""total"": 0, ""by_type"": {}}, ""Blace L3"": {""total"": 0, ""by_type"": {}}}",2
569,2,2026-05-06 05:09:16.665078,5,1,1,0,0,0,"{""Blace L1"": {""total"": 0, ""by_type"": {}}, ""Blace L2"": {""total"": 0, ""by_type"": {}}, ""Blace L3"": {""total"": 1, ""by_type"": {""car"": 1}}}",2
570,2,2026-05-06 05:14:16.838346,5,0,0,0,0,0,"{""Blace L1"": {""total"": 0, ""by_type"": {}}, ""Blace L2"": {""total"": 0, ""by_type"": {}}, ""Blace L3"": {""total"": 0, ""by_type"": {}}}",2
571,2,2026-05-06 05:19:17.042868,5,0,0,0,0,0,"{""Blace L1"": {""total"": 0, ""by_type"": {}}, ""Blace L2"": {""total"": 0, ""by_type"": {}}, ""Blace L3"": {""total"": 0, ""by_type"": {}}}",2
572,2,2026-05-06 05:24:17.266822,5,2,1,0,1,0,"{""Blace L1"": {""total"": 2, ""by_type"": {""bus"": 1, ""car"": 1}}, ""Blace L2"": {""total"": 0, ""by_type"": {}}, ""Blace L3"": {""total"": 0, ""by_type"": {}}}",2
573,2,2026-05-06 05:29:17.468368,5,0,0,0,0,0,"{""Blace L1"": {""total"": 0, ""by_type"": {}}, ""Blace L2"": {""total"": 0, ""by_type"": {}}, ""Blace L3"": {""total"": 0, ""by_type"": {}}}",2
574,2,2026-05-06 05:34:17.827058,5,0,0,0,0,0,"{""Blace L1"": {""total"": 0, ""by_type"": {}}, ""Blace L2"": {""total"": 0, ""by_type"": {}}, ""Blace L3"": {""total"": 0, ""by_type"": {}}}",2
575,2,2026-05-06 05:39:17.93884,5,0,0,0,0,0,"{""Blace L1"": {""total"": 0, ""by_type"": {}}, ""Blace L2"": {""total"": 0, ""by_type"": {}}, ""Blace L3"": {""total"": 0, ""by_type"": {}}}",2
576,2,2026-05-06 05:44:18.00651,5,1,0,0,1,0,"{""Blace L1"": {""total"": 1, ""by_type"": {""bus"": 1}}, ""Blace L2"": {""total"": 0, ""by_type"": {}}, ""Blace L3"": {""total"": 0, ""by_type"": {}}}",2
577,2,2026-05-06 05:49:18.265044,5,0,0,0,0,0,"{""Blace L1"": {""total"": 0, ""by_type"": {}}, ""Blace L2"": {""total"": 0, ""by_type"": {}}, ""Blace L3"": {""total"": 0, ""by_type"": {}}}",2
578,2,2026-05-06 05:54:18.270403,5,0,0,0,0,0,"{""Blace L1"": {""total"": 0, ""by_type"": {}}, ""Blace L2"": {""total"": 0, ""by_type"": {}}, ""Blace L3"": {""total"": 0, ""by_type"": {}}}",2
579,2,2026-05-06 05:59:18.702396,5,1,1,0,0,0,"{""Blace L1"": {""total"": 0, ""by_type"": {}}, ""Blace L2"": {""total"": 0, ""by_type"": {}}, ""Blace L3"": {""total"": 1, ""by_type"": {""car"": 1}}}",2
580,2,2026-05-06 06:04:19.141165,5,0,0,0,0,0,"{""Blace L1"": {""total"": 0, ""by_type"": {}}, ""Blace L2"": {""total"": 0, ""by_type"": {}}, ""Blace L3"": {""total"": 0, ""by_type"": {}}}",2
581,2,2026-05-06 11:13:59.541235,5,0,0,0,0,0,"{""Blace L1"": {""total"": 0, ""by_type"": {}}, ""Blace L2"": {""total"": 0, ""by_type"": {}}, ""Blace L3"": {""total"": 0, ""by_type"": {}}}",3
582,2,2026-05-06 11:19:24.53319,5,15,15,0,0,0,"{""Blace L1"": {""total"": 5, ""by_type"": {""car"": 5}}, ""Blace L2"": {""total"": 4, ""by_type"": {""car"": 4}}, ""Blace L3"": {""total"": 6, ""by_type"": {""car"": 6}}}",0.5
583,2,2026-05-06 11:24:24.609171,5,10,10,0,0,0,"{""Blace L1"": {""total"": 2, ""by_type"": {""car"": 2}}, ""Blace L2"": {""total"": 3, ""by_type"": {""car"": 3}}, ""Blace L3"": {""total"": 5, ""by_type"": {""car"": 5}}}",3
584,2,2026-05-06 11:29:25.038222,5,1,1,0,0,0,"{""Blace L1"": {""total"": 0, ""by_type"": {}}, ""Blace L2"": {""total"": 0, ""by_type"": {}}, ""Blace L3"": {""total"": 1, ""by_type"": {""car"": 1}}}",1
585,2,2026-05-06 11:34:25.228333,5,2,2,0,0,0,"{""Blace L1"": {""total"": 0, ""by_type"": {}}, ""Blace L2"": {""total"": 1, ""by_type"": {""car"": 1}}, ""Blace L3"": {""total"": 1, ""by_type"": {""car"": 1}}}",2.5
586,2,2026-05-06 11:39:25.312733,5,6,6,0,0,0,"{""Blace L1"": {""total"": 0, ""by_type"": {}}, ""Blace L2"": {""total"": 3, ""by_type"": {""car"": 3}}, ""Blace L3"": {""total"": 3, ""by_type"": {""car"": 3}}}",2.5
587,2,2026-05-06 11:44:25.386486,5,3,3,0,0,0,"{""Blace L1"": {""total"": 0, ""by_type"": {}}, ""Blace L2"": {""total"": 2, ""by_type"": {""car"": 2}}, ""Blace L3"": {""total"": 1, ""by_type"": {""car"": 1}}}",3
588,2,2026-05-06 11:49:25.40116,5,3,3,0,0,0,"{""Blace L1"": {""total"": 0, ""by_type"": {}}, ""Blace L2"": {""total"": 1, ""by_type"": {""car"": 1}}, ""Blace L3"": {""total"": 2, ""by_type"": {""car"": 2}}}",2.5
589,2,2026-05-06 11:54:25.405192,5,1,1,0,0,0,"{""Blace L1"": {""total"": 0, ""by_type"": {}}, ""Blace L2"": {""total"": 0, ""by_type"": {}}, ""Blace L3"": {""total"": 1, ""by_type"": {""car"": 1}}}",2.5
590,2,2026-05-06 11:59:52.016151,5,8,8,0,0,0,"{""Blace L1"": {""total"": 0, ""by_type"": {}}, ""Blace L2"": {""total"": 4, ""by_type"": {""car"": 4}}, ""Blace L3"": {""total"": 4, ""by_type"": {""car"": 4}}}",0.5
591,2,2026-05-06 12:04:53.358322,5,12,11,0,0,1,"{""Blace L1"": {""total"": 3, ""by_type"": {""car"": 2, ""truck"": 1}}, ""Blace L2"": {""total"": 4, ""by_type"": {""car"": 4}}, ""Blace L3"": {""total"": 5, ""by_type"": {""car"": 5}}}",0.5
592,2,2026-05-06 12:09:53.498347,5,9,9,0,0,0,"{""Blace L1"": {""total"": 3, ""by_type"": {""car"": 3}}, ""Blace L2"": {""total"": 3, ""by_type"": {""car"": 3}}, ""Blace L3"": {""total"": 3, ""by_type"": {""car"": 3}}}",2.5
593,2,2026-05-06 12:14:53.750729,5,2,2,0,0,0,"{""Blace L1"": {""total"": 0, ""by_type"": {}}, ""Blace L2"": {""total"": 1, ""by_type"": {""car"": 1}}, ""Blace L3"": {""total"": 1, ""by_type"": {""car"": 1}}}",2.5
594,2,2026-05-06 12:20:08.011699,5,13,13,0,0,0,"{""Blace L1"": {""total"": 3, ""by_type"": {""car"": 3}}, ""Blace L2"": {""total"": 5, ""by_type"": {""car"": 5}}, ""Blace L3"": {""total"": 5, ""by_type"": {""car"": 5}}}",0.5
595,2,2026-05-06 12:25:10.766222,5,15,14,0,1,0,"{""Blace L1"": {""total"": 5, ""by_type"": {""car"": 5}}, ""Blace L2"": {""total"": 5, ""by_type"": {""bus"": 1, ""car"": 4}}, ""Blace L3"": {""total"": 5, ""by_type"": {""car"": 5}}}",0.5
596,2,2026-05-06 12:30:11.222259,5,15,13,0,1,1,"{""Blace L1"": {""total"": 4, ""by_type"": {""bus"": 1, ""car"": 2, ""truck"": 1}}, ""Blace L2"": {""total"": 6, ""by_type"": {""car"": 6}}, ""Blace L3"": {""total"": 5, ""by_type"": {""car"": 5}}}",2
597,2,2026-05-06 12:35:11.631143,5,17,15,0,1,1,"{""Blace L1"": {""total"": 5, ""by_type"": {""bus"": 1, ""car"": 3, ""truck"": 1}}, ""Blace L2"": {""total"": 5, ""by_type"": {""car"": 5}}, ""Blace L3"": {""total"": 7, ""by_type"": {""car"": 7}}}",2
598,2,2026-05-06 12:40:11.693281,5,13,12,0,0,1,"{""Blace L1"": {""total"": 3, ""by_type"": {""car"": 2, ""truck"": 1}}, ""Blace L2"": {""total"": 5, ""by_type"": {""car"": 5}}, ""Blace L3"": {""total"": 5, ""by_type"": {""car"": 5}}}",3.5
599,2,2026-05-06 12:45:12.081576,5,18,17,0,1,0,"{""Blace L1"": {""total"": 7, ""by_type"": {""bus"": 1, ""car"": 6}}, ""Blace L2"": {""total"": 5, ""by_type"": {""car"": 5}}, ""Blace L3"": {""total"": 6, ""by_type"": {""car"": 6}}}",3
600,2,2026-05-06 12:50:12.43187,5,17,17,0,0,0,"{""Blace L1"": {""total"": 7, ""by_type"": {""car"": 7}}, ""Blace L2"": {""total"": 5, ""by_type"": {""car"": 5}}, ""Blace L3"": {""total"": 5, ""by_type"": {""car"": 5}}}",3
601,2,2026-05-06 12:55:12.818171,5,15,15,0,0,0,"{""Blace L1"": {""total"": 4, ""by_type"": {""car"": 4}}, ""Blace L2"": {""total"": 6, ""by_type"": {""car"": 6}}, ""Blace L3"": {""total"": 5, ""by_type"": {""car"": 5}}}",1
602,2,2026-05-06 13:00:12.947357,5,14,14,0,0,0,"{""Blace L1"": {""total"": 5, ""by_type"": {""car"": 5}}, ""Blace L2"": {""total"": 4, ""by_type"": {""car"": 4}}, ""Blace L3"": {""total"": 5, ""by_type"": {""car"": 5}}}",3
603,2,2026-05-06 13:05:14.048164,5,17,17,0,0,0,"{""Blace L1"": {""total"": 7, ""by_type"": {""car"": 7}}, ""Blace L2"": {""total"": 4, ""by_type"": {""car"": 4}}, ""Blace L3"": {""total"": 6, ""by_type"": {""car"": 6}}}",0.5
604,2,2026-05-06 13:10:14.082626,5,18,16,0,0,2,"{""Blace L1"": {""total"": 8, ""by_type"": {""car"": 6, ""truck"": 2}}, ""Blace L2"": {""total"": 4, ""by_type"": {""car"": 4}}, ""Blace L3"": {""total"": 6, ""by_type"": {""car"": 6}}}",3
605,2,2026-05-06 13:15:15.221967,5,16,16,0,0,0,"{""Blace L1"": {""total"": 6, ""by_type"": {""car"": 6}}, ""Blace L2"": {""total"": 5, ""by_type"": {""car"": 5}}, ""Blace L3"": {""total"": 5, ""by_type"": {""car"": 5}}}",0.5
606,2,2026-05-06 13:20:17.439427,5,16,14,0,1,1,"{""Blace L1"": {""total"": 5, ""by_type"": {""car"": 4, ""truck"": 1}}, ""Blace L2"": {""total"": 5, ""by_type"": {""bus"": 1, ""car"": 4}}, ""Blace L3"": {""total"": 6, ""by_type"": {""car"": 6}}}",0.5
607,2,2026-05-06 13:25:17.514096,5,16,15,0,0,1,"{""Blace L1"": {""total"": 4, ""by_type"": {""car"": 3, ""truck"": 1}}, ""Blace L2"": {""total"": 6, ""by_type"": {""car"": 6}}, ""Blace L3"": {""total"": 6, ""by_type"": {""car"": 6}}}",2.5
608,2,2026-05-06 13:30:40.277574,5,14,12,0,0,2,"{""Blace L1"": {""total"": 7, ""by_type"": {""car"": 5, ""truck"": 2}}, ""Blace L2"": {""total"": 4, ""by_type"": {""car"": 4}}, ""Blace L3"": {""total"": 3, ""by_type"": {""car"": 3}}}",2.5
609,2,2026-05-06 13:35:40.546166,5,12,11,0,1,0,"{""Blace L1"": {""total"": 3, ""by_type"": {""bus"": 1, ""car"": 2}}, ""Blace L2"": {""total"": 5, ""by_type"": {""car"": 5}}, ""Blace L3"": {""total"": 4, ""by_type"": {""car"": 4}}}",2.5
610,2,2026-05-06 13:40:40.687571,5,15,13,0,0,2,"{""Blace L1"": {""total"": 7, ""by_type"": {""car"": 5, ""truck"": 2}}, ""Blace L2"": {""total"": 4, ""by_type"": {""car"": 4}}, ""Blace L3"": {""total"": 4, ""by_type"": {""car"": 4}}}",2.5
611,2,2026-05-06 13:45:40.837053,5,15,14,0,0,1,"{""Blace L1"": {""total"": 7, ""by_type"": {""car"": 7}}, ""Blace L2"": {""total"": 5, ""by_type"": {""car"": 5}}, ""Blace L3"": {""total"": 3, ""by_type"": {""car"": 2, ""truck"": 1}}}",2
612,2,2026-05-06 13:51:12.428996,5,13,12,0,0,1,"{""Blace L1"": {""total"": 5, ""by_type"": {""car"": 5}}, ""Blace L2"": {""total"": 3, ""by_type"": {""car"": 3}}, ""Blace L3"": {""total"": 5, ""by_type"": {""car"": 4, ""truck"": 1}}}",3
613,2,2026-05-06 13:56:12.706131,5,15,15,0,0,0,"{""Blace L1"": {""total"": 6, ""by_type"": {""car"": 6}}, ""Blace L2"": {""total"": 4, ""by_type"": {""car"": 4}}, ""Blace L3"": {""total"": 5, ""by_type"": {""car"": 5}}}",2.5
614,2,2026-05-06 14:01:13.112873,5,15,14,0,0,1,"{""Blace L1"": {""total"": 7, ""by_type"": {""car"": 6, ""truck"": 1}}, ""Blace L2"": {""total"": 4, ""by_type"": {""car"": 4}}, ""Blace L3"": {""total"": 4, ""by_type"": {""car"": 4}}}",0.5
615,2,2026-05-06 14:06:13.192763,5,14,14,0,0,0,"{""Blace L1"": {""total"": 6, ""by_type"": {""car"": 6}}, ""Blace L2"": {""total"": 3, ""by_type"": {""car"": 3}}, ""Blace L3"": {""total"": 5, ""by_type"": {""car"": 5}}}",2.5
616,2,2026-05-06 14:11:13.53948,5,15,14,0,0,1,"{""Blace L1"": {""total"": 7, ""by_type"": {""car"": 6, ""truck"": 1}}, ""Blace L2"": {""total"": 3, ""by_type"": {""car"": 3}}, ""Blace L3"": {""total"": 5, ""by_type"": {""car"": 5}}}",2.5
617,2,2026-05-06 14:16:14.467729,5,14,14,0,0,0,"{""Blace L1"": {""total"": 5, ""by_type"": {""car"": 5}}, ""Blace L2"": {""total"": 4, ""by_type"": {""car"": 4}}, ""Blace L3"": {""total"": 5, ""by_type"": {""car"": 5}}}",1.5
618,2,2026-05-06 14:21:14.844567,5,14,14,0,0,0,"{""Blace L1"": {""total"": 5, ""by_type"": {""car"": 5}}, ""Blace L2"": {""total"": 5, ""by_type"": {""car"": 5}}, ""Blace L3"": {""total"": 4, ""by_type"": {""car"": 4}}}",2.5
619,2,2026-05-06 14:26:14.961467,5,0,0,0,0,0,"{""Blace L1"": {""total"": 0, ""by_type"": {}}, ""Blace L2"": {""total"": 0, ""by_type"": {}}, ""Blace L3"": {""total"": 0, ""by_type"": {}}}",2.5
620,2,2026-05-06 14:31:15.131927,5,12,12,0,0,0,"{""Blace L1"": {""total"": 3, ""by_type"": {""car"": 3}}, ""Blace L2"": {""total"": 4, ""by_type"": {""car"": 4}}, ""Blace L3"": {""total"": 5, ""by_type"": {""car"": 5}}}",2.5
621,2,2026-05-06 14:36:17.141856,5,1,1,0,0,0,"{""Blace L1"": {""total"": 0, ""by_type"": {}}, ""Blace L2"": {""total"": 1, ""by_type"": {""car"": 1}}, ""Blace L3"": {""total"": 0, ""by_type"": {}}}",0.5
622,2,2026-05-06 14:41:17.211318,5,8,8,0,0,0,"{""Blace L1"": {""total"": 0, ""by_type"": {}}, ""Blace L2"": {""total"": 4, ""by_type"": {""car"": 4}}, ""Blace L3"": {""total"": 4, ""by_type"": {""car"": 4}}}",2.5
623,2,2026-05-06 14:46:17.614547,5,10,10,0,0,0,"{""Blace L1"": {""total"": 0, ""by_type"": {}}, ""Blace L2"": {""total"": 5, ""by_type"": {""car"": 5}}, ""Blace L3"": {""total"": 5, ""by_type"": {""car"": 5}}}",0.5
624,2,2026-05-06 14:51:17.673762,5,10,10,0,0,0,"{""Blace L1"": {""total"": 1, ""by_type"": {""car"": 1}}, ""Blace L2"": {""total"": 5, ""by_type"": {""car"": 5}}, ""Blace L3"": {""total"": 4, ""by_type"": {""car"": 4}}}",1.5
625,2,2026-05-06 14:56:17.927561,5,15,15,0,0,0,"{""Blace L1"": {""total"": 5, ""by_type"": {""car"": 5}}, ""Blace L2"": {""total"": 6, ""by_type"": {""car"": 6}}, ""Blace L3"": {""total"": 4, ""by_type"": {""car"": 4}}}",3
626,2,2026-05-06 15:01:18.242961,5,3,3,0,0,0,"{""Blace L1"": {""total"": 1, ""by_type"": {""car"": 1}}, ""Blace L2"": {""total"": 1, ""by_type"": {""car"": 1}}, ""Blace L3"": {""total"": 1, ""by_type"": {""car"": 1}}}",3
627,2,2026-05-06 15:06:18.2534,5,1,1,0,0,0,"{""Blace L1"": {""total"": 0, ""by_type"": {}}, ""Blace L2"": {""total"": 1, ""by_type"": {""car"": 1}}, ""Blace L3"": {""total"": 0, ""by_type"": {}}}",3
628,2,2026-05-06 15:11:18.5535,5,3,3,0,0,0,"{""Blace L1"": {""total"": 0, ""by_type"": {}}, ""Blace L2"": {""total"": 1, ""by_type"": {""car"": 1}}, ""Blace L3"": {""total"": 2, ""by_type"": {""car"": 2}}}",3
629,2,2026-05-06 15:16:18.595679,5,2,2,0,0,0,"{""Blace L1"": {""total"": 0, ""by_type"": {}}, ""Blace L2"": {""total"": 2, ""by_type"": {""car"": 2}}, ""Blace L3"": {""total"": 0, ""by_type"": {}}}",3
630,2,2026-05-06 15:21:48.156712,5,1,1,0,0,0,"{""Blace L1"": {""total"": 0, ""by_type"": {}}, ""Blace L2"": {""total"": 0, ""by_type"": {}}, ""Blace L3"": {""total"": 1, ""by_type"": {""car"": 1}}}",0.5
631,2,2026-05-06 15:26:56.639235,5,0,0,0,0,0,"{""Blace L1"": {""total"": 0, ""by_type"": {}}, ""Blace L2"": {""total"": 0, ""by_type"": {}}, ""Blace L3"": {""total"": 0, ""by_type"": {}}}",3
632,2,2026-05-06 15:31:56.898578,5,11,11,0,0,0,"{""Blace L1"": {""total"": 1, ""by_type"": {""car"": 1}}, ""Blace L2"": {""total"": 5, ""by_type"": {""car"": 5}}, ""Blace L3"": {""total"": 5, ""by_type"": {""car"": 5}}}",2
633,2,2026-05-06 15:36:57.446891,5,5,5,0,0,0,"{""Blace L1"": {""total"": 0, ""by_type"": {}}, ""Blace L2"": {""total"": 2, ""by_type"": {""car"": 2}}, ""Blace L3"": {""total"": 3, ""by_type"": {""car"": 3}}}",2
634,2,2026-05-06 15:42:25.232338,5,9,9,0,0,0,"{""Blace L1"": {""total"": 0, ""by_type"": {}}, ""Blace L2"": {""total"": 5, ""by_type"": {""car"": 5}}, ""Blace L3"": {""total"": 4, ""by_type"": {""car"": 4}}}",0.5
635,2,2026-05-06 15:47:25.620865,5,8,8,0,0,0,"{""Blace L1"": {""total"": 0, ""by_type"": {}}, ""Blace L2"": {""total"": 3, ""by_type"": {""car"": 3}}, ""Blace L3"": {""total"": 5, ""by_type"": {""car"": 5}}}",2
636,2,2026-05-06 15:52:25.652164,5,12,12,0,0,0,"{""Blace L1"": {""total"": 1, ""by_type"": {""car"": 1}}, ""Blace L2"": {""total"": 5, ""by_type"": {""car"": 5}}, ""Blace L3"": {""total"": 6, ""by_type"": {""car"": 6}}}",2
637,2,2026-05-06 15:57:25.841037,5,11,11,0,0,0,"{""Blace L1"": {""total"": 0, ""by_type"": {}}, ""Blace L2"": {""total"": 5, ""by_type"": {""car"": 5}}, ""Blace L3"": {""total"": 6, ""by_type"": {""car"": 6}}}",2
638,2,2026-05-06 16:02:25.991677,5,11,10,0,1,0,"{""Blace L1"": {""total"": 1, ""by_type"": {""bus"": 1}}, ""Blace L2"": {""total"": 5, ""by_type"": {""car"": 5}}, ""Blace L3"": {""total"": 5, ""by_type"": {""car"": 5}}}",2
639,2,2026-05-06 16:07:26.482349,5,10,10,0,0,0,"{""Blace L1"": {""total"": 1, ""by_type"": {""car"": 1}}, ""Blace L2"": {""total"": 3, ""by_type"": {""car"": 3}}, ""Blace L3"": {""total"": 6, ""by_type"": {""car"": 6}}}",2
640,2,2026-05-06 16:12:46.814835,5,2,2,0,0,0,"{""Blace L1"": {""total"": 0, ""by_type"": {}}, ""Blace L2"": {""total"": 0, ""by_type"": {}}, ""Blace L3"": {""total"": 2, ""by_type"": {""car"": 2}}}",2
641,2,2026-05-06 16:17:46.821539,5,10,10,0,0,0,"{""Blace L1"": {""total"": 2, ""by_type"": {""car"": 2}}, ""Blace L2"": {""total"": 3, ""by_type"": {""car"": 3}}, ""Blace L3"": {""total"": 5, ""by_type"": {""car"": 5}}}",2
642,2,2026-05-06 16:22:47.006328,5,0,0,0,0,0,"{""Blace L1"": {""total"": 0, ""by_type"": {}}, ""Blace L2"": {""total"": 0, ""by_type"": {}}, ""Blace L3"": {""total"": 0, ""by_type"": {}}}",2
643,2,2026-05-06 16:27:47.111313,5,6,6,0,0,0,"{""Blace L1"": {""total"": 1, ""by_type"": {""car"": 1}}, ""Blace L2"": {""total"": 2, ""by_type"": {""car"": 2}}, ""Blace L3"": {""total"": 3, ""by_type"": {""car"": 3}}}",2
644,2,2026-05-06 16:32:47.174485,5,7,7,0,0,0,"{""Blace L1"": {""total"": 1, ""by_type"": {""car"": 1}}, ""Blace L2"": {""total"": 2, ""by_type"": {""car"": 2}}, ""Blace L3"": {""total"": 4, ""by_type"": {""car"": 4}}}",2
645,2,2026-05-06 16:37:47.67955,5,14,14,0,0,0,"{""Blace L1"": {""total"": 5, ""by_type"": {""car"": 5}}, ""Blace L2"": {""total"": 5, ""by_type"": {""car"": 5}}, ""Blace L3"": {""total"": 4, ""by_type"": {""car"": 4}}}",2
646,2,2026-05-06 16:42:48.24068,5,17,15,0,0,2,"{""Blace L1"": {""total"": 6, ""by_type"": {""car"": 5, ""truck"": 1}}, ""Blace L2"": {""total"": 6, ""by_type"": {""car"": 6}}, ""Blace L3"": {""total"": 5, ""by_type"": {""car"": 4, ""truck"": 1}}}",2
647,2,2026-05-06 16:47:48.775043,5,14,14,0,0,0,"{""Blace L1"": {""total"": 5, ""by_type"": {""car"": 5}}, ""Blace L2"": {""total"": 4, ""by_type"": {""car"": 4}}, ""Blace L3"": {""total"": 5, ""by_type"": {""car"": 5}}}",2
648,2,2026-05-06 17:06:22.456045,5,10,8,0,2,0,"{""Blace L1"": {""total"": 2, ""by_type"": {""bus"": 1, ""car"": 1}}, ""Blace L2"": {""total"": 3, ""by_type"": {""bus"": 1, ""car"": 2}}, ""Blace L3"": {""total"": 5, ""by_type"": {""car"": 5}}}",2.5
649,2,2026-05-06 17:11:37.512717,5,18,16,2,0,0,"{""Blace L1"": {""total"": 7, ""by_type"": {""car"": 5, ""motorcycle"": 2}}, ""Blace L2"": {""total"": 5, ""by_type"": {""car"": 5}}, ""Blace L3"": {""total"": 6, ""by_type"": {""car"": 6}}}",0.5
650,2,2026-05-06 17:16:37.612777,5,13,13,0,0,0,"{""Blace L1"": {""total"": 6, ""by_type"": {""car"": 6}}, ""Blace L2"": {""total"": 3, ""by_type"": {""car"": 3}}, ""Blace L3"": {""total"": 4, ""by_type"": {""car"": 4}}}",1.5
651,2,2026-05-06 17:21:37.982695,5,16,15,0,0,1,"{""Blace L1"": {""total"": 6, ""by_type"": {""car"": 5, ""truck"": 1}}, ""Blace L2"": {""total"": 5, ""by_type"": {""car"": 5}}, ""Blace L3"": {""total"": 5, ""by_type"": {""car"": 5}}}",2.5
652,2,2026-05-06 17:26:38.255717,5,14,14,0,0,0,"{""Blace L1"": {""total"": 5, ""by_type"": {""car"": 5}}, ""Blace L2"": {""total"": 5, ""by_type"": {""car"": 5}}, ""Blace L3"": {""total"": 4, ""by_type"": {""car"": 4}}}",2.5
653,2,2026-05-06 17:31:38.261745,5,16,15,0,0,1,"{""Blace L1"": {""total"": 7, ""by_type"": {""car"": 6, ""truck"": 1}}, ""Blace L2"": {""total"": 4, ""by_type"": {""car"": 4}}, ""Blace L3"": {""total"": 5, ""by_type"": {""car"": 5}}}",2.5
654,2,2026-05-06 17:36:38.490713,5,15,15,0,0,0,"{""Blace L1"": {""total"": 6, ""by_type"": {""car"": 6}}, ""Blace L2"": {""total"": 4, ""by_type"": {""car"": 4}}, ""Blace L3"": {""total"": 5, ""by_type"": {""car"": 5}}}",2
655,2,2026-05-06 17:41:38.768267,5,15,14,0,1,0,"{""Blace L1"": {""total"": 5, ""by_type"": {""bus"": 1, ""car"": 4}}, ""Blace L2"": {""total"": 5, ""by_type"": {""car"": 5}}, ""Blace L3"": {""total"": 5, ""by_type"": {""car"": 5}}}",2
656,2,2026-05-06 19:37:47.103736,5,14,14,0,0,0,"{""Blace L1"": {""total"": 4, ""by_type"": {""car"": 4}}, ""Blace L2"": {""total"": 5, ""by_type"": {""car"": 5}}, ""Blace L3"": {""total"": 5, ""by_type"": {""car"": 5}}}",0.5
657,2,2026-05-06 19:44:06.989176,5,2,2,0,0,0,"{""Blace L1"": {""total"": 0, ""by_type"": {}}, ""Blace L2"": {""total"": 1, ""by_type"": {""car"": 1}}, ""Blace L3"": {""total"": 1, ""by_type"": {""car"": 1}}}",2
658,2,2026-05-06 19:49:07.000544,5,0,0,0,0,0,"{""Blace L1"": {""total"": 0, ""by_type"": {}}, ""Blace L2"": {""total"": 0, ""by_type"": {}}, ""Blace L3"": {""total"": 0, ""by_type"": {}}}",2
659,2,2026-05-06 19:54:07.00578,5,2,2,0,0,0,"{""Blace L1"": {""total"": 0, ""by_type"": {}}, ""Blace L2"": {""total"": 0, ""by_type"": {}}, ""Blace L3"": {""total"": 2, ""by_type"": {""car"": 2}}}",2
660,2,2026-05-06 19:59:07.190849,5,3,3,0,0,0,"{""Blace L1"": {""total"": 0, ""by_type"": {}}, ""Blace L2"": {""total"": 2, ""by_type"": {""car"": 2}}, ""Blace L3"": {""total"": 1, ""by_type"": {""car"": 1}}}",2
661,2,2026-05-06 20:04:07.215902,5,9,9,0,0,0,"{""Blace L1"": {""total"": 0, ""by_type"": {}}, ""Blace L2"": {""total"": 5, ""by_type"": {""car"": 5}}, ""Blace L3"": {""total"": 4, ""by_type"": {""car"": 4}}}",2
662,2,2026-05-06 20:09:07.455253,5,9,9,0,0,0,"{""Blace L1"": {""total"": 0, ""by_type"": {}}, ""Blace L2"": {""total"": 3, ""by_type"": {""car"": 3}}, ""Blace L3"": {""total"": 6, ""by_type"": {""car"": 6}}}",2
663,2,2026-05-06 20:14:07.981956,5,8,8,0,0,0,"{""Blace L1"": {""total"": 0, ""by_type"": {}}, ""Blace L2"": {""total"": 4, ""by_type"": {""car"": 4}}, ""Blace L3"": {""total"": 4, ""by_type"": {""car"": 4}}}",2
664,2,2026-05-06 20:19:08.020257,5,8,8,0,0,0,"{""Blace L1"": {""total"": 0, ""by_type"": {}}, ""Blace L2"": {""total"": 3, ""by_type"": {""car"": 3}}, ""Blace L3"": {""total"": 5, ""by_type"": {""car"": 5}}}",2
665,2,2026-05-06 20:24:08.171722,5,9,9,0,0,0,"{""Blace L1"": {""total"": 0, ""by_type"": {}}, ""Blace L2"": {""total"": 4, ""by_type"": {""car"": 4}}, ""Blace L3"": {""total"": 5, ""by_type"": {""car"": 5}}}",2
666,2,2026-05-06 20:29:08.321515,5,8,8,0,0,0,"{""Blace L1"": {""total"": 0, ""by_type"": {}}, ""Blace L2"": {""total"": 3, ""by_type"": {""car"": 3}}, ""Blace L3"": {""total"": 5, ""by_type"": {""car"": 5}}}",2
667,2,2026-05-06 20:34:08.48059,5,5,5,0,0,0,"{""Blace L1"": {""total"": 0, ""by_type"": {}}, ""Blace L2"": {""total"": 3, ""by_type"": {""car"": 3}}, ""Blace L3"": {""total"": 2, ""by_type"": {""car"": 2}}}",2
668,2,2026-05-06 20:39:08.565226,5,6,6,0,0,0,"{""Blace L1"": {""total"": 0, ""by_type"": {}}, ""Blace L2"": {""total"": 1, ""by_type"": {""car"": 1}}, ""Blace L3"": {""total"": 5, ""by_type"": {""car"": 5}}}",2
669,2,2026-05-06 20:44:09.023029,5,10,10,0,0,0,"{""Blace L1"": {""total"": 0, ""by_type"": {}}, ""Blace L2"": {""total"": 6, ""by_type"": {""car"": 6}}, ""Blace L3"": {""total"": 4, ""by_type"": {""car"": 4}}}",0.5
670,2,2026-05-06 20:49:09.280835,5,8,8,0,0,0,"{""Blace L1"": {""total"": 0, ""by_type"": {}}, ""Blace L2"": {""total"": 3, ""by_type"": {""car"": 3}}, ""Blace L3"": {""total"": 5, ""by_type"": {""car"": 5}}}",3
671,2,2026-05-06 20:54:09.496602,5,5,5,0,0,0,"{""Blace L1"": {""total"": 0, ""by_type"": {}}, ""Blace L2"": {""total"": 3, ""by_type"": {""car"": 3}}, ""Blace L3"": {""total"": 2, ""by_type"": {""car"": 2}}}",3
672,2,2026-05-06 20:59:09.702504,5,1,0,0,1,0,"{""Blace L1"": {""total"": 1, ""by_type"": {""bus"": 1}}, ""Blace L2"": {""total"": 0, ""by_type"": {}}, ""Blace L3"": {""total"": 0, ""by_type"": {}}}",1.5
673,2,2026-05-06 21:04:09.738908,5,4,4,0,0,0,"{""Blace L1"": {""total"": 0, ""by_type"": {}}, ""Blace L2"": {""total"": 0, ""by_type"": {}}, ""Blace L3"": {""total"": 4, ""by_type"": {""car"": 4}}}",3
674,2,2026-05-06 21:09:09.752074,5,6,5,0,1,0,"{""Blace L1"": {""total"": 1, ""by_type"": {""bus"": 1}}, ""Blace L2"": {""total"": 3, ""by_type"": {""car"": 3}}, ""Blace L3"": {""total"": 2, ""by_type"": {""car"": 2}}}",2.5
675,2,2026-05-06 21:14:10.202554,5,0,0,0,0,0,"{""Blace L1"": {""total"": 0, ""by_type"": {}}, ""Blace L2"": {""total"": 0, ""by_type"": {}}, ""Blace L3"": {""total"": 0, ""by_type"": {}}}",2.5
676,2,2026-05-06 21:19:10.30109,5,2,2,0,0,0,"{""Blace L1"": {""total"": 0, ""by_type"": {}}, ""Blace L2"": {""total"": 0, ""by_type"": {}}, ""Blace L3"": {""total"": 2, ""by_type"": {""car"": 2}}}",2.5
677,2,2026-05-06 21:24:10.492396,5,1,1,0,0,0,"{""Blace L1"": {""total"": 0, ""by_type"": {}}, ""Blace L2"": {""total"": 1, ""by_type"": {""car"": 1}}, ""Blace L3"": {""total"": 0, ""by_type"": {}}}",3
678,2,2026-05-06 21:29:31.328457,5,2,2,0,0,0,"{""Blace L1"": {""total"": 0, ""by_type"": {}}, ""Blace L2"": {""total"": 1, ""by_type"": {""car"": 1}}, ""Blace L3"": {""total"": 1, ""by_type"": {""car"": 1}}}",2.5
679,2,2026-05-06 21:34:34.871631,5,7,6,0,1,0,"{""Blace L1"": {""total"": 0, ""by_type"": {}}, ""Blace L2"": {""total"": 2, ""by_type"": {""bus"": 1, ""car"": 1}}, ""Blace L3"": {""total"": 5, ""by_type"": {""car"": 5}}}",0.5
680,2,2026-05-06 21:39:37.527065,5,2,2,0,0,0,"{""Blace L1"": {""total"": 0, ""by_type"": {}}, ""Blace L2"": {""total"": 1, ""by_type"": {""car"": 1}}, ""Blace L3"": {""total"": 1, ""by_type"": {""car"": 1}}}",0.5
681,2,2026-05-06 21:44:37.97224,5,0,0,0,0,0,"{""Blace L1"": {""total"": 0, ""by_type"": {}}, ""Blace L2"": {""total"": 0, ""by_type"": {}}, ""Blace L3"": {""total"": 0, ""by_type"": {}}}",2.5
682,2,2026-05-06 21:50:02.853517,5,0,0,0,0,0,"{""Blace L1"": {""total"": 0, ""by_type"": {}}, ""Blace L2"": {""total"": 0, ""by_type"": {}}, ""Blace L3"": {""total"": 0, ""by_type"": {}}}",0.5
683,2,2026-05-06 21:55:04.660239,5,3,3,0,0,0,"{""Blace L1"": {""total"": 0, ""by_type"": {}}, ""Blace L2"": {""total"": 0, ""by_type"": {}}, ""Blace L3"": {""total"": 3, ""by_type"": {""car"": 3}}}",1
684,2,2026-05-06 22:00:04.879015,5,5,5,0,0,0,"{""Blace L1"": {""total"": 0, ""by_type"": {}}, ""Blace L2"": {""total"": 3, ""by_type"": {""car"": 3}}, ""Blace L3"": {""total"": 2, ""by_type"": {""car"": 2}}}",1
685,2,2026-05-06 22:05:04.966776,5,1,1,0,0,0,"{""Blace L1"": {""total"": 0, ""by_type"": {}}, ""Blace L2"": {""total"": 1, ""by_type"": {""car"": 1}}, ""Blace L3"": {""total"": 0, ""by_type"": {}}}",3
686,2,2026-05-06 22:10:05.207686,5,4,4,0,0,0,"{""Blace L1"": {""total"": 0, ""by_type"": {}}, ""Blace L2"": {""total"": 3, ""by_type"": {""car"": 3}}, ""Blace L3"": {""total"": 1, ""by_type"": {""car"": 1}}}",3
687,2,2026-05-06 22:15:05.8512,5,2,2,0,0,0,"{""Blace L1"": {""total"": 0, ""by_type"": {}}, ""Blace L2"": {""total"": 1, ""by_type"": {""car"": 1}}, ""Blace L3"": {""total"": 1, ""by_type"": {""car"": 1}}}",2
688,2,2026-05-06 22:20:12.056227,5,1,1,0,0,0,"{""Blace L1"": {""total"": 0, ""by_type"": {}}, ""Blace L2"": {""total"": 0, ""by_type"": {}}, ""Blace L3"": {""total"": 1, ""by_type"": {""car"": 1}}}",2.5
689,2,2026-05-06 22:25:13.888975,5,0,0,0,0,0,"{""Blace L1"": {""total"": 0, ""by_type"": {}}, ""Blace L2"": {""total"": 0, ""by_type"": {}}, ""Blace L3"": {""total"": 0, ""by_type"": {}}}",0.5
690,2,2026-05-06 22:30:14.210975,5,2,2,0,0,0,"{""Blace L1"": {""total"": 0, ""by_type"": {}}, ""Blace L2"": {""total"": 0, ""by_type"": {}}, ""Blace L3"": {""total"": 2, ""by_type"": {""car"": 2}}}",3
691,2,2026-05-06 22:35:14.404636,5,4,4,0,0,0,"{""Blace L1"": {""total"": 0, ""by_type"": {}}, ""Blace L2"": {""total"": 0, ""by_type"": {}}, ""Blace L3"": {""total"": 4, ""by_type"": {""car"": 4}}}",3
692,2,2026-05-06 22:40:14.453623,5,5,4,0,0,1,"{""Blace L1"": {""total"": 1, ""by_type"": {""truck"": 1}}, ""Blace L2"": {""total"": 0, ""by_type"": {}}, ""Blace L3"": {""total"": 4, ""by_type"": {""car"": 4}}}",2.5
693,2,2026-05-06 22:45:14.496991,5,2,1,0,0,1,"{""Blace L1"": {""total"": 1, ""by_type"": {""truck"": 1}}, ""Blace L2"": {""total"": 0, ""by_type"": {}}, ""Blace L3"": {""total"": 1, ""by_type"": {""car"": 1}}}",2.5
694,2,2026-05-06 22:50:14.657589,5,1,1,0,0,0,"{""Blace L1"": {""total"": 0, ""by_type"": {}}, ""Blace L2"": {""total"": 0, ""by_type"": {}}, ""Blace L3"": {""total"": 1, ""by_type"": {""car"": 1}}}",2.5
695,2,2026-05-06 22:55:14.718499,5,1,1,0,0,0,"{""Blace L1"": {""total"": 0, ""by_type"": {}}, ""Blace L2"": {""total"": 0, ""by_type"": {}}, ""Blace L3"": {""total"": 1, ""by_type"": {""car"": 1}}}",2.5
696,2,2026-05-06 23:00:16.245374,5,0,0,0,0,0,"{""Blace L1"": {""total"": 0, ""by_type"": {}}, ""Blace L2"": {""total"": 0, ""by_type"": {}}, ""Blace L3"": {""total"": 0, ""by_type"": {}}}",0.5
697,2,2026-05-06 23:05:16.403861,5,2,2,0,0,0,"{""Blace L1"": {""total"": 0, ""by_type"": {}}, ""Blace L2"": {""total"": 0, ""by_type"": {}}, ""Blace L3"": {""total"": 2, ""by_type"": {""car"": 2}}}",3
698,2,2026-05-06 23:10:18.50555,5,0,0,0,0,0,"{""Blace L1"": {""total"": 0, ""by_type"": {}}, ""Blace L2"": {""total"": 0, ""by_type"": {}}, ""Blace L3"": {""total"": 0, ""by_type"": {}}}",0.5
699,2,2026-05-06 23:15:18.772951,5,4,4,0,0,0,"{""Blace L1"": {""total"": 0, ""by_type"": {}}, ""Blace L2"": {""total"": 2, ""by_type"": {""car"": 2}}, ""Blace L3"": {""total"": 2, ""by_type"": {""car"": 2}}}",2.5
700,2,2026-05-06 23:38:26.451447,5,2,2,0,0,0,"{""Blace L1"": {""total"": 0, ""by_type"": {}}, ""Blace L2"": {""total"": 0, ""by_type"": {}}, ""Blace L3"": {""total"": 2, ""by_type"": {""car"": 2}}}",3.5
701,2,2026-05-06 23:43:26.473668,5,6,6,0,0,0,"{""Blace L1"": {""total"": 0, ""by_type"": {}}, ""Blace L2"": {""total"": 0, ""by_type"": {}}, ""Blace L3"": {""total"": 6, ""by_type"": {""car"": 6}}}",3.5
702,2,2026-05-06 23:48:26.772914,5,4,4,0,0,0,"{""Blace L1"": {""total"": 0, ""by_type"": {}}, ""Blace L2"": {""total"": 0, ""by_type"": {}}, ""Blace L3"": {""total"": 4, ""by_type"": {""car"": 4}}}",3
703,2,2026-05-06 23:53:26.879612,5,3,3,0,0,0,"{""Blace L1"": {""total"": 0, ""by_type"": {}}, ""Blace L2"": {""total"": 0, ""by_type"": {}}, ""Blace L3"": {""total"": 3, ""by_type"": {""car"": 3}}}",3.5
704,2,2026-05-06 23:58:27.18954,5,9,9,0,0,0,"{""Blace L1"": {""total"": 0, ""by_type"": {}}, ""Blace L2"": {""total"": 4, ""by_type"": {""car"": 4}}, ""Blace L3"": {""total"": 5, ""by_type"": {""car"": 5}}}",3.5
705,2,2026-05-07 00:03:40.911247,5,1,1,0,0,0,"{""Blace L1"": {""total"": 0, ""by_type"": {}}, ""Blace L2"": {""total"": 0, ""by_type"": {}}, ""Blace L3"": {""total"": 1, ""by_type"": {""car"": 1}}}",0.5
706,2,2026-05-07 00:08:41.427141,5,4,4,0,0,0,"{""Blace L1"": {""total"": 0, ""by_type"": {}}, ""Blace L2"": {""total"": 0, ""by_type"": {}}, ""Blace L3"": {""total"": 4, ""by_type"": {""car"": 4}}}",2
707,2,2026-05-07 00:13:41.483826,5,0,0,0,0,0,"{""Blace L1"": {""total"": 0, ""by_type"": {}}, ""Blace L2"": {""total"": 0, ""by_type"": {}}, ""Blace L3"": {""total"": 0, ""by_type"": {}}}",2
708,2,2026-05-07 00:19:05.889779,5,1,1,0,0,0,"{""Blace L1"": {""total"": 0, ""by_type"": {}}, ""Blace L2"": {""total"": 1, ""by_type"": {""car"": 1}}, ""Blace L3"": {""total"": 0, ""by_type"": {}}}",0.5
709,2,2026-05-07 00:24:06.171379,5,0,0,0,0,0,"{""Blace L1"": {""total"": 0, ""by_type"": {}}, ""Blace L2"": {""total"": 0, ""by_type"": {}}, ""Blace L3"": {""total"": 0, ""by_type"": {}}}",2
710,2,2026-05-07 00:29:06.569189,5,7,7,0,0,0,"{""Blace L1"": {""total"": 0, ""by_type"": {}}, ""Blace L2"": {""total"": 3, ""by_type"": {""car"": 3}}, ""Blace L3"": {""total"": 4, ""by_type"": {""car"": 4}}}",2
711,2,2026-05-07 00:34:34.778185,5,6,6,0,0,0,"{""Blace L1"": {""total"": 0, ""by_type"": {}}, ""Blace L2"": {""total"": 3, ""by_type"": {""car"": 3}}, ""Blace L3"": {""total"": 3, ""by_type"": {""car"": 3}}}",2
712,2,2026-05-07 00:39:35.086701,5,6,6,0,0,0,"{""Blace L1"": {""total"": 0, ""by_type"": {}}, ""Blace L2"": {""total"": 3, ""by_type"": {""car"": 3}}, ""Blace L3"": {""total"": 3, ""by_type"": {""car"": 3}}}",2
713,2,2026-05-07 00:44:35.286243,5,0,0,0,0,0,"{""Blace L1"": {""total"": 0, ""by_type"": {}}, ""Blace L2"": {""total"": 0, ""by_type"": {}}, ""Blace L3"": {""total"": 0, ""by_type"": {}}}",2
714,2,2026-05-07 00:49:45.401862,5,1,1,0,0,0,"{""Blace L1"": {""total"": 0, ""by_type"": {}}, ""Blace L2"": {""total"": 1, ""by_type"": {""car"": 1}}, ""Blace L3"": {""total"": 0, ""by_type"": {}}}",0.5
715,2,2026-05-07 00:54:45.684941,5,0,0,0,0,0,"{""Blace L1"": {""total"": 0, ""by_type"": {}}, ""Blace L2"": {""total"": 0, ""by_type"": {}}, ""Blace L3"": {""total"": 0, ""by_type"": {}}}",2
716,2,2026-05-07 00:59:45.802141,5,0,0,0,0,0,"{""Blace L1"": {""total"": 0, ""by_type"": {}}, ""Blace L2"": {""total"": 0, ""by_type"": {}}, ""Blace L3"": {""total"": 0, ""by_type"": {}}}",2
717,2,2026-05-07 01:04:46.206393,5,2,2,0,0,0,"{""Blace L1"": {""total"": 0, ""by_type"": {}}, ""Blace L2"": {""total"": 0, ""by_type"": {}}, ""Blace L3"": {""total"": 2, ""by_type"": {""car"": 2}}}",2
718,2,2026-05-07 01:09:46.684447,5,4,4,0,0,0,"{""Blace L1"": {""total"": 0, ""by_type"": {}}, ""Blace L2"": {""total"": 0, ""by_type"": {}}, ""Blace L3"": {""total"": 4, ""by_type"": {""car"": 4}}}",2
719,2,2026-05-07 01:14:47.151989,5,0,0,0,0,0,"{""Blace L1"": {""total"": 0, ""by_type"": {}}, ""Blace L2"": {""total"": 0, ""by_type"": {}}, ""Blace L3"": {""total"": 0, ""by_type"": {}}}",2
720,2,2026-05-07 01:19:47.523565,5,3,3,0,0,0,"{""Blace L1"": {""total"": 0, ""by_type"": {}}, ""Blace L2"": {""total"": 0, ""by_type"": {}}, ""Blace L3"": {""total"": 3, ""by_type"": {""car"": 3}}}",2
721,2,2026-05-07 01:24:47.59861,5,3,3,0,0,0,"{""Blace L1"": {""total"": 0, ""by_type"": {}}, ""Blace L2"": {""total"": 0, ""by_type"": {}}, ""Blace L3"": {""total"": 3, ""by_type"": {""car"": 3}}}",2
722,2,2026-05-07 01:29:48.007293,5,6,6,0,0,0,"{""Blace L1"": {""total"": 0, ""by_type"": {}}, ""Blace L2"": {""total"": 0, ""by_type"": {}}, ""Blace L3"": {""total"": 6, ""by_type"": {""car"": 6}}}",2
723,2,2026-05-07 01:34:48.009866,5,4,4,0,0,0,"{""Blace L1"": {""total"": 0, ""by_type"": {}}, ""Blace L2"": {""total"": 0, ""by_type"": {}}, ""Blace L3"": {""total"": 4, ""by_type"": {""car"": 4}}}",2
724,2,2026-05-07 01:39:48.048361,5,3,3,0,0,0,"{""Blace L1"": {""total"": 0, ""by_type"": {}}, ""Blace L2"": {""total"": 0, ""by_type"": {}}, ""Blace L3"": {""total"": 3, ""by_type"": {""car"": 3}}}",2
725,2,2026-05-07 01:44:48.113062,5,7,7,0,0,0,"{""Blace L1"": {""total"": 0, ""by_type"": {}}, ""Blace L2"": {""total"": 3, ""by_type"": {""car"": 3}}, ""Blace L3"": {""total"": 4, ""by_type"": {""car"": 4}}}",2
726,2,2026-05-07 01:50:11.944033,5,6,6,0,0,0,"{""Blace L1"": {""total"": 0, ""by_type"": {}}, ""Blace L2"": {""total"": 2, ""by_type"": {""car"": 2}}, ""Blace L3"": {""total"": 4, ""by_type"": {""car"": 4}}}",0.5
727,2,2026-05-08 13:14:56.065788,5,12,10,0,1,1,"{""Blace L1"": {""total"": 5, ""by_type"": {""bus"": 1, ""car"": 3, ""truck"": 1}}, ""Blace L2"": {""total"": 4, ""by_type"": {""car"": 4}}, ""Blace L3"": {""total"": 3, ""by_type"": {""car"": 3}}}",2
728,2,2026-05-08 13:19:56.385036,5,16,15,0,0,1,"{""Blace L1"": {""total"": 8, ""by_type"": {""car"": 7, ""truck"": 1}}, ""Blace L2"": {""total"": 4, ""by_type"": {""car"": 4}}, ""Blace L3"": {""total"": 4, ""by_type"": {""car"": 4}}}",2.5
729,2,2026-05-08 13:24:56.681931,5,15,15,0,0,0,"{""Blace L1"": {""total"": 7, ""by_type"": {""car"": 7}}, ""Blace L2"": {""total"": 4, ""by_type"": {""car"": 4}}, ""Blace L3"": {""total"": 4, ""by_type"": {""car"": 4}}}",3
730,2,2026-05-08 13:29:56.734455,5,18,17,0,0,1,"{""Blace L1"": {""total"": 8, ""by_type"": {""car"": 7, ""truck"": 1}}, ""Blace L2"": {""total"": 6, ""by_type"": {""car"": 6}}, ""Blace L3"": {""total"": 4, ""by_type"": {""car"": 4}}}",2.5
731,2,2026-05-08 13:34:56.951816,5,16,14,0,0,2,"{""Blace L1"": {""total"": 7, ""by_type"": {""car"": 6, ""truck"": 1}}, ""Blace L2"": {""total"": 5, ""by_type"": {""car"": 5}}, ""Blace L3"": {""total"": 4, ""by_type"": {""car"": 3, ""truck"": 1}}}",3
732,2,2026-05-08 13:39:57.287681,5,15,13,0,0,2,"{""Blace L1"": {""total"": 5, ""by_type"": {""car"": 4, ""truck"": 1}}, ""Blace L2"": {""total"": 4, ""by_type"": {""car"": 4}}, ""Blace L3"": {""total"": 6, ""by_type"": {""car"": 5, ""truck"": 1}}}",0.5
733,2,2026-05-08 13:44:57.335751,5,16,16,0,0,0,"{""Blace L1"": {""total"": 6, ""by_type"": {""car"": 6}}, ""Blace L2"": {""total"": 5, ""by_type"": {""car"": 5}}, ""Blace L3"": {""total"": 5, ""by_type"": {""car"": 5}}}",3
734,2,2026-05-08 13:49:57.385818,5,15,14,0,1,0,"{""Blace L1"": {""total"": 5, ""by_type"": {""bus"": 1, ""car"": 4}}, ""Blace L2"": {""total"": 6, ""by_type"": {""car"": 6}}, ""Blace L3"": {""total"": 4, ""by_type"": {""car"": 4}}}",3
735,2,2026-05-08 13:54:57.643563,5,15,13,0,1,1,"{""Blace L1"": {""total"": 6, ""by_type"": {""bus"": 1, ""car"": 4, ""truck"": 1}}, ""Blace L2"": {""total"": 4, ""by_type"": {""car"": 4}}, ""Blace L3"": {""total"": 5, ""by_type"": {""car"": 5}}}",2
736,2,2026-05-08 13:59:57.714892,5,14,14,0,0,0,"{""Blace L1"": {""total"": 3, ""by_type"": {""car"": 3}}, ""Blace L2"": {""total"": 6, ""by_type"": {""car"": 6}}, ""Blace L3"": {""total"": 5, ""by_type"": {""car"": 5}}}",2
737,2,2026-05-08 14:04:58.091598,5,11,11,0,0,0,"{""Blace L1"": {""total"": 3, ""by_type"": {""car"": 3}}, ""Blace L2"": {""total"": 4, ""by_type"": {""car"": 4}}, ""Blace L3"": {""total"": 4, ""by_type"": {""car"": 4}}}",2
738,2,2026-05-08 14:09:58.139097,5,14,14,0,0,0,"{""Blace L1"": {""total"": 6, ""by_type"": {""car"": 6}}, ""Blace L2"": {""total"": 4, ""by_type"": {""car"": 4}}, ""Blace L3"": {""total"": 4, ""by_type"": {""car"": 4}}}",2
739,2,2026-05-08 14:14:58.395243,5,14,14,0,0,0,"{""Blace L1"": {""total"": 5, ""by_type"": {""car"": 5}}, ""Blace L2"": {""total"": 5, ""by_type"": {""car"": 5}}, ""Blace L3"": {""total"": 4, ""by_type"": {""car"": 4}}}",2
740,2,2026-05-08 14:19:58.480075,5,17,16,0,0,1,"{""Blace L1"": {""total"": 7, ""by_type"": {""car"": 6, ""truck"": 1}}, ""Blace L2"": {""total"": 5, ""by_type"": {""car"": 5}}, ""Blace L3"": {""total"": 5, ""by_type"": {""car"": 5}}}",2
741,2,2026-05-08 14:24:58.687369,5,12,12,0,0,0,"{""Blace L1"": {""total"": 6, ""by_type"": {""car"": 6}}, ""Blace L2"": {""total"": 2, ""by_type"": {""car"": 2}}, ""Blace L3"": {""total"": 4, ""by_type"": {""car"": 4}}}",2
742,2,2026-05-08 14:29:58.934604,5,15,15,0,0,0,"{""Blace L1"": {""total"": 7, ""by_type"": {""car"": 7}}, ""Blace L2"": {""total"": 4, ""by_type"": {""car"": 4}}, ""Blace L3"": {""total"": 4, ""by_type"": {""car"": 4}}}",2
743,2,2026-05-08 22:13:00.578731,5,15,14,0,0,1,"{""Blace L1"": {""total"": 7, ""by_type"": {""car"": 6, ""truck"": 1}}, ""Blace L2"": {""total"": 4, ""by_type"": {""car"": 4}}, ""Blace L3"": {""total"": 4, ""by_type"": {""car"": 4}}}",0.5
744,2,2026-05-08 22:18:32.178632,5,5,5,0,0,0,"{""Blace L1"": {""total"": 0, ""by_type"": {}}, ""Blace L2"": {""total"": 2, ""by_type"": {""car"": 2}}, ""Blace L3"": {""total"": 3, ""by_type"": {""car"": 3}}}",2
745,2,2026-05-08 22:23:32.242712,5,7,7,0,0,0,"{""Blace L1"": {""total"": 0, ""by_type"": {}}, ""Blace L2"": {""total"": 3, ""by_type"": {""car"": 3}}, ""Blace L3"": {""total"": 4, ""by_type"": {""car"": 4}}}",2
746,2,2026-05-08 22:28:32.739967,5,3,3,0,0,0,"{""Blace L1"": {""total"": 0, ""by_type"": {}}, ""Blace L2"": {""total"": 1, ""by_type"": {""car"": 1}}, ""Blace L3"": {""total"": 2, ""by_type"": {""car"": 2}}}",2
747,2,2026-05-08 22:33:38.879057,5,0,0,0,0,0,"{""Blace L1"": {""total"": 0, ""by_type"": {}}, ""Blace L2"": {""total"": 0, ""by_type"": {}}, ""Blace L3"": {""total"": 0, ""by_type"": {}}}",0.5
748,2,2026-05-08 22:38:39.046326,5,0,0,0,0,0,"{""Blace L1"": {""total"": 0, ""by_type"": {}}, ""Blace L2"": {""total"": 0, ""by_type"": {}}, ""Blace L3"": {""total"": 0, ""by_type"": {}}}",2
749,2,2026-05-08 22:43:39.265312,5,1,1,0,0,0,"{""Blace L1"": {""total"": 0, ""by_type"": {}}, ""Blace L2"": {""total"": 0, ""by_type"": {}}, ""Blace L3"": {""total"": 1, ""by_type"": {""car"": 1}}}",2
750,2,2026-05-08 22:48:39.277358,5,3,3,0,0,0,"{""Blace L1"": {""total"": 1, ""by_type"": {""car"": 1}}, ""Blace L2"": {""total"": 1, ""by_type"": {""car"": 1}}, ""Blace L3"": {""total"": 1, ""by_type"": {""car"": 1}}}",2
751,2,2026-05-08 22:53:39.328007,5,0,0,0,0,0,"{""Blace L1"": {""total"": 0, ""by_type"": {}}, ""Blace L2"": {""total"": 0, ""by_type"": {}}, ""Blace L3"": {""total"": 0, ""by_type"": {}}}",2
752,2,2026-05-08 22:58:53.730703,5,1,1,0,0,0,"{""Blace L1"": {""total"": 0, ""by_type"": {}}, ""Blace L2"": {""total"": 0, ""by_type"": {}}, ""Blace L3"": {""total"": 1, ""by_type"": {""car"": 1}}}",0.5
753,2,2026-05-08 23:03:53.785129,5,0,0,0,0,0,"{""Blace L1"": {""total"": 0, ""by_type"": {}}, ""Blace L2"": {""total"": 0, ""by_type"": {}}, ""Blace L3"": {""total"": 0, ""by_type"": {}}}",2
754,2,2026-05-08 23:08:54.248993,5,0,0,0,0,0,"{""Blace L1"": {""total"": 0, ""by_type"": {}}, ""Blace L2"": {""total"": 0, ""by_type"": {}}, ""Blace L3"": {""total"": 0, ""by_type"": {}}}",2
755,2,2026-05-08 23:13:54.698142,5,0,0,0,0,0,"{""Blace L1"": {""total"": 0, ""by_type"": {}}, ""Blace L2"": {""total"": 0, ""by_type"": {}}, ""Blace L3"": {""total"": 0, ""by_type"": {}}}",2
756,2,2026-05-08 23:19:18.511074,5,0,0,0,0,0,"{""Blace L1"": {""total"": 0, ""by_type"": {}}, ""Blace L2"": {""total"": 0, ""by_type"": {}}, ""Blace L3"": {""total"": 0, ""by_type"": {}}}",0.5
757,2,2026-05-08 23:24:18.798805,5,0,0,0,0,0,"{""Blace L1"": {""total"": 0, ""by_type"": {}}, ""Blace L2"": {""total"": 0, ""by_type"": {}}, ""Blace L3"": {""total"": 0, ""by_type"": {}}}",2
758,2,2026-05-08 23:29:18.92405,5,0,0,0,0,0,"{""Blace L1"": {""total"": 0, ""by_type"": {}}, ""Blace L2"": {""total"": 0, ""by_type"": {}}, ""Blace L3"": {""total"": 0, ""by_type"": {}}}",2
759,2,2026-05-08 23:34:19.282813,5,3,3,0,0,0,"{""Blace L1"": {""total"": 0, ""by_type"": {}}, ""Blace L2"": {""total"": 1, ""by_type"": {""car"": 1}}, ""Blace L3"": {""total"": 2, ""by_type"": {""car"": 2}}}",2
760,2,2026-05-08 23:39:19.346243,5,0,0,0,0,0,"{""Blace L1"": {""total"": 0, ""by_type"": {}}, ""Blace L2"": {""total"": 0, ""by_type"": {}}, ""Blace L3"": {""total"": 0, ""by_type"": {}}}",2
761,2,2026-05-08 23:44:20.188562,5,2,2,0,0,0,"{""Blace L1"": {""total"": 1, ""by_type"": {""car"": 1}}, ""Blace L2"": {""total"": 0, ""by_type"": {}}, ""Blace L3"": {""total"": 1, ""by_type"": {""car"": 1}}}",1
762,2,2026-05-08 23:49:20.284634,5,0,0,0,0,0,"{""Blace L1"": {""total"": 0, ""by_type"": {}}, ""Blace L2"": {""total"": 0, ""by_type"": {}}, ""Blace L3"": {""total"": 0, ""by_type"": {}}}",3
763,2,2026-05-08 23:54:20.628719,5,1,1,0,0,0,"{""Blace L1"": {""total"": 0, ""by_type"": {}}, ""Blace L2"": {""total"": 0, ""by_type"": {}}, ""Blace L3"": {""total"": 1, ""by_type"": {""car"": 1}}}",0.5
764,2,2026-05-08 23:59:20.845135,5,3,3,0,0,0,"{""Blace L1"": {""total"": 0, ""by_type"": {}}, ""Blace L2"": {""total"": 0, ""by_type"": {}}, ""Blace L3"": {""total"": 3, ""by_type"": {""car"": 3}}}",3.5
765,2,2026-05-09 00:04:21.008507,5,1,1,0,0,0,"{""Blace L1"": {""total"": 0, ""by_type"": {}}, ""Blace L2"": {""total"": 0, ""by_type"": {}}, ""Blace L3"": {""total"": 1, ""by_type"": {""car"": 1}}}",2
766,2,2026-05-09 00:09:22.436137,5,0,0,0,0,0,"{""Blace L1"": {""total"": 0, ""by_type"": {}}, ""Blace L2"": {""total"": 0, ""by_type"": {}}, ""Blace L3"": {""total"": 0, ""by_type"": {}}}",0.5
767,2,2026-05-09 00:14:22.611522,5,0,0,0,0,0,"{""Blace L1"": {""total"": 0, ""by_type"": {}}, ""Blace L2"": {""total"": 0, ""by_type"": {}}, ""Blace L3"": {""total"": 0, ""by_type"": {}}}",3.5
768,2,2026-05-09 00:19:23.779414,5,0,0,0,0,0,"{""Blace L1"": {""total"": 0, ""by_type"": {}}, ""Blace L2"": {""total"": 0, ""by_type"": {}}, ""Blace L3"": {""total"": 0, ""by_type"": {}}}",0.5
769,2,2026-05-09 00:24:24.088819,5,2,2,0,0,0,"{""Blace L1"": {""total"": 0, ""by_type"": {}}, ""Blace L2"": {""total"": 0, ""by_type"": {}}, ""Blace L3"": {""total"": 2, ""by_type"": {""car"": 2}}}",3
770,2,2026-05-09 00:29:24.287656,5,2,2,0,0,0,"{""Blace L1"": {""total"": 0, ""by_type"": {}}, ""Blace L2"": {""total"": 0, ""by_type"": {}}, ""Blace L3"": {""total"": 2, ""by_type"": {""car"": 2}}}",3
771,2,2026-05-09 00:34:24.458157,5,1,0,0,1,0,"{""Blace L1"": {""total"": 1, ""by_type"": {""bus"": 1}}, ""Blace L2"": {""total"": 0, ""by_type"": {}}, ""Blace L3"": {""total"": 0, ""by_type"": {}}}",2.5
772,2,2026-05-09 00:39:24.618515,5,2,2,0,0,0,"{""Blace L1"": {""total"": 0, ""by_type"": {}}, ""Blace L2"": {""total"": 0, ""by_type"": {}}, ""Blace L3"": {""total"": 2, ""by_type"": {""car"": 2}}}",3
773,2,2026-05-09 00:44:24.666559,5,1,1,0,0,0,"{""Blace L1"": {""total"": 0, ""by_type"": {}}, ""Blace L2"": {""total"": 0, ""by_type"": {}}, ""Blace L3"": {""total"": 1, ""by_type"": {""car"": 1}}}",3.5
774,2,2026-05-09 00:49:27.117347,5,0,0,0,0,0,"{""Blace L1"": {""total"": 0, ""by_type"": {}}, ""Blace L2"": {""total"": 0, ""by_type"": {}}, ""Blace L3"": {""total"": 0, ""by_type"": {}}}",0.5
775,2,2026-05-09 00:54:27.156212,5,0,0,0,0,0,"{""Blace L1"": {""total"": 0, ""by_type"": {}}, ""Blace L2"": {""total"": 0, ""by_type"": {}}, ""Blace L3"": {""total"": 0, ""by_type"": {}}}",3.5
776,2,2026-05-09 00:59:27.389329,5,0,0,0,0,0,"{""Blace L1"": {""total"": 0, ""by_type"": {}}, ""Blace L2"": {""total"": 0, ""by_type"": {}}, ""Blace L3"": {""total"": 0, ""by_type"": {}}}",3
777,2,2026-05-09 01:04:42.868047,5,1,1,0,0,0,"{""Blace L1"": {""total"": 0, ""by_type"": {}}, ""Blace L2"": {""total"": 0, ""by_type"": {}}, ""Blace L3"": {""total"": 1, ""by_type"": {""car"": 1}}}",2.5
778,2,2026-05-09 01:09:43.026951,5,0,0,0,0,0,"{""Blace L1"": {""total"": 0, ""by_type"": {}}, ""Blace L2"": {""total"": 0, ""by_type"": {}}, ""Blace L3"": {""total"": 0, ""by_type"": {}}}",3.5
779,2,2026-05-09 01:14:43.12252,5,0,0,0,0,0,"{""Blace L1"": {""total"": 0, ""by_type"": {}}, ""Blace L2"": {""total"": 0, ""by_type"": {}}, ""Blace L3"": {""total"": 0, ""by_type"": {}}}",3.5
780,2,2026-05-09 01:19:43.248885,5,0,0,0,0,0,"{""Blace L1"": {""total"": 0, ""by_type"": {}}, ""Blace L2"": {""total"": 0, ""by_type"": {}}, ""Blace L3"": {""total"": 0, ""by_type"": {}}}",3.5
781,2,2026-05-09 01:24:43.263532,5,0,0,0,0,0,"{""Blace L1"": {""total"": 0, ""by_type"": {}}, ""Blace L2"": {""total"": 0, ""by_type"": {}}, ""Blace L3"": {""total"": 0, ""by_type"": {}}}",3
782,2,2026-05-09 01:29:43.419032,5,2,2,0,0,0,"{""Blace L1"": {""total"": 0, ""by_type"": {}}, ""Blace L2"": {""total"": 0, ""by_type"": {}}, ""Blace L3"": {""total"": 2, ""by_type"": {""car"": 2}}}",3.5
783,2,2026-05-09 01:34:43.66569,5,1,1,0,0,0,"{""Blace L1"": {""total"": 0, ""by_type"": {}}, ""Blace L2"": {""total"": 1, ""by_type"": {""car"": 1}}, ""Blace L3"": {""total"": 0, ""by_type"": {}}}",3.5
784,2,2026-05-09 01:39:43.771273,5,0,0,0,0,0,"{""Blace L1"": {""total"": 0, ""by_type"": {}}, ""Blace L2"": {""total"": 0, ""by_type"": {}}, ""Blace L3"": {""total"": 0, ""by_type"": {}}}",3.5
785,2,2026-05-09 01:44:44.02831,5,0,0,0,0,0,"{""Blace L1"": {""total"": 0, ""by_type"": {}}, ""Blace L2"": {""total"": 0, ""by_type"": {}}, ""Blace L3"": {""total"": 0, ""by_type"": {}}}",3.5
786,2,2026-05-09 01:49:44.174623,5,2,2,0,0,0,"{""Blace L1"": {""total"": 0, ""by_type"": {}}, ""Blace L2"": {""total"": 0, ""by_type"": {}}, ""Blace L3"": {""total"": 2, ""by_type"": {""car"": 2}}}",3.5
787,2,2026-05-09 01:54:44.331624,5,3,3,0,0,0,"{""Blace L1"": {""total"": 0, ""by_type"": {}}, ""Blace L2"": {""total"": 0, ""by_type"": {}}, ""Blace L3"": {""total"": 3, ""by_type"": {""car"": 3}}}",2
788,2,2026-05-09 01:59:44.665925,5,0,0,0,0,0,"{""Blace L1"": {""total"": 0, ""by_type"": {}}, ""Blace L2"": {""total"": 0, ""by_type"": {}}, ""Blace L3"": {""total"": 0, ""by_type"": {}}}",2
789,2,2026-05-09 02:04:45.055165,5,0,0,0,0,0,"{""Blace L1"": {""total"": 0, ""by_type"": {}}, ""Blace L2"": {""total"": 0, ""by_type"": {}}, ""Blace L3"": {""total"": 0, ""by_type"": {}}}",1.5
790,2,2026-05-09 02:09:45.158922,5,1,1,0,0,0,"{""Blace L1"": {""total"": 0, ""by_type"": {}}, ""Blace L2"": {""total"": 0, ""by_type"": {}}, ""Blace L3"": {""total"": 1, ""by_type"": {""car"": 1}}}",2
791,2,2026-05-09 02:14:45.633437,5,1,1,0,0,0,"{""Blace L1"": {""total"": 1, ""by_type"": {""car"": 1}}, ""Blace L2"": {""total"": 0, ""by_type"": {}}, ""Blace L3"": {""total"": 0, ""by_type"": {}}}",2
792,2,2026-05-09 02:20:15.160634,5,6,6,0,0,0,"{""Blace L1"": {""total"": 2, ""by_type"": {""car"": 2}}, ""Blace L2"": {""total"": 0, ""by_type"": {}}, ""Blace L3"": {""total"": 4, ""by_type"": {""car"": 4}}}",0.5
793,2,2026-05-09 02:25:15.281729,5,3,3,0,0,0,"{""Blace L1"": {""total"": 0, ""by_type"": {}}, ""Blace L2"": {""total"": 0, ""by_type"": {}}, ""Blace L3"": {""total"": 3, ""by_type"": {""car"": 3}}}",2
794,2,2026-05-09 02:30:15.627216,5,0,0,0,0,0,"{""Blace L1"": {""total"": 0, ""by_type"": {}}, ""Blace L2"": {""total"": 0, ""by_type"": {}}, ""Blace L3"": {""total"": 0, ""by_type"": {}}}",2
795,2,2026-05-09 02:35:16.185559,5,1,1,0,0,0,"{""Blace L1"": {""total"": 0, ""by_type"": {}}, ""Blace L2"": {""total"": 0, ""by_type"": {}}, ""Blace L3"": {""total"": 1, ""by_type"": {""car"": 1}}}",2
796,2,2026-05-09 02:40:16.391811,5,0,0,0,0,0,"{""Blace L1"": {""total"": 0, ""by_type"": {}}, ""Blace L2"": {""total"": 0, ""by_type"": {}}, ""Blace L3"": {""total"": 0, ""by_type"": {}}}",2
797,2,2026-05-09 02:45:16.787122,5,1,1,0,0,0,"{""Blace L1"": {""total"": 0, ""by_type"": {}}, ""Blace L2"": {""total"": 0, ""by_type"": {}}, ""Blace L3"": {""total"": 1, ""by_type"": {""car"": 1}}}",2
798,2,2026-05-09 02:50:17.215218,5,2,1,0,1,0,"{""Blace L1"": {""total"": 2, ""by_type"": {""bus"": 1, ""car"": 1}}, ""Blace L2"": {""total"": 0, ""by_type"": {}}, ""Blace L3"": {""total"": 0, ""by_type"": {}}}",2
799,2,2026-05-09 02:55:17.656279,5,0,0,0,0,0,"{""Blace L1"": {""total"": 0, ""by_type"": {}}, ""Blace L2"": {""total"": 0, ""by_type"": {}}, ""Blace L3"": {""total"": 0, ""by_type"": {}}}",2
800,2,2026-05-09 03:00:17.965776,5,4,4,0,0,0,"{""Blace L1"": {""total"": 0, ""by_type"": {}}, ""Blace L2"": {""total"": 0, ""by_type"": {}}, ""Blace L3"": {""total"": 4, ""by_type"": {""car"": 4}}}",2
801,2,2026-05-09 03:05:18.058669,5,0,0,0,0,0,"{""Blace L1"": {""total"": 0, ""by_type"": {}}, ""Blace L2"": {""total"": 0, ""by_type"": {}}, ""Blace L3"": {""total"": 0, ""by_type"": {}}}",2
802,2,2026-05-09 03:10:18.215321,5,2,2,0,0,0,"{""Blace L1"": {""total"": 0, ""by_type"": {}}, ""Blace L2"": {""total"": 0, ""by_type"": {}}, ""Blace L3"": {""total"": 2, ""by_type"": {""car"": 2}}}",2
803,2,2026-05-09 03:15:18.232149,5,0,0,0,0,0,"{""Blace L1"": {""total"": 0, ""by_type"": {}}, ""Blace L2"": {""total"": 0, ""by_type"": {}}, ""Blace L3"": {""total"": 0, ""by_type"": {}}}",2
804,2,2026-05-09 03:20:24.482846,5,0,0,0,0,0,"{""Blace L1"": {""total"": 0, ""by_type"": {}}, ""Blace L2"": {""total"": 0, ""by_type"": {}}, ""Blace L3"": {""total"": 0, ""by_type"": {}}}",0.5
805,2,2026-05-09 03:25:24.59268,5,1,1,0,0,0,"{""Blace L1"": {""total"": 0, ""by_type"": {}}, ""Blace L2"": {""total"": 0, ""by_type"": {}}, ""Blace L3"": {""total"": 1, ""by_type"": {""car"": 1}}}",2
806,2,2026-05-09 03:30:24.700518,5,0,0,0,0,0,"{""Blace L1"": {""total"": 0, ""by_type"": {}}, ""Blace L2"": {""total"": 0, ""by_type"": {}}, ""Blace L3"": {""total"": 0, ""by_type"": {}}}",2
807,2,2026-05-09 03:35:24.780704,5,0,0,0,0,0,"{""Blace L1"": {""total"": 0, ""by_type"": {}}, ""Blace L2"": {""total"": 0, ""by_type"": {}}, ""Blace L3"": {""total"": 0, ""by_type"": {}}}",2
808,2,2026-05-09 03:40:24.968628,5,0,0,0,0,0,"{""Blace L1"": {""total"": 0, ""by_type"": {}}, ""Blace L2"": {""total"": 0, ""by_type"": {}}, ""Blace L3"": {""total"": 0, ""by_type"": {}}}",2
809,2,2026-05-09 03:45:25.256288,5,0,0,0,0,0,"{""Blace L1"": {""total"": 0, ""by_type"": {}}, ""Blace L2"": {""total"": 0, ""by_type"": {}}, ""Blace L3"": {""total"": 0, ""by_type"": {}}}",2
810,2,2026-05-09 03:50:25.266036,5,0,0,0,0,0,"{""Blace L1"": {""total"": 0, ""by_type"": {}}, ""Blace L2"": {""total"": 0, ""by_type"": {}}, ""Blace L3"": {""total"": 0, ""by_type"": {}}}",2
811,2,2026-05-09 03:55:25.506676,5,1,1,0,0,0,"{""Blace L1"": {""total"": 0, ""by_type"": {}}, ""Blace L2"": {""total"": 0, ""by_type"": {}}, ""Blace L3"": {""total"": 1, ""by_type"": {""car"": 1}}}",2
812,2,2026-05-09 04:00:25.801246,5,0,0,0,0,0,"{""Blace L1"": {""total"": 0, ""by_type"": {}}, ""Blace L2"": {""total"": 0, ""by_type"": {}}, ""Blace L3"": {""total"": 0, ""by_type"": {}}}",2
813,2,2026-05-09 04:05:26.160396,5,0,0,0,0,0,"{""Blace L1"": {""total"": 0, ""by_type"": {}}, ""Blace L2"": {""total"": 0, ""by_type"": {}}, ""Blace L3"": {""total"": 0, ""by_type"": {}}}",2
814,2,2026-05-09 04:10:45.491836,5,0,0,0,0,0,"{""Blace L1"": {""total"": 0, ""by_type"": {}}, ""Blace L2"": {""total"": 0, ""by_type"": {}}, ""Blace L3"": {""total"": 0, ""by_type"": {}}}",0.5
815,2,2026-05-09 04:15:45.930243,5,0,0,0,0,0,"{""Blace L1"": {""total"": 0, ""by_type"": {}}, ""Blace L2"": {""total"": 0, ""by_type"": {}}, ""Blace L3"": {""total"": 0, ""by_type"": {}}}",2
816,2,2026-05-09 04:20:46.099037,5,0,0,0,0,0,"{""Blace L1"": {""total"": 0, ""by_type"": {}}, ""Blace L2"": {""total"": 0, ""by_type"": {}}, ""Blace L3"": {""total"": 0, ""by_type"": {}}}",2
817,2,2026-05-09 04:25:46.253359,5,1,1,0,0,0,"{""Blace L1"": {""total"": 0, ""by_type"": {}}, ""Blace L2"": {""total"": 1, ""by_type"": {""car"": 1}}, ""Blace L3"": {""total"": 0, ""by_type"": {}}}",2
818,2,2026-05-09 04:30:46.661185,5,3,3,0,0,0,"{""Blace L1"": {""total"": 0, ""by_type"": {}}, ""Blace L2"": {""total"": 0, ""by_type"": {}}, ""Blace L3"": {""total"": 3, ""by_type"": {""car"": 3}}}",2
819,2,2026-05-09 04:35:46.809098,5,0,0,0,0,0,"{""Blace L1"": {""total"": 0, ""by_type"": {}}, ""Blace L2"": {""total"": 0, ""by_type"": {}}, ""Blace L3"": {""total"": 0, ""by_type"": {}}}",2
820,2,2026-05-09 04:40:47.182107,5,0,0,0,0,0,"{""Blace L1"": {""total"": 0, ""by_type"": {}}, ""Blace L2"": {""total"": 0, ""by_type"": {}}, ""Blace L3"": {""total"": 0, ""by_type"": {}}}",2
821,2,2026-05-09 04:45:47.497358,5,0,0,0,0,0,"{""Blace L1"": {""total"": 0, ""by_type"": {}}, ""Blace L2"": {""total"": 0, ""by_type"": {}}, ""Blace L3"": {""total"": 0, ""by_type"": {}}}",2
822,2,2026-05-09 16:57:41.393192,5,0,0,0,0,0,"{""Blace L1"": {""total"": 0, ""by_type"": {}}, ""Blace L2"": {""total"": 0, ""by_type"": {}}, ""Blace L3"": {""total"": 0, ""by_type"": {}}}",3
823,2,2026-05-09 17:12:14.136834,5,17,15,0,0,2,"{""Blace L1"": {""total"": 7, ""by_type"": {""car"": 6, ""truck"": 1}}, ""Blace L2"": {""total"": 5, ""by_type"": {""car"": 5}}, ""Blace L3"": {""total"": 5, ""by_type"": {""car"": 4, ""truck"": 1}}}",0.5
824,2,2026-05-09 17:17:14.229191,5,17,16,0,1,0,"{""Blace L1"": {""total"": 5, ""by_type"": {""bus"": 1, ""car"": 4}}, ""Blace L2"": {""total"": 6, ""by_type"": {""car"": 6}}, ""Blace L3"": {""total"": 6, ""by_type"": {""car"": 6}}}",2.5
825,2,2026-05-09 17:22:14.65238,5,14,14,0,0,0,"{""Blace L1"": {""total"": 5, ""by_type"": {""car"": 5}}, ""Blace L2"": {""total"": 3, ""by_type"": {""car"": 3}}, ""Blace L3"": {""total"": 6, ""by_type"": {""car"": 6}}}",2.5
826,2,2026-05-09 17:27:14.689437,5,15,15,0,0,0,"{""Blace L1"": {""total"": 6, ""by_type"": {""car"": 6}}, ""Blace L2"": {""total"": 4, ""by_type"": {""car"": 4}}, ""Blace L3"": {""total"": 5, ""by_type"": {""car"": 5}}}",3
827,2,2026-05-09 17:32:14.699433,5,17,16,0,1,0,"{""Blace L1"": {""total"": 7, ""by_type"": {""bus"": 1, ""car"": 6}}, ""Blace L2"": {""total"": 4, ""by_type"": {""car"": 4}}, ""Blace L3"": {""total"": 6, ""by_type"": {""car"": 6}}}",3
828,2,2026-05-09 17:37:14.95059,5,14,14,0,0,0,"{""Blace L1"": {""total"": 5, ""by_type"": {""car"": 5}}, ""Blace L2"": {""total"": 4, ""by_type"": {""car"": 4}}, ""Blace L3"": {""total"": 5, ""by_type"": {""car"": 5}}}",3
829,2,2026-05-09 22:12:45.482937,5,8,7,0,1,0,"{""Blace L1"": {""total"": 2, ""by_type"": {""bus"": 1, ""car"": 1}}, ""Blace L2"": {""total"": 3, ""by_type"": {""car"": 3}}, ""Blace L3"": {""total"": 3, ""by_type"": {""car"": 3}}}",2
830,2,2026-05-09 22:17:45.570837,5,14,13,0,0,1,"{""Blace L1"": {""total"": 6, ""by_type"": {""car"": 5, ""truck"": 1}}, ""Blace L2"": {""total"": 4, ""by_type"": {""car"": 4}}, ""Blace L3"": {""total"": 4, ""by_type"": {""car"": 4}}}",2
831,2,2026-05-09 22:22:47.024312,5,11,10,0,0,1,"{""Blace L1"": {""total"": 2, ""by_type"": {""car"": 1, ""truck"": 1}}, ""Blace L2"": {""total"": 4, ""by_type"": {""car"": 4}}, ""Blace L3"": {""total"": 5, ""by_type"": {""car"": 5}}}",1
832,2,2026-05-09 22:27:47.206749,5,11,10,0,0,1,"{""Blace L1"": {""total"": 5, ""by_type"": {""car"": 5}}, ""Blace L2"": {""total"": 3, ""by_type"": {""car"": 2, ""truck"": 1}}, ""Blace L3"": {""total"": 3, ""by_type"": {""car"": 3}}}",2
833,2,2026-05-09 22:32:47.303854,5,14,14,0,0,0,"{""Blace L1"": {""total"": 4, ""by_type"": {""car"": 4}}, ""Blace L2"": {""total"": 5, ""by_type"": {""car"": 5}}, ""Blace L3"": {""total"": 5, ""by_type"": {""car"": 5}}}",2
834,2,2026-05-09 22:37:47.346269,5,13,13,0,0,0,"{""Blace L1"": {""total"": 5, ""by_type"": {""car"": 5}}, ""Blace L2"": {""total"": 4, ""by_type"": {""car"": 4}}, ""Blace L3"": {""total"": 4, ""by_type"": {""car"": 4}}}",2
835,2,2026-05-09 22:42:47.525996,5,8,8,0,0,0,"{""Blace L1"": {""total"": 1, ""by_type"": {""car"": 1}}, ""Blace L2"": {""total"": 2, ""by_type"": {""car"": 2}}, ""Blace L3"": {""total"": 5, ""by_type"": {""car"": 5}}}",2
836,2,2026-05-09 22:47:47.536647,5,7,6,0,1,0,"{""Blace L1"": {""total"": 1, ""by_type"": {""bus"": 1}}, ""Blace L2"": {""total"": 3, ""by_type"": {""car"": 3}}, ""Blace L3"": {""total"": 3, ""by_type"": {""car"": 3}}}",2
837,2,2026-05-09 22:52:47.620234,5,4,3,0,0,1,"{""Blace L1"": {""total"": 1, ""by_type"": {""truck"": 1}}, ""Blace L2"": {""total"": 3, ""by_type"": {""car"": 3}}, ""Blace L3"": {""total"": 0, ""by_type"": {}}}",2
838,2,2026-05-09 22:57:47.940823,5,0,0,0,0,0,"{""Blace L1"": {""total"": 0, ""by_type"": {}}, ""Blace L2"": {""total"": 0, ""by_type"": {}}, ""Blace L3"": {""total"": 0, ""by_type"": {}}}",2
839,2,2026-05-09 23:02:48.086819,5,1,0,0,1,0,"{""Blace L1"": {""total"": 1, ""by_type"": {""bus"": 1}}, ""Blace L2"": {""total"": 0, ""by_type"": {}}, ""Blace L3"": {""total"": 0, ""by_type"": {}}}",2
840,2,2026-05-09 23:07:48.61788,5,5,4,0,1,0,"{""Blace L1"": {""total"": 1, ""by_type"": {""bus"": 1}}, ""Blace L2"": {""total"": 3, ""by_type"": {""car"": 3}}, ""Blace L3"": {""total"": 1, ""by_type"": {""car"": 1}}}",2
841,2,2026-05-09 23:12:49.132587,5,6,5,0,1,0,"{""Blace L1"": {""total"": 1, ""by_type"": {""bus"": 1}}, ""Blace L2"": {""total"": 3, ""by_type"": {""car"": 3}}, ""Blace L3"": {""total"": 2, ""by_type"": {""car"": 2}}}",2
842,2,2026-05-09 23:17:49.551366,5,6,5,0,1,0,"{""Blace L1"": {""total"": 1, ""by_type"": {""bus"": 1}}, ""Blace L2"": {""total"": 2, ""by_type"": {""car"": 2}}, ""Blace L3"": {""total"": 3, ""by_type"": {""car"": 3}}}",2
843,2,2026-05-09 23:22:50.041797,5,3,3,0,0,0,"{""Blace L1"": {""total"": 0, ""by_type"": {}}, ""Blace L2"": {""total"": 1, ""by_type"": {""car"": 1}}, ""Blace L3"": {""total"": 2, ""by_type"": {""car"": 2}}}",2
844,2,2026-05-09 23:27:55.562137,5,0,0,0,0,0,"{""Blace L1"": {""total"": 0, ""by_type"": {}}, ""Blace L2"": {""total"": 0, ""by_type"": {}}, ""Blace L3"": {""total"": 0, ""by_type"": {}}}",0.5
845,2,2026-05-09 23:33:19.043427,5,1,1,0,0,0,"{""Blace L1"": {""total"": 0, ""by_type"": {}}, ""Blace L2"": {""total"": 1, ""by_type"": {""car"": 1}}, ""Blace L3"": {""total"": 0, ""by_type"": {}}}",0.5
846,2,2026-05-09 23:38:19.201443,5,5,4,0,0,1,"{""Blace L1"": {""total"": 1, ""by_type"": {""truck"": 1}}, ""Blace L2"": {""total"": 0, ""by_type"": {}}, ""Blace L3"": {""total"": 4, ""by_type"": {""car"": 4}}}",2
847,2,2026-05-09 23:43:19.549393,5,5,5,0,0,0,"{""Blace L1"": {""total"": 0, ""by_type"": {}}, ""Blace L2"": {""total"": 2, ""by_type"": {""car"": 2}}, ""Blace L3"": {""total"": 3, ""by_type"": {""car"": 3}}}",2
848,2,2026-05-09 23:48:19.90352,5,0,0,0,0,0,"{""Blace L1"": {""total"": 0, ""by_type"": {}}, ""Blace L2"": {""total"": 0, ""by_type"": {}}, ""Blace L3"": {""total"": 0, ""by_type"": {}}}",2
849,2,2026-05-09 23:53:20.162457,5,5,5,0,0,0,"{""Blace L1"": {""total"": 0, ""by_type"": {}}, ""Blace L2"": {""total"": 2, ""by_type"": {""car"": 2}}, ""Blace L3"": {""total"": 3, ""by_type"": {""car"": 3}}}",2
850,2,2026-05-09 23:58:20.601232,5,2,2,0,0,0,"{""Blace L1"": {""total"": 0, ""by_type"": {}}, ""Blace L2"": {""total"": 1, ""by_type"": {""car"": 1}}, ""Blace L3"": {""total"": 1, ""by_type"": {""car"": 1}}}",2
851,2,2026-05-10 00:03:20.918123,5,4,4,0,0,0,"{""Blace L1"": {""total"": 0, ""by_type"": {}}, ""Blace L2"": {""total"": 1, ""by_type"": {""car"": 1}}, ""Blace L3"": {""total"": 3, ""by_type"": {""car"": 3}}}",2
852,2,2026-05-10 00:08:21.424952,5,0,0,0,0,0,"{""Blace L1"": {""total"": 0, ""by_type"": {}}, ""Blace L2"": {""total"": 0, ""by_type"": {}}, ""Blace L3"": {""total"": 0, ""by_type"": {}}}",2
853,2,2026-05-10 00:13:41.686497,5,0,0,0,0,0,"{""Blace L1"": {""total"": 0, ""by_type"": {}}, ""Blace L2"": {""total"": 0, ""by_type"": {}}, ""Blace L3"": {""total"": 0, ""by_type"": {}}}",2
854,2,2026-05-10 00:18:41.693498,5,0,0,0,0,0,"{""Blace L1"": {""total"": 0, ""by_type"": {}}, ""Blace L2"": {""total"": 0, ""by_type"": {}}, ""Blace L3"": {""total"": 0, ""by_type"": {}}}",2
855,2,2026-05-10 00:23:41.767565,5,0,0,0,0,0,"{""Blace L1"": {""total"": 0, ""by_type"": {}}, ""Blace L2"": {""total"": 0, ""by_type"": {}}, ""Blace L3"": {""total"": 0, ""by_type"": {}}}",2
856,2,2026-05-10 00:29:03.200618,5,4,4,0,0,0,"{""Blace L1"": {""total"": 0, ""by_type"": {}}, ""Blace L2"": {""total"": 2, ""by_type"": {""car"": 2}}, ""Blace L3"": {""total"": 2, ""by_type"": {""car"": 2}}}",0.5
857,2,2026-05-10 00:34:03.658219,5,3,3,0,0,0,"{""Blace L1"": {""total"": 0, ""by_type"": {}}, ""Blace L2"": {""total"": 2, ""by_type"": {""car"": 2}}, ""Blace L3"": {""total"": 1, ""by_type"": {""car"": 1}}}",2
858,2,2026-05-10 00:39:03.949315,5,2,2,0,0,0,"{""Blace L1"": {""total"": 0, ""by_type"": {}}, ""Blace L2"": {""total"": 1, ""by_type"": {""car"": 1}}, ""Blace L3"": {""total"": 1, ""by_type"": {""car"": 1}}}",2
859,2,2026-05-10 00:44:04.050814,5,6,6,0,0,0,"{""Blace L1"": {""total"": 0, ""by_type"": {}}, ""Blace L2"": {""total"": 3, ""by_type"": {""car"": 3}}, ""Blace L3"": {""total"": 3, ""by_type"": {""car"": 3}}}",2
860,2,2026-05-10 00:49:04.51489,5,8,8,0,0,0,"{""Blace L1"": {""total"": 0, ""by_type"": {}}, ""Blace L2"": {""total"": 4, ""by_type"": {""car"": 4}}, ""Blace L3"": {""total"": 4, ""by_type"": {""car"": 4}}}",2
861,2,2026-05-10 00:54:04.663718,5,7,7,0,0,0,"{""Blace L1"": {""total"": 0, ""by_type"": {}}, ""Blace L2"": {""total"": 3, ""by_type"": {""car"": 3}}, ""Blace L3"": {""total"": 4, ""by_type"": {""car"": 4}}}",3
862,2,2026-05-10 00:59:18.623166,5,7,7,0,0,0,"{""Blace L1"": {""total"": 0, ""by_type"": {}}, ""Blace L2"": {""total"": 5, ""by_type"": {""car"": 5}}, ""Blace L3"": {""total"": 2, ""by_type"": {""car"": 2}}}",0.5
863,2,2026-05-10 01:04:19.065246,5,8,8,0,0,0,"{""Blace L1"": {""total"": 0, ""by_type"": {}}, ""Blace L2"": {""total"": 3, ""by_type"": {""car"": 3}}, ""Blace L3"": {""total"": 5, ""by_type"": {""car"": 5}}}",2.5
864,2,2026-05-10 01:09:19.171605,5,12,12,0,0,0,"{""Blace L1"": {""total"": 5, ""by_type"": {""car"": 5}}, ""Blace L2"": {""total"": 3, ""by_type"": {""car"": 3}}, ""Blace L3"": {""total"": 4, ""by_type"": {""car"": 4}}}",2
865,2,2026-05-10 01:14:19.269511,5,1,1,0,0,0,"{""Blace L1"": {""total"": 0, ""by_type"": {}}, ""Blace L2"": {""total"": 0, ""by_type"": {}}, ""Blace L3"": {""total"": 1, ""by_type"": {""car"": 1}}}",2.5
866,2,2026-05-10 01:19:32.76975,5,0,0,0,0,0,"{""Blace L1"": {""total"": 0, ""by_type"": {}}, ""Blace L2"": {""total"": 0, ""by_type"": {}}, ""Blace L3"": {""total"": 0, ""by_type"": {}}}",0.5
867,2,2026-05-10 01:24:33.262515,5,3,3,0,0,0,"{""Blace L1"": {""total"": 0, ""by_type"": {}}, ""Blace L2"": {""total"": 1, ""by_type"": {""car"": 1}}, ""Blace L3"": {""total"": 2, ""by_type"": {""car"": 2}}}",0.5
868,2,2026-05-10 01:29:33.325059,5,6,6,0,0,0,"{""Blace L1"": {""total"": 0, ""by_type"": {}}, ""Blace L2"": {""total"": 3, ""by_type"": {""car"": 3}}, ""Blace L3"": {""total"": 3, ""by_type"": {""car"": 3}}}",3
869,2,2026-05-10 01:34:54.703234,5,3,3,0,0,0,"{""Blace L1"": {""total"": 0, ""by_type"": {}}, ""Blace L2"": {""total"": 2, ""by_type"": {""car"": 2}}, ""Blace L3"": {""total"": 1, ""by_type"": {""car"": 1}}}",3.5
870,2,2026-05-10 01:39:54.790641,5,0,0,0,0,0,"{""Blace L1"": {""total"": 0, ""by_type"": {}}, ""Blace L2"": {""total"": 0, ""by_type"": {}}, ""Blace L3"": {""total"": 0, ""by_type"": {}}}",0.5
871,2,2026-05-10 02:24:58.220207,5,4,4,0,0,0,"{""Blace L1"": {""total"": 0, ""by_type"": {}}, ""Blace L2"": {""total"": 2, ""by_type"": {""car"": 2}}, ""Blace L3"": {""total"": 2, ""by_type"": {""car"": 2}}}",3
872,2,2026-05-10 02:29:58.333784,5,0,0,0,0,0,"{""Blace L1"": {""total"": 0, ""by_type"": {}}, ""Blace L2"": {""total"": 0, ""by_type"": {}}, ""Blace L3"": {""total"": 0, ""by_type"": {}}}",3
873,2,2026-05-10 02:35:03.360955,5,0,0,0,0,0,"{""Blace L1"": {""total"": 0, ""by_type"": {}}, ""Blace L2"": {""total"": 0, ""by_type"": {}}, ""Blace L3"": {""total"": 0, ""by_type"": {}}}",0.5
874,2,2026-05-10 02:40:03.648808,5,4,4,0,0,0,"{""Blace L1"": {""total"": 0, ""by_type"": {}}, ""Blace L2"": {""total"": 0, ""by_type"": {}}, ""Blace L3"": {""total"": 4, ""by_type"": {""car"": 4}}}",2.5
875,2,2026-05-10 02:45:03.932437,5,9,9,0,0,0,"{""Blace L1"": {""total"": 0, ""by_type"": {}}, ""Blace L2"": {""total"": 5, ""by_type"": {""car"": 5}}, ""Blace L3"": {""total"": 4, ""by_type"": {""car"": 4}}}",3
876,2,2026-05-10 02:50:04.223109,5,6,6,0,0,0,"{""Blace L1"": {""total"": 0, ""by_type"": {}}, ""Blace L2"": {""total"": 2, ""by_type"": {""car"": 2}}, ""Blace L3"": {""total"": 4, ""by_type"": {""car"": 4}}}",2.5
877,2,2026-05-10 02:55:04.621087,5,6,6,0,0,0,"{""Blace L1"": {""total"": 0, ""by_type"": {}}, ""Blace L2"": {""total"": 2, ""by_type"": {""car"": 2}}, ""Blace L3"": {""total"": 4, ""by_type"": {""car"": 4}}}",3
878,2,2026-05-10 03:00:04.849882,5,7,7,0,0,0,"{""Blace L1"": {""total"": 0, ""by_type"": {}}, ""Blace L2"": {""total"": 3, ""by_type"": {""car"": 3}}, ""Blace L3"": {""total"": 4, ""by_type"": {""car"": 4}}}",3
879,2,2026-05-10 03:05:05.038072,5,6,6,0,0,0,"{""Blace L1"": {""total"": 0, ""by_type"": {}}, ""Blace L2"": {""total"": 3, ""by_type"": {""car"": 3}}, ""Blace L3"": {""total"": 3, ""by_type"": {""car"": 3}}}",3
880,2,2026-05-10 03:10:05.195749,5,0,0,0,0,0,"{""Blace L1"": {""total"": 0, ""by_type"": {}}, ""Blace L2"": {""total"": 0, ""by_type"": {}}, ""Blace L3"": {""total"": 0, ""by_type"": {}}}",3
881,2,2026-05-10 03:15:05.321194,5,0,0,0,0,0,"{""Blace L1"": {""total"": 0, ""by_type"": {}}, ""Blace L2"": {""total"": 0, ""by_type"": {}}, ""Blace L3"": {""total"": 0, ""by_type"": {}}}",2
882,2,2026-05-10 03:20:05.490156,5,2,2,0,0,0,"{""Blace L1"": {""total"": 0, ""by_type"": {}}, ""Blace L2"": {""total"": 0, ""by_type"": {}}, ""Blace L3"": {""total"": 2, ""by_type"": {""car"": 2}}}",2
883,2,2026-05-10 03:25:05.915424,5,2,2,0,0,0,"{""Blace L1"": {""total"": 0, ""by_type"": {}}, ""Blace L2"": {""total"": 0, ""by_type"": {}}, ""Blace L3"": {""total"": 2, ""by_type"": {""car"": 2}}}",2
884,2,2026-05-10 03:30:06.406611,5,2,2,0,0,0,"{""Blace L1"": {""total"": 0, ""by_type"": {}}, ""Blace L2"": {""total"": 0, ""by_type"": {}}, ""Blace L3"": {""total"": 2, ""by_type"": {""car"": 2}}}",2
885,2,2026-05-10 03:35:06.710647,5,1,1,0,0,0,"{""Blace L1"": {""total"": 0, ""by_type"": {}}, ""Blace L2"": {""total"": 0, ""by_type"": {}}, ""Blace L3"": {""total"": 1, ""by_type"": {""car"": 1}}}",2
886,2,2026-05-10 03:40:06.847598,5,1,1,0,0,0,"{""Blace L1"": {""total"": 0, ""by_type"": {}}, ""Blace L2"": {""total"": 0, ""by_type"": {}}, ""Blace L3"": {""total"": 1, ""by_type"": {""car"": 1}}}",2
887,2,2026-05-10 03:45:06.943043,5,4,4,0,0,0,"{""Blace L1"": {""total"": 0, ""by_type"": {}}, ""Blace L2"": {""total"": 0, ""by_type"": {}}, ""Blace L3"": {""total"": 4, ""by_type"": {""car"": 4}}}",2
888,2,2026-05-10 03:50:07.247182,5,4,4,0,0,0,"{""Blace L1"": {""total"": 0, ""by_type"": {}}, ""Blace L2"": {""total"": 0, ""by_type"": {}}, ""Blace L3"": {""total"": 4, ""by_type"": {""car"": 4}}}",2
889,2,2026-05-10 03:55:07.409703,5,6,6,0,0,0,"{""Blace L1"": {""total"": 0, ""by_type"": {}}, ""Blace L2"": {""total"": 5, ""by_type"": {""car"": 5}}, ""Blace L3"": {""total"": 1, ""by_type"": {""car"": 1}}}",2
890,2,2026-05-10 04:00:07.596262,5,0,0,0,0,0,"{""Blace L1"": {""total"": 0, ""by_type"": {}}, ""Blace L2"": {""total"": 0, ""by_type"": {}}, ""Blace L3"": {""total"": 0, ""by_type"": {}}}",2
891,2,2026-05-10 04:05:07.943366,5,2,2,0,0,0,"{""Blace L1"": {""total"": 0, ""by_type"": {}}, ""Blace L2"": {""total"": 0, ""by_type"": {}}, ""Blace L3"": {""total"": 2, ""by_type"": {""car"": 2}}}",2
892,2,2026-05-10 04:10:07.977611,5,2,2,0,0,0,"{""Blace L1"": {""total"": 0, ""by_type"": {}}, ""Blace L2"": {""total"": 0, ""by_type"": {}}, ""Blace L3"": {""total"": 2, ""by_type"": {""car"": 2}}}",2
