id,crossing_id,track_id,vehicle_type,lane,entered_at,exited_at,duration_sec,was_reassigned,frame_count,avg_confidence,notes
1,5,1,car,,2026-05-04 13:42:29.213318+02,2026-05-04 13:42:42.02029+02,12.81,f,93,0.436,
2,5,4,car,,2026-05-04 13:42:43.143501+02,2026-05-04 13:42:45.884857+02,2.74,f,20,0.441,
3,5,4,car,,2026-05-04 13:42:46.73113+02,2026-05-04 13:42:53.799969+02,7.07,f,52,0.441,
4,5,8,car,,2026-05-04 13:42:54.079519+02,2026-05-04 13:42:58.561625+02,4.48,f,33,0.349,
5,5,7,car,,2026-05-04 13:42:54.079519+02,2026-05-04 13:42:58.561625+02,4.48,f,33,0.726,
6,5,9,car,Kafasan L2,2026-05-04 13:42:58.843012+02,2026-05-04 13:43:02.595553+02,3.75,f,28,0.897,
7,5,10,car,,2026-05-04 13:42:58.843012+02,2026-05-04 13:43:08.212227+02,9.37,f,68,0.405,
8,5,10,car,,2026-05-04 13:43:08.498613+02,2026-05-04 13:43:16.140382+02,7.64,f,56,0.414,
9,5,14,car,,2026-05-04 13:43:16.437627+02,2026-05-04 13:44:50.568205+02,94.13,f,192,0.421,
10,5,14,car,,2026-05-04 13:44:50.863111+02,2026-05-04 13:44:58.800744+02,7.94,f,56,0.414,
11,5,21,car,,2026-05-04 13:44:59.085294+02,2026-05-04 13:45:30.725034+02,31.64,f,213,0.423,
14,5,21,car,,2026-05-04 13:45:31.054426+02,2026-05-04 13:46:10.38321+02,39.33,f,273,0.416,
12,5,42,car,Kafasan L2,2026-05-04 13:45:42.822932+02,2026-05-04 13:45:46.774444+02,3.95,f,28,0.821,
13,5,52,car,Kafasan L2,2026-05-04 13:46:00.244151+02,2026-05-04 13:46:02.670173+02,2.43,f,18,0.878,
15,5,57,car,,2026-05-04 13:46:02.958058+02,2026-05-04 13:46:11.10071+02,8.14,f,57,0.311,
16,5,58,car,,2026-05-04 13:46:03.680027+02,2026-05-04 13:46:11.10071+02,7.42,f,52,0.74,
23,5,59,car,,2026-05-04 13:46:10.672626+02,2026-05-04 13:50:16.737135+02,246.06,f,866,0.483,
17,5,75,car,Kafasan L2,2026-05-04 13:46:25.974855+02,2026-05-04 13:46:28.214413+02,2.24,f,16,0.784,
18,5,78,car,,2026-05-04 13:46:31.84347+02,2026-05-04 13:46:38.046862+02,6.2,f,43,0.309,
19,5,83,truck,Kafasan L2,2026-05-04 13:47:09.143928+02,2026-05-04 13:47:14.370328+02,5.23,f,36,0.875,lane_switch:Kafasan L2>Kafasan L1
20,5,98,truck,Kafasan L2,2026-05-04 13:48:33.809014+02,2026-05-04 13:48:39.068889+02,5.26,f,36,0.875,lane_switch:Kafasan L2>Kafasan L1
21,5,112,car,Kafasan L2,2026-05-04 13:48:49.531455+02,2026-05-04 13:48:52.000401+02,2.47,f,18,0.855,
22,5,113,car,,2026-05-04 13:48:49.531455+02,2026-05-04 13:48:52.000401+02,2.47,f,18,0.309,
24,5,123,bus,Kafasan L2,2026-05-04 13:50:11.684123+02,2026-05-04 13:50:16.885613+02,5.2,f,36,0.8,lane_switch:Kafasan L2>Kafasan L1
28,5,59,car,,2026-05-04 13:50:19.577191+02,2026-05-04 13:52:15.47282+02,115.9,f,314,0.472,
25,5,138,car,Kafasan L2,2026-05-04 13:50:58.304392+02,2026-05-04 13:51:00.340883+02,2.04,f,15,0.818,
26,5,155,car,Kafasan L2,2026-05-04 13:51:05.410812+02,2026-05-04 13:51:32.613723+02,27.2,f,25,0.816,
27,5,158,car,,2026-05-04 13:51:33.954381+02,2026-05-04 13:51:43.563873+02,9.61,f,67,0.328,
29,5,165,car,,2026-05-04 13:52:15.765612+02,2026-05-04 13:52:21.205068+02,5.44,f,38,0.459,
30,5,165,car,,2026-05-04 13:52:21.766431+02,2026-05-04 13:53:00.033654+02,38.27,f,105,0.435,
31,5,165,car,,2026-05-04 13:53:00.315713+02,2026-05-04 13:53:31.633837+02,31.32,f,209,0.47,
32,5,185,bus,Kafasan L2,2026-05-04 13:53:26.822001+02,2026-05-04 13:53:31.778852+02,4.96,f,36,0.8,lane_switch:Kafasan L2>Kafasan L1
36,5,165,car,,2026-05-04 13:53:34.347575+02,2026-05-04 13:54:19.125926+02,44.78,f,314,0.472,
33,5,200,car,Kafasan L2,2026-05-04 13:53:49.539864+02,2026-05-04 13:53:51.535545+02,2,f,15,0.818,
34,5,217,car,Kafasan L2,2026-05-04 13:53:56.521442+02,2026-05-04 13:53:59.943441+02,3.42,f,25,0.816,
35,5,220,car,,2026-05-04 13:54:01.231415+02,2026-05-04 13:54:10.603289+02,9.37,f,67,0.328,
37,5,227,car,,2026-05-04 13:54:19.41521+02,2026-05-04 13:54:24.741639+02,5.33,f,38,0.459,
38,5,227,car,,2026-05-04 13:54:25.316785+02,2026-05-04 13:54:40.142727+02,14.83,f,105,0.435,
41,5,227,car,,2026-05-04 13:54:40.431915+02,2026-05-04 13:54:57.742502+02,17.31,f,104,0.458,
39,5,243,truck,Kafasan L2,2026-05-04 13:54:45.79211+02,2026-05-04 13:54:49.837418+02,4.05,f,29,0.765,lane_switch:Kafasan L2>Kafasan L1
40,5,258,bus,Kafasan L2,2026-05-04 13:54:53.571605+02,2026-05-04 13:54:57.148021+02,3.58,f,25,0.811,lane_switch:Kafasan L2>Kafasan L1
48,5,227,car,,2026-05-04 13:54:58.935683+02,2026-05-04 13:57:01.111432+02,122.18,f,362,0.471,
42,5,275,truck,Kafasan L2,2026-05-04 13:55:00.839027+02,2026-05-04 13:55:03.341263+02,2.5,f,18,0.874,lane_switch:Kafasan L2>Kafasan L1
43,5,262,car,,2026-05-04 13:55:04.218932+02,2026-05-04 13:55:06.258441+02,2.04,f,15,0.339,
44,5,289,truck,Kafasan L2,2026-05-04 13:55:09.314457+02,2026-05-04 13:55:13.438793+02,4.12,f,29,0.765,lane_switch:Kafasan L2>Kafasan L1
45,5,262,car,,2026-05-04 13:55:16.532075+02,2026-05-04 13:55:21.167529+02,4.64,f,33,0.363,
46,5,299,truck,Kafasan L2,2026-05-04 13:56:34.870796+02,2026-05-04 13:56:38.905912+02,4.04,f,29,0.765,lane_switch:Kafasan L2>Kafasan L1
47,5,298,car,,2026-05-04 13:56:41.9946+02,2026-05-04 13:56:46.729393+02,4.73,f,33,0.363,
54,5,227,car,,2026-05-04 13:57:01.399477+02,2026-05-04 13:59:01.929821+02,120.53,f,583,0.447,
49,5,331,car,,2026-05-04 13:57:33.127844+02,2026-05-04 13:57:37.345707+02,4.22,f,30,0.383,
50,5,351,car,,2026-05-04 13:57:40.404397+02,2026-05-04 13:57:42.941922+02,2.54,f,18,0.351,
51,5,375,car,,2026-05-04 13:58:18.246022+02,2026-05-04 13:58:22.24101+02,3.99,f,29,0.384,
52,5,393,car,,2026-05-04 13:58:25.298588+02,2026-05-04 13:58:27.76879+02,2.47,f,18,0.351,
53,5,401,bus,Kafasan L2,2026-05-04 13:58:31.544099+02,2026-05-04 13:59:00.789883+02,29.25,f,33,0.838,lane_switch:Kafasan L2>Kafasan L1>Kafasan L2>Kafasan L1
55,5,397,car,,2026-05-04 13:59:00.36337+02,2026-05-04 13:59:04.230111+02,3.87,f,28,0.378,
56,5,415,car,,2026-05-04 13:59:03.789558+02,2026-05-04 13:59:05.948671+02,2.16,f,16,0.412,
57,5,397,car,,2026-05-04 13:59:06.238313+02,2026-05-04 13:59:08.512753+02,2.27,f,17,0.381,
59,5,415,car,,2026-05-04 13:59:07.232347+02,2026-05-04 13:59:19.528874+02,12.3,f,72,0.45,
58,5,397,car,,2026-05-04 13:59:10.952888+02,2026-05-04 13:59:13.224226+02,2.27,f,17,0.368,
60,5,415,car,,2026-05-04 13:59:19.815564+02,2026-05-04 13:59:29.527062+02,9.71,f,68,0.44,
61,5,397,car,,2026-05-04 13:59:28.220133+02,2026-05-04 13:59:31.817021+02,3.6,f,26,0.383,
62,5,425,car,,2026-05-04 13:59:31.245135+02,2026-05-04 13:59:33.40486+02,2.16,f,16,0.412,
64,5,397,car,,2026-05-04 13:59:33.546727+02,2026-05-04 13:59:38.298525+02,4.75,f,34,0.386,
63,5,425,car,,2026-05-04 13:59:34.706799+02,2026-05-04 13:59:38.153752+02,3.45,f,25,0.47,
65,5,397,car,,2026-05-04 13:59:38.593991+02,2026-05-04 13:59:41.618019+02,3.02,f,22,0.371,
66,5,415,car,,2026-05-04 13:59:39.898801+02,2026-05-04 13:59:47.116936+02,7.22,f,36,0.449,
67,5,415,car,,2026-05-04 13:59:47.404597+02,2026-05-04 13:59:55.962293+02,8.56,f,60,0.428,
68,5,415,car,,2026-05-04 13:59:56.254577+02,2026-05-04 14:00:00.992724+02,4.74,f,33,0.417,
69,5,415,car,,2026-05-04 14:00:01.288126+02,2026-05-04 14:01:12.774825+02,71.49,f,29,0.436,
70,5,415,car,,2026-05-04 14:01:13.068925+02,2026-05-04 14:01:21.474406+02,8.41,f,60,0.428,
71,5,415,car,,2026-05-04 14:01:21.760438+02,2026-05-04 14:01:26.388318+02,4.63,f,33,0.417,
73,5,415,car,,2026-05-04 14:01:26.68293+02,2026-05-04 14:01:34.478928+02,7.8,f,55,0.421,
72,5,440,car,,2026-05-04 14:01:28.999453+02,2026-05-04 14:01:32.321851+02,3.32,f,24,0.384,
74,5,440,car,,2026-05-04 14:01:32.890134+02,2026-05-04 14:01:35.367143+02,2.48,f,18,0.362,
76,5,415,car,,2026-05-04 14:01:35.367143+02,2026-05-04 14:01:58.195064+02,22.83,f,114,0.417,
75,5,397,car,,2026-05-04 14:01:53.789246+02,2026-05-04 14:01:56.06606+02,2.28,f,17,0.382,
77,5,397,car,,2026-05-04 14:01:56.351633+02,2026-05-04 14:01:59.192202+02,2.84,f,21,0.364,
78,5,463,car,,2026-05-04 14:02:01.191385+02,2026-05-04 14:02:08.626178+02,7.43,f,53,0.42,
79,5,499,car,,2026-05-04 14:02:22.47023+02,2026-05-04 14:02:29.109302+02,6.64,f,47,0.37,
80,5,463,car,,2026-05-04 14:02:36.023288+02,2026-05-04 14:02:38.220278+02,2.2,f,16,0.407,
82,5,463,car,,2026-05-04 14:02:39.530184+02,2026-05-04 14:02:45.561816+02,6.03,f,42,0.422,
81,5,499,car,,2026-05-04 14:02:41.007165+02,2026-05-04 14:02:43.370061+02,2.36,f,17,0.382,
83,5,499,car,,2026-05-04 14:02:43.670374+02,2026-05-04 14:02:46.590113+02,2.92,f,21,0.364,
84,5,551,car,,2026-05-04 14:02:48.74136+02,2026-05-04 14:02:56.804201+02,8.06,f,53,0.42,
85,5,611,car,,2026-05-04 14:03:19.58492+02,2026-05-04 14:03:22.329005+02,2.74,f,19,0.404,
86,5,587,car,,2026-05-04 14:03:20.671992+02,2026-05-04 14:03:23.103272+02,2.43,f,17,0.369,
87,5,587,car,,2026-05-04 14:03:23.413738+02,2026-05-04 14:03:49.738034+02,26.32,f,15,0.333,
88,5,587,car,,2026-05-04 14:03:54.521725+02,2026-05-04 14:03:57.240992+02,2.72,f,20,0.384,
89,5,587,car,,2026-05-04 14:04:00.272713+02,2026-05-04 14:04:02.905207+02,2.63,f,19,0.339,
90,5,611,car,,2026-05-04 14:04:04.371422+02,2026-05-04 14:04:07.715897+02,3.34,f,21,0.443,
91,5,611,car,,2026-05-04 14:04:31.312498+02,2026-05-04 14:04:33.790207+02,2.48,f,18,0.407,
92,5,551,car,,2026-05-04 14:04:35.437881+02,2026-05-04 14:04:37.644732+02,2.21,f,16,0.407,
94,5,587,car,,2026-05-04 14:04:42.253191+02,2026-05-04 14:04:48.875634+02,6.62,f,46,0.366,
93,5,611,car,,2026-05-04 14:04:44.156649+02,2026-05-04 14:04:48.129882+02,3.97,f,28,0.402,
95,5,587,car,,2026-05-04 14:06:00.530699+02,2026-05-04 14:06:03.303037+02,2.77,f,20,0.384,
96,5,587,car,,2026-05-04 14:06:06.379832+02,2026-05-04 14:06:08.955646+02,2.58,f,19,0.339,
97,5,611,car,,2026-05-04 14:06:10.427319+02,2026-05-04 14:06:13.372948+02,2.95,f,21,0.443,
98,5,100,car,Kafasan L2,2026-05-04 14:15:07.681607+02,2026-05-04 14:15:10.366279+02,2.68,f,19,0.795,
99,5,1,car,,2026-05-04 14:16:15.079673+02,2026-05-04 14:16:17.864343+02,2.78,f,20,0.419,
100,5,8,car,,2026-05-04 14:16:23.952207+02,2026-05-04 14:16:26.281623+02,2.33,f,17,0.417,
101,5,8,car,,2026-05-04 14:16:26.568567+02,2026-05-04 14:16:32.675258+02,6.11,f,42,0.445,
102,5,29,car,Kafasan L2,2026-05-04 14:16:33.264037+02,2026-05-04 14:16:35.904755+02,2.64,f,19,0.795,
103,5,23,car,,2026-05-04 14:16:33.564336+02,2026-05-04 14:16:36.652948+02,3.09,f,22,0.355,
104,5,31,car,,2026-05-04 14:16:38.536555+02,2026-05-04 14:16:40.905907+02,2.37,f,17,0.382,
105,5,8,car,,2026-05-04 14:16:39.54559+02,2026-05-04 14:16:42.557676+02,3.01,f,21,0.438,
106,5,8,car,,2026-05-04 14:16:44.002566+02,2026-05-04 14:16:47.775412+02,3.77,f,27,0.402,
109,5,8,car,,2026-05-04 14:16:48.936306+02,2026-05-04 14:17:00.918761+02,11.98,f,84,0.42,
107,5,31,car,,2026-05-04 14:16:51.102149+02,2026-05-04 14:16:53.411426+02,2.31,f,17,0.352,
108,5,38,car,,2026-05-04 14:16:56.150848+02,2026-05-04 14:16:58.169811+02,2.02,f,15,0.336,
110,5,38,car,,2026-05-04 14:16:58.46358+02,2026-05-04 14:17:02.798341+02,4.33,f,31,0.35,
111,5,8,car,,2026-05-04 14:17:01.928941+02,2026-05-04 14:17:06.480459+02,4.55,f,32,0.414,
112,5,45,car,Kafasan L3,2026-05-04 14:17:04.446464+02,2026-05-04 14:17:08.228769+02,3.78,f,27,0.847,lane_switch:Kafasan L3>Kafasan L2
113,5,50,car,Kafasan L3,2026-05-04 14:17:04.879835+02,2026-05-04 14:17:08.52554+02,3.65,f,26,0.807,
114,5,38,car,,2026-05-04 14:17:05.315938+02,2026-05-04 14:17:09.819498+02,4.5,f,32,0.36,
116,5,52,car,Kafasan L2,2026-05-04 14:17:05.315938+02,2026-05-04 14:17:11.275016+02,5.96,f,42,0.842,lane_switch:Kafasan L2>Kafasan L1>Kafasan L2
120,5,55,car,,2026-05-04 14:17:06.768464+02,2026-05-04 14:17:29.817314+02,23.05,f,145,0.443,
115,5,57,truck,Kafasan L2,2026-05-04 14:17:07.63939+02,2026-05-04 14:17:11.275016+02,3.64,f,26,0.804,
118,5,38,car,,2026-05-04 14:17:11.42392+02,2026-05-04 14:17:14.032943+02,2.61,f,19,0.528,
117,5,64,car,,2026-05-04 14:17:11.570796+02,2026-05-04 14:17:14.032943+02,2.46,f,18,0.886,
119,5,63,truck,Kafasan L2,2026-05-04 14:17:11.570796+02,2026-05-04 14:17:14.032943+02,2.46,f,18,0.909,
121,5,55,car,,2026-05-04 14:17:30.687601+02,2026-05-04 14:17:35.820494+02,5.13,f,36,0.434,
122,5,55,car,,2026-05-04 14:17:40.835819+02,2026-05-04 14:17:43.684059+02,2.85,f,20,0.419,
123,5,87,car,,2026-05-04 14:17:49.774736+02,2026-05-04 14:17:52.110216+02,2.34,f,17,0.417,
124,5,87,car,,2026-05-04 14:17:52.402831+02,2026-05-04 14:17:58.395747+02,5.99,f,42,0.445,
125,5,108,car,Kafasan L2,2026-05-04 14:17:58.979076+02,2026-05-04 14:18:01.606247+02,2.63,f,19,0.795,
126,5,102,car,,2026-05-04 14:17:59.274904+02,2026-05-04 14:18:02.341884+02,3.07,f,22,0.355,
127,5,110,car,,2026-05-04 14:18:04.225267+02,2026-05-04 14:18:06.549297+02,2.32,f,17,0.382,
128,5,87,car,,2026-05-04 14:18:05.240958+02,2026-05-04 14:18:08.142188+02,2.9,f,21,0.438,
129,5,87,car,,2026-05-04 14:18:09.589036+02,2026-05-04 14:18:13.51733+02,3.93,f,27,0.402,
132,5,87,car,,2026-05-04 14:18:14.700043+02,2026-05-04 14:18:26.993699+02,12.29,f,84,0.42,
130,5,110,car,,2026-05-04 14:18:16.874998+02,2026-05-04 14:18:19.200196+02,2.33,f,17,0.352,
131,5,117,car,,2026-05-04 14:18:22.084555+02,2026-05-04 14:18:24.174569+02,2.09,f,15,0.336,
133,5,117,car,,2026-05-04 14:18:24.474987+02,2026-05-04 14:18:28.912092+02,4.44,f,31,0.35,
134,5,87,car,,2026-05-04 14:18:28.033817+02,2026-05-04 14:18:32.70627+02,4.67,f,32,0.414,
135,5,124,car,Kafasan L3,2026-05-04 14:18:30.582968+02,2026-05-04 14:18:34.471679+02,3.89,f,27,0.847,lane_switch:Kafasan L3>Kafasan L2
136,5,129,car,Kafasan L3,2026-05-04 14:18:31.031484+02,2026-05-04 14:18:34.764663+02,3.73,f,26,0.807,
137,5,117,car,,2026-05-04 14:18:31.482159+02,2026-05-04 14:18:36.151059+02,4.67,f,32,0.36,
139,5,131,car,Kafasan L2,2026-05-04 14:18:31.482159+02,2026-05-04 14:18:37.614379+02,6.13,f,42,0.842,lane_switch:Kafasan L2>Kafasan L1>Kafasan L2
143,5,134,car,,2026-05-04 14:18:32.99849+02,2026-05-04 14:18:56.254199+02,23.26,f,145,0.443,
138,5,136,truck,Kafasan L2,2026-05-04 14:18:33.874631+02,2026-05-04 14:18:37.614379+02,3.74,f,26,0.804,
140,5,117,car,,2026-05-04 14:18:37.761143+02,2026-05-04 14:18:40.387346+02,2.63,f,19,0.528,
141,5,142,truck,Kafasan L2,2026-05-04 14:18:37.909717+02,2026-05-04 14:18:40.387346+02,2.48,f,18,0.909,
142,5,143,car,,2026-05-04 14:18:37.909717+02,2026-05-04 14:18:40.387346+02,2.48,f,18,0.886,
144,5,134,car,,2026-05-04 14:18:57.131057+02,2026-05-04 14:19:02.250616+02,5.12,f,36,0.434,
145,5,166,car,,2026-05-04 14:19:07.22415+02,2026-05-04 14:19:10.167266+02,2.94,f,21,0.4,
147,5,166,car,,2026-05-04 14:19:10.462857+02,2026-05-04 14:19:26.010562+02,15.55,f,107,0.419,
146,5,172,car,,2026-05-04 14:19:14.704058+02,2026-05-04 14:19:18.24663+02,3.54,f,25,0.371,
150,5,177,car,Kafasan L2,2026-05-04 14:19:21.025049+02,2026-05-04 14:19:38.651639+02,17.63,f,80,0.838,
149,5,172,car,,2026-05-04 14:19:23.375925+02,2026-05-04 14:19:29.683567+02,6.31,f,44,0.375,
148,5,183,car,,2026-05-04 14:19:26.89043+02,2026-05-04 14:19:28.945638+02,2.06,f,15,0.426,
151,5,183,car,,2026-05-04 14:19:42.883002+02,2026-05-04 14:19:45.615568+02,2.73,f,19,0.456,
152,5,172,car,,2026-05-04 14:19:42.883002+02,2026-05-04 14:19:51.381123+02,8.5,f,58,0.37,
153,5,172,car,,2026-05-04 14:19:54.877929+02,2026-05-04 14:20:20.18066+02,25.3,f,15,0.37,
156,5,172,car,,2026-05-04 14:20:23.928197+02,2026-05-04 14:20:30.359966+02,6.43,f,45,0.377,
154,5,166,car,,2026-05-04 14:20:25.676611+02,2026-05-04 14:20:28.162322+02,2.49,f,18,0.415,
155,5,220,car,Kafasan L3,2026-05-04 14:20:26.28097+02,2026-05-04 14:20:29.046987+02,2.77,f,20,0.834,lane_switch:Kafasan L3>Kafasan L2
157,5,172,car,,2026-05-04 14:20:38.952157+02,2026-05-04 14:20:42.432942+02,3.48,f,25,0.371,
160,5,243,car,Kafasan L2,2026-05-04 14:20:45.193723+02,2026-05-04 14:20:56.837783+02,11.64,f,80,0.838,
159,5,172,car,,2026-05-04 14:20:47.505343+02,2026-05-04 14:20:53.781645+02,6.28,f,44,0.375,
158,5,183,car,,2026-05-04 14:20:51.009684+02,2026-05-04 14:20:53.053719+02,2.04,f,15,0.426,
161,5,183,car,,2026-05-04 14:21:01.124377+02,2026-05-04 14:21:03.736681+02,2.61,f,19,0.456,
162,5,172,car,,2026-05-04 14:21:01.124377+02,2026-05-04 14:21:09.477476+02,8.35,f,58,0.37,
163,5,172,car,,2026-05-04 14:21:12.987264+02,2026-05-04 14:21:15.038862+02,2.05,f,15,0.37,
166,5,172,car,,2026-05-04 14:21:18.82387+02,2026-05-04 14:21:25.239948+02,6.42,f,45,0.377,
164,5,166,car,,2026-05-04 14:21:20.565313+02,2026-05-04 14:21:23.041144+02,2.48,f,18,0.415,
165,5,285,car,Kafasan L3,2026-05-04 14:21:21.145459+02,2026-05-04 14:21:23.919447+02,2.77,f,20,0.834,lane_switch:Kafasan L3>Kafasan L2
168,5,298,car,Kafasan L2,2026-05-04 14:21:31.933324+02,2026-05-04 14:21:35.445474+02,3.51,f,25,0.775,
167,5,303,car,Kafasan L3,2026-05-04 14:21:32.665699+02,2026-05-04 14:21:34.706931+02,2.04,f,15,0.803,
169,5,310,car,Kafasan L2,2026-05-04 14:21:33.544138+02,2026-05-04 14:21:36.762928+02,3.22,f,23,0.798,
170,5,183,car,,2026-05-04 14:21:35.003656+02,2026-05-04 14:21:37.204763+02,2.2,f,16,0.432,
171,5,183,car,,2026-05-04 14:21:38.676065+02,2026-05-04 14:21:40.714799+02,2.04,f,15,0.437,
172,5,183,car,,2026-05-04 14:21:41.876362+02,2026-05-04 14:22:12.194603+02,30.32,f,41,0.396,
173,5,183,car,,2026-05-04 14:22:18.347789+02,2026-05-04 14:22:23.367261+02,5.02,f,36,0.404,
175,5,334,car,Kafasan L2,2026-05-04 14:22:22.785939+02,2026-05-04 14:22:52.531704+02,29.75,f,42,0.665,
174,5,183,car,,2026-05-04 14:22:24.665925+02,2026-05-04 14:22:26.838479+02,2.17,f,16,0.401,
177,5,341,car,Kafasan L2,2026-05-04 14:22:26.261324+02,2026-05-04 14:22:54.265498+02,28,f,30,0.786,
176,5,331,car,,2026-05-04 14:22:27.577936+02,2026-05-04 14:22:53.393101+02,25.82,f,15,0.414,
178,5,183,car,,2026-05-04 14:22:53.831203+02,2026-05-04 14:22:57.118188+02,3.29,f,24,0.402,
179,5,352,car,Kafasan L2,2026-05-04 14:22:54.120155+02,2026-05-04 14:23:00.706238+02,6.59,f,47,0.794,
180,5,183,car,,2026-05-04 14:23:09.356598+02,2026-05-04 14:23:15.426266+02,6.07,f,43,0.423,
181,5,183,car,,2026-05-04 14:23:22.267088+02,2026-05-04 14:23:27.37617+02,5.11,f,36,0.405,
182,5,389,car,Kafasan L2,2026-05-04 14:23:26.934828+02,2026-05-04 14:23:31.783002+02,4.85,f,34,0.629,
185,5,398,car,Kafasan L2,2026-05-04 14:23:30.462888+02,2026-05-04 14:23:34.451685+02,3.99,f,28,0.814,
183,5,386,car,,2026-05-04 14:23:31.63585+02,2026-05-04 14:23:33.855584+02,2.22,f,16,0.419,
184,5,183,car,,2026-05-04 14:23:31.783002+02,2026-05-04 14:23:33.855584+02,2.07,f,15,0.466,
186,5,183,car,,2026-05-04 14:23:34.155053+02,2026-05-04 14:23:37.535633+02,3.38,f,24,0.406,
187,5,413,car,Kafasan L2,2026-05-04 14:23:35.04397+02,2026-05-04 14:23:41.076816+02,6.03,f,42,0.817,
188,5,183,car,,2026-05-04 14:23:50.230782+02,2026-05-04 14:23:56.198681+02,5.97,f,42,0.424,
189,5,441,car,,2026-05-04 14:24:03.408248+02,2026-05-04 14:24:06.044764+02,2.64,f,19,0.404,
190,5,441,car,,2026-05-04 14:24:31.345551+02,2026-05-04 14:24:34.222304+02,2.88,f,21,0.422,
191,5,441,car,,2026-05-04 14:24:35.947075+02,2026-05-04 14:24:38.25724+02,2.31,f,17,0.444,
192,5,470,car,,2026-05-04 14:24:37.541362+02,2026-05-04 14:24:40.723093+02,3.18,f,23,0.352,
193,5,474,car,Kafasan L2,2026-05-04 14:24:39.124186+02,2026-05-04 14:24:43.317273+02,4.19,f,30,0.795,
195,5,480,car,Kafasan L3,2026-05-04 14:24:41.156525+02,2026-05-04 14:24:45.358668+02,4.2,f,30,0.848,lane_switch:Kafasan L3>Kafasan L2
194,5,441,car,,2026-05-04 14:24:41.87541+02,2026-05-04 14:24:45.213344+02,3.34,f,24,0.375,
196,5,487,car,Kafasan L3,2026-05-04 14:24:43.024548+02,2026-05-04 14:24:45.798399+02,2.77,f,20,0.818,
197,5,441,car,,2026-05-04 14:24:46.240194+02,2026-05-04 14:25:14.362349+02,28.12,f,32,0.39,
198,5,504,car,Kafasan L3,2026-05-04 14:25:17.773503+02,2026-05-04 14:25:19.770439+02,2,f,15,0.818,lane_switch:Kafasan L3>Kafasan L2
199,5,498,car,,2026-05-04 14:25:26.050164+02,2026-05-04 14:25:30.4976+02,4.45,f,16,0.364,
200,5,441,car,,2026-05-04 14:25:32.396341+02,2026-05-04 14:25:34.843711+02,2.45,f,18,0.428,
201,5,441,car,,2026-05-04 14:25:36.574837+02,2026-05-04 14:25:38.892718+02,2.32,f,17,0.444,
202,5,515,car,,2026-05-04 14:25:38.175751+02,2026-05-04 14:25:41.365692+02,3.19,f,23,0.352,
203,5,519,car,Kafasan L2,2026-05-04 14:25:39.765083+02,2026-05-04 14:25:44.124403+02,4.36,f,30,0.795,
205,5,525,car,Kafasan L3,2026-05-04 14:25:41.821277+02,2026-05-04 14:25:46.210412+02,4.39,f,30,0.848,lane_switch:Kafasan L3>Kafasan L2
204,5,441,car,,2026-05-04 14:25:42.645992+02,2026-05-04 14:25:46.062376+02,3.42,f,24,0.375,
206,5,532,car,Kafasan L3,2026-05-04 14:25:43.822382+02,2026-05-04 14:25:46.655064+02,2.83,f,20,0.818,
207,5,441,car,,2026-05-04 14:25:47.099314+02,2026-05-04 14:25:51.637578+02,4.54,f,32,0.39,
208,5,549,car,Kafasan L3,2026-05-04 14:25:55.163742+02,2026-05-04 14:25:57.222067+02,2.06,f,15,0.818,lane_switch:Kafasan L3>Kafasan L2
209,5,543,car,,2026-05-04 14:26:03.839771+02,2026-05-04 14:26:08.353858+02,4.51,f,16,0.364,
210,5,543,car,,2026-05-04 14:26:12.177271+02,2026-05-04 14:26:14.963947+02,2.79,f,20,0.388,
211,5,559,car,Kafasan L3,2026-05-04 14:26:16.285162+02,2026-05-04 14:27:24.755691+02,68.47,f,58,0.704,
212,5,543,car,,2026-05-04 14:27:37.641241+02,2026-05-04 14:27:40.385153+02,2.74,f,20,0.388,
213,5,577,car,Kafasan L3,2026-05-04 14:27:41.681692+02,2026-05-04 14:27:52.545613+02,10.86,f,76,0.724,
214,5,586,truck,Kafasan L2,2026-05-04 14:27:49.194011+02,2026-05-04 14:27:52.986061+02,3.79,f,27,0.86,lane_switch:Kafasan L2>Kafasan L1
215,5,543,car,,2026-05-04 14:27:50.206375+02,2026-05-04 14:27:52.986061+02,2.78,f,20,0.414,
216,5,597,car,,2026-05-04 14:27:56.140248+02,2026-05-04 14:27:59.625155+02,3.48,f,23,0.342,
217,5,441,car,,2026-05-04 14:28:17.552763+02,2026-05-04 14:28:23.321831+02,5.77,f,38,0.404,
218,5,608,car,,2026-05-04 14:28:23.321831+02,2026-05-04 14:28:28.667192+02,5.35,f,35,0.345,
219,5,441,car,,2026-05-04 14:28:25.843+02,2026-05-04 14:28:29.460016+02,3.62,f,24,0.403,
220,5,608,car,,2026-05-04 14:28:29.609992+02,2026-05-04 14:28:32.437639+02,2.83,f,19,0.343,
221,5,608,car,,2026-05-04 14:28:33.068338+02,2026-05-04 14:28:59.584174+02,26.52,f,28,0.338,
222,5,609,car,,2026-05-04 14:29:11.148346+02,2026-05-04 14:29:13.393657+02,2.25,f,15,0.414,
229,5,609,car,,2026-05-04 14:29:40.177424+02,2026-05-04 14:47:47.256737+02,1087.08,f,483,0.438,
223,5,634,car,,2026-05-04 14:29:50.672866+02,2026-05-04 14:29:54.042398+02,3.37,f,24,0.366,
224,5,638,car,,2026-05-04 14:46:34.154942+02,2026-05-04 14:46:41.410588+02,7.26,f,37,0.318,
225,5,638,car,,2026-05-04 14:47:26.764481+02,2026-05-04 14:47:30.083+02,3.32,f,24,0.378,
240,5,668,truck,Kafasan L1,2026-05-04 14:47:31.097059+02,2026-05-04 14:48:38.943735+02,67.85,f,473,0.882,
226,5,672,car,,2026-05-04 14:47:36.645706+02,2026-05-04 14:47:39.772588+02,3.13,f,23,0.354,
227,5,672,car,,2026-05-04 14:47:43.956834+02,2026-05-04 14:47:47.106215+02,3.15,f,23,0.404,
228,5,675,car,,2026-05-04 14:47:43.956834+02,2026-05-04 14:47:47.106215+02,3.15,f,23,0.488,
230,5,692,car,,2026-05-04 14:47:45.671473+02,2026-05-04 14:47:48.114002+02,2.44,f,18,0.637,
231,5,609,car,,2026-05-04 14:47:47.548377+02,2026-05-04 14:48:02.65153+02,15.1,f,106,0.476,
233,5,699,car,,2026-05-04 14:47:58.201313+02,2026-05-04 14:48:09.028365+02,10.83,f,76,0.795,
232,5,698,car,,2026-05-04 14:48:02.792678+02,2026-05-04 14:48:05.544748+02,2.75,f,20,0.439,
235,5,609,car,,2026-05-04 14:48:03.527422+02,2026-05-04 14:48:11.898635+02,8.37,f,59,0.478,
234,5,698,car,,2026-05-04 14:48:07.739111+02,2026-05-04 14:48:09.748026+02,2.01,f,15,0.352,
236,5,719,car,Kafasan L3,2026-05-04 14:48:11.613256+02,2026-05-04 14:48:14.636175+02,3.02,f,22,0.753,
239,5,609,car,,2026-05-04 14:48:13.487688+02,2026-05-04 14:48:23.728063+02,10.24,f,72,0.388,
237,5,719,car,,2026-05-04 14:48:15.356396+02,2026-05-04 14:48:17.363862+02,2.01,f,15,0.852,
238,5,732,car,,2026-05-04 14:48:19.663078+02,2026-05-04 14:48:22.25314+02,2.59,f,19,0.341,
241,5,609,car,,2026-05-04 14:48:24.016058+02,2026-05-04 14:48:44.945936+02,20.93,f,147,0.418,
242,5,754,car,,2026-05-04 14:48:42.659186+02,2026-05-04 14:48:45.089566+02,2.43,f,18,0.331,
246,5,609,car,,2026-05-04 14:48:50.439124+02,2026-05-04 14:49:06.327954+02,15.89,f,72,0.443,
243,5,760,car,,2026-05-04 14:48:52.736442+02,2026-05-04 14:48:56.902268+02,4.17,f,28,0.319,
244,5,754,car,,2026-05-04 14:48:57.046709+02,2026-05-04 14:48:59.676613+02,2.63,f,19,0.39,
245,5,759,car,,2026-05-04 14:48:57.046709+02,2026-05-04 14:48:59.676613+02,2.63,f,19,0.367,
248,5,761,car,Kafasan L2,2026-05-04 14:49:05.169335+02,2026-05-04 14:49:10.038842+02,4.87,f,35,0.811,
247,5,609,car,,2026-05-04 14:49:06.899564+02,2026-05-04 14:49:09.172476+02,2.27,f,17,0.43,
249,5,768,car,Kafasan L2,2026-05-04 14:49:07.609322+02,2026-05-04 14:49:17.353503+02,9.74,f,69,0.868,
252,5,609,car,,2026-05-04 14:49:10.038842+02,2026-05-04 14:49:47.910326+02,37.87,f,99,0.442,
250,5,770,car,,2026-05-04 14:49:12.263154+02,2026-05-04 14:49:17.353503+02,5.09,f,37,0.337,
251,5,771,car,,2026-05-04 14:49:17.641515+02,2026-05-04 14:49:20.748909+02,3.11,f,23,0.381,
253,5,772,bus,Kafasan L3,2026-05-04 14:49:21.0351+02,2026-05-04 14:49:48.778559+02,27.74,f,28,0.873,
256,5,770,car,,2026-05-04 14:49:48.495531+02,2026-05-04 14:49:57.348339+02,8.85,f,62,0.369,
255,5,609,car,,2026-05-04 14:49:51.072982+02,2026-05-04 14:49:57.203952+02,6.13,f,43,0.486,
254,5,787,car,Kafasan L2,2026-05-04 14:49:51.928681+02,2026-05-04 14:49:55.065448+02,3.14,f,23,0.838,
257,5,792,car,,2026-05-04 14:49:58.351885+02,2026-05-04 14:51:12.53299+02,74.18,f,54,0.447,
260,5,798,car,,2026-05-04 14:51:13.254139+02,2026-05-04 14:51:21.780832+02,8.53,f,61,0.368,
259,5,792,car,,2026-05-04 14:51:15.692821+02,2026-05-04 14:51:21.641054+02,5.95,f,43,0.486,
258,5,811,car,Kafasan L2,2026-05-04 14:51:16.542846+02,2026-05-04 14:51:19.642401+02,3.1,f,23,0.838,
265,5,816,car,,2026-05-04 14:51:22.791312+02,2026-05-04 14:51:51.666432+02,28.88,f,202,0.446,
261,5,823,truck,,2026-05-04 14:51:28.926782+02,2026-05-04 14:51:35.465249+02,6.54,f,47,0.565,
262,5,824,truck,,2026-05-04 14:51:33.756025+02,2026-05-04 14:51:38.342003+02,4.59,f,33,0.796,
263,5,826,truck,Kafasan L2,2026-05-04 14:51:35.754469+02,2026-05-04 14:51:40.035339+02,4.28,f,30,0.918,lane_switch:Kafasan L2>Kafasan L1
276,5,824,truck,Kafasan L1,2026-05-04 14:51:40.798059+02,2026-05-04 14:52:30.418724+02,49.62,f,347,0.874,lane_switch:Kafasan L1>Kafasan L2
264,5,825,car,,2026-05-04 14:51:42.09421+02,2026-05-04 14:51:44.65468+02,2.56,f,19,0.354,
270,5,816,car,,2026-05-04 14:51:52.54191+02,2026-05-04 14:52:09.42078+02,16.88,f,119,0.412,
266,5,842,car,,2026-05-04 14:51:54.698286+02,2026-05-04 14:52:01.226035+02,6.53,f,47,0.333,
267,5,843,car,Kafasan L2,2026-05-04 14:52:01.515233+02,2026-05-04 14:52:05.423208+02,3.91,f,28,0.881,
268,5,844,car,,2026-05-04 14:52:01.515233+02,2026-05-04 14:52:05.423208+02,3.91,f,28,0.806,
269,5,845,car,,2026-05-04 14:52:01.515233+02,2026-05-04 14:52:05.423208+02,3.91,f,28,0.559,
271,5,816,car,,2026-05-04 14:52:09.707792+02,2026-05-04 14:52:13.722724+02,4.01,f,29,0.482,
274,5,858,car,,2026-05-04 14:52:13.864714+02,2026-05-04 14:52:17.448877+02,3.58,f,26,0.313,
272,5,861,car,Kafasan L3,2026-05-04 14:52:14.01125+02,2026-05-04 14:52:17.156567+02,3.15,f,23,0.797,
273,5,863,car,,2026-05-04 14:52:14.01125+02,2026-05-04 14:52:17.156567+02,3.15,f,23,0.364,
278,5,816,car,,2026-05-04 14:52:17.301533+02,2026-05-04 14:52:31.285786+02,13.98,f,98,0.452,
275,5,868,car,Kafasan L2,2026-05-04 14:52:19.745646+02,2026-05-04 14:52:23.49757+02,3.75,f,27,0.82,
279,5,870,car,,2026-05-04 14:52:25.097036+02,2026-05-04 14:52:31.429643+02,6.33,f,45,0.346,
277,5,883,car,Kafasan L3,2026-05-04 14:52:25.242205+02,2026-05-04 14:52:30.418724+02,5.18,f,37,0.83,
281,5,887,car,Kafasan L2,2026-05-04 14:52:34.043728+02,2026-05-04 14:52:37.945352+02,3.9,f,28,0.821,
280,5,816,car,,2026-05-04 14:52:34.768999+02,2026-05-04 14:52:37.076247+02,2.31,f,17,0.43,
283,5,893,car,Kafasan L2,2026-05-04 14:52:35.492259+02,2026-05-04 14:52:45.251709+02,9.76,f,69,0.868,
285,5,816,car,,2026-05-04 14:52:37.945352+02,2026-05-04 14:52:52.026136+02,14.08,f,99,0.442,
282,5,898,car,,2026-05-04 14:52:40.124575+02,2026-05-04 14:52:45.251709+02,5.13,f,37,0.337,
284,5,899,car,,2026-05-04 14:52:45.546527+02,2026-05-04 14:52:48.698715+02,3.15,f,23,0.381,
286,5,900,bus,Kafasan L3,2026-05-04 14:52:48.987889+02,2026-05-04 14:52:52.905893+02,3.92,f,28,0.873,
289,5,898,car,,2026-05-04 14:52:52.615874+02,2026-05-04 14:53:01.471945+02,8.86,f,62,0.369,
288,5,816,car,,2026-05-04 14:52:55.24128+02,2026-05-04 14:53:01.326577+02,6.09,f,43,0.486,
287,5,915,car,Kafasan L2,2026-05-04 14:52:56.111525+02,2026-05-04 14:52:59.281224+02,3.17,f,23,0.838,
294,5,920,car,,2026-05-04 14:53:02.492207+02,2026-05-04 14:53:33.279093+02,30.79,f,202,0.446,
290,5,927,truck,,2026-05-04 14:53:08.997178+02,2026-05-04 14:53:16.336785+02,7.34,f,47,0.565,
291,5,928,truck,,2026-05-04 14:53:14.598018+02,2026-05-04 14:53:19.414024+02,4.82,f,33,0.796,
292,5,930,truck,Kafasan L2,2026-05-04 14:53:16.629926+02,2026-05-04 14:53:21.071362+02,4.44,f,30,0.918,lane_switch:Kafasan L2>Kafasan L1
305,5,928,truck,Kafasan L1,2026-05-04 14:53:21.81449+02,2026-05-04 14:54:13.066295+02,51.25,f,347,0.874,lane_switch:Kafasan L1>Kafasan L2
293,5,929,car,,2026-05-04 14:53:23.277664+02,2026-05-04 14:53:25.989758+02,2.71,f,19,0.354,
299,5,920,car,,2026-05-04 14:53:34.173718+02,2026-05-04 14:53:51.556717+02,17.38,f,119,0.412,
295,5,946,car,,2026-05-04 14:53:36.380354+02,2026-05-04 14:53:43.126666+02,6.75,f,47,0.333,
296,5,947,car,Kafasan L2,2026-05-04 14:53:43.425104+02,2026-05-04 14:53:47.412871+02,3.99,f,28,0.881,
297,5,948,car,,2026-05-04 14:53:43.425104+02,2026-05-04 14:53:47.412871+02,3.99,f,28,0.806,
298,5,949,car,,2026-05-04 14:53:43.425104+02,2026-05-04 14:53:47.412871+02,3.99,f,28,0.559,
300,5,920,car,,2026-05-04 14:53:51.852326+02,2026-05-04 14:53:55.973565+02,4.12,f,29,0.482,
303,5,962,car,,2026-05-04 14:53:56.120263+02,2026-05-04 14:53:59.789974+02,3.67,f,26,0.313,
301,5,965,car,Kafasan L3,2026-05-04 14:53:56.27252+02,2026-05-04 14:53:59.49389+02,3.22,f,23,0.797,
302,5,967,car,,2026-05-04 14:53:56.27252+02,2026-05-04 14:53:59.49389+02,3.22,f,23,0.364,
307,5,920,car,,2026-05-04 14:53:59.640552+02,2026-05-04 14:54:13.948515+02,14.31,f,98,0.452,
304,5,972,car,Kafasan L2,2026-05-04 14:54:02.164359+02,2026-05-04 14:54:06.004236+02,3.84,f,27,0.82,
308,5,974,car,,2026-05-04 14:54:07.633308+02,2026-05-04 14:54:14.095879+02,6.46,f,45,0.346,
306,5,987,car,Kafasan L3,2026-05-04 14:54:07.779331+02,2026-05-04 14:54:13.066295+02,5.29,f,37,0.83,
311,5,920,car,,2026-05-04 14:54:14.24618+02,2026-05-04 14:54:49.832005+02,35.59,f,213,0.431,
309,5,991,car,,2026-05-04 14:54:18.90838+02,2026-05-04 14:54:23.732462+02,4.82,f,34,0.351,
310,5,1001,car,,2026-05-04 14:54:42.817901+02,2026-05-04 14:54:47.357503+02,4.54,f,32,0.351,
314,5,920,car,,2026-05-04 14:54:50.127465+02,2026-05-04 14:56:15.526057+02,85.4,f,124,0.425,
312,5,1001,car,,2026-05-04 14:54:54.958018+02,2026-05-04 14:55:58.813298+02,63.86,f,26,0.329,
313,5,1011,car,,2026-05-04 14:56:08.326829+02,2026-05-04 14:56:12.902109+02,4.58,f,32,0.351,
316,5,920,car,,2026-05-04 14:56:15.837042+02,2026-05-04 14:56:30.738483+02,14.9,f,100,0.433,
315,5,1011,car,,2026-05-04 14:56:20.976875+02,2026-05-04 14:56:24.650828+02,3.67,f,26,0.329,
319,5,920,car,,2026-05-04 14:56:31.030893+02,2026-05-04 14:56:40.339082+02,9.31,f,60,0.428,
317,5,1026,truck,,2026-05-04 14:56:32.145359+02,2026-05-04 14:56:37.995886+02,5.85,f,40,0.629,
318,5,1027,truck,Kafasan L3,2026-05-04 14:56:35.755989+02,2026-05-04 14:56:39.296847+02,3.54,f,23,0.829,lane_switch:Kafasan L3>Kafasan L2>Kafasan L1
321,5,1045,truck,Kafasan L1,2026-05-04 14:56:39.822983+02,2026-05-04 14:57:33.686069+02,53.86,f,286,0.912,
320,5,920,car,,2026-05-04 14:56:48.310744+02,2026-05-04 14:57:14.152897+02,25.84,f,162,0.424,
322,5,920,car,,2026-05-04 14:57:14.532466+02,2026-05-04 14:57:40.865388+02,26.33,f,140,0.441,
325,5,920,car,,2026-05-04 14:57:41.17486+02,2026-05-04 14:57:51.541253+02,10.37,f,60,0.428,
323,5,1107,truck,,2026-05-04 14:57:42.305332+02,2026-05-04 14:57:49.226353+02,6.92,f,40,0.629,
324,5,1108,truck,Kafasan L3,2026-05-04 14:57:46.736968+02,2026-05-04 14:57:50.499903+02,3.76,f,23,0.829,lane_switch:Kafasan L3>Kafasan L2>Kafasan L1
329,5,1126,truck,Kafasan L1,2026-05-04 14:57:51.021836+02,2026-05-04 14:59:18.177683+02,87.16,f,367,0.912,lane_switch:Kafasan L1>Kafasan L2
326,5,920,car,,2026-05-04 14:57:55.274515+02,2026-05-04 14:58:23.257443+02,27.98,f,162,0.424,
327,5,920,car,,2026-05-04 14:58:23.668838+02,2026-05-04 14:58:43.854007+02,20.19,f,102,0.44,
328,5,920,car,,2026-05-04 14:58:46.856641+02,2026-05-04 14:59:17.53651+02,30.68,f,58,0.441,
330,5,920,car,,2026-05-04 14:59:19.280175+02,2026-05-04 15:01:37.224331+02,137.94,f,652,0.43,
332,5,920,car,,2026-05-04 15:01:37.6342+02,2026-05-04 15:01:43.464959+02,5.83,f,33,0.416,
331,5,1262,truck,Kafasan L2,2026-05-04 15:01:38.701823+02,2026-05-04 15:01:41.647507+02,2.95,f,17,0.893,lane_switch:Kafasan L2>Kafasan L1
333,5,920,car,,2026-05-04 15:01:47.907216+02,2026-05-04 15:01:59.949419+02,12.04,f,64,0.401,
334,5,1288,car,Kafasan L2,2026-05-04 15:01:59.641927+02,2026-05-04 15:02:02.36212+02,2.72,f,15,0.784,
335,5,1299,car,,2026-05-04 15:02:03.436223+02,2026-05-04 15:02:10.355616+02,6.92,f,31,0.4,
336,5,1299,car,,2026-05-04 15:02:12.139428+02,2026-05-04 15:02:14.972613+02,2.83,f,19,0.344,
337,5,1299,car,,2026-05-04 15:02:15.662114+02,2026-05-04 15:02:19.777021+02,4.11,f,23,0.404,
338,5,1299,car,,2026-05-04 15:02:24.382777+02,2026-05-04 15:02:35.744483+02,11.36,f,64,0.401,
339,5,1332,car,Kafasan L2,2026-05-04 15:02:35.43081+02,2026-05-04 15:02:38.112953+02,2.68,f,15,0.784,
340,5,1343,car,,2026-05-04 15:02:39.083989+02,2026-05-04 15:02:46.755228+02,7.67,f,31,0.4,
341,5,1343,car,,2026-05-04 15:02:48.369746+02,2026-05-04 15:02:51.706732+02,3.34,f,19,0.344,
342,5,1343,car,,2026-05-04 15:02:52.378569+02,2026-05-04 15:03:00.480871+02,8.1,f,46,0.402,
343,5,1343,car,,2026-05-04 15:03:04.115589+02,2026-05-04 15:04:13.367304+02,69.25,f,34,0.372,
344,5,1343,car,,2026-05-04 15:04:15.228848+02,2026-05-04 15:04:19.038576+02,3.81,f,19,0.344,
345,5,1343,car,,2026-05-04 15:04:19.877969+02,2026-05-04 15:04:29.488589+02,9.61,f,46,0.402,
347,5,1343,car,,2026-05-04 15:04:32.978068+02,2026-05-04 15:04:45.077657+02,12.1,f,57,0.384,
346,5,1385,car,Kafasan L3,2026-05-04 15:04:40.058137+02,2026-05-04 15:04:43.321703+02,3.26,f,16,0.782,
348,5,1398,car,,2026-05-04 15:04:47.659607+02,2026-05-04 15:04:51.814278+02,4.15,f,20,0.417,
349,5,1398,car,,2026-05-04 15:04:52.25147+02,2026-05-04 15:05:04.008913+02,11.76,f,59,0.444,
351,5,1414,car,Kafasan L2,2026-05-04 15:05:04.008913+02,2026-05-04 15:05:06.94735+02,2.94,f,20,0.821,
350,5,1398,car,,2026-05-04 15:05:04.477059+02,2026-05-04 15:05:06.94735+02,2.47,f,17,0.414,
352,5,1411,car,,2026-05-04 15:05:05.400246+02,2026-05-04 15:05:07.729343+02,2.33,f,16,0.363,
353,5,1413,car,Kafasan L2,2026-05-04 15:05:06.175755+02,2026-05-04 15:05:09.117274+02,2.94,f,20,0.774,
354,5,1398,car,,2026-05-04 15:05:13.040641+02,2026-05-04 15:05:15.397947+02,2.36,f,16,0.385,
355,5,1411,car,,2026-05-04 15:05:13.192775+02,2026-05-04 15:05:15.397947+02,2.21,f,15,0.351,
357,5,1398,car,,2026-05-04 15:05:15.70317+02,2026-05-04 15:06:05.431281+02,49.73,f,138,0.416,
356,5,1411,car,,2026-05-04 15:05:56.771942+02,2026-05-04 15:06:01.75439+02,4.98,f,23,0.375,
358,5,1411,car,,2026-05-04 15:06:02.213543+02,2026-05-04 15:06:09.8096+02,7.6,f,34,0.332,
360,5,1398,car,,2026-05-04 15:06:09.095254+02,2026-05-04 15:06:37.797138+02,28.7,f,72,0.43,
359,5,1411,car,,2026-05-04 15:06:12.367503+02,2026-05-04 15:06:28.941344+02,16.57,f,17,0.373,
361,5,1398,car,,2026-05-04 15:06:40.427922+02,2026-05-04 15:06:44.878967+02,4.45,f,19,0.46,
364,5,1411,car,,2026-05-04 15:06:43.858439+02,2026-05-04 15:07:20.245713+02,36.39,f,98,0.429,
362,5,1479,car,,2026-05-04 15:06:45.152353+02,2026-05-04 15:06:51.138321+02,5.99,f,24,0.437,
365,5,1398,car,,2026-05-04 15:06:51.387433+02,2026-05-04 15:07:25.834238+02,34.45,f,90,0.431,
363,5,1486,car,,2026-05-04 15:06:51.642313+02,2026-05-04 15:07:10.208557+02,18.57,f,28,0.332,
367,5,1398,car,,2026-05-04 15:07:26.764894+02,2026-05-04 15:08:11.480265+02,44.72,f,135,0.448,
366,5,1411,car,,2026-05-04 15:07:27.780096+02,2026-05-04 15:07:32.712264+02,4.93,f,20,0.382,
368,5,1490,car,,2026-05-04 15:07:33.229974+02,2026-05-04 15:08:18.468469+02,45.24,f,136,0.378,
369,5,1398,car,,2026-05-04 15:08:12.015947+02,2026-05-04 15:08:23.306031+02,11.29,f,43,0.402,
371,5,1490,car,,2026-05-04 15:08:19.001302+02,2026-05-04 15:08:48.890312+02,29.89,f,85,0.395,
370,5,1398,car,,2026-05-04 15:08:33.07818+02,2026-05-04 15:08:47.60714+02,14.53,f,59,0.419,
373,5,1398,car,,2026-05-04 15:08:49.148569+02,2026-05-04 15:09:32.941124+02,43.79,f,141,0.454,
372,5,1490,car,,2026-05-04 15:09:19.157199+02,2026-05-04 15:09:27.210043+02,8.05,f,34,0.477,
374,5,1490,car,,2026-05-04 15:09:32.263152+02,2026-05-04 15:09:35.635272+02,3.37,f,16,0.351,
378,5,1511,car,,2026-05-04 15:09:33.401587+02,2026-05-04 15:10:16.129391+02,42.73,f,134,0.403,
375,5,1514,car,Kafasan L2,2026-05-04 15:09:35.635272+02,2026-05-04 15:09:41.466235+02,5.83,f,27,0.733,
376,5,1490,car,,2026-05-04 15:09:56.893098+02,2026-05-04 15:09:59.815373+02,2.92,f,15,0.362,
377,5,1490,car,,2026-05-04 15:10:01.061822+02,2026-05-04 15:10:14.975892+02,13.91,f,63,0.368,
382,5,1511,car,,2026-05-04 15:10:16.59986+02,2026-05-04 15:11:17.881711+02,61.28,f,192,0.43,
379,5,1490,car,,2026-05-04 15:10:18.897704+02,2026-05-04 15:10:41.788547+02,22.89,f,43,0.378,
380,5,1490,car,,2026-05-04 15:10:44.193929+02,2026-05-04 15:11:00.745298+02,16.55,f,68,0.452,
381,5,1490,car,,2026-05-04 15:11:05.080026+02,2026-05-04 15:11:11.868321+02,6.79,f,26,0.376,
383,5,1511,car,,2026-05-04 15:11:18.471769+02,2026-05-04 15:11:25.080436+02,6.61,f,23,0.422,
385,5,1527,car,,2026-05-04 15:11:18.791728+02,2026-05-04 15:11:45.990682+02,27.2,f,105,0.366,
386,5,1511,car,,2026-05-04 15:11:26.807441+02,2026-05-04 15:11:51.572885+02,24.77,f,105,0.405,
384,5,1529,car,,2026-05-04 15:11:39.411684+02,2026-05-04 15:11:43.350931+02,3.94,f,18,0.307,
387,5,1530,car,,2026-05-04 15:11:51.572885+02,2026-05-04 15:11:56.071789+02,4.5,f,18,0.397,
397,5,1511,car,,2026-05-04 15:11:52.462561+02,2026-05-04 15:14:10.640459+02,138.18,f,452,0.428,
388,5,1535,car,,2026-05-04 15:12:03.347772+02,2026-05-04 15:12:06.413776+02,3.07,f,15,0.325,
389,5,1535,car,,2026-05-04 15:12:06.860722+02,2026-05-04 15:12:25.299822+02,18.44,f,18,0.316,
390,5,1530,car,,2026-05-04 15:12:25.457962+02,2026-05-04 15:12:28.23903+02,2.78,f,19,0.361,
392,5,1530,car,,2026-05-04 15:12:29.443978+02,2026-05-04 15:12:40.864588+02,11.42,f,54,0.42,
391,5,1540,truck,Kafasan L2,2026-05-04 15:12:30.116804+02,2026-05-04 15:12:34.447798+02,4.33,f,23,0.811,
393,5,1543,car,,2026-05-04 15:12:46.06292+02,2026-05-04 15:13:09.163579+02,23.1,f,33,0.344,
394,5,1544,car,,2026-05-04 15:13:09.582891+02,2026-05-04 15:13:13.504875+02,3.92,f,23,0.803,
395,5,1543,car,,2026-05-04 15:13:14.753829+02,2026-05-04 15:13:24.137821+02,9.38,f,50,0.383,
396,5,1543,car,,2026-05-04 15:13:24.524382+02,2026-05-04 15:13:53.291775+02,28.77,f,65,0.385,
398,5,1543,car,,2026-05-04 15:13:53.761788+02,2026-05-04 15:14:31.147533+02,37.39,f,96,0.369,
399,5,1511,car,,2026-05-04 15:14:11.158234+02,2026-05-04 15:14:32.995495+02,21.84,f,16,0.353,
400,5,1543,car,,2026-05-04 15:14:32.377973+02,2026-05-04 15:14:53.128683+02,20.75,f,96,0.354,
403,5,1549,car,,2026-05-04 15:14:35.052848+02,2026-05-04 15:15:53.818966+02,78.77,f,228,0.431,
402,5,1561,car,,2026-05-04 15:15:25.558979+02,2026-05-04 15:15:32.28294+02,6.72,f,29,0.377,
401,5,1568,car,Kafasan L3,2026-05-04 15:15:25.834211+02,2026-05-04 15:15:32.28294+02,6.45,f,28,0.849,
404,5,1574,truck,Kafasan L2,2026-05-04 15:15:55.980914+02,2026-05-04 15:16:01.286478+02,5.31,f,18,0.724,
408,5,1549,car,,2026-05-04 15:15:57.098892+02,2026-05-04 15:17:21.552945+02,84.45,f,267,0.441,
406,5,1561,car,,2026-05-04 15:16:10.145863+02,2026-05-04 15:16:41.966192+02,31.82,f,92,0.35,
405,5,1599,car,,2026-05-04 15:16:14.700769+02,2026-05-04 15:16:21.973517+02,7.27,f,26,0.307,
407,5,1561,car,,2026-05-04 15:16:42.552968+02,2026-05-04 15:16:49.939634+02,7.39,f,37,0.384,
409,5,1561,car,,2026-05-04 15:16:52.328369+02,2026-05-04 15:17:21.978658+02,29.65,f,80,0.372,
411,5,1603,car,,2026-05-04 15:17:21.978658+02,2026-05-04 15:17:29.583703+02,7.61,f,33,0.4,
410,5,1561,car,,2026-05-04 15:17:22.641009+02,2026-05-04 15:17:27.648397+02,5.01,f,21,0.406,
412,5,1605,truck,Kafasan L2,2026-05-04 15:17:26.298112+02,2026-05-04 15:17:30.961498+02,4.66,f,22,0.837,lane_switch:Kafasan L2>Kafasan L1>Kafasan L2
413,5,1561,car,,2026-05-04 15:17:28.294068+02,2026-05-04 15:17:32.702681+02,4.41,f,21,0.408,
414,5,1603,car,,2026-05-04 15:17:34.143562+02,2026-05-04 15:18:00.005957+02,25.86,f,50,0.386,
417,5,1561,car,,2026-05-04 15:17:34.351056+02,2026-05-04 15:18:11.47342+02,37.12,f,104,0.374,
415,5,1616,car,,2026-05-04 15:18:00.403132+02,2026-05-04 15:18:03.290644+02,2.89,f,15,0.354,
416,5,1617,car,,2026-05-04 15:18:00.403132+02,2026-05-04 15:18:06.395301+02,5.99,f,30,0.321,
418,5,1603,car,,2026-05-04 15:18:03.497431+02,2026-05-04 15:18:11.687419+02,8.19,f,40,0.455,
420,5,1628,car,,2026-05-04 15:18:12.109606+02,2026-05-04 15:18:15.689209+02,3.58,f,18,0.37,
419,5,1561,car,,2026-05-04 15:18:12.522398+02,2026-05-04 15:18:15.479735+02,2.96,f,15,0.369,
421,5,1561,car,,2026-05-04 15:18:16.531586+02,2026-05-04 15:18:41.350611+02,24.82,f,45,0.387,
426,5,1630,car,,2026-05-04 15:18:20.875145+02,2026-05-04 15:19:48.961106+02,88.09,f,229,0.397,
422,5,1634,car,,2026-05-04 15:18:41.753101+02,2026-05-04 15:18:51.16497+02,9.41,f,42,0.517,
423,5,1635,car,,2026-05-04 15:18:51.719315+02,2026-05-04 15:18:58.493464+02,6.77,f,27,0.382,
424,5,1635,car,,2026-05-04 15:18:59.287582+02,2026-05-04 15:19:10.489971+02,11.2,f,41,0.365,
425,5,1640,car,,2026-05-04 15:19:25.408989+02,2026-05-04 15:19:31.399014+02,5.99,f,20,0.364,
427,5,1640,car,,2026-05-04 15:19:40.991177+02,2026-05-04 15:19:52.789613+02,11.8,f,39,0.368,
428,5,1630,car,,2026-05-04 15:19:50.260374+02,2026-05-04 15:19:55.10268+02,4.84,f,16,0.428,
431,5,1630,car,,2026-05-04 15:19:56.528435+02,2026-05-04 15:20:32.148848+02,35.62,f,113,0.416,
429,5,1640,car,,2026-05-04 15:19:58.244567+02,2026-05-04 15:20:06.783853+02,8.54,f,24,0.375,
430,5,1648,car,,2026-05-04 15:20:19.192422+02,2026-05-04 15:20:24.553852+02,5.36,f,19,0.352,
432,5,1630,car,,2026-05-04 15:20:32.629569+02,2026-05-04 15:20:38.956858+02,6.33,f,23,0.436,
434,5,1630,car,,2026-05-04 15:20:39.89072+02,2026-05-04 15:20:59.239218+02,19.35,f,50,0.413,
433,5,1652,car,,2026-05-04 15:20:53.799921+02,2026-05-04 15:20:57.696805+02,3.9,f,15,0.34,
435,5,1630,car,,2026-05-04 15:21:03.022661+02,2026-05-04 15:21:19.263244+02,16.24,f,60,0.418,
437,5,1630,car,,2026-05-04 15:21:27.719448+02,2026-05-04 15:21:40.737463+02,13.02,f,51,0.418,
436,5,1686,car,,2026-05-04 15:21:30.157867+02,2026-05-04 15:21:35.669164+02,5.51,f,19,0.303,
438,5,1685,car,,2026-05-04 15:21:35.93696+02,2026-05-04 15:21:43.35383+02,7.42,f,30,0.362,
440,5,1630,car,,2026-05-04 15:21:42.035652+02,2026-05-04 15:22:11.585214+02,29.55,f,78,0.41,
439,5,1685,car,,2026-05-04 15:21:44.157767+02,2026-05-04 15:21:49.580675+02,5.42,f,21,0.35,
446,5,1630,car,,2026-05-04 15:22:12.560529+02,2026-05-04 15:23:02.931161+02,50.37,f,245,0.399,
441,5,1685,car,,2026-05-04 15:22:19.492595+02,2026-05-04 15:22:23.502281+02,4.01,f,16,0.324,
442,5,1702,car,,2026-05-04 15:22:26.11837+02,2026-05-04 15:22:35.833542+02,9.72,f,40,0.517,
443,5,1703,car,,2026-05-04 15:22:36.209638+02,2026-05-04 15:22:40.654029+02,4.44,f,27,0.382,
444,5,1703,car,,2026-05-04 15:22:41.142661+02,2026-05-04 15:22:47.809748+02,6.67,f,41,0.365,
445,5,1708,car,,2026-05-04 15:22:50.984163+02,2026-05-04 15:22:54.005663+02,3.02,f,20,0.364,
447,5,1708,car,,2026-05-04 15:22:58.784981+02,2026-05-04 15:23:04.880433+02,6.1,f,39,0.368,
448,5,1630,car,,2026-05-04 15:23:03.584148+02,2026-05-04 15:23:06.01632+02,2.43,f,16,0.428,
451,5,1630,car,,2026-05-04 15:23:06.664673+02,2026-05-04 15:23:25.139219+02,18.47,f,113,0.416,
449,5,1708,car,,2026-05-04 15:23:07.472543+02,2026-05-04 15:23:11.204905+02,3.73,f,24,0.375,
450,5,1716,car,,2026-05-04 15:23:17.654984+02,2026-05-04 15:23:20.564402+02,2.91,f,19,0.352,
452,5,1630,car,,2026-05-04 15:23:25.481174+02,2026-05-04 15:23:29.057438+02,3.58,f,23,0.436,
454,5,1630,car,,2026-05-04 15:23:29.552612+02,2026-05-04 15:23:37.539598+02,7.99,f,50,0.413,
453,5,1720,car,,2026-05-04 15:23:34.426007+02,2026-05-04 15:23:36.718199+02,2.29,f,15,0.34,
455,5,1630,car,,2026-05-04 15:23:39.496707+02,2026-05-04 15:23:49.090037+02,9.59,f,60,0.418,
457,5,1630,car,,2026-05-04 15:23:50.739939+02,2026-05-04 15:23:58.874435+02,8.13,f,51,0.418,
456,5,1754,car,,2026-05-04 15:23:52.707804+02,2026-05-04 15:23:55.635561+02,2.93,f,19,0.303,
458,5,1753,car,,2026-05-04 15:23:55.797459+02,2026-05-04 15:24:00.501351+02,4.7,f,30,0.362,
460,5,1630,car,,2026-05-04 15:23:59.690307+02,2026-05-04 15:24:12.26414+02,12.57,f,78,0.41,
459,5,1753,car,,2026-05-04 15:24:00.995094+02,2026-05-04 15:24:04.246675+02,3.25,f,21,0.35,
462,5,1630,car,,2026-05-04 15:24:12.753517+02,2026-05-04 15:24:28.404601+02,15.65,f,86,0.41,
461,5,1753,car,,2026-05-04 15:24:16.996073+02,2026-05-04 15:24:24.396254+02,7.4,f,34,0.332,
463,5,1753,car,,2026-05-04 15:24:27.943145+02,2026-05-04 15:24:31.030012+02,3.09,f,21,0.369,
464,5,1630,car,,2026-05-04 15:24:37.463001+02,2026-05-04 15:24:44.373755+02,6.91,f,43,0.368,
465,5,1630,car,,2026-05-04 15:24:52.253177+02,2026-05-04 15:25:02.738993+02,10.49,f,65,0.393,
468,5,1630,car,,2026-05-04 15:25:03.085828+02,2026-05-04 15:25:14.157517+02,11.07,f,68,0.382,
466,5,1787,car,,2026-05-04 15:25:06.200845+02,2026-05-04 15:25:08.490771+02,2.29,f,15,0.357,
467,5,1787,car,,2026-05-04 15:25:08.820158+02,2026-05-04 15:25:11.094821+02,2.27,f,15,0.347,
469,5,1630,car,,2026-05-04 15:25:16.377048+02,2026-05-04 15:25:23.411616+02,7.03,f,42,0.419,
470,5,1630,car,,2026-05-04 15:25:24.725505+02,2026-05-04 15:25:32.083488+02,7.36,f,46,0.407,
471,5,1630,car,,2026-05-04 15:25:32.417757+02,2026-05-04 15:25:35.018777+02,2.6,f,17,0.399,
472,5,1829,car,,2026-05-04 15:25:43.254472+02,2026-05-04 15:25:46.620095+02,3.37,f,23,0.393,
473,5,1787,car,,2026-05-04 15:25:45.386432+02,2026-05-04 15:25:48.178682+02,2.79,f,19,0.359,
474,5,1829,car,,2026-05-04 15:25:50.391029+02,2026-05-04 15:26:02.048778+02,11.66,f,42,0.398,
476,5,1829,car,,2026-05-04 15:26:13.911487+02,2026-05-04 15:26:26.398148+02,12.49,f,57,0.403,
475,5,1831,car,,2026-05-04 15:26:21.957287+02,2026-05-04 15:26:25.025183+02,3.07,f,15,0.393,
477,5,1829,car,,2026-05-04 15:26:26.859579+02,2026-05-04 15:26:37.853414+02,10.99,f,50,0.385,
478,5,1829,car,,2026-05-04 15:26:38.309288+02,2026-05-04 15:26:42.096222+02,3.79,f,18,0.381,
479,5,1829,car,,2026-05-04 15:26:44.554903+02,2026-05-04 15:26:53.399923+02,8.85,f,41,0.42,
480,5,1865,car,,2026-05-04 15:26:55.429988+02,2026-05-04 15:27:05.53311+02,10.1,f,46,0.41,
481,5,1865,car,,2026-05-04 15:27:06.047644+02,2026-05-04 15:27:10.223167+02,4.18,f,18,0.399,
482,5,1875,car,,2026-05-04 15:27:19.570209+02,2026-05-04 15:27:23.268734+02,3.7,f,23,0.393,
483,5,1831,car,,2026-05-04 15:27:21.932071+02,2026-05-04 15:27:24.92623+02,2.99,f,19,0.359,
484,5,1875,car,,2026-05-04 15:27:26.755491+02,2026-05-04 15:27:30.52702+02,3.77,f,24,0.424,
485,5,1875,car,,2026-05-04 15:27:31.17766+02,2026-05-04 15:27:35.63202+02,4.45,f,28,0.454,
486,5,1875,car,,2026-05-04 15:27:36.316381+02,2026-05-04 15:27:41.97917+02,5.66,f,36,0.447,
487,5,1895,car,,2026-05-04 15:27:44.519272+02,2026-05-04 15:27:57.497031+02,12.98,f,61,0.41,
488,5,1895,car,,2026-05-04 15:28:35.522429+02,2026-05-04 15:28:39.516029+02,3.99,f,20,0.388,
489,5,1895,car,,2026-05-04 15:28:41.592061+02,2026-05-04 15:29:44.328541+02,62.74,f,19,0.402,
490,5,1895,car,,2026-05-04 15:29:59.632881+02,2026-05-04 15:30:02.833776+02,3.2,f,20,0.388,
491,5,1895,car,,2026-05-04 15:30:04.507192+02,2026-05-04 15:30:07.520076+02,3.01,f,19,0.402,
494,5,1950,bus,Kafasan L2,2026-05-04 15:30:08.684153+02,2026-05-04 15:30:16.048161+02,7.36,f,45,0.884,lane_switch:Kafasan L2>Kafasan L3
492,5,1895,car,,2026-05-04 15:30:09.354015+02,2026-05-04 15:30:12.689148+02,3.34,f,21,0.38,
493,5,1959,car,Kafasan L2,2026-05-04 15:30:12.689148+02,2026-05-04 15:30:15.876808+02,3.19,f,20,0.666,
495,5,1895,car,,2026-05-04 15:30:19.238327+02,2026-05-04 15:30:24.653532+02,5.42,f,33,0.432,
496,5,1895,car,,2026-05-04 15:30:25.022454+02,2026-05-04 15:30:27.977815+02,2.96,f,18,0.369,
497,5,1985,car,,2026-05-04 15:30:26.797981+02,2026-05-04 15:30:33.718665+02,6.92,f,42,0.368,
499,5,1985,car,,2026-05-04 15:30:34.079703+02,2026-05-04 15:30:42.812543+02,8.73,f,53,0.375,
498,5,1895,car,,2026-05-04 15:30:34.260109+02,2026-05-04 15:30:37.97131+02,3.71,f,23,0.396,
500,5,1895,car,,2026-05-04 15:30:42.812543+02,2026-05-04 15:30:45.150008+02,2.34,f,15,0.405,
501,5,1895,car,,2026-05-04 15:30:54.953923+02,2026-05-04 15:31:01.28687+02,6.33,f,39,0.425,
502,5,2050,car,,2026-05-04 15:31:32.211303+02,2026-05-04 15:31:35.938794+02,3.73,f,24,0.398,
503,5,2054,car,,2026-05-04 15:31:34.478554+02,2026-05-04 15:31:37.430315+02,2.95,f,19,0.364,
505,5,2054,car,,2026-05-04 15:31:40.710263+02,2026-05-04 15:31:48.998735+02,8.29,f,37,0.368,
504,5,2050,car,,2026-05-04 15:31:41.708735+02,2026-05-04 15:31:44.655658+02,2.95,f,19,0.451,
506,5,2050,car,,2026-05-04 15:31:50.663003+02,2026-05-04 15:31:54.456827+02,3.79,f,24,0.398,
507,5,2054,car,,2026-05-04 15:31:52.962369+02,2026-05-04 15:31:55.957043+02,2.99,f,19,0.364,
509,5,2054,car,,2026-05-04 15:31:59.26181+02,2026-05-04 15:32:04.926574+02,5.66,f,35,0.371,
508,5,2050,car,,2026-05-04 15:32:00.251416+02,2026-05-04 15:32:03.262214+02,3.01,f,19,0.451,
510,5,2054,car,,2026-05-04 15:32:13.770772+02,2026-05-04 15:32:16.108795+02,2.34,f,15,0.357,
511,5,2050,car,,2026-05-04 15:32:17.771856+02,2026-05-04 15:32:21.616195+02,3.84,f,24,0.398,
512,5,2054,car,,2026-05-04 15:32:20.106395+02,2026-05-04 15:32:23.119603+02,3.01,f,19,0.364,
514,5,2054,car,,2026-05-04 15:32:26.450204+02,2026-05-04 15:32:32.129169+02,5.68,f,35,0.371,
513,5,2050,car,,2026-05-04 15:32:27.452284+02,2026-05-04 15:32:30.444143+02,2.99,f,19,0.451,
516,5,2054,car,,2026-05-04 15:32:40.88211+02,2026-05-04 15:32:48.721335+02,7.84,f,48,0.359,
515,5,2050,car,,2026-05-04 15:32:42.559342+02,2026-05-04 15:32:45.719872+02,3.16,f,20,0.41,
517,5,2050,car,,2026-05-04 15:32:46.719518+02,2026-05-04 15:32:49.387073+02,2.67,f,17,0.415,
518,5,2050,car,,2026-05-04 15:32:53.297471+02,2026-05-04 15:32:57.483217+02,4.19,f,21,0.404,
519,5,2054,car,,2026-05-04 15:32:55.609699+02,2026-05-04 15:32:59.340597+02,3.73,f,19,0.358,
520,5,2054,car,,2026-05-04 15:33:03.41855+02,2026-05-04 15:33:06.645078+02,3.23,f,16,0.377,
521,5,2050,car,,2026-05-04 15:33:04.925452+02,2026-05-04 15:33:08.835829+02,3.91,f,19,0.453,
522,5,2054,car,,2026-05-04 15:33:07.510723+02,2026-05-04 15:33:11.133726+02,3.62,f,17,0.372,
524,5,2054,car,,2026-05-04 15:33:21.18341+02,2026-05-04 15:33:32.54999+02,11.37,f,48,0.359,
523,5,2050,car,,2026-05-04 15:33:23.614263+02,2026-05-04 15:33:28.172838+02,4.56,f,20,0.41,
525,5,2050,car,,2026-05-04 15:33:29.622439+02,2026-05-04 15:33:33.548965+02,3.93,f,17,0.415,
527,5,2054,car,,2026-05-04 15:33:33.039549+02,2026-05-04 15:34:04.464318+02,31.42,f,80,0.387,
526,5,2050,car,,2026-05-04 15:33:35.97183+02,2026-05-04 15:33:40.122257+02,4.15,f,18,0.38,
528,5,2050,car,,2026-05-04 15:34:04.060035+02,2026-05-04 15:34:08.568472+02,4.51,f,24,0.439,
529,5,2050,car,,2026-05-04 15:34:09.530815+02,2026-05-04 15:34:12.413864+02,2.88,f,16,0.402,
530,5,2054,car,,2026-05-04 15:34:11.450205+02,2026-05-04 15:34:14.344525+02,2.89,f,16,0.365,
531,5,2050,car,,2026-05-04 15:34:14.527517+02,2026-05-04 15:34:19.961406+02,5.43,f,20,0.409,
532,5,2116,car,Kafasan L3,2026-05-04 15:34:17.816384+02,2026-05-04 15:34:22.266453+02,4.45,f,28,0.808,lane_switch:Kafasan L3>Kafasan L2
533,5,1895,car,,2026-05-04 15:34:20.128159+02,2026-05-04 15:34:23.954146+02,3.83,f,24,0.426,
534,5,2050,car,,2026-05-04 15:34:24.121415+02,2026-05-04 15:34:28.247003+02,4.13,f,23,0.382,
535,5,2054,car,,2026-05-04 15:34:24.615816+02,2026-05-04 15:34:29.554952+02,4.94,f,27,0.391,
537,5,2050,car,,2026-05-04 15:34:30.485295+02,2026-05-04 15:34:34.765681+02,4.28,f,24,0.429,
536,5,2121,car,,2026-05-04 15:34:31.055197+02,2026-05-04 15:34:34.402961+02,3.35,f,19,0.36,
538,5,2121,car,,2026-05-04 15:34:34.949353+02,2026-05-04 15:34:38.646884+02,3.7,f,21,0.414,
539,5,2050,car,,2026-05-04 15:34:37.008449+02,2026-05-04 15:34:39.574174+02,2.57,f,15,0.444,
540,5,2054,car,,2026-05-04 15:34:41.070061+02,2026-05-04 15:34:44.051468+02,2.98,f,17,0.343,
541,5,2050,car,,2026-05-04 15:34:42.363141+02,2026-05-04 15:34:46.263369+02,3.9,f,22,0.443,
542,5,2050,car,,2026-05-04 15:34:47.546545+02,2026-05-04 15:34:50.16807+02,2.62,f,15,0.401,
543,5,2050,car,,2026-05-04 15:34:52.42357+02,2026-05-04 15:34:57.892631+02,5.47,f,20,0.406,
544,5,2128,car,Kafasan L3,2026-05-04 15:34:55.759444+02,2026-05-04 15:35:00.227342+02,4.47,f,28,0.808,lane_switch:Kafasan L3>Kafasan L2
545,5,1895,car,,2026-05-04 15:34:58.054388+02,2026-05-04 15:35:01.903986+02,3.85,f,24,0.426,
546,5,2050,car,,2026-05-04 15:35:02.074812+02,2026-05-04 15:35:06.272188+02,4.2,f,23,0.382,
547,5,2131,car,,2026-05-04 15:35:02.585934+02,2026-05-04 15:35:07.604565+02,5.02,f,27,0.391,
549,5,2050,car,,2026-05-04 15:35:08.567156+02,2026-05-04 15:35:13.853498+02,5.29,f,28,0.42,
548,5,2134,car,,2026-05-04 15:35:09.128281+02,2026-05-04 15:35:12.581918+02,3.45,f,19,0.36,
550,5,2050,car,,2026-05-04 15:35:14.892384+02,2026-05-04 15:35:38.487983+02,23.6,f,21,0.377,
551,5,2138,truck,Kafasan L1,2026-05-04 15:35:41.636338+02,2026-05-04 15:35:51.451335+02,9.81,f,52,0.868,
552,5,2139,car,,2026-05-04 15:35:49.466518+02,2026-05-04 15:35:58.288521+02,8.82,f,51,0.428,
553,5,2139,car,,2026-05-04 15:36:19.189915+02,2026-05-04 15:36:24.358053+02,5.17,f,32,0.376,
554,5,2050,car,,2026-05-04 15:36:33.15831+02,2026-05-04 15:36:37.782538+02,4.62,f,29,0.403,
555,5,2139,car,,2026-05-04 15:36:35.618525+02,2026-05-04 15:36:39.456573+02,3.84,f,24,0.352,
556,5,2158,car,,2026-05-04 15:37:03.934834+02,2026-05-04 15:37:06.430967+02,2.5,f,16,0.398,
557,5,2139,car,,2026-05-04 15:37:08.893543+02,2026-05-04 15:37:12.822197+02,3.93,f,25,0.374,
558,5,2139,car,,2026-05-04 15:37:13.325633+02,2026-05-04 15:37:15.652206+02,2.33,f,15,0.341,
560,5,2050,car,,2026-05-04 15:37:14.982511+02,2026-05-04 15:37:44.857736+02,29.88,f,54,0.41,
559,5,2139,car,,2026-05-04 15:37:16.652914+02,2026-05-04 15:37:44.513444+02,27.86,f,42,0.348,
561,5,2139,car,,2026-05-04 15:37:45.017068+02,2026-05-04 15:37:52.121113+02,7.1,f,44,0.381,
562,5,2050,car,,2026-05-04 15:37:45.186367+02,2026-05-04 15:38:00.535662+02,15.35,f,80,0.403,
563,5,2172,car,,2026-05-04 15:37:57.374531+02,2026-05-04 15:38:04.642774+02,7.27,f,45,0.415,
564,5,2176,truck,Kafasan L1,2026-05-04 15:38:05.964116+02,2026-05-04 15:38:14.472922+02,8.51,f,52,0.868,
565,5,2177,car,,2026-05-04 15:38:12.630888+02,2026-05-04 15:38:20.973203+02,8.34,f,51,0.428,
566,5,2177,car,,2026-05-04 15:38:22.645143+02,2026-05-04 15:38:27.780664+02,5.14,f,32,0.376,
567,5,2050,car,,2026-05-04 15:38:36.634928+02,2026-05-04 15:38:41.62743+02,4.99,f,29,0.403,
568,5,2177,car,,2026-05-04 15:38:39.359371+02,2026-05-04 15:38:43.310346+02,3.95,f,24,0.352,
569,5,2195,car,,2026-05-04 15:38:47.187184+02,2026-05-04 15:38:49.854488+02,2.67,f,16,0.398,
570,5,2177,car,,2026-05-04 15:38:52.438456+02,2026-05-04 15:38:56.661349+02,4.22,f,25,0.374,
571,5,2177,car,,2026-05-04 15:38:57.175678+02,2026-05-04 15:38:59.527704+02,2.35,f,15,0.341,
573,5,2050,car,,2026-05-04 15:38:58.867743+02,2026-05-04 15:39:07.742326+02,8.87,f,54,0.41,
572,5,2177,car,,2026-05-04 15:39:00.523734+02,2026-05-04 15:39:07.410589+02,6.89,f,42,0.348,
574,5,2177,car,,2026-05-04 15:39:07.908473+02,2026-05-04 15:39:15.036319+02,7.13,f,44,0.381,
575,5,2050,car,,2026-05-04 15:39:08.075641+02,2026-05-04 15:39:23.46853+02,15.39,f,80,0.403,
576,5,2209,car,,2026-05-04 15:39:20.293832+02,2026-05-04 15:39:28.633909+02,8.34,f,51,0.414,
578,5,2209,car,,2026-05-04 15:39:28.965609+02,2026-05-04 15:39:46.823596+02,17.86,f,105,0.426,
577,5,2211,car,,2026-05-04 15:39:33.637952+02,2026-05-04 15:39:39.148701+02,5.51,f,34,0.462,
579,5,2211,car,,2026-05-04 15:39:42.811255+02,2026-05-04 15:39:46.823596+02,4.01,f,24,0.422,
581,5,2209,car,,2026-05-04 15:39:47.1727+02,2026-05-04 15:39:56.048355+02,8.88,f,48,0.389,
580,5,2211,car,,2026-05-04 15:39:48.778031+02,2026-05-04 15:39:53.13202+02,4.35,f,25,0.479,
584,5,2209,car,,2026-05-04 15:39:56.526231+02,2026-05-04 15:40:09.112104+02,12.59,f,59,0.385,
582,5,2211,car,,2026-05-04 15:40:00.869506+02,2026-05-04 15:40:03.333151+02,2.46,f,16,0.382,
583,5,2215,car,,2026-05-04 15:40:03.502198+02,2026-05-04 15:40:06.410769+02,2.91,f,17,0.374,
585,5,2238,truck,Kafasan L2,2026-05-04 15:40:08.944246+02,2026-05-04 15:40:14.114066+02,5.17,f,29,0.818,lane_switch:Kafasan L2>Kafasan L1>Kafasan L2
586,5,2209,car,,2026-05-04 15:40:11.70099+02,2026-05-04 15:40:15.411703+02,3.71,f,20,0.435,
587,5,2211,car,,2026-05-04 15:40:14.75215+02,2026-05-04 15:40:24.783188+02,10.03,f,53,0.445,
588,5,2245,car,,2026-05-04 15:40:21.036228+02,2026-05-04 15:40:24.783188+02,3.75,f,24,0.422,
590,5,2211,car,,2026-05-04 15:40:25.119359+02,2026-05-04 15:40:35.544618+02,10.43,f,48,0.389,
589,5,2245,car,,2026-05-04 15:40:26.657316+02,2026-05-04 15:40:32.155262+02,5.5,f,25,0.479,
593,5,2211,car,,2026-05-04 15:40:36.022194+02,2026-05-04 15:40:50.876138+02,14.85,f,59,0.385,
591,5,2245,car,,2026-05-04 15:40:40.480056+02,2026-05-04 15:40:43.213196+02,2.73,f,16,0.382,
592,5,2248,car,,2026-05-04 15:40:43.463398+02,2026-05-04 15:40:47.480614+02,4.02,f,17,0.374,
594,5,2271,truck,Kafasan L2,2026-05-04 15:40:50.635351+02,2026-05-04 15:40:55.927946+02,5.29,f,29,0.818,lane_switch:Kafasan L2>Kafasan L1>Kafasan L2
595,5,2211,car,,2026-05-04 15:40:53.729333+02,2026-05-04 15:41:21.847545+02,28.12,f,57,0.442,
597,5,2211,car,,2026-05-04 15:41:22.183159+02,2026-05-04 15:41:29.638303+02,7.46,f,42,0.396,
596,5,2248,car,,2026-05-04 15:41:24.696767+02,2026-05-04 15:41:28.166171+02,3.47,f,19,0.386,
598,5,2211,car,,2026-05-04 15:41:30.204525+02,2026-05-04 15:41:35.470602+02,5.27,f,30,0.369,
599,5,2245,car,,2026-05-04 15:41:34.567532+02,2026-05-04 15:41:37.632401+02,3.06,f,19,0.38,
601,5,2211,car,,2026-05-04 15:41:36.339677+02,2026-05-04 15:42:10.685003+02,34.35,f,90,0.419,
600,5,2245,car,,2026-05-04 15:42:04.827396+02,2026-05-04 15:42:07.24987+02,2.42,f,16,0.387,
602,5,2286,car,,2026-05-04 15:42:13.46311+02,2026-05-04 15:42:29.150788+02,15.69,f,83,0.404,
604,5,2286,car,,2026-05-04 15:42:29.485763+02,2026-05-04 15:42:36.219871+02,6.73,f,42,0.396,
603,5,2248,car,,2026-05-04 15:42:31.944027+02,2026-05-04 15:42:34.90386+02,2.96,f,19,0.386,
605,5,2286,car,,2026-05-04 15:42:36.710059+02,2026-05-04 15:42:41.500385+02,4.79,f,30,0.369,
606,5,2245,car,,2026-05-04 15:42:40.66717+02,2026-05-04 15:42:43.661076+02,2.99,f,19,0.38,
608,5,2286,car,,2026-05-04 15:42:42.333032+02,2026-05-04 15:42:57.09948+02,14.77,f,90,0.419,
607,5,2245,car,,2026-05-04 15:42:51.131639+02,2026-05-04 15:42:53.627764+02,2.5,f,16,0.387,
611,5,2303,car,,2026-05-04 15:42:59.930028+02,2026-05-04 15:43:20.669203+02,20.74,f,112,0.393,
609,5,2311,car,Kafasan L3,2026-05-04 15:43:15.70343+02,2026-05-04 15:43:18.195202+02,2.49,f,16,0.749,
610,5,2248,car,,2026-05-04 15:43:16.534328+02,2026-05-04 15:43:18.863628+02,2.33,f,15,0.415,
612,5,2248,car,,2026-05-04 15:43:23.212535+02,2026-05-04 15:43:25.707725+02,2.5,f,16,0.389,
613,5,2303,car,,2026-05-04 15:43:24.880059+02,2026-05-04 15:43:27.212483+02,2.33,f,15,0.359,
615,5,2317,car,,2026-05-04 15:43:50.648798+02,2026-05-04 15:43:56.819359+02,6.17,f,35,0.392,
614,5,2248,car,,2026-05-04 15:43:52.64235+02,2026-05-04 15:43:55.354417+02,2.71,f,16,0.39,
616,5,2248,car,,2026-05-04 15:43:57.981712+02,2026-05-04 15:44:00.92982+02,2.95,f,19,0.413,
617,5,2317,car,,2026-05-04 15:43:58.179359+02,2026-05-04 15:44:09.828917+02,11.65,f,76,0.388,
618,5,2248,car,,2026-05-04 15:44:07.545541+02,2026-05-04 15:44:31.78342+02,24.24,f,22,0.39,
619,5,2317,car,,2026-05-04 15:44:32.254646+02,2026-05-04 15:44:35.522996+02,3.27,f,23,0.397,
620,5,2317,car,,2026-05-04 15:44:35.813363+02,2026-05-04 15:44:38.277496+02,2.46,f,17,0.372,
621,5,2317,car,,2026-05-04 15:44:38.574344+02,2026-05-04 15:44:44.831832+02,6.26,f,43,0.395,
622,5,2248,car,,2026-05-04 15:44:42.728593+02,2026-05-04 15:44:49.086825+02,6.36,f,29,0.398,
623,5,2248,car,,2026-05-04 15:44:49.815809+02,2026-05-04 15:44:53.225014+02,3.41,f,23,0.39,
624,5,2317,car,,2026-05-04 15:44:50.707456+02,2026-05-04 15:44:54.623914+02,3.92,f,25,0.425,
625,5,2248,car,,2026-05-04 15:44:53.552784+02,2026-05-04 15:44:56.115129+02,2.56,f,16,0.386,
626,5,2248,car,,2026-05-04 15:44:58.592293+02,2026-05-04 15:45:01.558829+02,2.97,f,19,0.412,
627,5,2317,car,,2026-05-04 15:44:58.758533+02,2026-05-04 15:45:11.526164+02,12.77,f,76,0.39,
628,5,2317,car,,2026-05-04 15:45:12.843097+02,2026-05-04 15:45:16.529558+02,3.69,f,23,0.393,
629,5,2317,car,,2026-05-04 15:45:20.520362+02,2026-05-04 15:45:26.86796+02,6.35,f,39,0.408,
630,5,2248,car,,2026-05-04 15:45:24.535104+02,2026-05-04 15:45:31.585614+02,7.05,f,30,0.398,
631,5,2248,car,,2026-05-04 15:45:32.409303+02,2026-05-04 15:45:34.749738+02,2.34,f,15,0.393,
632,5,2317,car,,2026-05-04 15:45:33.411157+02,2026-05-04 15:45:38.249204+02,4.84,f,29,0.409,
633,5,2248,car,,2026-05-04 15:45:35.124742+02,2026-05-04 15:45:39.080011+02,3.96,f,24,0.393,
634,5,2317,car,,2026-05-04 15:45:38.915361+02,2026-05-04 15:45:42.754695+02,3.84,f,24,0.362,
636,5,2317,car,,2026-05-04 15:45:43.087778+02,2026-05-04 15:45:47.929049+02,4.84,f,30,0.398,
635,5,2248,car,,2026-05-04 15:45:43.924089+02,2026-05-04 15:45:46.257539+02,2.33,f,15,0.373,
637,5,2248,car,,2026-05-04 15:45:48.763663+02,2026-05-04 15:46:57.159882+02,68.4,f,24,0.372,
638,5,2248,car,,2026-05-04 15:46:57.996355+02,2026-05-04 15:47:00.322121+02,2.33,f,15,0.393,
639,5,2317,car,,2026-05-04 15:47:00.654544+02,2026-05-04 15:47:03.629541+02,2.97,f,19,0.395,
640,5,2248,car,,2026-05-04 15:47:00.654544+02,2026-05-04 15:47:04.457881+02,3.8,f,24,0.393,
641,5,2317,car,,2026-05-04 15:47:04.29473+02,2026-05-04 15:47:08.130586+02,3.84,f,24,0.362,
643,5,2317,car,,2026-05-04 15:47:08.462917+02,2026-05-04 15:47:13.263935+02,4.8,f,30,0.398,
642,5,2248,car,,2026-05-04 15:47:09.297563+02,2026-05-04 15:47:11.600353+02,2.3,f,15,0.373,
644,5,2248,car,,2026-05-04 15:47:14.097269+02,2026-05-04 15:47:16.436315+02,2.34,f,15,0.373,
645,5,2317,car,,2026-05-04 15:47:25.608222+02,2026-05-04 15:47:30.618429+02,5.01,f,31,0.39,
646,5,2317,car,,2026-05-04 15:47:32.788206+02,2026-05-04 15:47:39.537679+02,6.75,f,34,0.392,
647,5,2248,car,,2026-05-04 15:47:38.86639+02,2026-05-04 15:47:42.531424+02,3.67,f,22,0.374,
648,5,2317,car,,2026-05-04 15:47:41.83467+02,2026-05-04 15:47:45.41663+02,3.58,f,22,0.385,
649,5,2317,car,,2026-05-04 15:47:46.423342+02,2026-05-04 15:47:49.594755+02,3.17,f,20,0.406,
650,5,2378,truck,Kafasan L2,2026-05-04 15:47:46.423342+02,2026-05-04 15:47:52.109609+02,5.69,f,35,0.792,lane_switch:Kafasan L2>Kafasan L1
651,5,2245,car,,2026-05-04 15:47:51.935437+02,2026-05-04 15:47:55.801258+02,3.87,f,24,0.473,
652,5,2317,car,,2026-05-04 15:47:53.472019+02,2026-05-04 15:48:22.669703+02,29.2,f,53,0.424,
653,5,2245,car,,2026-05-04 15:48:20.559081+02,2026-05-04 15:48:23.50204+02,2.94,f,19,0.411,
654,5,2395,car,,2026-05-04 15:48:24.487022+02,2026-05-04 15:48:28.261039+02,3.77,f,24,0.4,
656,5,2395,car,,2026-05-04 15:48:30.409685+02,2026-05-04 15:48:36.364485+02,5.95,f,36,0.343,
655,5,2248,car,,2026-05-04 15:48:31.682609+02,2026-05-04 15:48:36.364485+02,4.68,f,29,0.382,
657,5,2248,car,,2026-05-04 15:48:38.174718+02,2026-05-04 15:49:01.5421+02,23.37,f,16,0.39,
676,5,2415,truck,Kafasan L1,2026-05-04 15:49:05.834329+02,2026-05-04 15:52:43.71639+02,217.88,f,682,0.885,lane_switch:Kafasan L1>Kafasan L2>Kafasan L1>Kafasan L2
658,5,2248,car,,2026-05-04 15:49:10.595431+02,2026-05-04 15:49:44.038416+02,33.44,f,72,0.399,
659,5,2395,car,,2026-05-04 15:49:12.868672+02,2026-05-04 15:49:47.84458+02,34.98,f,81,0.357,
660,5,2427,car,,2026-05-04 15:49:44.874207+02,2026-05-04 15:49:48.013722+02,3.14,f,20,0.799,
663,5,2395,car,,2026-05-04 15:49:48.180753+02,2026-05-04 15:50:25.801207+02,37.62,f,102,0.363,
661,5,2435,car,Kafasan L3,2026-05-04 15:49:52.884186+02,2026-05-04 15:50:01.545892+02,8.66,f,58,0.83,
662,5,2422,car,,2026-05-04 15:49:55.130297+02,2026-05-04 15:50:01.890456+02,6.76,f,45,0.436,
665,5,2395,car,,2026-05-04 15:50:26.399851+02,2026-05-04 15:50:35.221089+02,8.82,f,55,0.385,
664,5,2422,car,,2026-05-04 15:50:28.970113+02,2026-05-04 15:50:33.566944+02,4.6,f,28,0.419,
667,5,2444,car,,2026-05-04 15:50:38.527444+02,2026-05-04 15:51:12.804174+02,34.28,f,78,0.367,
666,5,2451,car,Kafasan L3,2026-05-04 15:50:39.524753+02,2026-05-04 15:51:07.97482+02,28.45,f,43,0.812,
668,5,2395,car,,2026-05-04 15:50:43.992499+02,2026-05-04 15:51:16.282372+02,32.29,f,66,0.344,
669,5,2456,car,Kafasan L2,2026-05-04 15:51:12.96794+02,2026-05-04 15:51:17.607321+02,4.64,f,29,0.799,lane_switch:Kafasan L2>Kafasan L3
672,5,2395,car,,2026-05-04 15:51:16.940849+02,2026-05-04 15:52:01.141025+02,44.2,f,141,0.389,
670,5,2444,car,,2026-05-04 15:51:23.577118+02,2026-05-04 15:51:48.833914+02,25.26,f,27,0.375,
671,5,2463,car,,2026-05-04 15:51:48.999919+02,2026-05-04 15:51:53.801217+02,4.8,f,30,0.344,
673,5,2469,car,Kafasan L3,2026-05-04 15:51:58.807966+02,2026-05-04 15:52:01.479291+02,2.67,f,17,0.786,
674,5,2395,car,,2026-05-04 15:52:03.475624+02,2026-05-04 15:52:30.720092+02,27.24,f,39,0.432,
677,5,2444,car,,2026-05-04 15:52:30.230683+02,2026-05-04 15:52:43.865799+02,13.64,f,88,0.375,
675,5,2490,car,,2026-05-04 15:52:31.044818+02,2026-05-04 15:52:36.324546+02,5.28,f,33,0.753,
678,5,2491,car,,2026-05-04 15:52:36.324546+02,2026-05-04 15:52:45.982747+02,9.66,f,65,0.454,
679,5,2444,car,,2026-05-04 15:52:44.170278+02,2026-05-04 15:52:47.023915+02,2.85,f,20,0.539,
683,5,2491,car,,2026-05-04 15:52:46.432647+02,2026-05-04 15:53:29.495898+02,43.06,f,133,0.39,
680,5,2444,car,,2026-05-04 15:53:16.86432+02,2026-05-04 15:53:22.071413+02,5.21,f,35,0.348,
682,5,2444,car,,2026-05-04 15:53:22.843287+02,2026-05-04 15:53:27.100581+02,4.26,f,29,0.413,
681,5,2510,car,Kafasan L2,2026-05-04 15:53:22.992828+02,2026-05-04 15:53:26.322098+02,3.33,f,23,0.881,
685,5,2491,car,,2026-05-04 15:53:29.955107+02,2026-05-04 15:54:03.233712+02,33.28,f,71,0.421,
684,5,2444,car,,2026-05-04 15:53:55.440233+02,2026-05-04 15:54:01.127144+02,5.69,f,36,0.415,
686,5,2444,car,,2026-05-04 15:54:01.775023+02,2026-05-04 15:54:35.447422+02,33.67,f,77,0.438,
687,5,2491,car,,2026-05-04 15:54:04.054567+02,2026-05-04 15:54:37.830084+02,33.78,f,79,0.384,
688,5,2444,car,,2026-05-04 15:54:36.358194+02,2026-05-04 15:54:40.63018+02,4.27,f,29,0.438,
689,5,2491,car,,2026-05-04 15:54:38.613951+02,2026-05-04 15:54:41.540039+02,2.93,f,20,0.402,
690,5,2444,car,,2026-05-04 15:54:40.924109+02,2026-05-04 15:54:43.510244+02,2.59,f,18,0.426,
691,5,2491,car,,2026-05-04 15:54:43.814657+02,2026-05-04 15:54:46.406744+02,2.59,f,18,0.316,
692,5,2491,car,,2026-05-04 15:54:50.273+02,2026-05-04 15:55:19.892221+02,29.62,f,44,0.327,
693,5,2524,car,,2026-05-04 15:54:50.273+02,2026-05-04 15:55:19.892221+02,29.62,f,44,0.341,
694,5,2524,car,,2026-05-04 15:55:32.786402+02,2026-05-04 15:56:10.739974+02,37.95,f,103,0.384,
695,5,2557,car,,2026-05-04 15:56:40.370546+02,2026-05-04 15:56:48.542004+02,8.17,f,54,0.304,
696,5,2560,car,Kafasan L2,2026-05-04 15:56:40.549376+02,2026-05-04 15:56:49.214536+02,8.67,f,57,0.827,
697,5,2552,car,,2026-05-04 15:56:41.018799+02,2026-05-04 15:56:55.135078+02,14.12,f,89,0.376,
698,5,2563,car,,2026-05-04 15:57:24.077458+02,2026-05-04 15:57:27.227859+02,3.15,f,20,0.36,
699,5,2552,car,,2026-05-04 15:57:29.533989+02,2026-05-04 15:57:40.927249+02,11.39,f,70,0.42,
700,5,2552,car,,2026-05-04 15:57:41.290608+02,2026-05-04 15:58:04.730451+02,23.44,f,17,0.374,
702,5,2580,car,,2026-05-04 15:58:13.245303+02,2026-05-04 15:58:22.143163+02,8.9,f,58,0.452,
701,5,2585,car,,2026-05-04 15:58:17.12781+02,2026-05-04 15:58:22.143163+02,5.02,f,33,0.348,
703,5,2586,car,,2026-05-04 15:58:22.454561+02,2026-05-04 15:58:47.183947+02,24.73,f,18,0.372,
704,5,2580,car,,2026-05-04 15:58:47.330905+02,2026-05-04 15:58:51.647263+02,4.32,f,29,0.375,
707,5,2580,car,,2026-05-04 15:58:56.616441+02,2026-05-04 15:59:30.816073+02,34.2,f,78,0.432,
706,5,2594,car,,2026-05-04 15:58:59.458555+02,2026-05-04 15:59:28.482891+02,29.02,f,47,0.804,
705,5,2595,car,,2026-05-04 15:59:02.777671+02,2026-05-04 15:59:27.811439+02,25.03,f,23,0.323,
708,5,2580,car,,2026-05-04 15:59:31.655729+02,2026-05-04 15:59:38.956518+02,7.3,f,45,0.433,
709,5,2580,car,,2026-05-04 15:59:45.627342+02,2026-05-04 16:00:11.830513+02,26.2,f,33,0.419,
710,5,2604,car,,2026-05-04 16:00:12.160131+02,2026-05-04 16:00:16.655919+02,4.5,f,28,0.361,
711,5,2580,car,,2026-05-04 16:00:16.823534+02,2026-05-04 16:00:20.165892+02,3.34,f,21,0.413,
713,5,2622,car,,2026-05-04 16:00:50.739514+02,2026-05-04 16:01:05.111199+02,14.37,f,88,0.421,
712,5,2624,car,,2026-05-04 16:00:58.825761+02,2026-05-04 16:01:01.786882+02,2.96,f,19,0.322,
714,5,2624,car,,2026-05-04 16:01:03.618184+02,2026-05-04 16:01:05.914407+02,2.3,f,15,0.374,
716,5,2630,car,,2026-05-04 16:01:34.198375+02,2026-05-04 16:01:52.289069+02,18.09,f,113,0.409,
715,5,2633,car,,2026-05-04 16:01:48.44561+02,2026-05-04 16:01:51.450108+02,3,f,19,0.364,
718,5,2630,car,,2026-05-04 16:01:57.250899+02,2026-05-04 16:02:06.540735+02,9.29,f,57,0.558,
717,5,2644,car,,2026-05-04 16:01:58.738998+02,2026-05-04 16:02:06.540735+02,7.8,f,48,0.809,
719,5,2630,car,,2026-05-04 16:02:09.53898+02,2026-05-04 16:02:11.64114+02,2.1,f,15,0.444,
720,5,2630,car,,2026-05-04 16:02:16.151513+02,2026-05-04 16:02:20.72588+02,4.57,f,29,0.375,
723,5,2630,car,,2026-05-04 16:02:25.279656+02,2026-05-04 16:02:37.133596+02,11.85,f,78,0.432,
722,5,2658,car,,2026-05-04 16:02:27.94602+02,2026-05-04 16:02:34.989585+02,7.04,f,47,0.804,
721,5,2659,car,,2026-05-04 16:02:30.977961+02,2026-05-04 16:02:34.285683+02,3.31,f,23,0.323,
724,5,2630,car,,2026-05-04 16:02:37.889539+02,2026-05-04 16:02:45.025419+02,7.14,f,45,0.433,
725,5,2630,car,,2026-05-04 16:02:51.575965+02,2026-05-04 16:02:56.757771+02,5.18,f,33,0.419,
726,5,2668,car,,2026-05-04 16:02:57.080216+02,2026-05-04 16:03:01.495167+02,4.41,f,28,0.361,
727,5,2630,car,,2026-05-04 16:03:01.65533+02,2026-05-04 16:03:04.983628+02,3.33,f,21,0.413,
729,5,2686,car,,2026-05-04 16:03:15.129813+02,2026-05-04 16:03:30.340476+02,15.21,f,88,0.421,
728,5,2688,car,,2026-05-04 16:03:23.570774+02,2026-05-04 16:03:26.728996+02,3.16,f,19,0.322,
730,5,2688,car,,2026-05-04 16:03:28.694037+02,2026-05-04 16:03:31.237003+02,2.54,f,15,0.374,
732,5,2694,car,,2026-05-04 16:03:39.163635+02,2026-05-04 16:03:58.060333+02,18.9,f,113,0.409,
731,5,2697,car,,2026-05-04 16:03:54.365193+02,2026-05-04 16:03:57.255066+02,2.89,f,19,0.364,
734,5,2694,car,,2026-05-04 16:04:03.867267+02,2026-05-04 16:04:14.46236+02,10.6,f,57,0.558,
733,5,2708,car,,2026-05-04 16:04:05.638001+02,2026-05-04 16:04:14.46236+02,8.82,f,48,0.809,
735,5,2694,car,,2026-05-04 16:04:17.719111+02,2026-05-04 16:04:20.09325+02,2.37,f,15,0.444,
736,5,2710,car,,2026-05-04 16:04:23.418808+02,2026-05-04 16:04:26.273418+02,2.85,f,20,0.385,
737,5,2694,car,,2026-05-04 16:04:23.566965+02,2026-05-04 16:04:27.79639+02,4.23,f,29,0.415,
740,5,2719,car,Kafasan L3,2026-05-04 16:04:28.103123+02,2026-05-04 16:05:43.457805+02,75.35,f,94,0.877,
739,5,2694,car,,2026-05-04 16:04:31.85355+02,2026-05-04 16:04:38.22742+02,6.37,f,40,0.418,
738,5,2710,car,,2026-05-04 16:04:32.67824+02,2026-05-04 16:04:35.467282+02,2.79,f,18,0.378,
741,5,2710,car,,2026-05-04 16:05:49.119882+02,2026-05-04 16:05:52.262306+02,3.14,f,20,0.385,
742,5,2694,car,,2026-05-04 16:05:49.291384+02,2026-05-04 16:05:53.884065+02,4.59,f,29,0.415,
748,5,2737,car,Kafasan L3,2026-05-04 16:05:54.216459+02,2026-05-04 16:06:20.286773+02,26.07,f,159,0.873,lane_switch:Kafasan L3>Kafasan L2
744,5,2694,car,,2026-05-04 16:05:58.140558+02,2026-05-04 16:06:04.516432+02,6.38,f,40,0.418,
743,5,2710,car,,2026-05-04 16:05:58.964036+02,2026-05-04 16:06:01.750388+02,2.79,f,18,0.378,
746,5,2710,car,,2026-05-04 16:06:09.703171+02,2026-05-04 16:06:13.638008+02,3.93,f,25,0.406,
745,5,2694,car,,2026-05-04 16:06:10.695689+02,2026-05-04 16:06:13.149925+02,2.45,f,16,0.405,
747,5,2710,car,,2026-05-04 16:06:17.083098+02,2026-05-04 16:06:19.749695+02,2.67,f,17,0.381,
749,5,2710,car,,2026-05-04 16:06:21.145505+02,2026-05-04 16:06:39.424931+02,18.28,f,102,0.393,
750,5,2694,car,,2026-05-04 16:06:34.023531+02,2026-05-04 16:06:43.890848+02,9.87,f,61,0.41,
751,5,2710,car,,2026-05-04 16:06:42.729172+02,2026-05-04 16:06:45.390281+02,2.66,f,17,0.354,
754,5,2694,car,,2026-05-04 16:06:48.230732+02,2026-05-04 16:07:30.403462+02,42.17,f,131,0.413,
752,5,2710,car,,2026-05-04 16:07:16.853023+02,2026-05-04 16:07:19.593836+02,2.74,f,18,0.398,
753,5,2710,car,,2026-05-04 16:07:22.723387+02,2026-05-04 16:07:27.621111+02,4.9,f,31,0.347,
755,5,2760,car,,2026-05-04 16:07:30.732135+02,2026-05-04 16:08:01.139258+02,30.41,f,57,0.424,
756,5,2710,car,,2026-05-04 16:08:00.177172+02,2026-05-04 16:08:03.591189+02,3.41,f,22,0.405,
757,5,2710,car,,2026-05-04 16:08:03.926709+02,2026-05-04 16:08:06.713905+02,2.79,f,18,0.419,
758,5,2774,car,Kafasan L2,2026-05-04 16:08:04.92196+02,2026-05-04 16:08:07.202815+02,2.28,f,15,0.796,
759,5,2760,car,,2026-05-04 16:08:05.252974+02,2026-05-04 16:08:08.513812+02,3.26,f,21,0.459,
760,5,2710,car,,2026-05-04 16:08:08.34864+02,2026-05-04 16:08:13.635014+02,5.29,f,32,0.45,
761,5,2786,truck,Kafasan L2,2026-05-04 16:08:09.980089+02,2026-05-04 16:08:13.808945+02,3.83,f,23,0.827,lane_switch:Kafasan L2>Kafasan L1
762,5,2760,car,,2026-05-04 16:08:10.315123+02,2026-05-04 16:08:13.977642+02,3.66,f,22,0.435,
763,5,2797,truck,Kafasan L2,2026-05-04 16:08:13.060294+02,2026-05-04 16:08:38.372355+02,25.31,f,26,0.843,lane_switch:Kafasan L2>Kafasan L1
764,5,2710,car,,2026-05-04 16:08:40.204584+02,2026-05-04 16:08:49.304079+02,9.1,f,57,0.402,
765,5,2765,car,,2026-05-04 16:08:47.023394+02,2026-05-04 16:08:50.804243+02,3.78,f,24,0.336,
766,5,2760,car,,2026-05-04 16:08:50.977829+02,2026-05-04 16:08:54.911226+02,3.93,f,25,0.463,
767,5,2710,car,,2026-05-04 16:09:17.778949+02,2026-05-04 16:09:20.043543+02,2.26,f,15,0.435,
768,5,2760,car,,2026-05-04 16:09:17.778949+02,2026-05-04 16:09:20.382738+02,2.6,f,17,0.428,
769,5,2760,car,,2026-05-04 16:09:20.712178+02,2026-05-04 16:09:23.97416+02,3.26,f,21,0.406,
770,5,2813,car,Kafasan L3,2026-05-04 16:09:24.298111+02,2026-05-04 16:09:28.698215+02,4.4,f,28,0.703,
771,5,2760,car,,2026-05-04 16:09:26.412767+02,2026-05-04 16:09:29.674866+02,3.26,f,21,0.398,
775,5,2760,car,,2026-05-04 16:09:30.672442+02,2026-05-04 16:10:11.384447+02,40.71,f,119,0.415,
773,5,2710,car,,2026-05-04 16:09:31.166919+02,2026-05-04 16:10:03.633153+02,32.47,f,69,0.397,
772,5,2820,car,,2026-05-04 16:09:33.771847+02,2026-05-04 16:09:59.548816+02,25.78,f,28,0.315,
774,5,2822,truck,Kafasan L2,2026-05-04 16:10:02.971601+02,2026-05-04 16:10:06.597463+02,3.63,f,23,0.83,lane_switch:Kafasan L2>Kafasan L1
776,5,2710,car,,2026-05-04 16:10:41.559059+02,2026-05-04 16:10:45.309507+02,3.75,f,24,0.408,
777,5,2760,car,,2026-05-04 16:10:42.707276+02,2026-05-04 16:10:46.947441+02,4.24,f,27,0.392,
778,5,2710,car,,2026-05-04 16:10:51.033773+02,2026-05-04 16:10:54.144449+02,3.11,f,20,0.401,
779,5,2760,car,,2026-05-04 16:10:54.144449+02,2026-05-04 16:10:58.724861+02,4.58,f,29,0.434,
780,5,2710,car,,2026-05-04 16:10:55.942779+02,2026-05-04 16:10:59.531612+02,3.59,f,23,0.414,
781,5,2760,car,,2026-05-04 16:10:59.692243+02,2026-05-04 16:11:24.564564+02,24.87,f,24,0.415,
782,5,2760,car,,2026-05-04 16:11:28.585066+02,2026-05-04 16:11:30.846558+02,2.26,f,15,0.4,
783,5,2710,car,,2026-05-04 16:11:30.037144+02,2026-05-04 16:11:33.434319+02,3.4,f,22,0.385,
784,5,2760,car,,2026-05-04 16:11:32.796414+02,2026-05-04 16:11:35.330985+02,2.53,f,17,0.382,
785,5,2760,car,,2026-05-04 16:11:35.631476+02,2026-05-04 16:12:05.10089+02,29.47,f,47,0.519,
786,5,2710,car,,2026-05-04 16:11:35.631476+02,2026-05-04 16:12:05.10089+02,29.47,f,47,0.415,
787,5,2760,car,,2026-05-04 16:12:06.776715+02,2026-05-04 16:12:15.885545+02,9.11,f,59,0.415,
789,5,2912,car,,2026-05-04 16:12:16.192249+02,2026-05-04 16:12:48.399671+02,32.21,f,66,0.42,
788,5,2710,car,,2026-05-04 16:12:17.99347+02,2026-05-04 16:12:46.925729+02,28.93,f,44,0.365,
790,5,2912,car,,2026-05-04 16:12:51.642627+02,2026-05-04 16:12:55.784149+02,4.14,f,29,0.383,
791,5,2920,bus,Kafasan L2,2026-05-04 16:12:53.567011+02,2026-05-04 16:12:57.883348+02,4.32,f,30,0.844,lane_switch:Kafasan L2>Kafasan L1
792,5,2912,car,,2026-05-04 16:12:56.67378+02,2026-05-04 16:13:01.44968+02,4.78,f,33,0.402,
793,5,2912,car,,2026-05-04 16:13:01.750578+02,2026-05-04 16:13:04.452163+02,2.7,f,19,0.369,
794,5,2912,car,,2026-05-04 16:13:07.69856+02,2026-05-04 16:13:10.136765+02,2.44,f,17,0.427,
795,5,2936,car,,2026-05-04 16:13:12.499709+02,2026-05-04 16:13:15.315371+02,2.82,f,20,0.44,
796,5,2943,truck,Kafasan L2,2026-05-04 16:13:14.728299+02,2026-05-04 16:13:18.00435+02,3.28,f,23,0.83,lane_switch:Kafasan L2>Kafasan L1
797,5,2912,car,,2026-05-04 16:13:16.047241+02,2026-05-04 16:13:18.158761+02,2.11,f,15,0.477,
801,5,3,car,,2026-05-04 16:43:41.318091+02,2026-05-04 16:47:28.331276+02,227.01,f,905,0.491,
798,5,5,car,Kafasan L2,2026-05-04 16:43:42.203019+02,2026-05-04 16:43:44.591743+02,2.39,f,18,0.867,
799,5,11,car,,2026-05-04 16:44:14.055141+02,2026-05-04 16:44:16.674171+02,2.62,f,19,0.696,
800,5,35,car,Kafasan L3,2026-05-04 16:46:16.964233+02,2026-05-04 16:46:42.782311+02,25.82,f,15,0.767,
809,5,59,car,,2026-05-04 16:47:35.464944+02,2026-05-04 16:56:19.74238+02,524.28,f,1955,0.504,
802,5,99,car,,2026-05-04 16:48:57.413759+02,2026-05-04 16:49:00.830271+02,3.42,f,23,0.435,
803,5,102,car,,2026-05-04 16:49:36.043386+02,2026-05-04 16:49:38.463189+02,2.42,f,18,0.686,
804,5,105,car,,2026-05-04 16:50:13.055341+02,2026-05-04 16:50:15.492142+02,2.44,f,18,0.816,
805,5,116,truck,Kafasan L2,2026-05-04 16:51:50.064357+02,2026-05-04 16:52:16.169174+02,26.1,f,18,0.835,lane_switch:Kafasan L2>Kafasan L1
806,5,129,car,Kafasan L3,2026-05-04 16:54:28.344141+02,2026-05-04 16:54:32.953757+02,4.61,f,33,0.835,
807,5,154,truck,Kafasan L2,2026-05-04 16:54:57.810674+02,2026-05-04 16:55:00.315434+02,2.5,f,18,0.835,lane_switch:Kafasan L2>Kafasan L1
808,5,167,car,Kafasan L3,2026-05-04 16:56:01.947551+02,2026-05-04 16:56:06.64541+02,4.7,f,33,0.835,
811,5,59,car,,2026-05-04 16:56:20.188621+02,2026-05-04 16:56:30.829605+02,10.64,f,73,0.541,
810,5,210,truck,Kafasan L2,2026-05-04 16:56:25.493652+02,2026-05-04 16:56:28.742566+02,3.25,f,23,0.817,lane_switch:Kafasan L2>Kafasan L1
812,5,215,truck,Kafasan L2,2026-05-04 16:56:30.974527+02,2026-05-04 16:56:37.134118+02,6.16,f,28,0.809,lane_switch:Kafasan L2>Kafasan L1
813,5,59,car,,2026-05-04 16:56:31.121542+02,2026-05-04 16:56:47.849416+02,16.73,f,100,0.501,
815,5,59,car,,2026-05-04 16:56:48.300869+02,2026-05-04 16:56:58.973315+02,10.67,f,73,0.541,
814,5,245,truck,Kafasan L2,2026-05-04 16:56:53.643345+02,2026-05-04 16:56:56.896202+02,3.25,f,23,0.817,lane_switch:Kafasan L2>Kafasan L1
816,5,250,truck,Kafasan L2,2026-05-04 16:56:59.120129+02,2026-05-04 16:57:05.279887+02,6.16,f,28,0.809,lane_switch:Kafasan L2>Kafasan L1
830,5,59,car,,2026-05-04 16:56:59.268744+02,2026-05-04 17:10:17.928619+02,798.66,f,3456,0.498,
817,5,309,car,Kafasan L2,2026-05-04 16:58:35.635194+02,2026-05-04 16:58:41.997127+02,6.36,f,45,0.815,lane_switch:Kafasan L2>Kafasan L3
818,5,358,car,Kafasan L2,2026-05-04 16:59:09.689208+02,2026-05-04 16:59:16.142244+02,6.45,f,45,0.815,lane_switch:Kafasan L2>Kafasan L3
819,5,360,truck,Kafasan L2,2026-05-04 16:59:19.807706+02,2026-05-04 16:59:21.85812+02,2.05,f,15,0.737,
820,5,416,car,Kafasan L2,2026-05-04 16:59:59.200619+02,2026-05-04 17:00:05.55381+02,6.35,f,44,0.806,lane_switch:Kafasan L2>Kafasan L3
821,5,421,truck,Kafasan L2,2026-05-04 17:00:09.18738+02,2026-05-04 17:00:11.237282+02,2.05,f,15,0.737,
822,5,456,car,Kafasan L2,2026-05-04 17:01:04.536437+02,2026-05-04 17:01:34.854645+02,30.32,f,47,0.854,lane_switch:Kafasan L2>Kafasan L3>Kafasan L2
823,5,510,car,Kafasan L2,2026-05-04 17:02:02.251121+02,2026-05-04 17:02:09.002467+02,6.75,f,47,0.854,lane_switch:Kafasan L2>Kafasan L3>Kafasan L2
824,5,566,car,Kafasan L2,2026-05-04 17:02:48.567385+02,2026-05-04 17:02:55.654723+02,7.09,f,47,0.854,lane_switch:Kafasan L2>Kafasan L3>Kafasan L2
825,5,601,truck,,2026-05-04 17:03:22.686746+02,2026-05-04 17:03:25.789618+02,3.1,f,22,0.738,
827,5,601,truck,Kafasan L1,2026-05-04 17:03:26.090202+02,2026-05-04 17:06:51.655855+02,205.57,f,865,0.92,
826,5,661,car,Kafasan L3,2026-05-04 17:05:53.570381+02,2026-05-04 17:06:20.683989+02,27.11,f,20,0.812,lane_switch:Kafasan L3>Kafasan L2
828,5,689,truck,Kafasan L1,2026-05-04 17:07:01.576521+02,2026-05-04 17:07:15.832159+02,14.26,f,98,0.921,
829,5,747,truck,Kafasan L1,2026-05-04 17:10:11.886764+02,2026-05-04 17:10:16.562062+02,4.68,f,32,0.801,lane_switch:Kafasan L1>Kafasan L2>Kafasan L1
831,5,59,car,,2026-05-04 17:10:18.228264+02,2026-05-04 17:10:58.430528+02,40.2,f,116,0.556,
832,5,59,car,,2026-05-04 17:11:04.574553+02,2026-05-04 17:12:23.01322+02,78.44,f,85,0.592,
842,5,59,car,,2026-05-04 17:12:29.09057+02,2026-05-04 17:22:09.590297+02,580.5,f,2854,0.499,
833,5,811,car,Kafasan L2,2026-05-04 17:14:32.083279+02,2026-05-04 17:14:37.110173+02,5.03,f,35,0.797,lane_switch:Kafasan L2>Kafasan L3
834,5,838,car,Kafasan L2,2026-05-04 17:15:59.861519+02,2026-05-04 17:16:03.035008+02,3.17,f,23,0.867,
835,5,842,car,Kafasan L3,2026-05-04 17:16:47.529498+02,2026-05-04 17:16:52.73526+02,5.21,f,37,0.859,
836,5,859,car,Kafasan L2,2026-05-04 17:17:17.295286+02,2026-05-04 17:17:22.263302+02,4.97,f,35,0.797,lane_switch:Kafasan L2>Kafasan L3
837,5,886,car,Kafasan L2,2026-05-04 17:17:58.243729+02,2026-05-04 17:18:01.470408+02,3.23,f,23,0.867,
838,5,890,car,Kafasan L3,2026-05-04 17:18:22.401319+02,2026-05-04 17:18:27.659199+02,5.26,f,37,0.859,
839,5,1140,car,Kafasan L2,2026-05-04 17:21:10.558416+02,2026-05-04 17:21:39.671084+02,29.11,f,34,0.778,
840,5,1147,truck,Kafasan L2,2026-05-04 17:21:47.31843+02,2026-05-04 17:21:50.578256+02,3.26,f,23,0.826,lane_switch:Kafasan L2>Kafasan L1>Kafasan L2
841,5,1169,truck,,2026-05-04 17:21:52.507466+02,2026-05-04 17:21:54.597348+02,2.09,f,15,0.624,
843,5,1187,truck,Kafasan L2,2026-05-04 17:22:15.916081+02,2026-05-04 17:22:19.330349+02,3.41,f,24,0.803,lane_switch:Kafasan L2>Kafasan L1
844,5,1202,bus,,2026-05-04 17:22:21.280578+02,2026-05-04 17:22:23.503979+02,2.22,f,16,0.566,
845,5,1233,truck,Kafasan L2,2026-05-04 17:23:51.492655+02,2026-05-04 17:23:54.715364+02,3.22,f,23,0.824,lane_switch:Kafasan L2>Kafasan L1
846,5,1245,truck,Kafasan L2,2026-05-04 17:24:17.989895+02,2026-05-04 17:24:21.2537+02,3.26,f,23,0.824,lane_switch:Kafasan L2>Kafasan L1
847,5,1249,truck,Kafasan L1,2026-05-04 17:25:01.079133+02,2026-05-04 17:25:06.794094+02,5.71,f,40,0.851,lane_switch:Kafasan L1>Kafasan L2>Kafasan L1
848,5,1253,truck,Kafasan L1,2026-05-04 17:25:18.620371+02,2026-05-04 17:25:24.475413+02,5.86,f,40,0.851,lane_switch:Kafasan L1>Kafasan L2>Kafasan L1
849,5,1258,truck,Kafasan L1,2026-05-04 17:25:43.241184+02,2026-05-04 17:25:49.281104+02,6.04,f,42,0.842,lane_switch:Kafasan L1>Kafasan L2
850,5,1269,truck,Kafasan L1,2026-05-04 17:26:15.351405+02,2026-05-04 17:26:21.554518+02,6.2,f,42,0.842,lane_switch:Kafasan L1>Kafasan L2
853,5,1,car,,2026-05-04 17:36:17.389441+02,2026-05-04 17:36:38.647505+02,21.26,f,150,0.497,
851,5,21,truck,Kafasan L2,2026-05-04 17:36:24.282588+02,2026-05-04 17:36:26.836455+02,2.55,f,19,0.841,lane_switch:Kafasan L2>Kafasan L1
852,5,32,car,Kafasan L3,2026-05-04 17:36:27.137878+02,2026-05-04 17:36:29.123289+02,1.99,f,15,0.657,
865,5,1,car,,2026-05-04 17:36:39.510069+02,2026-05-04 17:49:50.972633+02,791.46,f,2531,0.551,
854,5,204,truck,Kafasan L2,2026-05-04 17:37:07.364692+02,2026-05-04 17:37:10.172716+02,2.81,f,20,0.845,lane_switch:Kafasan L2>Kafasan L1
855,5,324,truck,Kafasan L2,2026-05-04 17:40:03.484971+02,2026-05-04 17:41:06.201826+02,62.72,f,19,0.85,
856,5,353,truck,Kafasan L2,2026-05-04 17:41:47.181297+02,2026-05-04 17:41:51.457215+02,4.28,f,30,0.879,lane_switch:Kafasan L2>Kafasan L1
857,5,369,car,Kafasan L2,2026-05-04 17:42:52.699667+02,2026-05-04 17:42:55.299559+02,2.6,f,19,0.751,
858,5,394,car,,2026-05-04 17:45:00.541555+02,2026-05-04 17:45:02.991405+02,2.45,f,18,0.751,
860,5,400,truck,,2026-05-04 17:45:07.757912+02,2026-05-04 17:45:36.97533+02,29.22,f,40,0.628,
859,5,401,truck,,2026-05-04 17:45:09.497108+02,2026-05-04 17:45:36.829421+02,27.33,f,27,0.375,
861,5,402,truck,Kafasan L1,2026-05-04 17:45:37.273725+02,2026-05-04 17:45:39.87056+02,2.6,f,19,0.753,
862,5,420,car,,2026-05-04 17:47:49.156524+02,2026-05-04 17:47:56.545044+02,7.39,f,52,0.307,
863,5,421,car,,2026-05-04 17:47:52.068145+02,2026-05-04 17:47:56.545044+02,4.48,f,32,0.76,
864,5,439,car,Kafasan L2,2026-05-04 17:49:06.303032+02,2026-05-04 17:49:08.361543+02,2.06,f,15,0.774,
878,5,459,bus,,2026-05-04 17:49:22.640521+02,2026-05-04 18:07:09.991683+02,1067.35,f,384,0.929,
866,5,467,truck,,2026-05-04 17:49:54.062042+02,2026-05-04 17:49:57.415243+02,3.35,f,24,0.381,
867,5,473,car,Kafasan L2,2026-05-04 17:49:57.709867+02,2026-05-04 17:50:00.940712+02,3.23,f,23,0.875,
868,5,474,car,Kafasan L2,2026-05-04 17:49:57.709867+02,2026-05-04 17:50:00.940712+02,3.23,f,23,0.809,
869,5,1,car,,2026-05-04 17:50:01.084608+02,2026-05-04 17:50:28.57906+02,27.49,f,29,0.343,
870,5,467,truck,,2026-05-04 17:50:01.084608+02,2026-05-04 17:50:29.166193+02,28.08,f,33,0.414,
871,5,1,car,,2026-05-04 17:50:29.458697+02,2026-05-04 17:50:31.499847+02,2.04,f,15,0.364,
872,5,467,truck,,2026-05-04 17:50:35.741156+02,2026-05-04 17:50:44.797275+02,9.06,f,63,0.373,
873,5,475,car,,2026-05-04 17:50:36.468227+02,2026-05-04 17:50:44.797275+02,8.33,f,58,0.331,
874,5,477,car,,2026-05-04 17:50:45.096915+02,2026-05-04 17:51:10.784461+02,25.69,f,16,0.303,
875,5,476,car,,2026-05-04 17:50:45.096915+02,2026-05-04 17:51:12.537921+02,27.44,f,28,0.691,
876,5,524,car,Kafasan L2,2026-05-04 17:51:22.113403+02,2026-05-04 17:51:25.335232+02,3.22,f,23,0.625,
877,5,525,bus,Kafasan L2,2026-05-04 17:51:22.113403+02,2026-05-04 17:51:25.335232+02,3.22,f,23,0.367,
879,5,542,car,,2026-05-04 18:22:48.882842+02,2026-05-04 18:23:07.36456+02,18.48,f,91,0.434,
880,5,542,car,,2026-05-04 18:23:10.387345+02,2026-05-04 18:38:20.356479+02,909.97,f,56,0.424,
881,5,542,car,,2026-05-04 18:38:20.960184+02,2026-05-04 18:38:25.90256+02,4.94,f,25,0.384,
882,5,542,car,,2026-05-04 18:38:26.510143+02,2026-05-04 18:54:12.627792+02,946.12,f,42,0.439,
884,5,542,car,,2026-05-04 19:10:04.931233+02,2026-05-04 19:10:18.701439+02,13.77,f,70,0.374,
883,5,566,car,,2026-05-04 19:10:06.887586+02,2026-05-04 19:10:10.440862+02,3.55,f,19,0.324,
885,5,542,car,,2026-05-04 19:10:24.618492+02,2026-05-04 19:10:28.422199+02,3.8,f,20,0.418,
886,5,542,car,,2026-05-04 19:10:29.238533+02,2026-05-04 19:10:43.314841+02,14.08,f,71,0.454,
889,5,577,car,Kafasan L3,2026-05-04 19:52:36.093183+02,2026-05-04 19:53:04.632564+02,28.54,f,142,0.867,
887,5,578,truck,,2026-05-04 19:52:38.279122+02,2026-05-04 19:52:43.019815+02,4.74,f,23,0.771,
888,5,578,truck,,2026-05-04 19:52:43.41669+02,2026-05-04 19:52:47.987773+02,4.57,f,21,0.772,
890,5,578,truck,,2026-05-04 19:52:49.574279+02,2026-05-04 20:02:37.751608+02,588.18,f,374,0.853,
891,5,650,car,Kafasan L2,2026-05-04 20:07:31.810777+02,2026-05-04 20:07:40.839578+02,9.03,f,46,0.828,lane_switch:Kafasan L2>Kafasan L3
892,5,659,car,Kafasan L3,2026-05-04 20:07:45.486123+02,2026-05-04 20:07:52.122117+02,6.64,f,34,0.799,
893,5,935,car,Kafasan L3,2026-05-04 21:54:52.54787+02,2026-05-04 21:54:58.945834+02,6.4,f,32,0.679,
894,5,1034,car,,2026-05-04 23:11:49.909955+02,2026-05-04 23:11:52.927687+02,3.02,f,16,0.452,
895,5,1189,car,,2026-05-04 23:59:10.585756+02,2026-05-05 00:15:04.439804+02,953.85,f,61,0.426,
896,5,1189,car,,2026-05-05 00:30:38.58852+02,2026-05-05 00:30:42.739126+02,4.15,f,18,0.487,
897,5,1248,car,,2026-05-05 00:32:37.630258+02,2026-05-05 00:32:40.9763+02,3.35,f,17,0.467,
900,5,4,car,,2026-05-05 14:06:46.510875+02,2026-05-05 14:07:33.677791+02,47.17,f,339,0.436,
905,5,3,car,,2026-05-05 14:06:46.510875+02,2026-05-05 14:07:48.026186+02,61.52,f,441,0.501,
898,5,8,truck,Kafasan L2,2026-05-05 14:06:48.637242+02,2026-05-05 14:06:52.335025+02,3.7,f,27,0.886,lane_switch:Kafasan L2>Kafasan L1
899,5,39,car,,2026-05-05 14:07:29.083214+02,2026-05-05 14:07:32.137699+02,3.05,f,23,0.357,
902,5,4,car,,2026-05-05 14:07:34.097706+02,2026-05-05 14:07:43.660406+02,9.56,f,69,0.412,
901,5,39,car,,2026-05-05 14:07:37.02501+02,2026-05-05 14:07:41.707974+02,4.68,f,34,0.407,
904,5,41,bus,Kafasan L2,2026-05-05 14:07:43.938714+02,2026-05-05 14:07:46.758407+02,2.82,f,21,0.853,lane_switch:Kafasan L2>Kafasan L1
903,5,4,car,,2026-05-05 14:07:44.499043+02,2026-05-05 14:07:46.462392+02,1.96,f,15,0.399,
913,5,3,car,,2026-05-05 14:07:48.594284+02,2026-05-05 14:10:29.320826+02,160.73,f,456,0.491,
907,5,4,car,,2026-05-05 14:07:48.873888+02,2026-05-05 14:08:29.197638+02,40.32,f,115,0.456,
906,5,51,car,,2026-05-05 14:08:24.604463+02,2026-05-05 14:08:27.067379+02,2.46,f,18,0.326,
908,5,4,car,,2026-05-05 14:08:30.039462+02,2026-05-05 14:08:35.376062+02,5.34,f,39,0.434,
914,5,4,car,,2026-05-05 14:08:35.653969+02,2026-05-05 14:10:32.676239+02,117.02,f,318,0.438,
909,5,81,truck,Kafasan L3,2026-05-05 14:09:02.979067+02,2026-05-05 14:09:06.755439+02,3.78,f,28,0.696,
910,5,83,car,Kafasan L2,2026-05-05 14:09:03.672899+02,2026-05-05 14:09:06.755439+02,3.08,f,23,0.848,
912,5,54,truck,,2026-05-05 14:09:06.894454+02,2026-05-05 14:09:15.520181+02,8.63,f,63,0.39,
911,5,84,car,,2026-05-05 14:09:07.039019+02,2026-05-05 14:09:15.520181+02,8.48,f,62,0.763,
920,5,3,car,,2026-05-05 14:10:29.74178+02,2026-05-05 14:11:31.900171+02,62.16,f,257,0.48,
915,5,4,car,,2026-05-05 14:10:33.233377+02,2026-05-05 14:11:16.347245+02,43.11,f,137,0.393,
917,5,4,car,,2026-05-05 14:11:17.045776+02,2026-05-05 14:11:27.509338+02,10.46,f,60,0.413,
916,5,108,car,,2026-05-05 14:11:22.880452+02,2026-05-05 14:11:25.545592+02,2.67,f,20,0.397,
919,5,109,bus,Kafasan L2,2026-05-05 14:11:27.792094+02,2026-05-05 14:11:30.613564+02,2.82,f,21,0.853,lane_switch:Kafasan L2>Kafasan L1
918,5,4,car,,2026-05-05 14:11:28.355099+02,2026-05-05 14:11:30.321456+02,1.97,f,15,0.399,
928,5,3,car,,2026-05-05 14:11:32.47315+02,2026-05-05 14:12:36.992323+02,64.52,f,456,0.491,
922,5,4,car,,2026-05-05 14:11:32.754044+02,2026-05-05 14:11:48.957635+02,16.2,f,115,0.456,
921,5,119,car,,2026-05-05 14:11:44.272984+02,2026-05-05 14:11:46.715403+02,2.44,f,18,0.326,
923,5,4,car,,2026-05-05 14:11:49.809663+02,2026-05-05 14:11:55.214855+02,5.41,f,39,0.434,
929,5,4,car,,2026-05-05 14:11:55.504444+02,2026-05-05 14:12:40.430057+02,44.93,f,318,0.438,
924,5,149,truck,Kafasan L3,2026-05-05 14:11:58.777551+02,2026-05-05 14:12:02.596345+02,3.82,f,28,0.696,
925,5,151,car,Kafasan L2,2026-05-05 14:11:59.484377+02,2026-05-05 14:12:02.596345+02,3.11,f,23,0.848,
927,5,122,truck,,2026-05-05 14:12:02.736599+02,2026-05-05 14:12:11.502124+02,8.77,f,63,0.39,
926,5,152,car,,2026-05-05 14:12:02.881915+02,2026-05-05 14:12:11.502124+02,8.62,f,62,0.763,
931,5,3,car,,2026-05-05 14:12:37.420111+02,2026-05-05 14:13:10.967978+02,33.55,f,221,0.466,
930,5,4,car,,2026-05-05 14:12:41.076222+02,2026-05-05 14:13:00.351202+02,19.27,f,137,0.393,
932,5,4,car,,2026-05-05 14:13:01.063131+02,2026-05-05 14:13:11.544667+02,10.48,f,59,0.394,
933,5,176,car,Kafasan L3,2026-05-05 14:13:06.996867+02,2026-05-05 14:13:12.548766+02,5.55,f,40,0.893,lane_switch:Kafasan L3>Kafasan L2
934,5,3,car,,2026-05-05 14:13:11.400885+02,2026-05-05 14:13:14.252029+02,2.85,f,21,0.496,
936,5,4,car,,2026-05-05 14:13:12.405354+02,2026-05-05 14:13:36.508404+02,24.1,f,170,0.43,
935,5,3,car,,2026-05-05 14:13:15.244707+02,2026-05-05 14:13:23.364902+02,8.12,f,58,0.452,
946,5,3,car,,2026-05-05 14:13:23.793409+02,2026-05-05 14:15:28.494827+02,124.7,f,624,0.477,
937,5,184,truck,Kafasan L2,2026-05-05 14:13:30.396108+02,2026-05-05 14:13:36.653132+02,6.26,f,45,0.836,lane_switch:Kafasan L2>Kafasan L1
939,5,4,car,,2026-05-05 14:13:37.380324+02,2026-05-05 14:13:56.378179+02,19,f,86,0.445,
938,5,209,bus,Kafasan L2,2026-05-05 14:13:51.693588+02,2026-05-05 14:13:55.642299+02,3.95,f,29,0.785,
940,5,4,car,,2026-05-05 14:14:03.494664+02,2026-05-05 14:14:20.981213+02,17.49,f,125,0.431,
941,5,241,truck,Kafasan L2,2026-05-05 14:14:15.00879+02,2026-05-05 14:14:21.126633+02,6.12,f,44,0.852,
944,5,4,car,,2026-05-05 14:14:21.993481+02,2026-05-05 14:14:34.229198+02,12.24,f,86,0.442,
943,5,261,bus,Kafasan L2,2026-05-05 14:14:29.513793+02,2026-05-05 14:14:34.080398+02,4.57,f,33,0.813,lane_switch:Kafasan L2>Kafasan L1
942,5,267,car,Kafasan L3,2026-05-05 14:14:31.787941+02,2026-05-05 14:14:33.933375+02,2.15,f,16,0.817,
950,5,4,car,,2026-05-05 14:14:41.389509+02,2026-05-05 14:16:48.476368+02,127.09,f,249,0.431,
945,5,292,truck,,2026-05-05 14:15:22.5928+02,2026-05-05 14:15:26.667155+02,4.07,f,30,0.711,
949,5,292,bus,Kafasan L1,2026-05-05 14:15:26.949689+02,2026-05-05 14:16:40.65996+02,73.71,f,97,0.895,
947,5,3,car,,2026-05-05 14:15:29.208967+02,2026-05-05 14:15:33.434246+02,4.23,f,31,0.423,
948,5,3,car,,2026-05-05 14:15:33.856762+02,2026-05-05 14:16:40.234487+02,66.38,f,45,0.429,
952,5,3,car,,2026-05-05 14:16:40.65996+02,2026-05-05 14:17:10.722088+02,30.06,f,166,0.493,
955,5,4,car,,2026-05-05 14:16:48.755061+02,2026-05-05 14:17:40.552803+02,51.8,f,370,0.441,
951,5,320,truck,,2026-05-05 14:17:04.836594+02,2026-05-05 14:17:08.898051+02,4.06,f,30,0.711,
959,5,320,bus,Kafasan L1,2026-05-05 14:17:09.182726+02,2026-05-05 14:17:50.817319+02,41.63,f,296,0.902,lane_switch:Kafasan L1>Kafasan L2
953,5,3,car,,2026-05-05 14:17:11.428623+02,2026-05-05 14:17:15.624439+02,4.2,f,31,0.423,
954,5,3,car,,2026-05-05 14:17:16.045585+02,2026-05-05 14:17:22.202904+02,6.16,f,45,0.429,
956,5,3,car,,2026-05-05 14:17:22.626158+02,2026-05-05 14:17:41.029226+02,18.4,f,131,0.459,
957,5,342,truck,Kafasan L3,2026-05-05 14:17:35.131042+02,2026-05-05 14:17:42.663191+02,7.53,f,53,0.799,
958,5,3,car,,2026-05-05 14:17:43.371125+02,2026-05-05 14:17:48.155345+02,4.78,f,35,0.482,
960,5,4,car,,2026-05-05 14:17:44.355587+02,2026-05-05 14:17:50.817319+02,6.46,f,47,0.432,
961,5,3,car,,2026-05-05 14:17:49.000819+02,2026-05-05 14:17:52.946684+02,3.95,f,29,0.555,
962,5,4,car,,2026-05-05 14:17:54.358895+02,2026-05-05 14:18:02.82531+02,8.47,f,61,0.429,
963,5,3,car,,2026-05-05 14:17:54.358895+02,2026-05-05 14:18:14.657025+02,20.3,f,145,0.475,
966,5,4,car,,2026-05-05 14:18:03.39243+02,2026-05-05 14:18:47.747099+02,44.35,f,121,0.406,
964,5,3,car,,2026-05-05 14:18:42.385308+02,2026-05-05 14:18:45.057059+02,2.67,f,20,0.488,
965,5,362,car,Kafasan L2,2026-05-05 14:18:43.365922+02,2026-05-05 14:18:47.461818+02,4.1,f,30,0.792,
967,5,3,car,,2026-05-05 14:18:45.490225+02,2026-05-05 14:18:50.573575+02,5.08,f,37,0.442,
968,5,4,car,,2026-05-05 14:18:48.736104+02,2026-05-05 14:20:50.933834+02,122.2,f,355,0.427,
974,5,3,car,,2026-05-05 14:18:50.859423+02,2026-05-05 14:34:45.105287+02,954.25,f,1119,0.458,
971,5,4,car,,2026-05-05 14:20:51.219417+02,2026-05-05 14:22:12.624087+02,81.4,f,236,0.421,
969,5,388,car,Kafasan L2,2026-05-05 14:21:41.300263+02,2026-05-05 14:21:43.889019+02,2.59,f,18,0.642,
970,5,390,truck,Kafasan L2,2026-05-05 14:21:41.57756+02,2026-05-05 14:21:43.889019+02,2.31,f,16,0.484,
972,5,4,car,,2026-05-05 14:22:12.902206+02,2026-05-05 14:22:18.467589+02,5.57,f,41,0.44,
973,5,4,car,,2026-05-05 14:22:18.749762+02,2026-05-05 14:28:37.064159+02,378.31,f,383,0.425,
975,5,4,car,,2026-05-05 14:28:37.343471+02,2026-05-05 14:35:02.401565+02,385.06,f,202,0.442,
977,5,3,car,,2026-05-05 14:34:45.503366+02,2026-05-05 14:50:07.994483+02,922.49,f,111,0.46,
976,5,415,truck,Kafasan L2,2026-05-05 14:34:57.789845+02,2026-05-05 14:35:02.608709+02,4.82,f,25,0.867,lane_switch:Kafasan L2>Kafasan L1
979,5,4,car,,2026-05-05 14:50:09.705348+02,2026-05-05 14:50:41.969577+02,32.26,f,163,0.463,
978,5,3,car,,2026-05-05 14:50:16.041576+02,2026-05-05 14:50:34.758769+02,18.72,f,96,0.423,
980,5,3,car,,2026-05-05 14:50:40.300789+02,2026-05-05 14:50:44.362894+02,4.06,f,21,0.375,
982,5,4,car,,2026-05-05 14:50:43.170627+02,2026-05-05 14:50:47.948914+02,4.78,f,25,0.432,
981,5,3,car,,2026-05-05 14:50:45.160171+02,2026-05-05 14:50:47.948914+02,2.79,f,15,0.372,
984,5,3,car,,2026-05-05 14:50:48.544536+02,2026-05-05 15:22:38.881404+02,1910.34,f,167,0.451,
983,5,4,car,,2026-05-05 14:50:49.147751+02,2026-05-05 15:22:17.154597+02,1888.01,f,55,0.5,
986,5,4,car,,2026-05-05 15:22:17.66626+02,2026-05-05 15:38:00.064974+02,942.4,f,128,0.473,
985,5,3,car,,2026-05-05 15:22:39.484796+02,2026-05-05 15:38:00.064974+02,920.58,f,19,0.45,
988,5,4,car,,2026-05-05 15:38:00.963123+02,2026-05-05 15:38:13.940713+02,12.98,f,54,0.483,
987,5,3,car,,2026-05-05 15:38:01.597067+02,2026-05-05 15:38:11.29068+02,9.69,f,48,0.459,
991,5,4,car,,2026-05-05 15:38:14.644423+02,2026-05-05 15:53:26.435554+02,911.79,f,68,0.384,
989,5,449,car,,2026-05-05 15:38:15.497712+02,2026-05-05 15:38:23.222884+02,7.73,f,40,0.432,
990,5,449,car,,2026-05-05 15:38:23.615142+02,2026-05-05 15:53:26.435554+02,902.82,f,21,0.477,
993,5,470,truck,Kafasan L2,2026-05-05 15:53:30.274301+02,2026-05-05 15:53:33.855635+02,3.58,f,19,0.823,lane_switch:Kafasan L2>Kafasan L1>Kafasan L2
992,5,449,car,,2026-05-05 15:53:30.667972+02,2026-05-05 15:53:33.855635+02,3.19,f,17,0.427,
994,5,473,car,Kafasan L2,2026-05-05 15:53:34.674652+02,2026-05-05 15:53:38.489808+02,3.82,f,20,0.707,
996,5,4,car,,2026-05-05 15:53:36.30077+02,2026-05-05 15:53:42.464658+02,6.16,f,32,0.385,
995,5,449,car,,2026-05-05 15:53:38.489808+02,2026-05-05 15:53:42.063078+02,3.57,f,19,0.431,
997,5,449,car,,2026-05-05 15:53:42.464658+02,2026-05-05 15:53:52.565302+02,10.1,f,52,0.409,
998,5,4,car,,2026-05-05 15:53:42.862367+02,2026-05-05 15:53:54.161202+02,11.3,f,58,0.405,
1000,5,4,car,,2026-05-05 15:53:54.757016+02,2026-05-05 16:04:34.72264+02,639.97,f,129,0.409,
999,5,485,car,,2026-05-05 15:54:02.929113+02,2026-05-05 15:54:08.448289+02,5.52,f,29,0.321,
1001,5,486,car,,2026-05-05 16:03:29.586553+02,2026-05-05 16:04:36.261365+02,66.67,f,32,0.412,
1002,5,4,car,,2026-05-05 16:04:35.006601+02,2026-05-05 16:04:37.664065+02,2.66,f,20,0.351,
1004,5,486,car,,2026-05-05 16:04:36.963196+02,2026-05-05 16:04:49.641332+02,12.68,f,92,0.446,
1003,5,4,car,,2026-05-05 16:04:41.137205+02,2026-05-05 16:04:44.194752+02,3.06,f,23,0.355,
1005,5,486,car,,2026-05-05 16:04:52.20229+02,2026-05-05 16:04:54.437818+02,2.24,f,17,0.363,
1007,5,486,car,,2026-05-05 16:04:58.638303+02,2026-05-05 16:05:06.089642+02,7.45,f,53,0.442,
1006,5,4,car,,2026-05-05 16:05:03.166923+02,2026-05-05 16:05:06.089642+02,2.92,f,22,0.398,
1008,5,486,car,,2026-05-05 16:05:06.512837+02,2026-05-05 16:05:10.836813+02,4.32,f,32,0.417,
1010,5,511,car,Kafasan L3,2026-05-05 16:05:09.730978+02,2026-05-05 16:05:12.648115+02,2.92,f,22,0.789,
1009,5,4,car,,2026-05-05 16:05:09.869144+02,2026-05-05 16:05:12.648115+02,2.78,f,21,0.391,
1011,5,486,car,,2026-05-05 16:05:12.23135+02,2026-05-05 16:05:15.309806+02,3.08,f,23,0.468,
1012,5,4,car,,2026-05-05 16:05:13.490123+02,2026-05-05 16:05:15.451185+02,1.96,f,15,0.33,
1013,5,4,car,,2026-05-05 16:05:16.149689+02,2026-05-05 16:05:18.249451+02,2.1,f,16,0.381,
1014,5,4,car,,2026-05-05 16:05:19.094901+02,2026-05-05 16:05:23.004861+02,3.91,f,29,0.403,
1015,5,486,car,,2026-05-05 16:05:19.79032+02,2026-05-05 16:05:24.471352+02,4.68,f,34,0.436,
1016,5,522,truck,Kafasan L3,2026-05-05 16:05:23.144241+02,2026-05-05 16:05:25.189352+02,2.05,f,15,0.832,lane_switch:Kafasan L3>Kafasan L2
1017,5,486,car,,2026-05-05 16:05:28.01695+02,2026-05-05 16:05:30.403306+02,2.39,f,18,0.356,
1018,5,4,car,,2026-05-05 16:05:28.581984+02,2026-05-05 16:05:34.7283+02,6.15,f,45,0.354,
1019,5,486,car,,2026-05-05 16:05:31.94028+02,2026-05-05 16:05:35.150332+02,3.21,f,24,0.437,
1020,5,4,car,,2026-05-05 16:05:35.29157+02,2026-05-05 16:05:37.256581+02,1.97,f,15,0.412,
1021,5,486,car,,2026-05-05 16:05:37.679831+02,2026-05-05 16:06:07.042611+02,29.36,f,38,0.425,
1022,5,4,car,,2026-05-05 16:05:40.056271+02,2026-05-05 16:06:07.605817+02,27.55,f,25,0.39,
1023,5,538,car,Kafasan L3,2026-05-05 16:05:40.478+02,2026-05-05 16:06:07.744382+02,27.27,f,23,0.819,lane_switch:Kafasan L3>Kafasan L2
1025,5,486,car,,2026-05-05 16:06:07.744382+02,2026-05-05 16:06:12.105698+02,4.36,f,32,0.406,
1024,5,4,car,,2026-05-05 16:06:09.584685+02,2026-05-05 16:06:11.54243+02,1.96,f,15,0.344,
1027,5,486,car,,2026-05-05 16:06:12.810584+02,2026-05-05 16:06:22.590003+02,9.78,f,71,0.346,
1026,5,4,car,,2026-05-05 16:06:16.572712+02,2026-05-05 16:06:21.735191+02,5.16,f,38,0.351,
1028,5,4,car,,2026-05-05 16:06:23.57831+02,2026-05-05 16:06:54.947792+02,31.37,f,52,0.389,
1029,5,486,car,,2026-05-05 16:06:51.439292+02,2026-05-05 16:06:56.219354+02,4.78,f,35,0.448,
1030,5,4,car,,2026-05-05 16:06:56.643519+02,2026-05-05 16:06:59.449408+02,2.81,f,21,0.365,
1032,5,486,car,,2026-05-05 16:06:59.029128+02,2026-05-05 16:07:29.82931+02,30.8,f,48,0.375,
1031,5,568,car,,2026-05-05 16:07:01.134174+02,2026-05-05 16:07:29.82931+02,28.7,f,33,0.344,
1033,5,569,car,,2026-05-05 16:07:30.11339+02,2026-05-05 16:07:33.874395+02,3.76,f,28,0.382,
1034,5,486,car,,2026-05-05 16:07:30.393605+02,2026-05-05 16:07:33.874395+02,3.48,f,26,0.302,
1035,5,569,car,,2026-05-05 16:07:34.71753+02,2026-05-05 16:07:44.109313+02,9.39,f,68,0.384,
1036,5,486,car,,2026-05-05 16:07:44.956889+02,2026-05-05 16:08:19.437781+02,34.48,f,72,0.4,
1037,5,576,car,,2026-05-05 16:08:18.163535+02,2026-05-05 16:08:24.593241+02,6.43,f,29,0.392,
1038,5,486,car,,2026-05-05 16:08:20.872186+02,2026-05-05 16:08:26.707263+02,5.84,f,27,0.402,
1040,5,578,car,Kafasan L3,2026-05-05 16:08:25.576549+02,2026-05-05 16:08:28.540324+02,2.96,f,22,0.789,
1039,5,576,car,,2026-05-05 16:08:25.717489+02,2026-05-05 16:08:28.540324+02,2.82,f,21,0.391,
1041,5,486,car,,2026-05-05 16:08:28.118714+02,2026-05-05 16:08:31.199627+02,3.08,f,23,0.468,
1042,5,576,car,,2026-05-05 16:08:29.379524+02,2026-05-05 16:08:31.341403+02,1.96,f,15,0.33,
1043,5,576,car,,2026-05-05 16:08:32.045437+02,2026-05-05 16:08:34.146228+02,2.1,f,16,0.381,
1044,5,576,car,,2026-05-05 16:08:34.990408+02,2026-05-05 16:08:38.898854+02,3.91,f,29,0.403,
1045,5,486,car,,2026-05-05 16:08:35.68896+02,2026-05-05 16:08:40.32831+02,4.64,f,34,0.436,
1046,5,591,truck,Kafasan L3,2026-05-05 16:08:39.038706+02,2026-05-05 16:08:41.049292+02,2.01,f,15,0.832,lane_switch:Kafasan L3>Kafasan L2
1047,5,486,car,,2026-05-05 16:08:43.861983+02,2026-05-05 16:08:46.247452+02,2.39,f,18,0.356,
1048,5,576,car,,2026-05-05 16:08:44.421341+02,2026-05-05 16:08:50.59675+02,6.18,f,45,0.354,
1049,5,486,car,,2026-05-05 16:08:47.792102+02,2026-05-05 16:08:51.021814+02,3.23,f,24,0.437,
1050,5,576,car,,2026-05-05 16:08:51.164273+02,2026-05-05 16:08:53.127577+02,1.96,f,15,0.412,
1051,5,486,car,,2026-05-05 16:08:53.55002+02,2026-05-05 16:08:58.754683+02,5.2,f,38,0.425,
1052,5,576,car,,2026-05-05 16:08:55.927742+02,2026-05-05 16:08:59.317382+02,3.39,f,25,0.39,
1053,5,607,car,Kafasan L3,2026-05-05 16:08:56.354985+02,2026-05-05 16:08:59.457921+02,3.1,f,23,0.819,lane_switch:Kafasan L3>Kafasan L2
1055,5,486,car,,2026-05-05 16:08:59.457921+02,2026-05-05 16:09:03.813781+02,4.36,f,32,0.406,
1054,5,576,car,,2026-05-05 16:09:01.292606+02,2026-05-05 16:09:03.250308+02,1.96,f,15,0.344,
1057,5,486,car,,2026-05-05 16:09:04.513277+02,2026-05-05 16:09:14.380724+02,9.87,f,71,0.346,
1056,5,576,car,,2026-05-05 16:09:08.341661+02,2026-05-05 16:09:13.532269+02,5.19,f,38,0.351,
1058,5,576,car,,2026-05-05 16:09:15.374311+02,2026-05-05 16:09:22.587647+02,7.21,f,52,0.389,
1059,5,486,car,,2026-05-05 16:09:19.063191+02,2026-05-05 16:09:23.860665+02,4.8,f,35,0.448,
1060,5,576,car,,2026-05-05 16:09:24.290229+02,2026-05-05 16:09:27.188194+02,2.9,f,21,0.365,
1062,5,486,car,,2026-05-05 16:09:26.709019+02,2026-05-05 16:09:33.474001+02,6.76,f,48,0.375,
1061,5,637,car,,2026-05-05 16:09:28.952366+02,2026-05-05 16:09:33.474001+02,4.52,f,33,0.344,
1063,5,638,car,,2026-05-05 16:09:33.759219+02,2026-05-05 16:09:37.543702+02,3.78,f,28,0.382,
1064,5,486,car,,2026-05-05 16:09:34.04246+02,2026-05-05 16:09:37.543702+02,3.5,f,26,0.302,
1065,5,638,car,,2026-05-05 16:09:38.390457+02,2026-05-05 16:09:47.812374+02,9.42,f,68,0.384,
1066,5,486,car,,2026-05-05 16:09:48.661078+02,2026-05-05 16:09:58.714297+02,10.05,f,72,0.4,
1069,5,645,car,,2026-05-05 16:09:57.529069+02,2026-05-05 16:10:17.679332+02,20.15,f,126,0.381,
1067,5,486,car,,2026-05-05 16:10:04.443292+02,2026-05-05 16:10:06.847337+02,2.4,f,18,0.404,
1068,5,486,car,,2026-05-05 16:10:09.280696+02,2026-05-05 16:10:11.41346+02,2.13,f,16,0.374,
1070,5,486,car,,2026-05-05 16:10:16.39609+02,2026-05-05 16:10:19.385614+02,2.99,f,22,0.362,
1071,5,645,car,,2026-05-05 16:10:18.109637+02,2026-05-05 16:10:20.390111+02,2.28,f,17,0.36,
1072,5,651,car,Kafasan L2,2026-05-05 16:10:20.534542+02,2026-05-05 16:10:25.131657+02,4.6,f,33,0.819,lane_switch:Kafasan L2>Kafasan L3
1073,5,645,car,,2026-05-05 16:10:22.119361+02,2026-05-05 16:10:25.562452+02,3.44,f,25,0.408,
1074,5,645,car,,2026-05-05 16:10:26.285246+02,2026-05-05 16:10:28.719239+02,2.43,f,18,0.363,
1075,5,645,car,,2026-05-05 16:10:34.032971+02,2026-05-05 16:10:37.059609+02,3.03,f,22,0.363,
1077,5,645,car,,2026-05-05 16:10:37.636401+02,2026-05-05 16:10:48.734709+02,11.1,f,31,0.388,
1076,5,486,car,,2026-05-05 16:10:45.310903+02,2026-05-05 16:10:48.157848+02,2.85,f,21,0.407,
1078,5,486,car,,2026-05-05 16:10:52.278898+02,2026-05-05 16:10:54.267675+02,1.99,f,15,0.362,
1079,5,645,car,,2026-05-05 16:10:53.697139+02,2026-05-05 16:10:55.971422+02,2.27,f,17,0.373,
1080,5,645,car,,2026-05-05 16:11:30.756109+02,2026-05-05 16:11:33.304017+02,2.55,f,19,0.389,
1081,5,486,car,,2026-05-05 16:11:30.900028+02,2026-05-05 16:11:35.428242+02,4.53,f,33,0.454,
1082,5,486,car,,2026-05-05 16:11:36.280199+02,2026-05-05 16:11:40.11915+02,3.84,f,28,0.398,
1083,5,486,car,,2026-05-05 16:11:42.396323+02,2026-05-05 16:12:10.733225+02,28.34,f,32,0.37,
1084,5,486,car,,2026-05-05 16:12:12.857689+02,2026-05-05 16:12:14.858998+02,2,f,15,0.375,
1085,5,486,car,,2026-05-05 16:12:16.984041+02,2026-05-05 16:12:20.542496+02,3.56,f,26,0.4,
1086,5,742,car,Kafasan L2,2026-05-05 16:12:49.88911+02,2026-05-05 16:12:52.162619+02,2.27,f,17,0.79,
1087,5,645,car,,2026-05-05 16:13:05.696632+02,2026-05-05 16:13:31.816313+02,26.12,f,15,0.377,
1088,5,486,car,,2026-05-05 16:13:06.135894+02,2026-05-05 16:13:32.666151+02,26.53,f,18,0.41,
1089,5,486,car,,2026-05-05 16:13:43.187032+02,2026-05-05 16:13:46.119253+02,2.93,f,22,0.397,
1090,5,486,car,,2026-05-05 16:13:47.655153+02,2026-05-05 16:14:16.789203+02,29.13,f,36,0.411,
1091,5,486,car,,2026-05-05 16:14:18.622832+02,2026-05-05 16:14:22.54648+02,3.92,f,29,0.445,
1092,5,645,car,,2026-05-05 16:14:20.867599+02,2026-05-05 16:14:23.247807+02,2.38,f,18,0.37,
1093,5,645,car,,2026-05-05 16:14:24.093179+02,2026-05-05 16:14:26.615363+02,2.52,f,19,0.374,
1094,5,486,car,,2026-05-05 16:14:24.093179+02,2026-05-05 16:14:27.612055+02,3.52,f,26,0.4,
1095,5,860,car,Kafasan L3,2026-05-05 16:14:25.77357+02,2026-05-05 16:14:28.179005+02,2.41,f,18,0.759,lane_switch:Kafasan L3>Kafasan L2
1096,5,486,car,,2026-05-05 16:15:00.137877+02,2026-05-05 16:15:03.508813+02,3.37,f,25,0.427,
1097,5,645,car,,2026-05-05 16:15:00.563668+02,2026-05-05 16:15:04.498251+02,3.93,f,29,0.359,
1098,5,486,car,,2026-05-05 16:15:03.932921+02,2026-05-05 16:15:08.009443+02,4.08,f,30,0.421,
1099,5,486,car,,2026-05-05 16:15:08.429443+02,2026-05-05 16:15:10.94248+02,2.51,f,19,0.39,
1101,5,486,car,,2026-05-05 16:15:43.089536+02,2026-05-05 16:16:18.511488+02,35.42,f,81,0.427,
1100,5,645,car,,2026-05-05 16:15:51.077906+02,2026-05-05 16:16:18.511488+02,27.43,f,24,0.359,
1102,5,645,car,,2026-05-05 16:16:20.623839+02,2026-05-05 16:16:24.131553+02,3.51,f,26,0.368,
1103,5,486,car,,2026-05-05 16:16:21.322257+02,2026-05-05 16:16:26.097764+02,4.78,f,35,0.406,
1107,5,486,car,,2026-05-05 16:16:26.379999+02,2026-05-05 16:17:06.555981+02,40.18,f,115,0.402,
1104,5,645,car,,2026-05-05 16:16:30.166449+02,2026-05-05 16:16:32.119275+02,1.95,f,15,0.35,
1105,5,645,car,,2026-05-05 16:16:35.621916+02,2026-05-05 16:17:04.44752+02,28.83,f,34,0.346,
1106,5,887,car,,2026-05-05 16:17:01.380372+02,2026-05-05 16:17:04.44752+02,3.07,f,23,0.307,
1108,5,645,car,,2026-05-05 16:17:07.544694+02,2026-05-05 16:17:09.932673+02,2.39,f,18,0.359,
1109,5,486,car,,2026-05-05 16:17:08.805833+02,2026-05-05 16:17:14.276659+02,5.47,f,40,0.396,
1110,5,486,car,,2026-05-05 16:17:14.8434+02,2026-05-05 16:18:18.02624+02,63.18,f,23,0.444,
1112,5,645,car,,2026-05-05 16:17:16.393333+02,2026-05-05 16:18:29.239974+02,72.85,f,41,0.351,
1113,5,486,car,,2026-05-05 16:18:26.028494+02,2026-05-05 16:18:31.350114+02,5.32,f,39,0.366,
1111,5,893,car,,2026-05-05 16:18:26.170937+02,2026-05-05 16:18:29.239974+02,3.07,f,23,0.307,
1114,5,645,car,,2026-05-05 16:18:32.342517+02,2026-05-05 16:18:34.746996+02,2.4,f,18,0.359,
1115,5,486,car,,2026-05-05 16:18:33.616426+02,2026-05-05 16:18:39.123488+02,5.51,f,40,0.396,
1116,5,486,car,,2026-05-05 16:18:39.69131+02,2026-05-05 16:18:42.818642+02,3.13,f,23,0.444,
1119,5,645,car,,2026-05-05 16:18:41.246585+02,2026-05-05 16:18:53.361618+02,12.12,f,87,0.368,
1117,5,898,truck,,2026-05-05 16:18:43.104097+02,2026-05-05 16:18:47.59621+02,4.49,f,33,0.893,
1118,5,899,car,,2026-05-05 16:18:47.881229+02,2026-05-05 16:18:50.408265+02,2.53,f,19,0.355,
1120,5,645,car,,2026-05-05 16:18:53.646815+02,2026-05-05 16:18:56.74068+02,3.09,f,23,0.389,
1121,5,645,car,,2026-05-05 16:18:57.025013+02,2026-05-05 16:19:00.684589+02,3.66,f,26,0.377,
1122,5,900,car,,2026-05-05 16:18:58.951252+02,2026-05-05 16:19:03.370149+02,4.42,f,32,0.399,
1123,5,645,car,,2026-05-05 16:19:03.508723+02,2026-05-05 16:19:08.848215+02,5.34,f,39,0.408,
1124,5,905,car,,2026-05-05 16:19:09.130818+02,2026-05-05 16:19:12.914387+02,3.78,f,28,0.399,
1125,5,645,car,,2026-05-05 16:19:11.655262+02,2026-05-05 16:19:14.749398+02,3.09,f,23,0.423,
1126,5,905,car,,2026-05-05 16:19:13.197801+02,2026-05-05 16:19:17.00136+02,3.8,f,28,0.348,
1127,5,645,car,,2026-05-05 16:19:17.00136+02,2026-05-05 16:19:19.192676+02,2.19,f,16,0.411,
1128,5,905,car,,2026-05-05 16:19:17.857178+02,2026-05-05 16:19:20.477224+02,2.62,f,19,0.458,
1129,5,645,car,,2026-05-05 16:19:19.621971+02,2026-05-05 16:19:23.585291+02,3.96,f,29,0.349,
1130,5,905,car,,2026-05-05 16:19:21.325887+02,2026-05-05 16:19:24.577288+02,3.25,f,24,0.421,
1131,5,917,car,Kafasan L2,2026-05-05 16:19:23.585291+02,2026-05-05 16:19:26.696889+02,3.11,f,23,0.793,
1132,5,918,car,,2026-05-05 16:19:27.553879+02,2026-05-05 16:19:30.654373+02,3.1,f,23,0.345,
1133,5,905,car,,2026-05-05 16:19:27.553879+02,2026-05-05 16:19:33.476448+02,5.92,f,43,0.406,
1134,5,922,car,,2026-05-05 16:19:33.762535+02,2026-05-05 16:20:00.721086+02,26.96,f,21,0.378,
1135,5,905,car,,2026-05-05 16:20:00.007072+02,2026-05-05 16:20:04.540345+02,4.53,f,33,0.433,
1136,5,923,bus,Kafasan L2,2026-05-05 16:20:00.150514+02,2026-05-05 16:20:05.111866+02,4.96,f,36,0.901,lane_switch:Kafasan L2>Kafasan L1>Kafasan L2
1137,5,905,car,,2026-05-05 16:20:05.96011+02,2026-05-05 16:20:09.872688+02,3.91,f,29,0.435,
1138,5,922,car,,2026-05-05 16:20:07.357875+02,2026-05-05 16:20:10.712823+02,3.35,f,25,0.36,
1139,5,905,car,,2026-05-05 16:20:10.712823+02,2026-05-05 16:20:13.385107+02,2.67,f,20,0.448,
1140,5,922,car,,2026-05-05 16:20:11.415215+02,2026-05-05 16:20:44.979264+02,33.56,f,68,0.363,
1141,5,905,car,,2026-05-05 16:20:14.094608+02,2026-05-05 16:20:45.118697+02,31.02,f,50,0.468,
1142,5,905,car,,2026-05-05 16:20:47.101238+02,2026-05-05 16:20:51.201675+02,4.1,f,30,0.407,
1143,5,922,car,,2026-05-05 16:20:48.088961+02,2026-05-05 16:20:51.909831+02,3.82,f,28,0.378,
1145,5,905,car,,2026-05-05 16:20:51.769995+02,2026-05-05 16:21:31.929254+02,40.16,f,115,0.363,
1144,5,922,car,,2026-05-05 16:21:24.071586+02,2026-05-05 16:21:31.786621+02,7.72,f,56,0.319,
1148,5,905,car,,2026-05-05 16:21:33.631473+02,2026-05-05 16:22:18.712711+02,45.08,f,150,0.409,
1146,5,922,car,,2026-05-05 16:21:35.318184+02,2026-05-05 16:21:37.86454+02,2.55,f,19,0.36,
1147,5,922,car,,2026-05-05 16:22:07.066459+02,2026-05-05 16:22:17.866452+02,10.8,f,78,0.354,
1149,5,922,car,,2026-05-05 16:22:18.290673+02,2026-05-05 16:22:20.274638+02,1.98,f,15,0.383,
1150,5,905,car,,2026-05-05 16:22:18.998204+02,2026-05-05 16:22:21.6926+02,2.69,f,20,0.395,
1151,5,922,car,,2026-05-05 16:22:20.701137+02,2026-05-05 16:22:47.938986+02,27.24,f,23,0.391,
1152,5,905,car,,2026-05-05 16:22:49.649152+02,2026-05-05 16:22:52.75447+02,3.11,f,23,0.42,
1156,5,922,car,,2026-05-05 16:22:52.895865+02,2026-05-05 16:23:29.07046+02,36.17,f,87,0.394,
1153,5,905,car,,2026-05-05 16:22:53.325716+02,2026-05-05 16:22:59.373057+02,6.05,f,44,0.381,
1154,5,988,car,,2026-05-05 16:22:54.873775+02,2026-05-05 16:22:59.373057+02,4.5,f,33,0.513,
1155,5,905,car,,2026-05-05 16:23:01.485827+02,2026-05-05 16:23:28.487447+02,27,f,22,0.457,
1158,5,922,car,,2026-05-05 16:23:29.775539+02,2026-05-05 16:23:36.505891+02,6.73,f,49,0.37,
1157,5,905,car,,2026-05-05 16:23:30.473077+02,2026-05-05 16:23:36.505891+02,6.03,f,44,0.421,
1159,5,922,car,,2026-05-05 16:23:37.347391+02,2026-05-05 16:23:43.070392+02,5.72,f,42,0.41,
1160,5,905,car,,2026-05-05 16:23:37.770711+02,2026-05-05 16:23:45.735552+02,7.96,f,58,0.373,
1161,5,905,car,,2026-05-05 16:24:17.496419+02,2026-05-05 16:24:23.125913+02,5.63,f,38,0.405,
1164,5,922,car,,2026-05-05 16:24:23.55714+02,2026-05-05 16:24:57.468093+02,33.91,f,77,0.394,
1165,5,905,car,,2026-05-05 16:24:23.704393+02,2026-05-05 16:24:57.615108+02,33.91,f,77,0.484,
1162,5,1040,car,Kafasan L2,2026-05-05 16:24:25.62108+02,2026-05-05 16:24:55.19336+02,29.57,f,47,0.487,
1163,5,1039,truck,Kafasan L2,2026-05-05 16:24:25.62108+02,2026-05-05 16:24:55.19336+02,29.57,f,47,0.513,
1167,5,905,car,,2026-05-05 16:24:59.451286+02,2026-05-05 16:25:39.777618+02,40.33,f,117,0.451,
1166,5,1058,car,Kafasan L2,2026-05-05 16:25:33.992264+02,2026-05-05 16:25:37.791599+02,3.8,f,28,0.956,
1171,5,905,car,,2026-05-05 16:25:40.770269+02,2026-05-05 16:26:26.447616+02,45.68,f,154,0.464,
1169,5,1060,car,,2026-05-05 16:25:50.980509+02,2026-05-05 16:26:20.91506+02,29.93,f,43,0.341,
1168,5,1065,car,,2026-05-05 16:26:17.107324+02,2026-05-05 16:26:20.91506+02,3.81,f,28,0.36,
1170,5,1060,car,,2026-05-05 16:26:23.178936+02,2026-05-05 16:26:25.160956+02,1.98,f,15,0.397,
1172,5,905,car,,2026-05-05 16:26:30.682199+02,2026-05-05 16:26:33.791842+02,3.11,f,23,0.42,
1176,5,1060,car,,2026-05-05 16:26:33.933516+02,2026-05-05 16:26:46.134362+02,12.2,f,87,0.394,
1174,5,905,car,,2026-05-05 16:26:34.362431+02,2026-05-05 16:26:40.422988+02,6.06,f,44,0.381,
1173,5,1089,car,,2026-05-05 16:26:35.913818+02,2026-05-05 16:26:40.422988+02,4.51,f,33,0.513,
1175,5,905,car,,2026-05-05 16:26:42.535012+02,2026-05-05 16:26:45.551354+02,3.02,f,22,0.457,
1178,5,1060,car,,2026-05-05 16:26:46.846961+02,2026-05-05 16:26:53.656647+02,6.81,f,49,0.37,
1177,5,905,car,,2026-05-05 16:26:47.557957+02,2026-05-05 16:26:53.656647+02,6.1,f,44,0.421,
1179,5,1060,car,,2026-05-05 16:26:54.516171+02,2026-05-05 16:27:00.333842+02,5.82,f,42,0.41,
1180,5,905,car,,2026-05-05 16:26:54.94315+02,2026-05-05 16:27:03.039923+02,8.1,f,58,0.373,
1181,5,905,car,,2026-05-05 16:27:10.198691+02,2026-05-05 16:27:15.476952+02,5.28,f,38,0.405,
1184,5,1060,car,,2026-05-05 16:27:15.913457+02,2026-05-05 16:27:26.769791+02,10.86,f,77,0.394,
1185,5,905,car,,2026-05-05 16:27:16.057335+02,2026-05-05 16:27:26.913417+02,10.86,f,77,0.484,
1182,5,1140,truck,Kafasan L2,2026-05-05 16:27:17.921651+02,2026-05-05 16:27:24.479869+02,6.56,f,47,0.513,
1183,5,1141,car,Kafasan L2,2026-05-05 16:27:17.921651+02,2026-05-05 16:27:24.479869+02,6.56,f,47,0.487,
1187,5,905,car,,2026-05-05 16:27:28.625747+02,2026-05-05 16:27:45.219358+02,16.59,f,117,0.451,
1186,5,1159,car,Kafasan L2,2026-05-05 16:27:39.369488+02,2026-05-05 16:27:43.219217+02,3.85,f,28,0.956,
1191,5,905,car,,2026-05-05 16:27:46.225201+02,2026-05-05 16:28:08.130888+02,21.91,f,154,0.464,
1188,5,1161,car,,2026-05-05 16:27:56.566729+02,2026-05-05 16:28:02.557646+02,5.99,f,43,0.341,
1189,5,1166,car,,2026-05-05 16:27:58.697568+02,2026-05-05 16:28:02.557646+02,3.86,f,28,0.36,
1190,5,1161,car,,2026-05-05 16:28:04.836019+02,2026-05-05 16:28:06.839398+02,2,f,15,0.397,
1192,5,1174,car,,2026-05-05 16:28:15.492896+02,2026-05-05 16:28:17.514541+02,2.02,f,15,0.501,
1195,5,1167,car,,2026-05-05 16:28:20.134753+02,2026-05-05 16:28:25.343355+02,5.21,f,37,0.393,
1194,5,1174,car,,2026-05-05 16:28:20.427261+02,2026-05-05 16:28:23.751781+02,3.32,f,24,0.445,
1193,5,1161,car,,2026-05-05 16:28:21.149226+02,2026-05-05 16:28:23.457927+02,2.31,f,17,0.359,
1196,5,1161,car,,2026-05-05 16:28:25.489274+02,2026-05-05 16:28:34.274819+02,8.79,f,62,0.382,
1197,5,1167,car,,2026-05-05 16:28:26.792395+02,2026-05-05 16:28:36.440532+02,9.65,f,68,0.464,
1199,5,1161,car,,2026-05-05 16:28:34.5661+02,2026-05-05 16:28:46.505044+02,11.94,f,84,0.395,
1198,5,1167,car,,2026-05-05 16:28:37.30892+02,2026-05-05 16:28:40.176861+02,2.87,f,21,0.45,
1200,5,1167,car,,2026-05-05 16:28:41.047613+02,2026-05-05 16:28:48.967661+02,7.92,f,56,0.446,
1202,5,1214,truck,Kafasan L2,2026-05-05 16:28:46.359404+02,2026-05-05 16:28:53.339609+02,6.98,f,49,0.867,lane_switch:Kafasan L2>Kafasan L1
1203,5,1167,car,,2026-05-05 16:28:50.875936+02,2026-05-05 16:28:54.66564+02,3.79,f,27,0.453,
1201,5,1161,car,,2026-05-05 16:28:51.164195+02,2026-05-05 16:28:53.193777+02,2.03,f,15,0.388,
1204,5,1215,car,,2026-05-05 16:28:52.607064+02,2026-05-05 16:28:54.956324+02,2.35,f,17,0.486,
1205,5,1167,car,,2026-05-05 16:28:56.12148+02,2026-05-05 16:29:02.560486+02,6.44,f,30,0.436,
1206,5,1161,car,,2026-05-05 16:28:58.507128+02,2026-05-05 16:29:11.193598+02,12.69,f,74,0.392,
1207,5,1167,car,,2026-05-05 16:29:05.004219+02,2026-05-05 16:29:11.193598+02,6.19,f,44,0.466,
1208,5,1167,car,,2026-05-05 16:29:12.063+02,2026-05-05 16:29:15.980413+02,3.92,f,28,0.448,
1209,5,1161,car,,2026-05-05 16:29:12.063+02,2026-05-05 16:29:17.581268+02,5.52,f,39,0.432,
1211,5,1161,car,,2026-05-05 16:29:17.875554+02,2026-05-05 16:30:36.893492+02,79.02,f,80,0.392,
1210,5,1167,car,,2026-05-05 16:29:18.603038+02,2026-05-05 16:30:28.278408+02,69.68,f,15,0.464,
1212,5,1167,car,,2026-05-05 16:30:30.739657+02,2026-05-05 16:30:36.893492+02,6.15,f,44,0.466,
1213,5,1167,car,,2026-05-05 16:30:37.757089+02,2026-05-05 16:30:41.641618+02,3.88,f,28,0.448,
1214,5,1161,car,,2026-05-05 16:30:37.757089+02,2026-05-05 16:30:43.237693+02,5.48,f,39,0.432,
1215,5,1161,car,,2026-05-05 16:30:43.53026+02,2026-05-05 16:30:46.705603+02,3.18,f,23,0.382,
1216,5,1167,car,,2026-05-05 16:30:44.252358+02,2026-05-05 16:30:48.560154+02,4.31,f,31,0.446,
1217,5,1161,car,,2026-05-05 16:30:47.275925+02,2026-05-05 16:30:49.43326+02,2.16,f,16,0.37,
1218,5,1167,car,,2026-05-05 16:30:48.997843+02,2026-05-05 16:30:55.048439+02,6.05,f,43,0.46,
1219,5,1161,car,,2026-05-05 16:30:50.302631+02,2026-05-05 16:30:57.223733+02,6.92,f,49,0.422,
1221,5,1167,car,,2026-05-05 16:30:55.787379+02,2026-05-05 16:31:01.122339+02,5.33,f,37,0.469,
1220,5,1161,car,,2026-05-05 16:30:57.516629+02,2026-05-05 16:31:00.830417+02,3.31,f,23,0.455,
1222,5,1167,car,,2026-05-05 16:31:01.413616+02,2026-05-05 16:31:26.237934+02,24.82,f,113,0.459,
1224,5,1161,car,,2026-05-05 16:31:01.702121+02,2026-05-05 16:31:51.788454+02,50.09,f,188,0.436,
1223,5,1167,car,,2026-05-05 16:31:26.687505+02,2026-05-05 16:31:29.860009+02,3.17,f,23,0.449,
1229,5,1167,car,,2026-05-05 16:31:30.291255+02,2026-05-05 16:32:27.12967+02,56.84,f,235,0.448,
1225,5,1161,car,,2026-05-05 16:31:52.650187+02,2026-05-05 16:31:57.398229+02,4.75,f,19,0.44,
1226,5,1161,car,,2026-05-05 16:31:58.259692+02,2026-05-05 16:32:03.04442+02,4.78,f,19,0.44,
1227,5,1161,car,,2026-05-05 16:32:03.895315+02,2026-05-05 16:32:08.623349+02,4.73,f,19,0.44,
1228,5,1161,car,,2026-05-05 16:32:09.485764+02,2026-05-05 16:32:17.923627+02,8.44,f,44,0.442,
1230,5,1161,car,,2026-05-05 16:32:18.7807+02,2026-05-05 16:32:30.454834+02,11.67,f,67,0.449,
1231,5,1167,car,,2026-05-05 16:32:30.309868+02,2026-05-05 16:32:39.658116+02,9.35,f,66,0.445,
1232,5,1161,car,,2026-05-05 16:32:31.313021+02,2026-05-05 16:32:46.173758+02,14.86,f,89,0.441,
1233,5,1167,car,,2026-05-05 16:32:40.672267+02,2026-05-05 16:32:55.375897+02,14.7,f,88,0.437,
1235,5,1161,car,,2026-05-05 16:32:47.031764+02,2026-05-05 16:34:11.779427+02,84.75,f,120,0.44,
1234,5,1167,car,,2026-05-05 16:32:56.400587+02,2026-05-05 16:32:59.874512+02,3.47,f,25,0.423,
1236,5,1167,car,,2026-05-05 16:33:00.752734+02,2026-05-05 16:34:20.978039+02,80.23,f,89,0.443,
1241,5,1161,car,,2026-05-05 16:34:12.641825+02,2026-05-05 16:36:26.990847+02,134.35,f,558,0.449,
1237,5,1167,car,,2026-05-05 16:34:21.985601+02,2026-05-05 16:34:25.419563+02,3.43,f,25,0.423,
1238,5,1167,car,,2026-05-05 16:34:26.281768+02,2026-05-05 16:35:00.557243+02,34.28,f,192,0.448,
1239,5,1167,car,,2026-05-05 16:35:00.991511+02,2026-05-05 16:35:49.580506+02,48.59,f,175,0.461,
1242,5,1167,car,,2026-05-05 16:35:49.867384+02,2026-05-05 16:36:27.854176+02,37.99,f,99,0.466,
1240,5,1311,car,Kafasan L3,2026-05-05 16:36:22.434003+02,2026-05-05 16:36:25.007112+02,2.57,f,19,0.784,
1243,5,1161,car,,2026-05-05 16:36:27.709109+02,2026-05-05 16:37:08.00843+02,40.3,f,116,0.465,
1244,5,1167,car,,2026-05-05 16:36:28.29083+02,2026-05-05 16:38:27.127435+02,118.84,f,331,0.486,
1246,5,1161,car,,2026-05-05 16:37:09.019475+02,2026-05-05 16:38:36.365184+02,87.35,f,278,0.469,
1245,5,1352,car,Kafasan L3,2026-05-05 16:38:27.416875+02,2026-05-05 16:38:31.944515+02,4.53,f,33,0.849,
1247,5,1353,car,,2026-05-05 16:38:32.230954+02,2026-05-05 16:38:36.654743+02,4.42,f,32,0.482,
1255,5,1161,car,,2026-05-05 16:38:36.654743+02,2026-05-05 16:40:42.701331+02,126.05,f,382,0.47,
1249,5,1353,car,,2026-05-05 16:38:37.086708+02,2026-05-05 16:39:54.837293+02,77.75,f,211,0.477,
1248,5,1358,car,Kafasan L2,2026-05-05 16:39:45.603582+02,2026-05-05 16:39:50.152308+02,4.55,f,33,0.837,
1254,5,1353,car,,2026-05-05 16:39:55.266875+02,2026-05-05 16:40:39.565409+02,44.3,f,144,0.448,
1250,5,1368,truck,,2026-05-05 16:39:58.785556+02,2026-05-05 16:40:01.248424+02,2.46,f,18,0.376,
1251,5,1367,car,,2026-05-05 16:39:58.785556+02,2026-05-05 16:40:01.248424+02,2.46,f,18,0.822,
1252,5,1382,truck,,2026-05-05 16:40:32.900759+02,2026-05-05 16:40:36.588144+02,3.69,f,27,0.307,
1253,5,1381,car,,2026-05-05 16:40:32.900759+02,2026-05-05 16:40:36.730495+02,3.83,f,28,0.381,
1256,5,1353,car,,2026-05-05 16:40:40.283767+02,2026-05-05 16:40:43.135104+02,2.85,f,21,0.423,
1258,5,1161,car,,2026-05-05 16:40:43.135104+02,2026-05-05 16:41:18.857946+02,35.72,f,84,0.503,
1257,5,1353,car,,2026-05-05 16:41:09.752139+02,2026-05-05 16:41:17.145136+02,7.39,f,53,0.421,
1262,5,1353,car,,2026-05-05 16:41:17.856772+02,2026-05-05 16:42:37.624973+02,79.77,f,225,0.45,
1264,5,1161,car,,2026-05-05 16:41:19.574849+02,2026-05-05 16:42:38.206493+02,78.63,f,217,0.487,
1259,5,1403,car,Kafasan L2,2026-05-05 16:41:55.883087+02,2026-05-05 16:41:58.296782+02,2.41,f,18,0.849,
1260,5,1420,car,Kafasan L3,2026-05-05 16:41:59.294792+02,2026-05-05 16:42:06.634946+02,7.34,f,52,0.85,
1261,5,1421,car,Kafasan L2,2026-05-05 16:41:59.294792+02,2026-05-05 16:42:06.634946+02,7.34,f,52,0.847,
1263,5,1422,car,Kafasan L3,2026-05-05 16:42:34.232771+02,2026-05-05 16:42:37.768079+02,3.54,f,26,0.796,lane_switch:Kafasan L3>Kafasan L2
1271,5,1161,car,,2026-05-05 16:42:39.066526+02,2026-05-05 16:44:20.079234+02,101.01,f,353,0.452,
1265,5,1353,car,,2026-05-05 16:42:41.048476+02,2026-05-05 16:42:49.099813+02,8.05,f,58,0.473,
1267,5,1353,car,,2026-05-05 16:42:49.958461+02,2026-05-05 16:43:26.284744+02,36.33,f,88,0.461,
1266,5,1431,car,,2026-05-05 16:43:17.365842+02,2026-05-05 16:43:20.629186+02,3.26,f,24,0.411,
1270,5,1353,car,,2026-05-05 16:43:28.852627+02,2026-05-05 16:44:16.920308+02,48.07,f,149,0.452,
1268,5,1451,truck,,2026-05-05 16:44:10.193543+02,2026-05-05 16:44:13.889035+02,3.7,f,27,0.307,
1269,5,1450,car,,2026-05-05 16:44:10.193543+02,2026-05-05 16:44:14.03316+02,3.84,f,28,0.381,
1272,5,1353,car,,2026-05-05 16:44:17.649861+02,2026-05-05 16:44:20.508674+02,2.86,f,21,0.423,
1274,5,1161,car,,2026-05-05 16:44:20.508674+02,2026-05-05 16:44:32.449011+02,11.94,f,84,0.503,
1273,5,1353,car,,2026-05-05 16:44:23.276695+02,2026-05-05 16:44:30.726246+02,7.45,f,53,0.421,
1278,5,1353,car,,2026-05-05 16:44:31.447673+02,2026-05-05 16:45:03.943761+02,32.5,f,225,0.45,
1280,5,1161,car,,2026-05-05 16:44:33.173528+02,2026-05-05 16:45:04.535522+02,31.36,f,217,0.487,
1275,5,1472,car,Kafasan L2,2026-05-05 16:44:45.733622+02,2026-05-05 16:44:48.193291+02,2.46,f,18,0.849,
1276,5,1489,car,Kafasan L3,2026-05-05 16:44:49.214987+02,2026-05-05 16:44:56.574916+02,7.36,f,52,0.85,
1277,5,1490,car,Kafasan L2,2026-05-05 16:44:49.214987+02,2026-05-05 16:44:56.574916+02,7.36,f,52,0.847,
1279,5,1491,car,Kafasan L3,2026-05-05 16:45:00.482575+02,2026-05-05 16:45:04.088954+02,3.61,f,26,0.796,lane_switch:Kafasan L3>Kafasan L2
1285,5,1161,car,,2026-05-05 16:45:05.410888+02,2026-05-05 16:45:47.525211+02,42.11,f,276,0.462,
1281,5,1353,car,,2026-05-05 16:45:07.440446+02,2026-05-05 16:45:15.688919+02,8.25,f,58,0.473,
1283,5,1353,car,,2026-05-05 16:45:16.563661+02,2026-05-05 16:45:29.225963+02,12.66,f,88,0.461,
1282,5,1500,car,,2026-05-05 16:45:20.07182+02,2026-05-05 16:45:23.40096+02,3.33,f,24,0.411,
1284,5,1353,car,,2026-05-05 16:45:31.854477+02,2026-05-05 16:45:45.355796+02,13.5,f,79,0.47,
1286,5,1509,truck,Kafasan L2,2026-05-05 16:45:44.204559+02,2026-05-05 16:45:48.400276+02,4.2,f,30,0.896,
1290,5,1353,car,,2026-05-05 16:45:51.016702+02,2026-05-05 16:46:02.428804+02,11.41,f,79,0.47,
1287,5,1161,car,,2026-05-05 16:45:51.16551+02,2026-05-05 16:45:53.338177+02,2.17,f,16,0.403,
1288,5,1161,car,,2026-05-05 16:45:53.771986+02,2026-05-05 16:45:57.085305+02,3.31,f,24,0.433,
1289,5,1161,car,,2026-05-05 16:45:58.780017+02,2026-05-05 16:46:01.847875+02,3.07,f,22,0.422,
1291,5,1161,car,,2026-05-05 16:46:02.283403+02,2026-05-05 16:46:12.881771+02,10.6,f,74,0.429,
1293,5,1353,car,,2026-05-05 16:46:05.18391+02,2026-05-05 16:46:14.347026+02,9.16,f,64,0.472,
1292,5,1524,truck,Kafasan L2,2026-05-05 16:46:06.19803+02,2026-05-05 16:46:14.199525+02,8,f,56,0.855,lane_switch:Kafasan L2>Kafasan L1>Kafasan L2
1294,5,1522,car,,2026-05-05 16:46:12.293717+02,2026-05-05 16:46:14.944153+02,2.65,f,19,0.475,
1295,5,1353,car,,2026-05-05 16:46:18.024636+02,2026-05-05 16:46:26.823933+02,8.8,f,19,0.501,
1296,5,1161,car,,2026-05-05 16:46:18.168844+02,2026-05-05 16:46:26.966332+02,8.8,f,19,0.366,
1298,5,1353,car,,2026-05-05 16:46:27.257294+02,2026-05-05 16:46:32.431403+02,5.17,f,37,0.454,
1297,5,1161,car,,2026-05-05 16:46:29.557102+02,2026-05-05 16:46:31.712484+02,2.16,f,16,0.384,
1299,5,1161,car,,2026-05-05 16:46:33.292283+02,2026-05-05 16:46:35.461194+02,2.17,f,16,0.339,
1300,5,1161,car,,2026-05-05 16:46:36.042678+02,2026-05-05 16:46:48.489911+02,12.45,f,72,0.418,
1301,5,1353,car,,2026-05-05 16:46:37.051818+02,2026-05-05 16:46:48.782193+02,11.73,f,67,0.497,
1303,5,1161,car,,2026-05-05 16:46:48.782193+02,2026-05-05 16:46:59.214432+02,10.43,f,73,0.43,
1302,5,1522,car,,2026-05-05 16:46:50.237895+02,2026-05-05 16:46:52.259952+02,2.02,f,15,0.465,
1304,5,1353,car,,2026-05-05 16:46:51.394669+02,2026-05-05 16:46:59.944857+02,8.55,f,60,0.471,
1305,5,1539,truck,Kafasan L2,2026-05-05 16:46:52.551548+02,2026-05-05 16:47:00.536842+02,7.99,f,56,0.853,lane_switch:Kafasan L2>Kafasan L1>Kafasan L2
1308,5,1353,car,,2026-05-05 16:47:04.321428+02,2026-05-05 16:47:12.5923+02,8.27,f,58,0.465,
1306,5,1161,car,,2026-05-05 16:47:04.468721+02,2026-05-05 16:47:07.063695+02,2.59,f,19,0.367,
1307,5,1161,car,,2026-05-05 16:47:09.679437+02,2026-05-05 16:47:11.854315+02,2.17,f,16,0.385,
1309,5,1161,car,,2026-05-05 16:47:13.470621+02,2026-05-05 16:47:15.647632+02,2.18,f,16,0.346,
1310,5,1522,car,,2026-05-05 16:47:16.231888+02,2026-05-05 16:47:18.267841+02,2.04,f,15,0.408,
1311,5,1161,car,,2026-05-05 16:47:16.231888+02,2026-05-05 16:47:29.789359+02,13.56,f,79,0.413,
1313,5,1353,car,,2026-05-05 16:47:19.431185+02,2026-05-05 16:47:34.052804+02,14.62,f,86,0.514,
1312,5,1548,truck,Kafasan L1,2026-05-05 16:47:28.031099+02,2026-05-05 16:47:32.277819+02,4.25,f,30,0.867,
1390,5,1550,car,Kafasan L3,2026-05-05 16:47:30.22579+02,2026-05-05 16:59:10.989526+02,700.76,f,2867,0.789,
1314,5,1560,car,Kafasan L3,2026-05-05 16:47:34.792034+02,2026-05-05 16:47:37.273741+02,2.48,f,18,0.783,lane_switch:Kafasan L3>Kafasan L2
1328,5,1353,car,,2026-05-05 16:47:34.792034+02,2026-05-05 16:49:36.498388+02,121.71,f,477,0.465,
1315,5,1161,car,,2026-05-05 16:47:35.230397+02,2026-05-05 16:47:38.009396+02,2.78,f,20,0.389,
1316,5,1161,car,,2026-05-05 16:47:38.593368+02,2026-05-05 16:48:05.79695+02,27.2,f,20,0.369,
1317,5,1161,car,,2026-05-05 16:48:06.088528+02,2026-05-05 16:48:08.684947+02,2.6,f,19,0.412,
1318,5,1161,car,,2026-05-05 16:48:09.69135+02,2026-05-05 16:48:11.847779+02,2.16,f,16,0.428,
1319,5,1161,car,,2026-05-05 16:48:17.648197+02,2026-05-05 16:48:19.680384+02,2.03,f,15,0.369,
1320,5,1161,car,,2026-05-05 16:48:20.116358+02,2026-05-05 16:48:53.576183+02,33.46,f,70,0.412,
1321,5,1161,car,,2026-05-05 16:48:54.007931+02,2026-05-05 16:48:56.457737+02,2.45,f,18,0.408,
1322,5,1161,car,,2026-05-05 16:48:57.318422+02,2026-05-05 16:49:03.357074+02,6.04,f,27,0.39,
1323,5,1161,car,,2026-05-05 16:49:03.648752+02,2026-05-05 16:49:06.244709+02,2.6,f,19,0.412,
1324,5,1161,car,,2026-05-05 16:49:07.261654+02,2026-05-05 16:49:09.409189+02,2.15,f,16,0.428,
1325,5,1161,car,,2026-05-05 16:49:15.073633+02,2026-05-05 16:49:17.114244+02,2.04,f,15,0.369,
1326,5,1161,car,,2026-05-05 16:49:17.562096+02,2026-05-05 16:49:27.716295+02,10.15,f,70,0.412,
1327,5,1161,car,,2026-05-05 16:49:28.153344+02,2026-05-05 16:49:30.630768+02,2.48,f,18,0.408,
1329,5,1161,car,,2026-05-05 16:49:31.506057+02,2026-05-05 16:49:38.500497+02,6.99,f,34,0.415,
1335,5,1353,car,,2026-05-05 16:49:37.355435+02,2026-05-05 16:50:24.735453+02,47.38,f,311,0.474,
1330,5,1161,car,,2026-05-05 16:49:40.651236+02,2026-05-05 16:49:48.307781+02,7.66,f,54,0.396,
1331,5,1161,car,,2026-05-05 16:49:49.179942+02,2026-05-05 16:49:54.424401+02,5.24,f,37,0.406,
1332,5,1161,car,,2026-05-05 16:50:05.90551+02,2026-05-05 16:50:10.560938+02,4.66,f,33,0.409,
1333,5,1161,car,,2026-05-05 16:50:10.873602+02,2026-05-05 16:50:16.100399+02,5.23,f,37,0.415,
1334,5,1161,car,,2026-05-05 16:50:16.538767+02,2026-05-05 16:50:18.875318+02,2.34,f,17,0.4,
1336,5,1161,car,,2026-05-05 16:50:19.753205+02,2026-05-05 16:50:26.75421+02,7,f,34,0.415,
1338,5,1353,car,,2026-05-05 16:50:25.598884+02,2026-05-05 16:50:49.275218+02,23.68,f,164,0.501,
1337,5,1161,car,,2026-05-05 16:50:28.923899+02,2026-05-05 16:50:36.612592+02,7.69,f,54,0.396,
1339,5,1161,car,,2026-05-05 16:50:37.489963+02,2026-05-05 16:50:52.04786+02,14.56,f,101,0.448,
1342,5,1353,car,,2026-05-05 16:50:49.72017+02,2026-05-05 16:51:10.235526+02,20.52,f,127,0.497,
1340,5,1161,car,,2026-05-05 16:50:52.483117+02,2026-05-05 16:50:57.716929+02,5.23,f,37,0.379,
1341,5,1734,truck,,2026-05-05 16:51:00.227197+02,2026-05-05 16:51:03.699446+02,3.47,f,25,0.819,
1343,5,1161,car,,2026-05-05 16:51:02.970212+02,2026-05-05 16:51:13.138715+02,10.17,f,71,0.454,
1349,5,1353,car,,2026-05-05 16:51:10.677815+02,2026-05-05 16:51:37.020943+02,26.34,f,167,0.491,
1344,5,1161,car,,2026-05-05 16:51:13.432237+02,2026-05-05 16:51:18.67956+02,5.25,f,37,0.375,
1347,5,1759,truck,Kafasan L3,2026-05-05 16:51:21.17178+02,2026-05-05 16:51:29.167436+02,8,f,56,0.841,lane_switch:Kafasan L3>Kafasan L2>Kafasan L1
1348,5,1161,car,,2026-05-05 16:51:23.900121+02,2026-05-05 16:51:29.461522+02,5.56,f,39,0.393,
1345,5,1763,car,,2026-05-05 16:51:24.19146+02,2026-05-05 16:51:26.226801+02,2.04,f,15,0.345,
1346,5,1763,car,,2026-05-05 16:51:26.674304+02,2026-05-05 16:51:28.723417+02,2.05,f,15,0.342,
1350,5,1161,car,,2026-05-05 16:51:30.497233+02,2026-05-05 16:51:39.789739+02,9.29,f,65,0.464,
1377,5,1353,car,,2026-05-05 16:51:37.46158+02,2026-05-05 16:55:43.726143+02,246.26,f,959,0.501,
1351,5,1161,car,,2026-05-05 16:51:40.229594+02,2026-05-05 16:51:45.48856+02,5.26,f,37,0.379,
1354,5,1790,truck,Kafasan L3,2026-05-05 16:51:48.019293+02,2026-05-05 16:51:56.011835+02,7.99,f,56,0.841,lane_switch:Kafasan L3>Kafasan L2>Kafasan L1
1355,5,1161,car,,2026-05-05 16:51:50.749913+02,2026-05-05 16:51:56.306731+02,5.56,f,39,0.393,
1352,5,1794,car,,2026-05-05 16:51:51.039683+02,2026-05-05 16:51:53.078387+02,2.04,f,15,0.345,
1353,5,1794,car,,2026-05-05 16:51:53.519964+02,2026-05-05 16:51:55.565414+02,2.05,f,15,0.342,
1356,5,1715,car,,2026-05-05 16:51:58.5004+02,2026-05-05 16:52:00.544683+02,2.04,f,15,0.4,
1357,5,1161,car,,2026-05-05 16:52:01.573566+02,2026-05-05 16:52:04.04306+02,2.47,f,18,0.339,
1359,5,1161,car,,2026-05-05 16:52:04.917467+02,2026-05-05 16:52:38.790072+02,33.87,f,67,0.393,
1358,5,1794,car,,2026-05-05 16:52:34.071072+02,2026-05-05 16:52:36.071855+02,2,f,15,0.338,
1360,5,1794,car,,2026-05-05 16:52:37.363834+02,2026-05-05 16:52:39.500892+02,2.14,f,16,0.338,
1363,5,1161,car,,2026-05-05 16:52:40.646973+02,2026-05-05 16:52:58.788725+02,18.14,f,111,0.391,
1361,5,1794,car,,2026-05-05 16:52:43.822505+02,2026-05-05 16:52:49.124493+02,5.3,f,22,0.333,
1362,5,1794,car,,2026-05-05 16:52:54.015597+02,2026-05-05 16:52:56.031927+02,2.02,f,15,0.338,
1364,5,1794,car,,2026-05-05 16:52:57.341561+02,2026-05-05 16:52:59.515005+02,2.17,f,16,0.338,
1366,5,1161,car,,2026-05-05 16:53:00.683756+02,2026-05-05 16:53:16.258657+02,15.57,f,92,0.395,
1365,5,1794,car,,2026-05-05 16:53:03.866786+02,2026-05-05 16:53:09.179557+02,5.31,f,22,0.333,
1368,5,1161,car,,2026-05-05 16:53:16.846401+02,2026-05-05 16:53:26.099717+02,9.25,f,65,0.39,
1367,5,1794,car,,2026-05-05 16:53:21.179821+02,2026-05-05 16:53:23.347008+02,2.17,f,16,0.334,
1369,5,1794,car,,2026-05-05 16:53:24.802483+02,2026-05-05 16:53:26.835843+02,2.03,f,15,0.346,
1371,5,1161,car,,2026-05-05 16:53:27.99169+02,2026-05-05 16:53:43.386038+02,15.39,f,92,0.395,
1370,5,1794,car,,2026-05-05 16:53:31.186741+02,2026-05-05 16:53:36.437252+02,5.25,f,22,0.335,
1372,5,1161,car,,2026-05-05 16:53:43.971564+02,2026-05-05 16:53:47.604523+02,3.63,f,26,0.37,
1374,5,1161,car,,2026-05-05 16:54:52.275044+02,2026-05-05 16:55:08.918119+02,16.64,f,66,0.397,
1373,5,1794,car,,2026-05-05 16:54:59.722897+02,2026-05-05 16:55:02.023609+02,2.3,f,17,0.336,
1375,5,1161,car,,2026-05-05 16:55:09.495878+02,2026-05-05 16:55:13.083219+02,3.59,f,26,0.37,
1376,5,1848,car,Kafasan L3,2026-05-05 16:55:25.336626+02,2026-05-05 16:55:27.654378+02,2.32,f,17,0.791,lane_switch:Kafasan L3>Kafasan L2>Kafasan L3
1380,5,1353,car,,2026-05-05 16:55:44.019094+02,2026-05-05 16:56:30.575162+02,46.56,f,160,0.514,
1379,5,1979,truck,Kafasan L1,2026-05-05 16:55:53.798676+02,2026-05-05 16:55:57.714707+02,3.92,f,28,0.83,
1378,5,1161,car,,2026-05-05 16:55:54.376316+02,2026-05-05 16:55:56.406226+02,2.03,f,15,0.341,
1391,5,1353,car,,2026-05-05 16:56:31.009375+02,2026-05-05 16:59:11.425214+02,160.42,f,455,0.518,
1382,5,1161,car,,2026-05-05 16:56:34.013357+02,2026-05-05 16:57:08.287003+02,34.27,f,74,0.351,
1381,5,2002,car,,2026-05-05 16:56:38.304062+02,2026-05-05 16:57:05.98655+02,27.68,f,28,0.341,
1385,5,2012,car,,2026-05-05 16:57:16.773342+02,2026-05-05 16:57:51.441134+02,34.67,f,77,0.343,
1383,5,2015,car,,2026-05-05 16:57:17.497877+02,2026-05-05 16:57:47.458375+02,29.96,f,44,0.345,
1384,5,2016,car,,2026-05-05 16:57:21.07076+02,2026-05-05 16:57:49.300708+02,28.23,f,32,0.413,
1386,5,2012,car,,2026-05-05 16:58:01.144219+02,2026-05-05 16:58:03.135774+02,1.99,f,15,0.353,
1387,5,2033,car,,2026-05-05 16:58:03.277797+02,2026-05-05 16:58:37.271263+02,33.99,f,72,0.327,
1388,5,2012,car,,2026-05-05 16:58:29.321936+02,2026-05-05 16:58:39.005678+02,9.68,f,69,0.356,
1389,5,2012,car,,2026-05-05 16:58:39.580093+02,2026-05-05 16:58:45.037516+02,5.46,f,39,0.39,
1393,5,2052,car,,2026-05-05 16:59:10.553438+02,2026-05-05 16:59:20.701102+02,10.15,f,72,0.466,
1396,5,1353,car,,2026-05-05 16:59:11.714156+02,2026-05-05 16:59:26.306611+02,14.59,f,103,0.54,
1392,5,2083,car,Kafasan L3,2026-05-05 16:59:13.286287+02,2026-05-05 16:59:20.701102+02,7.41,f,53,0.85,
1395,5,2086,car,,2026-05-05 16:59:20.846217+02,2026-05-05 16:59:23.433688+02,2.59,f,19,0.314,
1394,5,2092,car,,2026-05-05 16:59:20.993204+02,2026-05-05 16:59:23.433688+02,2.44,f,18,0.319,
1397,5,2088,car,,2026-05-05 16:59:20.993204+02,2026-05-05 16:59:54.455936+02,33.46,f,68,0.727,
1402,5,1353,car,,2026-05-05 16:59:27.179156+02,2026-05-05 17:00:38.194615+02,71.02,f,164,0.5,
1398,5,2052,car,,2026-05-05 16:59:53.875908+02,2026-05-05 16:59:57.593404+02,3.72,f,27,0.48,
1409,5,2088,car,,2026-05-05 16:59:55.317843+02,2026-05-05 17:02:10.240599+02,134.92,f,440,0.769,
1399,5,2121,car,,2026-05-05 16:59:56.032763+02,2026-05-05 17:00:04.680788+02,8.65,f,61,0.397,
1400,5,2052,car,,2026-05-05 16:59:58.552305+02,2026-05-05 17:00:33.642455+02,35.09,f,80,0.461,
1401,5,2121,car,,2026-05-05 17:00:08.948726+02,2026-05-05 17:00:38.194615+02,29.25,f,39,0.454,
1404,5,2121,car,,2026-05-05 17:00:38.905781+02,2026-05-05 17:01:17.268094+02,38.36,f,102,0.423,
1405,5,1353,car,,2026-05-05 17:00:38.905781+02,2026-05-05 17:01:17.268094+02,38.36,f,102,0.543,
1403,5,2052,car,,2026-05-05 17:00:41.031906+02,2026-05-05 17:00:43.019098+02,1.99,f,15,0.471,
1406,5,2052,car,,2026-05-05 17:00:45.141862+02,2026-05-05 17:01:20.876348+02,35.73,f,83,0.391,
1411,5,2121,car,,2026-05-05 17:01:19.419112+02,2026-05-05 17:02:23.790865+02,64.37,f,255,0.423,
1414,5,1353,car,,2026-05-05 17:01:19.419112+02,2026-05-05 17:02:32.626415+02,73.21,f,314,0.523,
1407,5,2147,car,Kafasan L2,2026-05-05 17:01:30.695251+02,2026-05-05 17:02:02.109512+02,31.41,f,53,0.798,
1408,5,2052,car,,2026-05-05 17:01:30.695251+02,2026-05-05 17:02:02.109512+02,31.41,f,53,0.432,
1410,5,2156,car,,2026-05-05 17:02:12.851137+02,2026-05-05 17:02:22.023026+02,9.17,f,56,0.329,
1413,5,2153,car,,2026-05-05 17:02:12.851137+02,2026-05-05 17:02:32.178358+02,19.33,f,124,0.799,
1412,5,2121,car,,2026-05-05 17:02:24.371902+02,2026-05-05 17:02:30.016296+02,5.64,f,39,0.39,
1416,5,2171,car,,2026-05-05 17:02:31.720656+02,2026-05-05 17:02:42.195225+02,10.47,f,72,0.466,
1419,5,1353,car,,2026-05-05 17:02:32.925895+02,2026-05-05 17:02:47.899077+02,14.97,f,103,0.54,
1415,5,2202,car,Kafasan L3,2026-05-05 17:02:34.593011+02,2026-05-05 17:02:42.195225+02,7.6,f,53,0.85,
1418,5,2205,car,,2026-05-05 17:02:42.340557+02,2026-05-05 17:02:44.975493+02,2.63,f,19,0.314,
1417,5,2211,car,,2026-05-05 17:02:42.48896+02,2026-05-05 17:02:44.975493+02,2.49,f,18,0.319,
1420,5,2207,car,,2026-05-05 17:02:42.48896+02,2026-05-05 17:02:52.271794+02,9.78,f,68,0.727,
1425,5,1353,car,,2026-05-05 17:02:48.772827+02,2026-05-05 17:03:12.406142+02,23.63,f,164,0.5,
1421,5,2171,car,,2026-05-05 17:02:51.687597+02,2026-05-05 17:02:55.459823+02,3.77,f,27,0.48,
1448,5,2207,car,,2026-05-05 17:02:53.139506+02,2026-05-05 17:07:40.897699+02,287.76,f,1294,0.784,
1422,5,2240,car,,2026-05-05 17:02:53.866997+02,2026-05-05 17:03:02.514759+02,8.65,f,61,0.397,
1423,5,2171,car,,2026-05-05 17:02:56.324713+02,2026-05-05 17:03:07.759093+02,11.43,f,80,0.461,
1424,5,2240,car,,2026-05-05 17:03:06.821947+02,2026-05-05 17:03:12.406142+02,5.58,f,39,0.454,
1427,5,2240,car,,2026-05-05 17:03:13.17088+02,2026-05-05 17:03:28.006344+02,14.84,f,102,0.423,
1428,5,1353,car,,2026-05-05 17:03:13.17088+02,2026-05-05 17:03:28.006344+02,14.84,f,102,0.543,
1426,5,2171,car,,2026-05-05 17:03:15.449507+02,2026-05-05 17:03:17.485445+02,2.04,f,15,0.471,
1429,5,2171,car,,2026-05-05 17:03:19.67109+02,2026-05-05 17:03:31.643139+02,11.97,f,83,0.391,
1432,5,1353,car,,2026-05-05 17:03:30.18561+02,2026-05-05 17:04:02.067284+02,31.88,f,205,0.528,
1433,5,2240,car,,2026-05-05 17:03:30.18561+02,2026-05-05 17:04:02.651912+02,32.47,f,209,0.442,
1430,5,2266,car,Kafasan L2,2026-05-05 17:03:41.486501+02,2026-05-05 17:03:49.006283+02,7.52,f,53,0.798,
1431,5,2171,car,,2026-05-05 17:03:41.486501+02,2026-05-05 17:03:49.006283+02,7.52,f,53,0.432,
1435,5,1353,car,,2026-05-05 17:04:02.651912+02,2026-05-05 17:04:13.882703+02,11.23,f,78,0.519,
1434,5,2240,car,,2026-05-05 17:04:03.522903+02,2026-05-05 17:04:13.882703+02,10.36,f,72,0.444,
1436,5,1353,car,,2026-05-05 17:04:14.621359+02,2026-05-05 17:04:32.167211+02,17.55,f,121,0.482,
1438,5,2240,car,,2026-05-05 17:04:14.770803+02,2026-05-05 17:04:47.647318+02,32.88,f,184,0.443,
1437,5,1353,car,,2026-05-05 17:04:33.040006+02,2026-05-05 17:04:47.205986+02,14.17,f,56,0.472,
1439,5,2326,car,Kafasan L2,2026-05-05 17:04:46.620115+02,2026-05-05 17:04:49.702065+02,3.08,f,22,0.83,
1442,5,1353,car,,2026-05-05 17:04:47.647318+02,2026-05-05 17:05:20.148162+02,32.5,f,82,0.501,
1441,5,2240,car,,2026-05-05 17:04:50.874607+02,2026-05-05 17:05:18.693544+02,27.82,f,50,0.395,
1440,5,2338,truck,Kafasan L2,2026-05-05 17:04:52.910327+02,2026-05-05 17:04:56.806113+02,3.9,f,27,0.815,
1443,5,2289,car,,2026-05-05 17:04:56.953647+02,2026-05-05 17:05:20.726187+02,23.77,f,23,0.455,
1446,5,2240,car,,2026-05-05 17:05:20.293197+02,2026-05-05 17:07:40.17866+02,139.89,f,479,0.446,
1447,5,1353,car,,2026-05-05 17:05:20.582392+02,2026-05-05 17:07:40.17866+02,139.6,f,477,0.492,
1444,5,2289,car,,2026-05-05 17:05:30.112368+02,2026-05-05 17:05:34.135299+02,4.02,f,29,0.417,
1445,5,2289,car,,2026-05-05 17:06:11.208822+02,2026-05-05 17:06:16.527629+02,5.32,f,38,0.389,
1449,5,1353,car,,2026-05-05 17:08:05.049176+02,2026-05-05 17:08:09.566466+02,4.52,f,33,0.385,
1451,5,2240,car,,2026-05-05 17:08:05.049176+02,2026-05-05 17:08:18.817897+02,13.77,f,98,0.442,
1455,5,2207,car,,2026-05-05 17:08:05.197501+02,2026-05-05 17:08:44.757302+02,39.56,f,119,0.764,
1450,5,1353,car,,2026-05-05 17:08:09.998224+02,2026-05-05 17:08:18.67577+02,8.68,f,62,0.439,
1453,5,2375,truck,Kafasan L1,2026-05-05 17:08:14.249786+02,2026-05-05 17:08:19.551475+02,5.3,f,38,0.884,
1457,5,2380,truck,Kafasan L2,2026-05-05 17:08:16.245084+02,2026-05-05 17:08:45.51881+02,29.27,f,46,0.814,lane_switch:Kafasan L2>Kafasan L1
1452,5,2382,car,Kafasan L3,2026-05-05 17:08:17.389839+02,2026-05-05 17:08:19.551475+02,2.16,f,16,0.67,
1454,5,2392,car,Kafasan L3,2026-05-05 17:08:19.997284+02,2026-05-05 17:08:44.757302+02,24.76,f,15,0.628,
1456,5,1353,car,,2026-05-05 17:08:20.583703+02,2026-05-05 17:08:45.51881+02,24.94,f,16,0.435,
1458,5,2393,truck,Kafasan L2,2026-05-05 17:08:21.457896+02,2026-05-05 17:08:53.867461+02,32.41,f,68,0.765,
1461,5,2207,car,,2026-05-05 17:08:45.071812+02,2026-05-05 17:08:53.867461+02,8.8,f,62,0.469,
1460,5,2382,truck,Kafasan L3,2026-05-05 17:08:45.667927+02,2026-05-05 17:08:53.867461+02,8.2,f,58,0.73,
1459,5,2412,car,,2026-05-05 17:08:45.822873+02,2026-05-05 17:08:53.867461+02,8.04,f,57,0.423,
1463,5,2414,car,,2026-05-05 17:08:54.163692+02,2026-05-05 17:09:26.655891+02,32.49,f,62,0.449,
1465,5,2413,car,,2026-05-05 17:08:54.163692+02,2026-05-05 17:09:29.526992+02,35.36,f,82,0.434,
1467,5,2207,car,,2026-05-05 17:08:54.163692+02,2026-05-05 17:09:30.82239+02,36.66,f,91,0.733,
1462,5,2430,car,Kafasan L2,2026-05-05 17:08:59.647723+02,2026-05-05 17:09:26.655891+02,27.01,f,24,0.82,lane_switch:Kafasan L2>Kafasan L3
1464,5,2438,car,Kafasan L2,2026-05-05 17:09:00.797716+02,2026-05-05 17:09:27.372766+02,26.58,f,21,0.801,
1466,5,2416,car,,2026-05-05 17:09:28.231216+02,2026-05-05 17:09:30.82239+02,2.59,f,19,0.459,
1468,5,1,car,,2026-05-05 17:32:20.131277+02,2026-05-05 17:32:23.624075+02,3.49,f,26,0.561,
1470,5,4,car,,2026-05-05 17:32:20.131277+02,2026-05-05 17:32:25.142995+02,5.01,f,36,0.404,
1469,5,2,car,,2026-05-05 17:32:21.263318+02,2026-05-05 17:32:24.329081+02,3.07,f,23,0.664,
1472,5,2,car,,2026-05-05 17:32:24.610947+02,2026-05-05 17:32:42.096412+02,17.49,f,124,0.703,
1481,5,11,car,,2026-05-05 17:32:26.718837+02,2026-05-05 17:33:51.935207+02,85.22,f,597,0.516,
1471,5,26,car,,2026-05-05 17:32:28.736569+02,2026-05-05 17:32:33.392928+02,4.66,f,34,0.36,
1473,5,26,car,,2026-05-05 17:32:38.89311+02,2026-05-05 17:33:10.844334+02,31.95,f,227,0.453,
1482,5,2,car,,2026-05-05 17:32:42.373198+02,2026-05-05 17:33:54.235641+02,71.86,f,502,0.715,
1474,5,26,car,,2026-05-05 17:33:11.701856+02,2026-05-05 17:33:21.804402+02,10.1,f,72,0.466,
1475,5,26,car,,2026-05-05 17:33:22.38189+02,2026-05-05 17:33:27.397207+02,5.02,f,36,0.444,
1476,5,26,car,,2026-05-05 17:33:29.692878+02,2026-05-05 17:33:36.997797+02,7.3,f,50,0.416,
1479,5,26,car,,2026-05-05 17:33:37.575658+02,2026-05-05 17:33:48.771374+02,11.2,f,79,0.436,
1477,5,122,car,,2026-05-05 17:33:41.900041+02,2026-05-05 17:33:45.194667+02,3.29,f,24,0.316,
1478,5,126,truck,,2026-05-05 17:33:42.04254+02,2026-05-05 17:33:48.629139+02,6.59,f,47,0.489,
1480,5,26,car,,2026-05-05 17:33:49.488615+02,2026-05-05 17:33:51.935207+02,2.45,f,18,0.402,
1486,5,11,car,,2026-05-05 17:33:52.223511+02,2026-05-05 17:34:08.18571+02,15.96,f,98,0.495,
1483,5,133,car,,2026-05-05 17:33:53.657167+02,2026-05-05 17:33:57.665596+02,4.01,f,29,0.487,
1484,5,2,car,,2026-05-05 17:33:54.523888+02,2026-05-05 17:34:04.07593+02,9.55,f,53,0.62,
1485,5,141,car,,2026-05-05 17:33:57.954265+02,2026-05-05 17:34:04.07593+02,6.12,f,29,0.604,
1487,5,2,car,,2026-05-05 17:34:06.350495+02,2026-05-05 17:34:10.459057+02,4.11,f,30,0.6,
1488,5,157,truck,,2026-05-05 17:34:07.054404+02,2026-05-05 17:34:10.459057+02,3.4,f,25,0.54,
1490,5,11,car,,2026-05-05 17:34:08.896487+02,2026-05-05 17:34:16.388585+02,7.49,f,53,0.502,
1492,5,2,car,,2026-05-05 17:34:10.744614+02,2026-05-05 17:34:24.253199+02,13.51,f,94,0.619,
1489,5,165,truck,,2026-05-05 17:34:12.477119+02,2026-05-05 17:34:16.097354+02,3.62,f,26,0.549,
1491,5,11,car,,2026-05-05 17:34:16.67502+02,2026-05-05 17:34:22.256662+02,5.58,f,39,0.503,
1493,5,223,car,,2026-05-05 17:34:23.399049+02,2026-05-05 17:34:25.697675+02,2.3,f,17,0.456,
1496,5,2,car,,2026-05-05 17:34:24.544907+02,2026-05-05 17:34:42.743988+02,18.2,f,80,0.631,
1497,5,250,car,,2026-05-05 17:34:26.568098+02,2026-05-05 17:34:42.743988+02,16.18,f,66,0.498,
1494,5,269,car,Kafasan L2,2026-05-05 17:34:30.638266+02,2026-05-05 17:34:33.914378+02,3.28,f,24,0.79,
1495,5,273,car,,2026-05-05 17:34:32.346937+02,2026-05-05 17:34:34.912914+02,2.57,f,19,0.551,
1500,5,250,car,,2026-05-05 17:34:43.745048+02,2026-05-05 17:34:58.761267+02,15.02,f,105,0.503,
1498,5,2,car,,2026-05-05 17:34:46.647512+02,2026-05-05 17:34:49.61415+02,2.97,f,22,0.605,
1499,5,290,truck,,2026-05-05 17:34:46.929713+02,2026-05-05 17:34:49.61415+02,2.68,f,20,0.547,
1501,5,2,car,,2026-05-05 17:34:49.900022+02,2026-05-05 17:34:58.905983+02,9.01,f,63,0.583,
1502,5,295,car,,2026-05-05 17:34:50.657785+02,2026-05-05 17:34:58.905983+02,8.25,f,58,0.569,
1503,5,2,truck,,2026-05-05 17:34:59.203512+02,2026-05-05 17:35:07.499288+02,8.3,f,43,0.611,
1506,5,250,car,,2026-05-05 17:35:06.322829+02,2026-05-05 17:35:14.844681+02,8.52,f,59,0.486,
1504,5,2,car,,2026-05-05 17:35:07.79264+02,2026-05-05 17:35:11.264288+02,3.47,f,24,0.601,
1505,5,326,truck,,2026-05-05 17:35:07.936522+02,2026-05-05 17:35:11.264288+02,3.33,f,23,0.538,
1507,5,2,car,,2026-05-05 17:35:11.554207+02,2026-05-05 17:35:16.993195+02,5.44,f,39,0.616,
1508,5,250,car,,2026-05-05 17:35:16.139376+02,2026-05-05 17:35:18.421222+02,2.28,f,17,0.456,
1511,5,2,car,,2026-05-05 17:35:17.279784+02,2026-05-05 17:35:28.691896+02,11.41,f,80,0.631,
1512,5,250,car,,2026-05-05 17:35:19.132151+02,2026-05-05 17:35:28.691896+02,9.56,f,67,0.496,
1509,5,416,car,Kafasan L2,2026-05-05 17:35:23.311266+02,2026-05-05 17:35:26.648174+02,3.34,f,24,0.79,
1510,5,420,car,,2026-05-05 17:35:25.064955+02,2026-05-05 17:35:27.663072+02,2.6,f,19,0.551,
1515,5,250,car,,2026-05-05 17:35:29.707677+02,2026-05-05 17:35:44.717374+02,15.01,f,105,0.503,
1513,5,2,car,,2026-05-05 17:35:32.602847+02,2026-05-05 17:35:35.605294+02,3,f,22,0.605,
1514,5,437,truck,,2026-05-05 17:35:32.888103+02,2026-05-05 17:35:35.605294+02,2.72,f,20,0.547,
1517,5,2,car,,2026-05-05 17:35:35.897146+02,2026-05-05 17:35:44.859991+02,8.96,f,63,0.583,
1516,5,442,car,,2026-05-05 17:35:36.617714+02,2026-05-05 17:35:44.859991+02,8.24,f,58,0.569,
1518,5,2,truck,,2026-05-05 17:35:45.154929+02,2026-05-05 17:35:53.411518+02,8.26,f,43,0.611,
1521,5,250,car,,2026-05-05 17:35:52.266957+02,2026-05-05 17:35:59.007195+02,6.74,f,48,0.477,
1519,5,2,car,,2026-05-05 17:35:53.697976+02,2026-05-05 17:35:56.97651+02,3.28,f,24,0.603,
1520,5,473,truck,,2026-05-05 17:35:53.839235+02,2026-05-05 17:35:56.97651+02,3.14,f,23,0.536,
1522,5,477,truck,Kafasan L2,2026-05-05 17:35:55.550689+02,2026-05-05 17:36:00.178601+02,4.63,f,33,0.838,lane_switch:Kafasan L2>Kafasan L1>Kafasan L2>Kafasan L1
1524,5,2,car,,2026-05-05 17:35:58.711793+02,2026-05-05 17:36:37.718434+02,39.01,f,100,0.652,
1523,5,250,car,,2026-05-05 17:36:02.373153+02,2026-05-05 17:36:33.305347+02,30.93,f,44,0.514,
1525,5,501,truck,,2026-05-05 17:36:06.683547+02,2026-05-05 17:36:37.718434+02,31.03,f,45,0.558,
1529,5,250,car,,2026-05-05 17:36:33.594684+02,2026-05-05 17:36:41.204841+02,7.61,f,54,0.503,
1528,5,474,car,,2026-05-05 17:36:37.152256+02,2026-05-05 17:36:41.204841+02,4.05,f,29,0.367,
1527,5,2,truck,,2026-05-05 17:36:38.006179+02,2026-05-05 17:36:41.057301+02,3.05,f,22,0.641,
1526,5,505,car,Kafasan L3,2026-05-05 17:36:38.42647+02,2026-05-05 17:36:40.912911+02,2.49,f,18,0.795,
1530,5,250,car,,2026-05-05 17:36:41.493859+02,2026-05-05 17:36:57.997758+02,16.5,f,101,0.509,
1532,5,2,car,,2026-05-05 17:36:42.209278+02,2026-05-05 17:37:02.461634+02,20.25,f,127,0.673,
1531,5,474,car,,2026-05-05 17:36:51.99272+02,2026-05-05 17:36:58.287023+02,6.29,f,45,0.388,
1533,5,539,truck,,2026-05-05 17:36:57.712988+02,2026-05-05 17:37:02.461634+02,4.75,f,34,0.563,
1537,5,250,car,,2026-05-05 17:36:58.287023+02,2026-05-05 17:37:05.969098+02,7.68,f,54,0.503,
1536,5,474,car,,2026-05-05 17:37:01.880832+02,2026-05-05 17:37:05.969098+02,4.09,f,29,0.367,
1535,5,2,truck,,2026-05-05 17:37:02.77771+02,2026-05-05 17:37:05.821987+02,3.04,f,22,0.641,
1534,5,545,car,Kafasan L3,2026-05-05 17:37:03.221159+02,2026-05-05 17:37:05.679615+02,2.46,f,18,0.795,
1538,5,250,car,,2026-05-05 17:37:06.262367+02,2026-05-05 17:37:22.386445+02,16.12,f,98,0.51,
1542,5,2,car,,2026-05-05 17:37:06.988182+02,2026-05-05 17:37:34.293892+02,27.31,f,175,0.684,
1539,5,474,car,,2026-05-05 17:37:16.806061+02,2026-05-05 17:37:24.550668+02,7.74,f,55,0.398,
1540,5,250,car,,2026-05-05 17:37:22.677978+02,2026-05-05 17:37:29.663696+02,6.99,f,49,0.502,
1541,5,474,car,,2026-05-05 17:37:24.837438+02,2026-05-05 17:37:30.102505+02,5.27,f,37,0.428,
1543,5,587,truck,,2026-05-05 17:37:29.372046+02,2026-05-05 17:37:34.293892+02,4.92,f,35,0.566,
1546,5,250,car,,2026-05-05 17:37:29.953981+02,2026-05-05 17:37:37.782846+02,7.83,f,55,0.501,
1544,5,474,car,,2026-05-05 17:37:33.72118+02,2026-05-05 17:37:35.874834+02,2.15,f,16,0.365,
1545,5,588,car,Kafasan L3,2026-05-05 17:37:34.585212+02,2026-05-05 17:37:37.339791+02,2.75,f,20,0.776,
1561,5,2,truck,,2026-05-05 17:37:34.585212+02,2026-05-05 17:39:27.85824+02,113.27,f,436,0.687,
1548,5,250,car,,2026-05-05 17:37:38.510264+02,2026-05-05 17:37:54.297247+02,15.79,f,95,0.515,
1547,5,474,car,,2026-05-05 17:37:40.682218+02,2026-05-05 17:37:43.419179+02,2.74,f,20,0.339,
1549,5,474,car,,2026-05-05 17:37:48.642401+02,2026-05-05 17:37:56.483586+02,7.84,f,55,0.398,
1550,5,250,car,,2026-05-05 17:37:54.586447+02,2026-05-05 17:38:32.699207+02,38.11,f,95,0.515,
1552,5,474,car,,2026-05-05 17:37:56.778072+02,2026-05-05 17:38:40.286307+02,43.51,f,133,0.439,
1553,5,250,car,,2026-05-05 17:38:32.984707+02,2026-05-05 17:38:40.286307+02,7.3,f,52,0.521,
1551,5,636,truck,,2026-05-05 17:38:34.977646+02,2026-05-05 17:38:37.267638+02,2.29,f,17,0.536,
1555,5,250,car,,2026-05-05 17:38:40.86571+02,2026-05-05 17:39:17.931356+02,37.07,f,93,0.508,
1556,5,474,car,,2026-05-05 17:38:41.860072+02,2026-05-05 17:39:20.672493+02,38.81,f,105,0.423,
1554,5,665,truck,,2026-05-05 17:38:44.763231+02,2026-05-05 17:39:13.036441+02,28.27,f,32,0.551,
1557,5,621,car,,2026-05-05 17:39:17.789869+02,2026-05-05 17:39:20.672493+02,2.88,f,21,0.438,
1562,5,250,car,,2026-05-05 17:39:18.360181+02,2026-05-05 17:39:28.299886+02,9.94,f,70,0.489,
1558,5,474,car,,2026-05-05 17:39:21.541422+02,2026-05-05 17:39:25.534743+02,3.99,f,29,0.366,
1559,5,700,truck,Kafasan L2,2026-05-05 17:39:24.390097+02,2026-05-05 17:39:27.559504+02,3.17,f,23,0.882,
1560,5,621,car,,2026-05-05 17:39:25.678705+02,2026-05-05 17:39:27.707113+02,2.03,f,15,0.545,
1563,5,250,car,,2026-05-05 17:40:36.266538+02,2026-05-05 17:40:39.093168+02,2.83,f,21,0.567,
1565,5,474,car,,2026-05-05 17:40:36.266538+02,2026-05-05 17:40:46.688125+02,10.42,f,74,0.444,
1574,5,2,car,,2026-05-05 17:40:36.408376+02,2026-05-05 17:41:10.439989+02,34.03,f,238,0.678,
1566,5,250,car,,2026-05-05 17:40:39.378412+02,2026-05-05 17:40:46.688125+02,7.31,f,52,0.521,
1564,5,713,truck,,2026-05-05 17:40:41.400915+02,2026-05-05 17:40:43.681993+02,2.28,f,17,0.536,
1568,5,250,car,,2026-05-05 17:40:47.281659+02,2026-05-05 17:41:00.438619+02,13.16,f,93,0.508,
1569,5,474,car,,2026-05-05 17:40:48.260353+02,2026-05-05 17:41:03.189342+02,14.93,f,105,0.423,
1567,5,742,truck,,2026-05-05 17:40:51.150452+02,2026-05-05 17:40:55.628374+02,4.48,f,32,0.551,
1570,5,621,car,,2026-05-05 17:41:00.297377+02,2026-05-05 17:41:03.189342+02,2.89,f,21,0.438,
1575,5,250,car,,2026-05-05 17:41:00.868218+02,2026-05-05 17:41:10.882382+02,10.01,f,70,0.489,
1571,5,474,car,,2026-05-05 17:41:04.060272+02,2026-05-05 17:41:08.105477+02,4.05,f,29,0.366,
1572,5,777,truck,Kafasan L2,2026-05-05 17:41:06.964364+02,2026-05-05 17:41:10.141877+02,3.18,f,23,0.882,
1573,5,621,car,,2026-05-05 17:41:08.251301+02,2026-05-05 17:41:10.290152+02,2.04,f,15,0.545,
1576,5,621,car,,2026-05-05 17:41:10.882382+02,2026-05-05 17:41:13.183297+02,2.3,f,17,0.42,
1582,5,250,car,,2026-05-05 17:41:12.175319+02,2026-05-05 17:41:27.074455+02,14.9,f,103,0.467,
1579,5,2,car,,2026-05-05 17:41:12.60814+02,2026-05-05 17:41:24.296142+02,11.69,f,81,0.688,
1577,5,474,car,,2026-05-05 17:41:13.757674+02,2026-05-05 17:41:16.859803+02,3.1,f,22,0.392,
1578,5,474,car,,2026-05-05 17:41:17.149549+02,2026-05-05 17:41:19.349362+02,2.2,f,16,0.345,
1581,5,474,car,,2026-05-05 17:41:20.221635+02,2026-05-05 17:41:26.346254+02,6.12,f,43,0.365,
1580,5,796,truck,,2026-05-05 17:41:23.128362+02,2026-05-05 17:41:25.75197+02,2.62,f,19,0.787,
1583,5,2,car,,2026-05-05 17:41:24.589205+02,2026-05-05 17:41:29.226111+02,4.64,f,33,0.689,
1590,5,797,truck,,2026-05-05 17:41:26.055649+02,2026-05-05 17:42:16.003554+02,49.95,f,182,0.944,
1584,5,2,car,,2026-05-05 17:41:31.052875+02,2026-05-05 17:41:35.004641+02,3.95,f,28,0.65,
1586,5,2,car,,2026-05-05 17:41:35.293572+02,2026-05-05 17:41:40.581562+02,5.29,f,37,0.63,
1585,5,825,truck,,2026-05-05 17:41:36.527742+02,2026-05-05 17:41:40.581562+02,4.05,f,29,0.57,
1587,5,2,car,,2026-05-05 17:41:40.871121+02,2026-05-05 17:42:16.003554+02,35.13,f,81,0.632,
1588,5,827,truck,,2026-05-05 17:41:44.998604+02,2026-05-05 17:42:16.003554+02,31,f,52,0.59,
1589,5,826,car,Kafasan L2,2026-05-05 17:41:44.998604+02,2026-05-05 17:42:16.003554+02,31,f,52,0.781,
1593,5,836,car,,2026-05-05 17:42:18.012257+02,2026-05-05 17:42:23.709343+02,5.7,f,41,0.47,
1591,5,839,car,,2026-05-05 17:42:18.716261+02,2026-05-05 17:42:22.283527+02,3.57,f,26,0.468,
1592,5,840,car,,2026-05-05 17:42:18.716261+02,2026-05-05 17:42:23.709343+02,4.99,f,36,0.407,
1598,5,2,car,,2026-05-05 17:42:19.566823+02,2026-05-05 17:42:46.761268+02,27.19,f,183,0.72,
1594,5,839,car,,2026-05-05 17:42:23.876846+02,2026-05-05 17:42:25.981095+02,2.1,f,15,0.482,
1595,5,840,car,,2026-05-05 17:42:24.486505+02,2026-05-05 17:42:40.540034+02,16.05,f,107,0.389,
1611,5,836,car,,2026-05-05 17:42:27.4394+02,2026-05-05 17:43:52.131216+02,84.69,f,389,0.465,
1596,5,840,car,,2026-05-05 17:42:41.431821+02,2026-05-05 17:42:43.86038+02,2.43,f,17,0.342,
1599,5,869,car,,2026-05-05 17:42:43.86038+02,2026-05-05 17:42:46.761268+02,2.9,f,21,0.572,
1597,5,840,car,,2026-05-05 17:42:44.15003+02,2026-05-05 17:42:46.617053+02,2.47,f,18,0.393,
1600,5,2,car,,2026-05-05 17:42:47.061254+02,2026-05-05 17:43:15.666437+02,28.61,f,20,0.618,
1608,5,2,car,,2026-05-05 17:43:15.95358+02,2026-05-05 17:43:49.417046+02,33.46,f,219,0.651,
1603,5,863,car,,2026-05-05 17:43:17.086807+02,2026-05-05 17:43:27.49586+02,10.41,f,73,0.362,
1601,5,885,car,Kafasan L3,2026-05-05 17:43:17.22771+02,2026-05-05 17:43:27.49586+02,10.27,f,72,0.774,
1602,5,886,car,,2026-05-05 17:43:17.22771+02,2026-05-05 17:43:27.49586+02,10.27,f,72,0.417,
1604,5,895,car,,2026-05-05 17:43:32.289687+02,2026-05-05 17:43:34.87728+02,2.59,f,19,0.355,
1605,5,904,truck,,2026-05-05 17:43:33.586457+02,2026-05-05 17:43:37.785147+02,4.2,f,15,0.541,
1606,5,895,car,,2026-05-05 17:43:39.242653+02,2026-05-05 17:43:42.198865+02,2.96,f,22,0.392,
1607,5,895,car,,2026-05-05 17:43:42.480712+02,2026-05-05 17:43:44.591401+02,2.11,f,16,0.345,
1610,5,895,car,,2026-05-05 17:43:45.442347+02,2026-05-05 17:43:51.423405+02,5.98,f,43,0.365,
1609,5,916,truck,,2026-05-05 17:43:48.260419+02,2026-05-05 17:43:50.850656+02,2.59,f,19,0.787,
1612,5,2,car,,2026-05-05 17:43:49.707302+02,2026-05-05 17:43:54.267472+02,4.56,f,33,0.689,
1619,5,917,truck,,2026-05-05 17:43:51.137874+02,2026-05-05 17:44:17.184067+02,26.05,f,182,0.944,
1613,5,2,car,,2026-05-05 17:43:56.000176+02,2026-05-05 17:43:59.960687+02,3.96,f,28,0.65,
1615,5,2,car,,2026-05-05 17:44:00.2599+02,2026-05-05 17:44:05.452032+02,5.19,f,37,0.63,
1614,5,945,truck,,2026-05-05 17:44:01.437781+02,2026-05-05 17:44:05.452032+02,4.01,f,29,0.57,
1617,5,2,car,,2026-05-05 17:44:05.744237+02,2026-05-05 17:44:17.184067+02,11.44,f,81,0.632,
1616,5,946,car,Kafasan L2,2026-05-05 17:44:09.852309+02,2026-05-05 17:44:17.184067+02,7.33,f,52,0.781,
1618,5,947,truck,,2026-05-05 17:44:09.852309+02,2026-05-05 17:44:17.184067+02,7.33,f,52,0.59,
1622,5,956,car,,2026-05-05 17:44:19.236026+02,2026-05-05 17:44:25.146464+02,5.91,f,41,0.47,
1620,5,959,car,,2026-05-05 17:44:19.964104+02,2026-05-05 17:44:23.681791+02,3.72,f,26,0.468,
1621,5,960,car,,2026-05-05 17:44:19.964104+02,2026-05-05 17:44:25.146464+02,5.18,f,36,0.407,
1627,5,2,car,,2026-05-05 17:44:20.870364+02,2026-05-05 17:44:47.227739+02,26.36,f,183,0.72,
1623,5,959,car,,2026-05-05 17:44:25.292144+02,2026-05-05 17:44:27.291652+02,2,f,15,0.482,
1624,5,960,car,,2026-05-05 17:44:25.861546+02,2026-05-05 17:44:41.175859+02,15.31,f,107,0.389,
1639,5,956,car,,2026-05-05 17:44:28.732472+02,2026-05-05 17:45:30.957758+02,62.23,f,413,0.468,
1625,5,960,car,,2026-05-05 17:44:42.044331+02,2026-05-05 17:44:44.363063+02,2.32,f,17,0.342,
1628,5,989,car,,2026-05-05 17:44:44.363063+02,2026-05-05 17:44:47.227739+02,2.86,f,21,0.572,
1626,5,960,car,,2026-05-05 17:44:44.65612+02,2026-05-05 17:44:47.08716+02,2.43,f,18,0.393,
1629,5,2,car,,2026-05-05 17:44:47.521188+02,2026-05-05 17:44:50.279345+02,2.76,f,20,0.618,
1636,5,2,car,,2026-05-05 17:44:50.571504+02,2026-05-05 17:45:19.399356+02,28.83,f,183,0.615,
1632,5,983,car,,2026-05-05 17:44:51.734822+02,2026-05-05 17:45:02.124298+02,10.39,f,73,0.362,
1630,5,1005,car,Kafasan L3,2026-05-05 17:44:51.879677+02,2026-05-05 17:45:02.124298+02,10.24,f,72,0.774,
1631,5,1006,car,,2026-05-05 17:44:51.879677+02,2026-05-05 17:45:02.124298+02,10.24,f,72,0.417,
1633,5,1015,car,,2026-05-05 17:45:06.987859+02,2026-05-05 17:45:09.642619+02,2.65,f,19,0.355,
1635,5,1024,truck,,2026-05-05 17:45:08.293954+02,2026-05-05 17:45:19.399356+02,11.11,f,61,0.573,
1634,5,1015,car,,2026-05-05 17:45:14.61275+02,2026-05-05 17:45:17.995767+02,3.38,f,24,0.358,
1641,5,2,car,,2026-05-05 17:45:20.70319+02,2026-05-05 17:45:33.13686+02,12.43,f,86,0.578,
1637,5,1026,car,,2026-05-05 17:45:21.283749+02,2026-05-05 17:45:28.396126+02,7.11,f,50,0.565,
1638,5,1032,car,Kafasan L2,2026-05-05 17:45:28.107994+02,2026-05-05 17:45:30.177738+02,2.07,f,15,0.8,
1640,5,1033,truck,,2026-05-05 17:45:28.830043+02,2026-05-05 17:45:33.13686+02,4.31,f,30,0.594,
1642,5,956,car,,2026-05-05 17:45:31.544462+02,2026-05-05 17:45:35.159713+02,3.62,f,26,0.451,
1643,5,1041,truck,Kafasan L2,2026-05-05 17:45:33.13686+02,2026-05-05 17:45:37.824144+02,4.69,f,33,0.865,
1645,5,2,car,,2026-05-05 17:45:36.037872+02,2026-05-05 17:45:41.873136+02,5.84,f,41,0.617,
1644,5,956,car,,2026-05-05 17:45:38.116742+02,2026-05-05 17:45:40.147988+02,2.03,f,15,0.376,
1647,5,956,car,,2026-05-05 17:45:40.870485+02,2026-05-05 17:45:46.955898+02,6.09,f,43,0.453,
1648,5,2,truck,,2026-05-05 17:45:42.165077+02,2026-05-05 17:45:47.101301+02,4.94,f,35,0.611,
1646,5,1063,car,,2026-05-05 17:45:42.31488+02,2026-05-05 17:45:44.897756+02,2.58,f,19,0.543,
1651,5,956,car,,2026-05-05 17:45:47.250451+02,2026-05-05 17:46:02.319792+02,15.07,f,62,0.488,
1649,5,2,truck,,2026-05-05 17:45:54.151709+02,2026-05-05 17:45:58.261232+02,4.11,f,29,0.593,
1650,5,1067,car,,2026-05-05 17:45:54.439752+02,2026-05-05 17:45:58.261232+02,3.82,f,27,0.57,
1653,5,2,truck,,2026-05-05 17:45:59.412983+02,2026-05-05 17:46:11.468233+02,12.06,f,69,0.585,
1652,5,1071,car,,2026-05-05 17:45:59.556876+02,2026-05-05 17:46:07.388729+02,7.83,f,55,0.573,
1654,5,956,car,,2026-05-05 17:46:02.613049+02,2026-05-05 17:46:14.633851+02,12.02,f,69,0.462,
1656,5,2,truck,,2026-05-05 17:46:13.901931+02,2026-05-05 17:46:16.820888+02,2.92,f,21,0.564,
1655,5,1080,car,,2026-05-05 17:46:14.338617+02,2026-05-05 17:46:16.820888+02,2.48,f,18,0.573,
1657,5,956,car,,2026-05-05 17:46:15.217515+02,2026-05-05 17:46:18.874507+02,3.66,f,26,0.451,
1658,5,1086,truck,Kafasan L2,2026-05-05 17:46:16.820888+02,2026-05-05 17:46:21.527764+02,4.71,f,33,0.865,
1660,5,2,car,,2026-05-05 17:46:19.753772+02,2026-05-05 17:46:25.619343+02,5.87,f,41,0.617,
1659,5,956,car,,2026-05-05 17:46:21.820841+02,2026-05-05 17:46:23.877854+02,2.06,f,15,0.376,
1662,5,956,car,,2026-05-05 17:46:24.599987+02,2026-05-05 17:46:30.696324+02,6.1,f,43,0.453,
1663,5,2,truck,,2026-05-05 17:46:25.907591+02,2026-05-05 17:46:30.840475+02,4.93,f,35,0.611,
1661,5,1108,car,,2026-05-05 17:46:26.054847+02,2026-05-05 17:46:28.659487+02,2.6,f,19,0.543,
1666,5,956,car,,2026-05-05 17:46:30.986234+02,2026-05-05 17:46:39.845269+02,8.86,f,62,0.488,
1665,5,2,truck,,2026-05-05 17:46:31.703936+02,2026-05-05 17:46:35.761384+02,4.06,f,29,0.593,
1664,5,1112,car,,2026-05-05 17:46:31.992474+02,2026-05-05 17:46:35.761384+02,3.77,f,27,0.57,
1668,5,2,truck,,2026-05-05 17:46:36.916207+02,2026-05-05 17:46:48.948698+02,12.03,f,69,0.585,
1667,5,1116,car,,2026-05-05 17:46:37.062423+02,2026-05-05 17:46:44.863795+02,7.8,f,55,0.573,
1670,5,956,car,,2026-05-05 17:46:40.135573+02,2026-05-05 17:46:56.735785+02,16.6,f,101,0.469,
1673,5,2,car,,2026-05-05 17:46:52.813568+02,2026-05-05 17:47:04.65008+02,11.84,f,82,0.6,
1669,5,1132,car,Kafasan L2,2026-05-05 17:46:53.821397+02,2026-05-05 17:46:56.292904+02,2.47,f,18,0.779,
1671,5,956,car,,2026-05-05 17:46:57.168724+02,2026-05-05 17:47:02.415234+02,5.25,f,37,0.485,
1672,5,1152,truck,,2026-05-05 17:46:57.601314+02,2026-05-05 17:47:04.65008+02,7.05,f,49,0.571,
1674,5,956,car,,2026-05-05 17:47:03.000914+02,2026-05-05 17:47:06.731031+02,3.73,f,26,0.451,
1675,5,1161,truck,Kafasan L2,2026-05-05 17:47:04.65008+02,2026-05-05 17:47:09.366812+02,4.72,f,33,0.865,
1677,5,2,car,,2026-05-05 17:47:07.612569+02,2026-05-05 17:47:13.467991+02,5.86,f,41,0.617,
1676,5,956,car,,2026-05-05 17:47:09.661379+02,2026-05-05 17:47:11.731904+02,2.07,f,15,0.376,
1679,5,956,car,,2026-05-05 17:47:12.455696+02,2026-05-05 17:47:18.58497+02,6.13,f,43,0.453,
1680,5,2,truck,,2026-05-05 17:47:13.759974+02,2026-05-05 17:47:18.731338+02,4.97,f,35,0.611,
1678,5,1180,car,,2026-05-05 17:47:13.906952+02,2026-05-05 17:47:16.531022+02,2.62,f,19,0.543,
1683,5,956,car,,2026-05-05 17:47:18.879781+02,2026-05-05 17:47:27.845515+02,8.97,f,62,0.488,
1682,5,2,truck,,2026-05-05 17:47:19.619684+02,2026-05-05 17:47:23.745831+02,4.13,f,29,0.593,
1681,5,1184,car,,2026-05-05 17:47:19.917326+02,2026-05-05 17:47:23.745831+02,3.83,f,27,0.57,
1685,5,2,truck,,2026-05-05 17:47:24.915924+02,2026-05-05 17:47:37.253418+02,12.34,f,69,0.585,
1684,5,1188,car,,2026-05-05 17:47:25.075425+02,2026-05-05 17:47:33.12649+02,8.05,f,55,0.573,
1687,5,956,car,,2026-05-05 17:47:28.137146+02,2026-05-05 17:47:45.48978+02,17.35,f,101,0.469,
1689,5,2,car,,2026-05-05 17:47:41.288606+02,2026-05-05 17:47:55.952617+02,14.66,f,100,0.604,
1686,5,1204,car,Kafasan L2,2026-05-05 17:47:42.374837+02,2026-05-05 17:47:45.03254+02,2.66,f,18,0.779,
1697,5,956,car,,2026-05-05 17:47:45.931402+02,2026-05-05 17:48:25.488706+02,39.56,f,232,0.467,
1688,5,1224,truck,,2026-05-05 17:47:46.368468+02,2026-05-05 17:47:55.952617+02,9.58,f,67,0.571,
1690,5,2,car,,2026-05-05 17:47:56.25042+02,2026-05-05 17:48:05.12275+02,8.87,f,62,0.602,
1691,5,1230,truck,,2026-05-05 17:48:00.492243+02,2026-05-05 17:48:05.12275+02,4.63,f,33,0.574,
1692,5,2,car,,2026-05-05 17:48:05.41525+02,2026-05-05 17:48:07.906148+02,2.49,f,18,0.626,
1693,5,1240,car,Kafasan L2,2026-05-05 17:48:07.318912+02,2026-05-05 17:48:09.524833+02,2.21,f,16,0.772,
1695,5,2,car,,2026-05-05 17:48:08.202304+02,2026-05-05 17:48:19.532205+02,11.33,f,38,0.608,
1694,5,1247,car,,2026-05-05 17:48:09.670844+02,2026-05-05 17:48:18.817613+02,9.15,f,23,0.585,
1701,5,2,car,,2026-05-05 17:48:19.823664+02,2026-05-05 17:48:32.484389+02,12.66,f,88,0.625,
1698,5,1256,car,Kafasan L2,2026-05-05 17:48:20.393391+02,2026-05-05 17:48:25.634339+02,5.24,f,37,0.807,
1696,5,1257,truck,,2026-05-05 17:48:20.535695+02,2026-05-05 17:48:23.00689+02,2.47,f,18,0.558,
1709,5,956,car,,2026-05-05 17:48:25.933939+02,2026-05-05 17:48:59.410946+02,33.48,f,215,0.459,
1699,5,1275,truck,,2026-05-05 17:48:28.274351+02,2026-05-05 17:48:30.318804+02,2.04,f,15,0.556,
1700,5,1277,car,Kafasan L2,2026-05-05 17:48:29.443696+02,2026-05-05 17:48:32.191808+02,2.75,f,20,0.799,lane_switch:Kafasan L2>Kafasan L3
1703,5,2,car,,2026-05-05 17:48:35.06935+02,2026-05-05 17:48:44.874599+02,9.81,f,69,0.602,
1702,5,1288,truck,,2026-05-05 17:48:40.219597+02,2026-05-05 17:48:44.874599+02,4.66,f,33,0.574,
1704,5,2,car,,2026-05-05 17:48:45.167954+02,2026-05-05 17:48:47.780873+02,2.61,f,18,0.626,
1705,5,1298,car,Kafasan L2,2026-05-05 17:48:47.202617+02,2026-05-05 17:48:49.384428+02,2.18,f,16,0.772,
1707,5,2,car,,2026-05-05 17:48:48.073699+02,2026-05-05 17:48:53.468273+02,5.39,f,38,0.608,
1706,5,1305,car,,2026-05-05 17:48:49.530661+02,2026-05-05 17:48:52.73778+02,3.21,f,23,0.585,
1713,5,2,car,,2026-05-05 17:48:53.75883+02,2026-05-05 17:49:06.4415+02,12.68,f,88,0.625,
1710,5,1314,car,Kafasan L2,2026-05-05 17:48:54.338924+02,2026-05-05 17:48:59.552959+02,5.21,f,37,0.807,
1708,5,1315,truck,,2026-05-05 17:48:54.484122+02,2026-05-05 17:48:56.933672+02,2.45,f,18,0.558,
1714,5,956,car,,2026-05-05 17:48:59.848184+02,2026-05-05 17:49:06.584849+02,6.74,f,47,0.445,
1711,5,1333,truck,,2026-05-05 17:49:02.182702+02,2026-05-05 17:49:04.237899+02,2.06,f,15,0.556,
1712,5,1335,car,Kafasan L2,2026-05-05 17:49:03.374335+02,2026-05-05 17:49:06.150893+02,2.78,f,20,0.799,lane_switch:Kafasan L2>Kafasan L3
1717,5,2,car,,2026-05-05 17:49:08.936718+02,2026-05-05 17:49:33.063394+02,24.13,f,164,0.653,
1715,5,956,car,,2026-05-05 17:49:09.370797+02,2026-05-05 17:49:19.202343+02,9.83,f,68,0.498,
1716,5,1353,truck,Kafasan L1,2026-05-05 17:49:19.059319+02,2026-05-05 17:49:22.791974+02,3.73,f,26,0.855,
1724,5,956,car,,2026-05-05 17:49:19.670204+02,2026-05-05 17:49:47.522078+02,27.85,f,190,0.465,
1718,5,1362,truck,,2026-05-05 17:49:28.281191+02,2026-05-05 17:49:33.063394+02,4.78,f,33,0.574,
1719,5,2,car,,2026-05-05 17:49:33.359072+02,2026-05-05 17:49:35.815186+02,2.46,f,18,0.626,
1720,5,1372,car,Kafasan L2,2026-05-05 17:49:35.237061+02,2026-05-05 17:49:37.464715+02,2.23,f,16,0.772,
1722,5,2,car,,2026-05-05 17:49:36.103209+02,2026-05-05 17:49:41.581786+02,5.48,f,38,0.608,
1721,5,1379,car,,2026-05-05 17:49:37.613116+02,2026-05-05 17:49:40.855538+02,3.24,f,23,0.585,
1728,5,2,car,,2026-05-05 17:49:41.876058+02,2026-05-05 17:49:54.491067+02,12.62,f,88,0.625,
1725,5,1388,car,Kafasan L2,2026-05-05 17:49:42.454342+02,2026-05-05 17:49:47.666098+02,5.21,f,37,0.807,
1723,5,1389,truck,,2026-05-05 17:49:42.59992+02,2026-05-05 17:49:45.053468+02,2.45,f,18,0.558,
1729,5,956,car,,2026-05-05 17:49:47.967243+02,2026-05-05 17:49:54.636109+02,6.67,f,47,0.445,
1726,5,1407,truck,,2026-05-05 17:49:50.284931+02,2026-05-05 17:49:52.312513+02,2.03,f,15,0.556,
1727,5,1409,car,Kafasan L2,2026-05-05 17:49:51.450343+02,2026-05-05 17:49:54.199982+02,2.75,f,20,0.799,lane_switch:Kafasan L2>Kafasan L3
1731,5,2,car,,2026-05-05 17:49:56.936546+02,2026-05-05 17:50:12.507666+02,15.57,f,107,0.688,
1730,5,956,car,,2026-05-05 17:49:57.378759+02,2026-05-05 17:50:07.144765+02,9.77,f,68,0.498,
1732,5,1427,truck,Kafasan L1,2026-05-05 17:50:06.998885+02,2026-05-05 17:50:12.507666+02,5.51,f,38,0.882,lane_switch:Kafasan L1>Kafasan L2
1733,5,956,car,,2026-05-05 17:50:07.583521+02,2026-05-05 17:50:41.300545+02,33.72,f,64,0.47,
1738,5,2,car,,2026-05-05 17:50:12.844211+02,2026-05-05 17:52:03.219984+02,110.38,f,268,0.693,
1734,5,956,car,,2026-05-05 17:50:41.589309+02,2026-05-05 17:50:49.994033+02,8.4,f,59,0.463,
1735,5,956,car,,2026-05-05 17:50:51.550254+02,2026-05-05 17:50:53.842851+02,2.29,f,17,0.418,
1736,5,1425,car,,2026-05-05 17:50:51.550254+02,2026-05-05 17:50:54.569901+02,3.02,f,22,0.403,
1737,5,1425,car,,2026-05-05 17:51:25.165883+02,2026-05-05 17:51:27.825368+02,2.66,f,19,0.386,
1740,5,1478,car,,2026-05-05 17:51:30.295932+02,2026-05-05 17:52:09.387537+02,39.09,f,105,0.455,
1739,5,1485,truck,,2026-05-05 17:51:37.652486+02,2026-05-05 17:52:03.219984+02,25.57,f,17,0.573,
1751,5,2,car,,2026-05-05 17:52:04.91052+02,2026-05-05 17:54:09.575667+02,124.67,f,240,0.598,
1743,5,1491,car,,2026-05-05 17:52:08.255298+02,2026-05-05 17:52:19.875438+02,11.62,f,80,0.591,
1742,5,1478,car,,2026-05-05 17:52:09.883647+02,2026-05-05 17:52:18.306383+02,8.42,f,59,0.424,
1741,5,1497,car,Kafasan L3,2026-05-05 17:52:12.824197+02,2026-05-05 17:52:14.994026+02,2.17,f,16,0.761,lane_switch:Kafasan L3>Kafasan L2
1744,5,1478,car,,2026-05-05 17:52:18.595372+02,2026-05-05 17:52:48.08265+02,29.49,f,45,0.429,
1745,5,1508,car,,2026-05-05 17:52:20.302495+02,2026-05-05 17:52:48.509736+02,28.21,f,36,0.574,
1746,5,1520,car,,2026-05-05 17:52:48.930978+02,2026-05-05 17:52:51.591274+02,2.66,f,20,0.566,
1747,5,1503,car,,2026-05-05 17:52:49.492765+02,2026-05-05 17:52:52.288154+02,2.8,f,21,0.382,
1748,5,1478,car,,2026-05-05 17:52:49.632512+02,2026-05-05 17:52:54.83467+02,5.2,f,38,0.444,
1749,5,1530,car,,2026-05-05 17:52:52.568617+02,2026-05-05 17:52:57.815426+02,5.25,f,38,0.552,
1750,5,1503,car,,2026-05-05 17:52:56.828858+02,2026-05-05 17:52:59.528218+02,2.7,f,20,0.422,
1752,5,1540,car,,2026-05-05 17:52:58.672317+02,2026-05-05 17:54:09.575667+02,70.9,f,30,0.554,
1753,5,1544,car,,2026-05-05 17:54:09.714198+02,2026-05-05 17:54:15.162814+02,5.45,f,39,0.439,
1765,5,2,car,,2026-05-05 17:54:11.125815+02,2026-05-05 17:54:54.750968+02,43.63,f,300,0.598,
1756,5,1550,car,,2026-05-05 17:54:14.153316+02,2026-05-05 17:54:25.464718+02,11.31,f,80,0.591,
1755,5,1544,car,,2026-05-05 17:54:15.604913+02,2026-05-05 17:54:23.912108+02,8.31,f,59,0.424,
1754,5,1556,car,Kafasan L3,2026-05-05 17:54:18.450234+02,2026-05-05 17:54:20.624991+02,2.17,f,16,0.761,lane_switch:Kafasan L3>Kafasan L2
1757,5,1544,car,,2026-05-05 17:54:24.198104+02,2026-05-05 17:54:30.521465+02,6.32,f,45,0.429,
1758,5,1567,car,,2026-05-05 17:54:25.895695+02,2026-05-05 17:54:31.00261+02,5.11,f,36,0.574,
1759,5,1579,car,,2026-05-05 17:54:31.432475+02,2026-05-05 17:54:34.184122+02,2.75,f,20,0.566,
1760,5,1562,car,,2026-05-05 17:54:32.007773+02,2026-05-05 17:54:34.921461+02,2.91,f,21,0.382,
1761,5,1544,car,,2026-05-05 17:54:32.151181+02,2026-05-05 17:54:37.607427+02,5.46,f,38,0.444,
1762,5,1589,car,,2026-05-05 17:54:35.214581+02,2026-05-05 17:54:40.704348+02,5.49,f,38,0.552,
1763,5,1562,car,,2026-05-05 17:54:39.656062+02,2026-05-05 17:54:42.474129+02,2.82,f,20,0.422,
1764,5,1599,car,,2026-05-05 17:54:41.607332+02,2026-05-05 17:54:50.586702+02,8.98,f,62,0.557,
1766,5,1604,truck,,2026-05-05 17:54:51.447003+02,2026-05-05 17:54:54.750968+02,3.3,f,23,0.587,
1767,5,2,car,,2026-05-05 17:54:56.528297+02,2026-05-05 17:55:00.0813+02,3.55,f,25,0.583,
1768,5,1613,truck,,2026-05-05 17:54:57.301491+02,2026-05-05 17:55:00.0813+02,2.78,f,20,0.591,
1770,5,1618,car,Kafasan L2,2026-05-05 17:54:58.633864+02,2026-05-05 17:55:06.963525+02,8.33,f,57,0.717,
1775,5,2,truck,,2026-05-05 17:55:00.37934+02,2026-05-05 17:55:25.989614+02,25.61,f,177,0.606,
1769,5,1625,car,,2026-05-05 17:55:01.679055+02,2026-05-05 17:55:06.375661+02,4.7,f,32,0.556,
1771,5,1606,car,,2026-05-05 17:55:05.805333+02,2026-05-05 17:55:08.418143+02,2.61,f,19,0.357,
1772,5,1634,car,,2026-05-05 17:55:07.980013+02,2026-05-05 17:55:10.007759+02,2.03,f,15,0.562,
1774,5,1636,car,,2026-05-05 17:55:10.44019+02,2026-05-05 17:55:24.520296+02,14.08,f,99,0.566,
1773,5,1631,car,,2026-05-05 17:55:18.380286+02,2026-05-05 17:55:21.659018+02,3.28,f,24,0.357,
1777,5,2,truck,,2026-05-05 17:55:26.286901+02,2026-05-05 17:55:53.278585+02,26.99,f,149,0.568,
1776,5,1644,truck,,2026-05-05 17:55:26.432388+02,2026-05-05 17:55:28.783415+02,2.35,f,17,0.581,
1778,5,1660,truck,,2026-05-05 17:55:36.227888+02,2026-05-05 17:55:53.278585+02,17.05,f,81,0.602,
1779,5,1665,car,Kafasan L2,2026-05-05 17:55:53.426025+02,2026-05-05 17:55:55.511609+02,2.09,f,15,0.835,
1780,5,2,truck,,2026-05-05 17:55:53.575254+02,2026-05-05 17:55:58.987002+02,5.41,f,36,0.603,
1781,5,2,car,,2026-05-05 17:56:01.480655+02,2026-05-05 17:56:29.052538+02,27.57,f,31,0.607,
1782,5,1682,truck,,2026-05-05 17:56:26.807262+02,2026-05-05 17:56:29.052538+02,2.25,f,16,0.625,
1784,5,2,truck,,2026-05-05 17:56:29.355185+02,2026-05-05 17:56:40.475414+02,11.12,f,75,0.57,
1783,5,1686,car,,2026-05-05 17:56:29.671865+02,2026-05-05 17:56:39.034373+02,9.36,f,63,0.606,
1785,5,2,truck,,2026-05-05 17:56:40.775383+02,2026-05-05 17:56:43.967183+02,3.19,f,23,0.676,
1790,5,2,truck,,2026-05-05 17:56:44.260579+02,2026-05-05 17:57:19.606354+02,35.35,f,85,0.636,
1786,5,1708,truck,,2026-05-05 17:57:09.390133+02,2026-05-05 17:57:11.80065+02,2.41,f,17,0.595,
1787,5,1720,car,,2026-05-05 17:57:13.56192+02,2026-05-05 17:57:17.484211+02,3.92,f,28,0.366,
1788,5,1718,car,Kafasan L2,2026-05-05 17:57:13.56192+02,2026-05-05 17:57:17.484211+02,3.92,f,28,0.748,
1789,5,1719,car,,2026-05-05 17:57:13.56192+02,2026-05-05 17:57:17.484211+02,3.92,f,28,0.513,
1792,5,2,car,,2026-05-05 17:57:19.906038+02,2026-05-05 17:57:24.802656+02,4.9,f,34,0.626,
1791,5,1730,car,,2026-05-05 17:57:22.466966+02,2026-05-05 17:57:24.802656+02,2.34,f,17,0.52,
1795,5,2,truck,,2026-05-05 17:57:25.097488+02,2026-05-05 17:58:42.714702+02,77.62,f,197,0.633,
1793,5,1735,car,,2026-05-05 17:57:50.368369+02,2026-05-05 17:57:53.400003+02,3.03,f,22,0.533,
1794,5,1741,car,,2026-05-05 17:57:56.721835+02,2026-05-05 17:58:04.917523+02,8.2,f,57,0.516,
1796,5,1749,car,,2026-05-05 17:58:34.112362+02,2026-05-05 17:58:42.714702+02,8.6,f,45,0.562,
1798,5,2,truck,,2026-05-05 17:58:44.501092+02,2026-05-05 17:59:06.018078+02,21.52,f,149,0.568,
1797,5,1759,truck,,2026-05-05 17:58:44.648657+02,2026-05-05 17:58:46.954799+02,2.31,f,17,0.581,
1799,5,1775,truck,,2026-05-05 17:58:54.320576+02,2026-05-05 17:59:06.018078+02,11.7,f,81,0.602,
1800,5,1780,car,Kafasan L2,2026-05-05 17:59:06.16405+02,2026-05-05 17:59:08.218671+02,2.05,f,15,0.835,
1801,5,2,truck,,2026-05-05 17:59:06.315048+02,2026-05-05 17:59:11.463872+02,5.15,f,36,0.603,
1802,5,2,car,,2026-05-05 17:59:13.959217+02,2026-05-05 17:59:18.377317+02,4.42,f,31,0.607,
1803,5,1797,truck,,2026-05-05 17:59:16.177568+02,2026-05-05 17:59:18.377317+02,2.2,f,16,0.625,
1805,5,2,truck,,2026-05-05 17:59:18.669085+02,2026-05-05 17:59:29.488093+02,10.82,f,75,0.57,
1804,5,1801,car,,2026-05-05 17:59:18.954974+02,2026-05-05 17:59:28.02069+02,9.07,f,63,0.606,
1806,5,2,truck,,2026-05-05 17:59:29.785364+02,2026-05-05 17:59:32.98302+02,3.2,f,23,0.676,
1811,5,2,truck,,2026-05-05 17:59:33.276645+02,2026-05-05 17:59:45.527723+02,12.25,f,85,0.636,
1807,5,1823,truck,,2026-05-05 17:59:35.329445+02,2026-05-05 17:59:37.667248+02,2.34,f,17,0.595,
1808,5,1833,car,Kafasan L2,2026-05-05 17:59:39.430794+02,2026-05-05 17:59:43.354801+02,3.92,f,28,0.748,
1809,5,1834,car,,2026-05-05 17:59:39.430794+02,2026-05-05 17:59:43.354801+02,3.92,f,28,0.513,
1810,5,1835,car,,2026-05-05 17:59:39.430794+02,2026-05-05 17:59:43.354801+02,3.92,f,28,0.366,
1812,5,2,car,,2026-05-05 17:59:45.824694+02,2026-05-05 17:59:50.668867+02,4.84,f,34,0.626,
1813,5,1845,car,,2026-05-05 17:59:48.33935+02,2026-05-05 17:59:50.668867+02,2.33,f,17,0.52,
1817,5,2,truck,,2026-05-05 17:59:50.968827+02,2026-05-05 18:00:20.092088+02,29.12,f,184,0.637,
1814,5,1850,car,,2026-05-05 17:59:53.071561+02,2026-05-05 17:59:56.128499+02,3.06,f,22,0.533,
1815,5,1856,car,,2026-05-05 17:59:59.477635+02,2026-05-05 18:00:07.699996+02,8.22,f,57,0.516,
1816,5,1864,car,,2026-05-05 18:00:13.45266+02,2026-05-05 18:00:20.092088+02,6.64,f,32,0.552,
1819,5,2,car,,2026-05-05 18:00:20.385226+02,2026-05-05 18:00:34.114786+02,13.73,f,94,0.596,
1818,5,1872,truck,,2026-05-05 18:00:24.099841+02,2026-05-05 18:00:27.016495+02,2.92,f,21,0.53,
1820,5,1879,car,,2026-05-05 18:00:28.075964+02,2026-05-05 18:00:34.114786+02,6.04,f,42,0.576,
1821,5,2,car,,2026-05-05 18:00:34.408551+02,2026-05-05 18:01:46.984446+02,72.58,f,38,0.604,
1823,5,2,car,,2026-05-05 18:01:47.272216+02,2026-05-05 18:02:00.033302+02,12.76,f,89,0.6,
1822,5,1920,truck,,2026-05-05 18:01:52.322131+02,2026-05-05 18:01:57.453558+02,5.13,f,37,0.529,
1824,5,2,car,,2026-05-05 18:02:01.34007+02,2026-05-05 18:02:04.64126+02,3.3,f,23,0.59,
1825,5,1932,car,,2026-05-05 18:02:02.068538+02,2026-05-05 18:02:04.64126+02,2.57,f,18,0.578,
1826,5,2,car,,2026-05-05 18:02:04.943004+02,2026-05-05 18:02:18.445114+02,13.5,f,75,0.535,
1827,5,1941,car,,2026-05-05 18:02:05.243859+02,2026-05-05 18:02:18.445114+02,13.2,f,73,0.58,
1828,5,2,car,,2026-05-05 18:02:20.156885+02,2026-05-05 18:02:22.864974+02,2.71,f,19,0.645,
1830,5,2,car,,2026-05-05 18:02:23.17617+02,2026-05-05 18:02:36.960377+02,13.78,f,89,0.598,
1829,5,1989,truck,,2026-05-05 18:02:28.283951+02,2026-05-05 18:02:32.333713+02,4.05,f,28,0.534,
1831,5,2,car,,2026-05-05 18:02:38.477109+02,2026-05-05 18:02:41.340856+02,2.86,f,18,0.606,
1833,5,2,car,,2026-05-05 18:02:42.37741+02,2026-05-05 18:02:55.951079+02,13.57,f,76,0.535,
1832,5,2012,truck,,2026-05-05 18:02:42.67104+02,2026-05-05 18:02:48.571105+02,5.9,f,40,0.566,
1834,5,2029,car,,2026-05-05 18:02:49.024542+02,2026-05-05 18:02:55.951079+02,6.93,f,32,0.603,
1835,5,2,car,,2026-05-05 18:02:57.790345+02,2026-05-05 18:03:06.914891+02,9.12,f,52,0.683,
1836,5,2,car,,2026-05-05 18:03:07.274697+02,2026-05-05 18:04:43.657524+02,96.38,f,462,0.723,
1844,5,2,car,,2026-05-05 18:04:43.963017+02,2026-05-05 18:07:57.634321+02,193.67,f,654,0.744,
1837,5,2132,car,Kafasan L2,2026-05-05 18:05:06.944125+02,2026-05-05 18:05:09.82959+02,2.89,f,19,0.794,
1838,5,2141,car,Kafasan L3,2026-05-05 18:05:40.289941+02,2026-05-05 18:05:43.191374+02,2.9,f,20,0.822,lane_switch:Kafasan L3>Kafasan L2
1839,5,2150,truck,Kafasan L2,2026-05-05 18:05:45.338937+02,2026-05-05 18:05:48.737025+02,3.4,f,23,0.881,lane_switch:Kafasan L2>Kafasan L1
1840,5,2161,car,Kafasan L3,2026-05-05 18:06:00.180483+02,2026-05-05 18:06:03.168753+02,2.99,f,20,0.822,lane_switch:Kafasan L3>Kafasan L2
1841,5,2170,truck,Kafasan L2,2026-05-05 18:06:05.321087+02,2026-05-05 18:06:08.682796+02,3.36,f,23,0.881,lane_switch:Kafasan L2>Kafasan L1
1842,5,2183,car,Kafasan L2,2026-05-05 18:06:27.940587+02,2026-05-05 18:06:30.953885+02,3.01,f,21,0.812,
1843,5,2191,truck,Kafasan L2,2026-05-05 18:06:32.770199+02,2026-05-05 18:06:36.597787+02,3.83,f,26,0.838,lane_switch:Kafasan L2>Kafasan L1
1845,5,2,car,,2026-05-05 18:08:04.846537+02,2026-05-05 18:08:23.155619+02,18.31,f,119,0.731,
1846,5,2,car,,2026-05-05 18:08:23.460532+02,2026-05-05 18:08:27.440266+02,3.98,f,27,0.579,
1847,5,2,truck,,2026-05-05 18:08:32.733183+02,2026-05-05 18:08:36.750558+02,4.02,f,27,0.589,
1848,5,2237,car,,2026-05-05 18:08:33.195526+02,2026-05-05 18:08:36.750558+02,3.56,f,24,0.555,
1853,5,2,car,,2026-05-05 18:08:37.054024+02,2026-05-05 18:09:08.884457+02,31.83,f,185,0.602,
1849,5,2241,car,,2026-05-05 18:08:37.662201+02,2026-05-05 18:08:41.179358+02,3.52,f,24,0.559,
1850,5,2245,car,,2026-05-05 18:08:46.325226+02,2026-05-05 18:08:48.974098+02,2.65,f,17,0.562,
1851,5,2248,truck,,2026-05-05 18:08:51.485024+02,2026-05-05 18:08:54.959338+02,3.47,f,22,0.574,
1852,5,2249,truck,,2026-05-05 18:08:55.461422+02,2026-05-05 18:09:01.048937+02,5.59,f,21,0.566,
1854,5,2254,car,,2026-05-05 18:09:05.226053+02,2026-05-05 18:09:08.884457+02,3.66,f,24,0.564,
1856,5,2,truck,,2026-05-05 18:09:13.021657+02,2026-05-05 18:09:18.85746+02,5.84,f,36,0.58,
1855,5,2259,car,,2026-05-05 18:09:13.915832+02,2026-05-05 18:09:16.357984+02,2.44,f,16,0.556,
1858,5,2,truck,,2026-05-05 18:09:22.893023+02,2026-05-05 18:09:29.027153+02,6.13,f,38,0.605,
1857,5,2281,car,,2026-05-05 18:09:25.363233+02,2026-05-05 18:09:29.027153+02,3.66,f,23,0.55,
1859,5,2,car,,2026-05-05 18:09:29.352566+02,2026-05-05 18:09:33.732168+02,4.38,f,28,0.575,
1860,5,2283,truck,,2026-05-05 18:09:30.161623+02,2026-05-05 18:09:33.732168+02,3.57,f,23,0.573,
1862,5,2,truck,,2026-05-05 18:09:34.054291+02,2026-05-05 18:09:53.301482+02,19.25,f,108,0.589,
1861,5,2288,car,,2026-05-05 18:09:38.959837+02,2026-05-05 18:09:41.691835+02,2.73,f,18,0.561,
1863,5,2290,truck,,2026-05-05 18:09:44.059899+02,2026-05-05 18:09:53.301482+02,9.24,f,45,0.57,
1864,5,2,truck,,2026-05-05 18:09:53.612189+02,2026-05-05 18:10:00.966651+02,7.35,f,48,0.63,
1865,5,2295,car,,2026-05-05 18:09:57.396095+02,2026-05-05 18:10:00.966651+02,3.57,f,24,0.564,
1866,5,2,truck,,2026-05-05 18:10:05.052079+02,2026-05-05 18:10:38.065398+02,33.01,f,66,0.649,
1868,5,2,truck,,2026-05-05 18:10:38.369197+02,2026-05-05 18:10:45.895487+02,7.53,f,49,0.627,
1867,5,2312,car,,2026-05-05 18:10:41.638466+02,2026-05-05 18:10:44.255266+02,2.62,f,17,0.547,
1869,5,2,truck,,2026-05-05 18:10:46.230603+02,2026-05-05 18:11:19.326732+02,33.1,f,70,0.642,
1870,5,2,truck,,2026-05-05 18:11:21.155079+02,2026-05-05 18:11:23.8187+02,2.66,f,18,0.629,
1872,5,2,truck,,2026-05-05 18:11:24.888105+02,2026-05-05 18:11:28.91127+02,4.02,f,25,0.612,
1871,5,2332,car,,2026-05-05 18:11:25.680617+02,2026-05-05 18:11:28.396589+02,2.72,f,17,0.555,
1874,5,2,truck,,2026-05-05 18:11:29.254717+02,2026-05-05 18:11:38.960712+02,9.71,f,47,0.606,
1873,5,2336,truck,,2026-05-05 18:11:34.631587+02,2026-05-05 18:11:37.489105+02,2.86,f,19,0.561,
1875,5,2,car,,2026-05-05 18:11:39.2684+02,2026-05-05 18:11:44.67825+02,5.41,f,36,0.61,
1877,5,2,car,,2026-05-05 18:11:44.984765+02,2026-05-05 18:11:48.246967+02,3.26,f,22,0.587,
1876,5,2344,truck,,2026-05-05 18:11:45.13831+02,2026-05-05 18:11:48.246967+02,3.11,f,21,0.568,
1878,5,2,truck,,2026-05-05 18:11:48.559063+02,2026-05-05 18:11:51.887451+02,3.33,f,23,0.659,
1880,5,2,truck,,2026-05-05 18:11:52.195004+02,2026-05-05 18:11:59.824078+02,7.63,f,49,0.627,
1879,5,2354,car,,2026-05-05 18:11:55.722835+02,2026-05-05 18:11:58.231496+02,2.51,f,17,0.547,
1881,5,2,truck,,2026-05-05 18:12:00.132204+02,2026-05-05 18:12:10.687457+02,10.56,f,70,0.642,
1882,5,2,truck,,2026-05-05 18:12:12.499547+02,2026-05-05 18:12:15.076072+02,2.58,f,18,0.629,
1884,5,2,truck,,2026-05-05 18:12:16.192696+02,2026-05-05 18:12:19.81806+02,3.63,f,25,0.612,
1883,5,2374,car,,2026-05-05 18:12:16.95873+02,2026-05-05 18:12:19.364679+02,2.41,f,17,0.555,
1886,5,2,truck,,2026-05-05 18:12:20.123224+02,2026-05-05 18:12:29.363482+02,9.24,f,47,0.606,
1885,5,2378,truck,,2026-05-05 18:12:25.2319+02,2026-05-05 18:12:28.000999+02,2.77,f,19,0.561,
1887,5,2,car,,2026-05-05 18:12:29.67645+02,2026-05-05 18:12:35.020076+02,5.34,f,36,0.61,
1888,5,2,car,,2026-05-05 18:12:35.323284+02,2026-05-05 18:12:38.550839+02,3.23,f,22,0.59,
1889,5,2386,truck,,2026-05-05 18:12:35.475314+02,2026-05-05 18:12:38.550839+02,3.08,f,21,0.565,
1890,5,2,car,,2026-05-05 18:12:38.860721+02,2026-05-05 18:13:06.560949+02,27.7,f,28,0.586,
1891,5,2388,truck,,2026-05-05 18:12:39.3186+02,2026-05-05 18:13:06.560949+02,27.24,f,25,0.58,
1892,5,2395,car,Kafasan L2,2026-05-05 18:13:05.49545+02,2026-05-05 18:13:07.643201+02,2.15,f,15,0.819,
1893,5,2,truck,,2026-05-05 18:13:06.874459+02,2026-05-05 18:13:12.827592+02,5.95,f,40,0.603,
1894,5,2404,car,,2026-05-05 18:13:10.089757+02,2026-05-05 18:13:12.827592+02,2.74,f,19,0.565,
1896,5,2405,truck,Kafasan L2,2026-05-05 18:13:12.216437+02,2026-05-05 18:13:17.322509+02,5.11,f,33,0.87,lane_switch:Kafasan L2>Kafasan L1>Kafasan L2
1895,5,2,truck,,2026-05-05 18:13:13.148845+02,2026-05-05 18:13:15.874109+02,2.73,f,18,0.613,
1898,5,2407,car,Kafasan L2,2026-05-05 18:13:15.362883+02,2026-05-05 18:13:19.75249+02,4.39,f,28,0.785,
1897,5,2,truck,,2026-05-05 18:13:16.192509+02,2026-05-05 18:13:18.580616+02,2.39,f,16,0.694,
1900,5,2,car,,2026-05-05 18:13:20.770623+02,2026-05-05 18:13:53.214544+02,32.44,f,66,0.589,
1899,5,2421,car,,2026-05-05 18:13:21.259276+02,2026-05-05 18:13:49.547037+02,28.29,f,40,0.563,
1901,5,2422,car,,2026-05-05 18:13:50.031202+02,2026-05-05 18:13:53.214544+02,3.18,f,21,0.624,
1902,5,2,truck,,2026-05-05 18:13:54.289213+02,2026-05-05 18:13:59.192868+02,4.9,f,33,0.644,
1903,5,2,truck,,2026-05-05 18:14:01.715952+02,2026-05-05 18:14:31.815078+02,30.1,f,52,0.588,
1904,5,2443,truck,,2026-05-05 18:14:02.020329+02,2026-05-05 18:14:31.815078+02,29.79,f,50,0.578,
1905,5,2,truck,,2026-05-05 18:14:32.147112+02,2026-05-05 18:14:35.002691+02,2.86,f,19,0.587,
1906,5,2,truck,,2026-05-05 18:14:35.326439+02,2026-05-05 18:14:47.462604+02,12.14,f,76,0.582,
1907,5,2446,car,,2026-05-05 18:14:36.158839+02,2026-05-05 18:14:47.462604+02,11.3,f,71,0.596,
1910,5,2,car,,2026-05-05 18:14:47.866917+02,2026-05-05 18:15:27.179469+02,39.31,f,113,0.608,
1908,5,2448,truck,,2026-05-05 18:14:48.037669+02,2026-05-05 18:15:14.44835+02,26.41,f,31,0.595,
1909,5,2450,truck,,2026-05-05 18:15:15.574249+02,2026-05-05 18:15:20.551391+02,4.98,f,33,0.583,
1911,5,2454,car,,2026-05-05 18:15:21.526389+02,2026-05-05 18:15:27.179469+02,5.65,f,37,0.576,
1912,5,2455,car,Kafasan L2,2026-05-05 18:15:24.656594+02,2026-05-05 18:15:28.115102+02,3.46,f,23,0.839,
1914,5,2,car,,2026-05-05 18:15:27.486411+02,2026-05-05 18:16:38.706618+02,71.22,f,43,0.614,
1913,5,2465,car,,2026-05-05 18:15:29.927542+02,2026-05-05 18:16:38.706618+02,68.78,f,27,0.577,
1917,5,2,car,,2026-05-05 18:16:39.01091+02,2026-05-05 18:16:50.707375+02,11.7,f,80,0.617,
1915,5,2468,truck,,2026-05-05 18:16:39.744469+02,2026-05-05 18:16:44.470189+02,4.73,f,33,0.583,
1916,5,2472,car,,2026-05-05 18:16:45.363299+02,2026-05-05 18:16:50.707375+02,5.34,f,37,0.576,
1918,5,2473,car,Kafasan L2,2026-05-05 18:16:48.329575+02,2026-05-05 18:16:51.59651+02,3.27,f,23,0.839,
1924,5,2,car,,2026-05-05 18:16:51.009454+02,2026-05-05 18:17:39.039499+02,48.03,f,300,0.617,
1919,5,2483,car,,2026-05-05 18:16:53.39719+02,2026-05-05 18:16:57.013181+02,3.62,f,25,0.581,
1920,5,2487,car,,2026-05-05 18:16:57.46267+02,2026-05-05 18:17:04.016488+02,6.55,f,44,0.594,
1921,5,2490,truck,,2026-05-05 18:17:06.022726+02,2026-05-05 18:17:09.494557+02,3.47,f,23,0.582,
1922,5,2496,truck,,2026-05-05 18:17:12.682845+02,2026-05-05 18:17:16.857254+02,4.17,f,28,0.553,
1923,5,2498,truck,,2026-05-05 18:17:19.37883+02,2026-05-05 18:17:27.919242+02,8.54,f,52,0.567,
1925,5,2499,car,,2026-05-05 18:17:31.692153+02,2026-05-05 18:17:39.039499+02,7.35,f,42,0.577,
1927,5,2,car,,2026-05-05 18:17:39.416723+02,2026-05-05 18:18:21.741188+02,42.32,f,137,0.568,
1926,5,2500,truck,,2026-05-05 18:17:39.568157+02,2026-05-05 18:17:44.237938+02,4.67,f,32,0.577,
1928,5,2503,truck,,2026-05-05 18:17:44.732615+02,2026-05-05 18:18:21.741188+02,37.01,f,102,0.569,
1929,5,2,car,,2026-05-05 18:18:23.54647+02,2026-05-05 18:18:25.78668+02,2.24,f,16,0.576,
1930,5,2,truck,,2026-05-05 18:18:26.087379+02,2026-05-05 18:18:30.178388+02,4.09,f,28,0.58,
1931,5,2507,car,,2026-05-05 18:18:26.239441+02,2026-05-05 18:18:30.178388+02,3.94,f,27,0.563,
1935,5,2,truck,,2026-05-05 18:18:30.481538+02,2026-05-05 18:19:39.3082+02,68.83,f,153,0.582,
1932,5,2517,truck,,2026-05-05 18:18:31.231757+02,2026-05-05 18:19:03.194649+02,31.96,f,61,0.864,
1933,5,2516,car,,2026-05-05 18:18:31.231757+02,2026-05-05 18:19:09.208733+02,37.98,f,101,0.58,
1934,5,2529,truck,,2026-05-05 18:19:13.507106+02,2026-05-05 18:19:39.3082+02,25.8,f,20,0.572,
1936,5,2531,car,Kafasan L2,2026-05-05 18:19:39.614544+02,2026-05-05 18:19:45.542933+02,5.93,f,38,0.842,
1941,5,2,car,,2026-05-05 18:19:39.614544+02,2026-05-05 18:21:06.72195+02,87.11,f,275,0.609,
1937,5,2532,truck,,2026-05-05 18:19:45.856658+02,2026-05-05 18:19:48.629356+02,2.77,f,19,0.581,
1938,5,2534,car,,2026-05-05 18:19:49.091495+02,2026-05-05 18:20:27.350043+02,38.26,f,102,0.56,
1939,5,2547,truck,Kafasan L2,2026-05-05 18:20:34.654826+02,2026-05-05 18:20:38.857509+02,4.2,f,28,0.853,
1940,5,2548,car,,2026-05-05 18:20:34.654826+02,2026-05-05 18:21:02.903337+02,28.25,f,42,0.516,
1947,5,2,car,,2026-05-05 18:21:07.065844+02,2026-05-05 18:21:49.601355+02,42.54,f,131,0.573,
1946,5,2560,truck,,2026-05-05 18:21:07.83235+02,2026-05-05 18:21:49.601355+02,41.77,f,126,0.588,
1942,5,2563,car,,2026-05-05 18:21:14.360972+02,2026-05-05 18:21:18.511228+02,4.15,f,28,0.513,
1943,5,2563,car,,2026-05-05 18:21:18.820678+02,2026-05-05 18:21:44.881229+02,26.06,f,24,0.441,
1944,5,2564,car,,2026-05-05 18:21:18.820678+02,2026-05-05 18:21:44.881229+02,26.06,f,24,0.621,
1945,5,2566,car,,2026-05-05 18:21:45.176977+02,2026-05-05 18:21:47.924787+02,2.75,f,18,0.813,
1950,5,2567,truck,Kafasan L1,2026-05-05 18:21:45.176977+02,2026-05-05 18:22:00.740697+02,15.56,f,102,0.735,lane_switch:Kafasan L1>Kafasan L2>Kafasan L1>Kafasan L2>Kafasan L3
1948,5,2,car,,2026-05-05 18:21:49.904149+02,2026-05-05 18:21:55.18812+02,5.28,f,36,0.587,
1949,5,2572,truck,,2026-05-05 18:21:51.89929+02,2026-05-05 18:21:55.18812+02,3.29,f,23,0.598,
1952,5,2,truck,,2026-05-05 18:22:01.046396+02,2026-05-05 18:22:30.513593+02,29.47,f,43,0.574,
1951,5,2592,truck,,2026-05-05 18:22:01.510757+02,2026-05-05 18:22:30.513593+02,29,f,40,0.587,
1953,5,2,car,,2026-05-05 18:22:30.826431+02,2026-05-05 18:22:38.988418+02,8.16,f,55,0.571,
1954,5,2596,truck,,2026-05-05 18:22:31.285219+02,2026-05-05 18:22:38.988418+02,7.7,f,52,0.597,
1960,5,2,car,,2026-05-05 18:22:39.297216+02,2026-05-05 18:24:38.28423+02,118.99,f,337,0.611,
1955,5,2605,truck,,2026-05-05 18:23:10.933382+02,2026-05-05 18:23:14.849117+02,3.92,f,27,0.574,
1956,5,2607,truck,,2026-05-05 18:23:18.101447+02,2026-05-05 18:23:20.335857+02,2.23,f,16,0.559,
1957,5,2610,truck,,2026-05-05 18:23:22.712361+02,2026-05-05 18:23:56.631514+02,33.92,f,72,0.581,
1958,5,2622,car,Kafasan L3,2026-05-05 18:24:06.659773+02,2026-05-05 18:24:33.163684+02,26.5,f,23,0.759,lane_switch:Kafasan L3>Kafasan L2
1959,5,2628,car,Kafasan L3,2026-05-05 18:24:31.776151+02,2026-05-05 18:24:34.571521+02,2.8,f,18,0.801,lane_switch:Kafasan L3>Kafasan L2
1961,5,2635,truck,,2026-05-05 18:24:33.617883+02,2026-05-05 18:24:38.28423+02,4.67,f,31,0.576,
1962,5,2640,car,Kafasan L2,2026-05-05 18:24:35.690201+02,2026-05-05 18:24:39.83741+02,4.15,f,28,0.818,
1963,5,2,car,,2026-05-05 18:24:38.615006+02,2026-05-05 18:24:43.78498+02,5.17,f,35,0.636,
1965,5,2,car,,2026-05-05 18:24:44.096107+02,2026-05-05 18:25:18.381782+02,34.29,f,79,0.602,
1964,5,2653,truck,,2026-05-05 18:24:45.391672+02,2026-05-05 18:25:12.562306+02,27.17,f,33,0.549,
1967,5,2664,car,,2026-05-05 18:25:18.689588+02,2026-05-05 18:25:22.943478+02,4.25,f,28,0.312,
1969,5,2,car,,2026-05-05 18:25:18.689588+02,2026-05-05 18:25:28.86159+02,10.17,f,67,0.643,
1966,5,2665,truck,,2026-05-05 18:25:20.256677+02,2026-05-05 18:25:22.786102+02,2.53,f,17,0.508,
1968,5,2666,car,,2026-05-05 18:25:23.254215+02,2026-05-05 18:25:27.355676+02,4.1,f,28,0.322,
1970,5,2,car,,2026-05-05 18:25:29.160596+02,2026-05-05 18:25:56.454498+02,27.29,f,33,0.631,
1972,5,2,car,,2026-05-05 18:25:56.75754+02,2026-05-05 18:26:03.582428+02,6.82,f,47,0.608,
1971,5,2678,truck,,2026-05-05 18:25:57.501766+02,2026-05-05 18:26:02.248001+02,4.75,f,33,0.576,
1975,5,2,car,,2026-05-05 18:26:06.859163+02,2026-05-05 18:26:43.89136+02,37.03,f,92,0.642,
1973,5,2698,car,,2026-05-05 18:26:08.209961+02,2026-05-05 18:26:38.697354+02,30.49,f,48,0.522,
1974,5,2699,car,,2026-05-05 18:26:08.209961+02,2026-05-05 18:26:38.697354+02,30.49,f,48,0.347,
1976,5,2,car,,2026-05-05 18:26:44.183731+02,2026-05-05 18:26:48.824898+02,4.64,f,31,0.645,
1977,5,2703,truck,,2026-05-05 18:26:45.530275+02,2026-05-05 18:26:48.824898+02,3.29,f,22,0.548,
1978,5,2,car,,2026-05-05 18:26:49.131917+02,2026-05-05 18:26:52.56739+02,3.44,f,24,0.674,
1979,5,2710,truck,Kafasan L1,2026-05-05 18:26:49.131917+02,2026-05-05 18:27:22.330249+02,33.2,f,72,0.842,
1980,5,2,car,,2026-05-05 18:26:54.507251+02,2026-05-05 18:27:25.601727+02,31.09,f,59,0.645,
1981,5,2723,truck,,2026-05-05 18:27:22.63348+02,2026-05-05 18:27:25.601727+02,2.97,f,21,0.561,
1983,5,2726,truck,Kafasan L2,2026-05-05 18:27:25.752969+02,2026-05-05 18:27:30.299982+02,4.55,f,31,0.822,lane_switch:Kafasan L2>Kafasan L1>Kafasan L2>Kafasan L1
1984,5,2,car,,2026-05-05 18:27:25.90474+02,2026-05-05 18:27:33.154114+02,7.25,f,49,0.628,
1982,5,2729,truck,,2026-05-05 18:27:26.201374+02,2026-05-05 18:27:28.793764+02,2.59,f,18,0.566,
1985,5,2,car,,2026-05-05 18:27:33.454789+02,2026-05-05 18:27:42.859506+02,9.4,f,48,0.592,
1986,5,2734,car,,2026-05-05 18:27:36.555099+02,2026-05-05 18:27:42.859506+02,6.3,f,42,0.55,
1989,5,2,car,,2026-05-05 18:27:43.169335+02,2026-05-05 18:28:01.475046+02,18.31,f,122,0.615,
1987,5,2745,car,Kafasan L3,2026-05-05 18:27:52.968077+02,2026-05-05 18:27:56.316286+02,3.35,f,23,0.759,lane_switch:Kafasan L3>Kafasan L2
1988,5,2751,car,Kafasan L3,2026-05-05 18:27:55.107296+02,2026-05-05 18:27:57.781764+02,2.67,f,18,0.801,lane_switch:Kafasan L3>Kafasan L2
1990,5,2758,truck,,2026-05-05 18:27:56.79977+02,2026-05-05 18:28:01.475046+02,4.68,f,31,0.576,
1991,5,2763,car,Kafasan L2,2026-05-05 18:27:58.897705+02,2026-05-05 18:28:02.973393+02,4.08,f,28,0.818,
1992,5,2,car,,2026-05-05 18:28:01.777958+02,2026-05-05 18:28:06.889382+02,5.11,f,35,0.636,
1994,5,2,car,,2026-05-05 18:28:07.192692+02,2026-05-05 18:28:18.968521+02,11.78,f,79,0.602,
1993,5,2776,truck,,2026-05-05 18:28:08.40894+02,2026-05-05 18:28:13.198918+02,4.79,f,33,0.549,
1996,5,2787,car,,2026-05-05 18:28:19.27212+02,2026-05-05 18:28:23.314582+02,4.04,f,28,0.312,
1998,5,2,car,,2026-05-05 18:28:19.27212+02,2026-05-05 18:28:29.165504+02,9.89,f,67,0.643,
1995,5,2788,truck,,2026-05-05 18:28:20.773569+02,2026-05-05 18:28:23.164896+02,2.39,f,17,0.508,
1997,5,2789,car,,2026-05-05 18:28:23.619722+02,2026-05-05 18:28:27.658541+02,4.04,f,28,0.322,
1999,5,2,car,,2026-05-05 18:28:29.472634+02,2026-05-05 18:28:34.282947+02,4.81,f,33,0.631,
2001,5,2,car,,2026-05-05 18:28:34.58974+02,2026-05-05 18:28:41.68997+02,7.1,f,47,0.608,
2000,5,2801,truck,,2026-05-05 18:28:35.369517+02,2026-05-05 18:28:40.290702+02,4.92,f,33,0.576,
2004,5,2,car,,2026-05-05 18:28:45.019315+02,2026-05-05 18:28:58.74503+02,13.73,f,92,0.642,
2002,5,2821,car,,2026-05-05 18:28:46.377991+02,2026-05-05 18:28:53.470495+02,7.09,f,48,0.522,
2003,5,2822,car,,2026-05-05 18:28:46.377991+02,2026-05-05 18:28:53.470495+02,7.09,f,48,0.347,
2005,5,2,car,,2026-05-05 18:28:59.047724+02,2026-05-05 18:29:03.635834+02,4.59,f,31,0.645,
2006,5,2826,truck,,2026-05-05 18:29:00.406699+02,2026-05-05 18:29:03.635834+02,3.23,f,22,0.548,
2007,5,2,car,,2026-05-05 18:29:03.944715+02,2026-05-05 18:29:07.561824+02,3.62,f,24,0.674,
2008,5,2833,truck,Kafasan L1,2026-05-05 18:29:03.944715+02,2026-05-05 18:29:14.826395+02,10.88,f,72,0.842,
2009,5,2,car,,2026-05-05 18:29:09.39987+02,2026-05-05 18:29:18.236781+02,8.84,f,59,0.645,
2010,5,2846,truck,,2026-05-05 18:29:15.152892+02,2026-05-05 18:29:18.236781+02,3.08,f,21,0.561,
2012,5,2849,truck,Kafasan L2,2026-05-05 18:29:18.388237+02,2026-05-05 18:29:23.069252+02,4.68,f,31,0.822,lane_switch:Kafasan L2>Kafasan L1>Kafasan L2>Kafasan L1
2013,5,2,car,,2026-05-05 18:29:18.570606+02,2026-05-05 18:29:26.017376+02,7.45,f,49,0.628,
2011,5,2852,truck,,2026-05-05 18:29:18.886061+02,2026-05-05 18:29:21.518566+02,2.63,f,18,0.566,
2015,5,2,car,,2026-05-05 18:29:26.327982+02,2026-05-05 18:29:38.682723+02,12.35,f,68,0.653,
2014,5,2864,car,Kafasan L2,2026-05-05 18:29:30.032279+02,2026-05-05 18:29:32.164057+02,2.13,f,15,0.833,
2017,5,2,car,,2026-05-05 18:29:41.119963+02,2026-05-05 18:29:46.190621+02,5.07,f,34,0.62,
2016,5,2905,truck,,2026-05-05 18:29:42.473572+02,2026-05-05 18:29:45.417376+02,2.94,f,20,0.544,
2018,5,2,car,,2026-05-05 18:29:46.49424+02,2026-05-05 18:29:50.081769+02,3.59,f,24,0.627,
2019,5,2,car,,2026-05-05 18:29:52.393031+02,2026-05-05 18:30:03.180642+02,10.79,f,72,0.651,
2021,5,2,car,,2026-05-05 18:30:03.482656+02,2026-05-05 18:30:10.699403+02,7.22,f,49,0.613,
2020,5,2951,truck,,2026-05-05 18:30:06.340314+02,2026-05-05 18:30:09.027659+02,2.69,f,19,0.569,
2025,5,2,car,,2026-05-05 18:30:11.011592+02,2026-05-05 18:30:35.666542+02,24.65,f,146,0.609,
2022,5,2953,car,,2026-05-05 18:30:11.47015+02,2026-05-05 18:30:14.67075+02,3.2,f,21,0.572,
2023,5,2958,truck,,2026-05-05 18:30:18.081212+02,2026-05-05 18:30:20.529893+02,2.45,f,17,0.575,
2024,5,2967,car,Kafasan L2,2026-05-05 18:30:25.43279+02,2026-05-05 18:30:28.177232+02,2.74,f,18,0.797,
2026,5,2971,car,,2026-05-05 18:30:26.979341+02,2026-05-05 18:30:35.666542+02,8.69,f,58,0.571,
2027,5,2,car,,2026-05-05 18:30:35.98314+02,2026-05-05 18:30:52.34601+02,16.36,f,109,0.648,
2029,5,2,car,,2026-05-05 18:30:52.644722+02,2026-05-05 18:30:57.73185+02,5.09,f,35,0.608,
2028,5,3004,truck,,2026-05-05 18:30:53.388742+02,2026-05-05 18:30:55.933566+02,2.54,f,18,0.569,
2034,5,2,car,,2026-05-05 18:30:59.552826+02,2026-05-05 18:31:25.778025+02,26.23,f,159,0.603,
2030,5,3009,car,,2026-05-05 18:30:59.702804+02,2026-05-05 18:31:04.126648+02,4.42,f,30,0.567,
2031,5,3013,truck,,2026-05-05 18:31:04.751956+02,2026-05-05 18:31:07.073288+02,2.32,f,16,0.577,
2032,5,3021,car,Kafasan L2,2026-05-05 18:31:12.1676+02,2026-05-05 18:31:14.741562+02,2.57,f,18,0.797,
2033,5,3025,car,,2026-05-05 18:31:13.526229+02,2026-05-05 18:31:25.778025+02,12.25,f,82,0.574,
2035,5,2,car,,2026-05-05 18:31:27.451817+02,2026-05-05 18:31:54.355173+02,26.9,f,21,0.614,
2036,5,2,truck,,2026-05-05 18:40:38.299512+02,2026-05-05 18:40:44.381819+02,6.08,f,45,0.584,
2038,5,1,car,,2026-05-05 18:40:38.299512+02,2026-05-05 18:40:57.598721+02,19.3,f,140,0.623,
2037,5,11,truck,,2026-05-05 18:40:49.667943+02,2026-05-05 18:40:53.403713+02,3.74,f,28,0.524,
2039,5,1,truck,,2026-05-05 18:40:59.436802+02,2026-05-05 18:41:01.827892+02,2.39,f,18,0.591,
2040,5,17,car,,2026-05-05 18:40:59.57806+02,2026-05-05 18:41:01.827892+02,2.25,f,17,0.566,
2041,5,1,truck,,2026-05-05 18:41:02.10997+02,2026-05-05 18:41:04.891977+02,2.78,f,21,0.586,
2042,5,1,car,,2026-05-05 18:41:05.181071+02,2026-05-05 18:41:10.643854+02,5.46,f,40,0.601,
2043,5,31,car,,2026-05-05 18:41:07.984324+02,2026-05-05 18:41:10.643854+02,2.66,f,20,0.585,
2051,5,1,car,,2026-05-05 18:41:10.926163+02,2026-05-05 18:41:41.125506+02,30.2,f,215,0.619,
2044,5,34,truck,,2026-05-05 18:41:12.479552+02,2026-05-05 18:41:17.936055+02,5.46,f,40,0.585,
2045,5,36,truck,,2026-05-05 18:41:18.359777+02,2026-05-05 18:41:22.574623+02,4.21,f,31,0.553,
2047,5,37,truck,Kafasan L2,2026-05-05 18:41:20.888922+02,2026-05-05 18:41:28.829752+02,7.94,f,57,0.893,
2046,5,40,car,,2026-05-05 18:41:22.856075+02,2026-05-05 18:41:28.829752+02,5.97,f,43,0.333,
2048,5,44,truck,,2026-05-05 18:41:29.114892+02,2026-05-05 18:41:32.368155+02,3.25,f,24,0.557,
2049,5,45,car,Kafasan L2,2026-05-05 18:41:31.803357+02,2026-05-05 18:41:34.491188+02,2.69,f,20,0.858,
2050,5,46,truck,,2026-05-05 18:41:33.07754+02,2026-05-05 18:41:35.064513+02,1.99,f,15,0.594,
2052,5,49,car,,2026-05-05 18:41:35.910686+02,2026-05-05 18:41:41.125506+02,5.21,f,38,0.555,
2053,5,1,car,,2026-05-05 18:41:41.415851+02,2026-05-05 18:41:51.299831+02,9.88,f,71,0.575,
2054,5,59,truck,,2026-05-05 18:41:41.843514+02,2026-05-05 18:41:51.299831+02,9.46,f,68,0.579,
2055,5,62,truck,Kafasan L2,2026-05-05 18:41:52.431468+02,2026-05-05 18:41:59.511345+02,7.08,f,51,0.853,lane_switch:Kafasan L2>Kafasan L1
2057,5,1,car,,2026-05-05 18:41:54.278496+02,2026-05-05 18:41:59.658092+02,5.38,f,39,0.576,
2056,5,65,car,,2026-05-05 18:41:54.422185+02,2026-05-05 18:41:59.658092+02,5.24,f,38,0.587,
2058,5,1,car,,2026-05-05 18:41:59.945296+02,2026-05-05 18:42:02.353449+02,2.41,f,18,0.596,
2059,5,70,truck,Kafasan L2,2026-05-05 18:42:00.514592+02,2026-05-05 18:42:07.8609+02,7.35,f,53,0.793,
2061,5,1,truck,,2026-05-05 18:42:02.643638+02,2026-05-05 18:42:11.143991+02,8.5,f,61,0.623,
2060,5,77,car,,2026-05-05 18:42:03.353723+02,2026-05-05 18:42:08.574644+02,5.22,f,38,0.535,
2062,5,1,car,,2026-05-05 18:42:11.435159+02,2026-05-05 18:42:18.444759+02,7.01,f,35,0.6,
2063,5,90,truck,,2026-05-05 18:42:13.004551+02,2026-05-05 18:42:18.444759+02,5.44,f,24,0.599,
2065,5,1,truck,,2026-05-05 18:42:20.051795+02,2026-05-05 18:42:33.887793+02,13.84,f,96,0.599,
2064,5,105,car,,2026-05-05 18:42:20.198944+02,2026-05-05 18:42:25.288725+02,5.09,f,36,0.562,
2066,5,110,truck,Kafasan L2,2026-05-05 18:42:31.419504+02,2026-05-05 18:42:34.78161+02,3.36,f,24,0.881,lane_switch:Kafasan L2>Kafasan L1>Kafasan L2
2067,5,1,car,,2026-05-05 18:43:00.202989+02,2026-05-05 18:43:04.70418+02,4.5,f,32,0.609,
2068,5,116,car,,2026-05-05 18:43:00.926926+02,2026-05-05 18:43:04.70418+02,3.78,f,27,0.552,
2070,5,1,truck,,2026-05-05 18:43:04.993657+02,2026-05-05 18:43:11.932578+02,6.94,f,49,0.611,
2069,5,120,car,,2026-05-05 18:43:07.15737+02,2026-05-05 18:43:10.052605+02,2.9,f,21,0.554,
2072,5,1,truck,,2026-05-05 18:43:13.533796+02,2026-05-05 18:43:46.716071+02,33.18,f,67,0.618,
2071,5,134,car,,2026-05-05 18:43:15.586488+02,2026-05-05 18:43:43.23918+02,27.65,f,29,0.535,
2073,5,141,car,,2026-05-05 18:43:43.812598+02,2026-05-05 18:43:46.716071+02,2.9,f,21,0.546,
2074,5,1,truck,,2026-05-05 18:43:48.746459+02,2026-05-05 18:43:50.925408+02,2.18,f,16,0.586,
2076,5,1,car,,2026-05-05 18:43:51.222756+02,2026-05-05 18:44:03.83146+02,12.61,f,73,0.608,
2075,5,147,car,,2026-05-05 18:43:53.833268+02,2026-05-05 18:43:58.344923+02,4.51,f,17,0.556,
2078,5,1,truck,,2026-05-05 18:44:04.119436+02,2026-05-05 18:44:08.620668+02,4.5,f,32,0.62,
2077,5,153,car,,2026-05-05 18:44:04.981495+02,2026-05-05 18:44:07.459372+02,2.48,f,18,0.568,
2080,5,1,car,,2026-05-05 18:44:08.916602+02,2026-05-05 18:44:15.785593+02,6.87,f,48,0.614,
2079,5,175,car,,2026-05-05 18:44:11.989264+02,2026-05-05 18:44:14.180273+02,2.19,f,16,0.551,
2082,5,1,car,,2026-05-05 18:44:17.692116+02,2026-05-05 18:44:22.946932+02,5.25,f,37,0.625,
2081,5,180,car,,2026-05-05 18:44:18.128513+02,2026-05-05 18:44:21.486434+02,3.36,f,24,0.55,
2084,5,1,truck,,2026-05-05 18:44:23.241909+02,2026-05-05 18:44:34.37501+02,11.13,f,77,0.617,
2083,5,196,car,,2026-05-05 18:44:26.749013+02,2026-05-05 18:44:30.723957+02,3.97,f,28,0.536,
2085,5,203,car,,2026-05-05 18:44:31.318859+02,2026-05-05 18:44:34.37501+02,3.06,f,22,0.545,
2086,5,1,truck,,2026-05-05 18:44:36.280689+02,2026-05-05 18:44:38.633595+02,2.35,f,17,0.59,
2088,5,1,truck,,2026-05-05 18:44:41.012831+02,2026-05-05 18:44:51.696355+02,10.68,f,58,0.606,
2087,5,210,car,,2026-05-05 18:44:41.453468+02,2026-05-05 18:44:46.162749+02,4.71,f,17,0.554,
2090,5,1,truck,,2026-05-05 18:44:51.989364+02,2026-05-05 18:44:56.510345+02,4.52,f,32,0.62,
2089,5,216,car,,2026-05-05 18:44:52.86514+02,2026-05-05 18:44:55.339676+02,2.47,f,18,0.568,
2091,5,1,car,,2026-05-05 18:44:56.807725+02,2026-05-05 18:45:00.911148+02,4.1,f,29,0.599,
2092,5,234,car,,2026-05-05 18:44:58.423602+02,2026-05-05 18:45:00.911148+02,2.49,f,18,0.59,
2093,5,1,car,,2026-05-05 18:45:01.207616+02,2026-05-05 18:45:31.412217+02,30.2,f,38,0.575,
2094,5,237,truck,,2026-05-05 18:45:01.352364+02,2026-05-05 18:45:31.412217+02,30.06,f,37,0.588,
2096,5,1,truck,,2026-05-05 18:45:31.803451+02,2026-05-05 18:45:36.667599+02,4.86,f,32,0.573,
2095,5,240,car,,2026-05-05 18:45:32.124223+02,2026-05-05 18:45:36.667599+02,4.54,f,30,0.583,
2097,5,1,car,,2026-05-05 18:45:39.026987+02,2026-05-05 18:45:41.24168+02,2.21,f,15,0.582,
2099,5,245,car,Kafasan L2,2026-05-05 18:45:43.561812+02,2026-05-05 18:45:46.887419+02,3.33,f,22,0.799,lane_switch:Kafasan L2>Kafasan L3
2100,5,1,car,,2026-05-05 18:45:43.719032+02,2026-05-05 18:46:11.613626+02,27.89,f,40,0.588,
2098,5,246,truck,,2026-05-05 18:45:43.872401+02,2026-05-05 18:45:46.597921+02,2.73,f,18,0.573,
2102,5,1,truck,,2026-05-05 18:46:11.926211+02,2026-05-05 18:46:21.478953+02,9.55,f,66,0.59,
2101,5,258,car,,2026-05-05 18:46:12.078281+02,2026-05-05 18:46:20.174917+02,8.1,f,56,0.564,
2107,5,1,truck,,2026-05-05 18:46:21.767345+02,2026-05-05 18:46:42.051617+02,20.28,f,126,0.583,
2103,5,261,car,,2026-05-05 18:46:21.912705+02,2026-05-05 18:46:26.565053+02,4.65,f,18,0.584,
2104,5,263,car,,2026-05-05 18:46:27.137271+02,2026-05-05 18:46:29.292553+02,2.16,f,16,0.552,
2105,5,267,car,,2026-05-05 18:46:29.873025+02,2026-05-05 18:46:35.380661+02,5.51,f,39,0.582,
2106,5,268,truck,,2026-05-05 18:46:35.975375+02,2026-05-05 18:46:40.01684+02,4.04,f,29,0.566,
2110,5,1,truck,,2026-05-05 18:46:44.521424+02,2026-05-05 18:46:49.621757+02,5.1,f,36,0.561,
2109,5,272,car,,2026-05-05 18:46:44.667737+02,2026-05-05 18:46:49.621757+02,4.95,f,35,0.587,
2108,5,277,car,Kafasan L2,2026-05-05 18:46:46.710119+02,2026-05-05 18:46:49.326473+02,2.62,f,19,0.809,lane_switch:Kafasan L2>Kafasan L3
2111,5,1,car,,2026-05-05 18:46:49.91807+02,2026-05-05 18:46:56.178009+02,6.26,f,44,0.58,
2112,5,285,car,,2026-05-05 18:46:50.800098+02,2026-05-05 18:46:56.178009+02,5.38,f,38,0.584,
2113,5,1,car,,2026-05-05 18:46:56.47199+02,2026-05-05 18:47:00.856118+02,4.38,f,31,0.579,
2119,5,1,car,,2026-05-05 18:47:01.148619+02,2026-05-05 18:47:51.835841+02,50.69,f,166,0.582,
2114,5,290,truck,,2026-05-05 18:47:01.443528+02,2026-05-05 18:47:06.958925+02,5.52,f,24,0.59,
2115,5,292,car,,2026-05-05 18:47:07.535038+02,2026-05-05 18:47:09.702868+02,2.17,f,16,0.552,
2116,5,296,car,,2026-05-05 18:47:10.286616+02,2026-05-05 18:47:15.264535+02,4.98,f,35,0.595,
2117,5,297,truck,,2026-05-05 18:47:16.289542+02,2026-05-05 18:47:18.9138+02,2.62,f,19,0.586,
2118,5,306,car,Kafasan L2,2026-05-05 18:47:21.391712+02,2026-05-05 18:47:48.254586+02,26.86,f,17,0.854,
2120,5,308,car,,2026-05-05 18:47:22.563249+02,2026-05-05 18:47:51.835841+02,29.27,f,34,0.539,
2122,5,1,car,,2026-05-05 18:47:52.123983+02,2026-05-05 18:48:00.908055+02,8.78,f,62,0.568,
2121,5,314,car,,2026-05-05 18:47:52.697008+02,2026-05-05 18:47:58.740469+02,6.04,f,43,0.578,
2123,5,316,truck,Kafasan L2,2026-05-05 18:47:55.859295+02,2026-05-05 18:48:01.200497+02,5.34,f,38,0.896,lane_switch:Kafasan L2>Kafasan L1>Kafasan L2
2126,5,1,car,,2026-05-05 18:48:01.200497+02,2026-05-05 18:48:15.905584+02,14.71,f,87,0.602,
2124,5,329,truck,,2026-05-05 18:48:06.173759+02,2026-05-05 18:48:08.629277+02,2.46,f,18,0.568,
2125,5,331,truck,,2026-05-05 18:48:09.062775+02,2026-05-05 18:48:11.528777+02,2.47,f,18,0.579,
2127,5,333,truck,,2026-05-05 18:48:11.969746+02,2026-05-05 18:48:15.905584+02,3.94,f,28,0.546,
2130,5,1,car,,2026-05-05 18:48:16.201925+02,2026-05-05 18:48:25.111653+02,8.91,f,62,0.586,
2128,5,335,car,,2026-05-05 18:48:16.78578+02,2026-05-05 18:48:18.822048+02,2.04,f,15,0.577,
2129,5,337,car,,2026-05-05 18:48:19.549501+02,2026-05-05 18:48:23.052441+02,3.5,f,25,0.545,
2131,5,340,truck,Kafasan L2,2026-05-05 18:48:19.987037+02,2026-05-05 18:48:25.70036+02,5.71,f,40,0.88,lane_switch:Kafasan L2>Kafasan L1>Kafasan L2
2135,5,1,car,,2026-05-05 18:48:26.504758+02,2026-05-05 18:48:47.219104+02,20.71,f,128,0.598,
2132,5,350,truck,,2026-05-05 18:48:30.488598+02,2026-05-05 18:48:32.933094+02,2.44,f,18,0.568,
2133,5,352,truck,,2026-05-05 18:48:33.371091+02,2026-05-05 18:48:35.840096+02,2.47,f,18,0.579,
2134,5,354,truck,,2026-05-05 18:48:36.289155+02,2026-05-05 18:48:40.073639+02,3.78,f,27,0.553,
2136,5,365,car,,2026-05-05 18:48:44.01464+02,2026-05-05 18:48:47.219104+02,3.2,f,23,0.542,
2139,5,1,car,,2026-05-05 18:48:47.511787+02,2026-05-05 18:48:56.439169+02,8.93,f,62,0.586,
2137,5,369,car,,2026-05-05 18:48:48.093053+02,2026-05-05 18:48:50.142447+02,2.05,f,15,0.577,
2138,5,371,car,,2026-05-05 18:48:50.872483+02,2026-05-05 18:48:54.376118+02,3.5,f,25,0.545,
2140,5,374,truck,Kafasan L2,2026-05-05 18:48:51.314042+02,2026-05-05 18:48:57.0362+02,5.72,f,40,0.88,lane_switch:Kafasan L2>Kafasan L1>Kafasan L2
2144,5,1,car,,2026-05-05 18:48:57.763012+02,2026-05-05 18:49:46.216335+02,48.45,f,150,0.596,
2141,5,384,truck,,2026-05-05 18:49:01.805188+02,2026-05-05 18:49:04.288035+02,2.48,f,18,0.568,
2142,5,386,truck,,2026-05-05 18:49:04.724636+02,2026-05-05 18:49:07.203852+02,2.48,f,18,0.579,
2143,5,388,truck,,2026-05-05 18:49:07.647118+02,2026-05-05 18:49:11.440998+02,3.79,f,27,0.553,
2145,5,405,truck,,2026-05-05 18:49:17.892809+02,2026-05-05 18:49:46.216335+02,28.32,f,28,0.574,
2146,5,1,truck,,2026-05-05 18:49:48.093704+02,2026-05-05 18:49:51.397608+02,3.3,f,24,0.613,
2147,5,1,car,,2026-05-05 18:49:51.686241+02,2026-05-05 18:49:56.88865+02,5.2,f,37,0.617,
2149,5,1,car,,2026-05-05 18:49:57.184156+02,2026-05-05 18:50:08.010482+02,10.83,f,60,0.604,
2148,5,434,truck,,2026-05-05 18:49:57.47386+02,2026-05-05 18:50:03.518081+02,6.04,f,27,0.569,
2150,5,1,truck,,2026-05-05 18:50:08.892784+02,2026-05-05 18:50:12.238948+02,3.35,f,24,0.613,
2151,5,1,car,,2026-05-05 18:50:12.53055+02,2026-05-05 18:50:17.749314+02,5.22,f,37,0.617,
2154,5,1,car,,2026-05-05 18:50:18.042256+02,2026-05-05 18:50:32.131548+02,14.09,f,83,0.607,
2152,5,468,truck,,2026-05-05 18:50:18.333701+02,2026-05-05 18:50:24.291872+02,5.96,f,27,0.569,
2153,5,474,truck,,2026-05-05 18:50:28.496104+02,2026-05-05 18:50:30.967693+02,2.47,f,18,0.566,
2155,5,1,car,,2026-05-05 18:50:32.431626+02,2026-05-05 18:50:39.239327+02,6.81,f,47,0.609,
2156,5,1,truck,,2026-05-05 18:50:40.119915+02,2026-05-05 18:50:43.468506+02,3.35,f,24,0.613,
2157,5,1,car,,2026-05-05 18:50:43.762055+02,2026-05-05 18:50:49.008706+02,5.25,f,37,0.617,
2160,5,1,car,,2026-05-05 18:50:49.301822+02,2026-05-05 18:51:03.389902+02,14.09,f,83,0.607,
2158,5,521,truck,,2026-05-05 18:50:49.596317+02,2026-05-05 18:50:55.538816+02,5.94,f,27,0.569,
2159,5,527,truck,,2026-05-05 18:50:59.748037+02,2026-05-05 18:51:02.218848+02,2.47,f,18,0.566,
2161,5,1,car,,2026-05-05 18:51:03.68553+02,2026-05-05 18:51:07.459611+02,3.77,f,27,0.612,
2162,5,542,truck,Kafasan L2,2026-05-05 18:51:06.152275+02,2026-05-05 18:51:09.667442+02,3.52,f,25,0.894,lane_switch:Kafasan L2>Kafasan L1
2165,5,1,car,,2026-05-05 18:51:07.754152+02,2026-05-05 18:52:26.573406+02,78.82,f,212,0.604,
2163,5,552,truck,,2026-05-05 18:51:37.141535+02,2026-05-05 18:51:39.168234+02,2.03,f,15,0.559,
2164,5,554,car,,2026-05-05 18:51:40.028091+02,2026-05-05 18:51:51.989993+02,11.96,f,82,0.576,
2166,5,562,truck,,2026-05-05 18:52:19.833435+02,2026-05-05 18:52:26.573406+02,6.74,f,47,0.58,
2167,5,1,truck,,2026-05-05 18:52:26.872425+02,2026-05-05 18:52:33.785967+02,6.91,f,33,0.601,
2168,5,564,car,,2026-05-05 18:52:27.61118+02,2026-05-05 18:52:33.785967+02,6.17,f,28,0.56,
2171,5,1,truck,,2026-05-05 18:52:34.083291+02,2026-05-05 18:52:53.21682+02,19.13,f,128,0.588,
2169,5,567,car,,2026-05-05 18:52:36.450341+02,2026-05-05 18:52:40.231525+02,3.78,f,25,0.556,
2170,5,568,car,,2026-05-05 18:52:41.277523+02,2026-05-05 18:52:53.21682+02,11.94,f,81,0.587,
2172,5,1,car,,2026-05-05 18:52:53.515515+02,2026-05-05 18:53:04.842022+02,11.33,f,77,0.592,
2173,5,578,truck,,2026-05-05 18:52:57.824649+02,2026-05-05 18:53:04.842022+02,7.02,f,48,0.584,
2174,5,1,truck,,2026-05-05 18:53:05.143312+02,2026-05-05 18:53:12.329971+02,7.19,f,33,0.595,
2175,5,581,car,,2026-05-05 18:53:05.736188+02,2026-05-05 18:53:12.329971+02,6.59,f,29,0.565,
2177,5,1,truck,,2026-05-05 18:53:12.63183+02,2026-05-05 18:53:18.302516+02,5.67,f,39,0.603,
2176,5,584,car,,2026-05-05 18:53:15.00956+02,2026-05-05 18:53:18.302516+02,3.29,f,23,0.56,
2179,5,1,car,,2026-05-05 18:53:18.616662+02,2026-05-05 18:53:28.518237+02,9.9,f,67,0.577,
2178,5,592,truck,,2026-05-05 18:53:18.922156+02,2026-05-05 18:53:23.553184+02,4.63,f,32,0.571,
2180,5,596,car,,2026-05-05 18:53:24.45406+02,2026-05-05 18:53:28.518237+02,4.06,f,28,0.576,
2181,5,1,car,,2026-05-05 18:53:28.81932+02,2026-05-05 18:54:37.86328+02,69.04,f,16,0.608,
2182,5,1,truck,,2026-05-05 18:54:38.158861+02,2026-05-05 18:54:43.80901+02,5.65,f,39,0.603,
2183,5,611,car,,2026-05-05 18:54:40.533458+02,2026-05-05 18:54:43.80901+02,3.28,f,23,0.56,
2185,5,1,car,,2026-05-05 18:54:44.118178+02,2026-05-05 18:54:53.95399+02,9.84,f,67,0.577,
2184,5,619,truck,,2026-05-05 18:54:44.428037+02,2026-05-05 18:54:49.036718+02,4.61,f,32,0.571,
2186,5,623,car,,2026-05-05 18:54:49.930939+02,2026-05-05 18:54:53.95399+02,4.02,f,28,0.576,
2187,5,1,car,,2026-05-05 18:54:54.252289+02,2026-05-05 18:54:58.908051+02,4.66,f,32,0.62,
2188,5,1,truck,,2026-05-05 18:54:59.207559+02,2026-05-05 18:55:12.77998+02,13.57,f,90,0.591,
2189,5,644,car,,2026-05-05 18:54:59.948255+02,2026-05-05 18:55:12.77998+02,12.83,f,85,0.565,
2190,5,1,car,,2026-05-05 18:55:13.074627+02,2026-05-05 18:55:26.098804+02,13.02,f,54,0.641,
2191,5,658,truck,,2026-05-05 18:55:22.847564+02,2026-05-05 18:55:26.098804+02,3.25,f,23,0.535,
2192,5,1,car,,2026-05-05 18:55:26.397204+02,2026-05-05 18:55:30.811326+02,4.41,f,28,0.626,
2193,5,1,car,,2026-05-05 18:55:31.104089+02,2026-05-05 18:55:38.477551+02,7.37,f,36,0.577,
2194,5,663,car,,2026-05-05 18:55:31.712624+02,2026-05-05 18:55:38.477551+02,6.76,f,32,0.59,
2195,5,1,car,,2026-05-05 18:55:38.771808+02,2026-05-05 18:55:42.935394+02,4.16,f,29,0.606,
2196,5,666,car,,2026-05-05 18:55:40.713084+02,2026-05-05 18:55:42.935394+02,2.22,f,16,0.563,
2197,5,1,car,,2026-05-05 18:55:43.234088+02,2026-05-05 18:55:45.358647+02,2.12,f,15,0.549,
2198,5,669,car,Kafasan L2,2026-05-05 18:55:43.234088+02,2026-05-05 18:55:45.821172+02,2.59,f,18,0.822,
2199,5,1,car,,2026-05-05 18:55:45.655752+02,2026-05-05 18:55:50.034913+02,4.38,f,30,0.623,
2200,5,1,truck,,2026-05-05 18:55:50.3335+02,2026-05-05 18:56:03.742705+02,13.41,f,90,0.591,
2201,5,686,car,,2026-05-05 18:55:51.079955+02,2026-05-05 18:56:03.742705+02,12.66,f,85,0.565,
2202,5,1,car,,2026-05-05 18:56:04.045498+02,2026-05-05 18:56:12.014572+02,7.97,f,54,0.641,
2203,5,700,truck,,2026-05-05 18:56:08.737299+02,2026-05-05 18:56:12.014572+02,3.28,f,23,0.535,
2204,5,1,car,,2026-05-05 18:56:12.315092+02,2026-05-05 18:56:16.377869+02,4.06,f,28,0.626,
2205,5,1,car,,2026-05-05 18:56:16.680157+02,2026-05-05 18:56:24.151045+02,7.47,f,36,0.577,
2206,5,705,car,,2026-05-05 18:56:17.274352+02,2026-05-05 18:56:24.151045+02,6.88,f,32,0.59,
2207,5,1,car,,2026-05-05 18:56:24.448548+02,2026-05-05 18:56:28.639351+02,4.19,f,29,0.606,
2208,5,708,car,,2026-05-05 18:56:26.385893+02,2026-05-05 18:56:28.639351+02,2.25,f,16,0.563,
2209,5,1,car,,2026-05-05 18:56:28.940368+02,2026-05-05 18:56:31.043438+02,2.1,f,15,0.549,
2210,5,711,car,Kafasan L2,2026-05-05 18:56:28.940368+02,2026-05-05 18:56:31.496258+02,2.56,f,18,0.822,
2211,5,1,car,,2026-05-05 18:56:31.345093+02,2026-05-05 18:56:34.805983+02,3.46,f,24,0.602,
2212,5,1,car,,2026-05-05 18:56:35.108148+02,2026-05-05 18:57:08.151608+02,33.04,f,62,0.588,
2213,5,722,car,,2026-05-05 18:56:37.213993+02,2026-05-05 18:57:08.151608+02,30.94,f,48,0.582,
2214,5,731,car,Kafasan L2,2026-05-05 18:57:07.110238+02,2026-05-05 18:57:10.241343+02,3.13,f,22,0.842,
2217,5,1,car,,2026-05-05 18:57:08.454518+02,2026-05-05 18:57:18.841761+02,10.39,f,71,0.602,
2215,5,733,truck,,2026-05-05 18:57:08.617943+02,2026-05-05 18:57:12.160156+02,3.54,f,25,0.596,
2216,5,738,truck,,2026-05-05 18:57:14.074467+02,2026-05-05 18:57:16.302872+02,2.23,f,16,0.538,
2218,5,1,car,,2026-05-05 18:57:19.13731+02,2026-05-05 18:57:45.454927+02,26.32,f,22,0.579,
2219,5,743,truck,,2026-05-05 18:57:19.285704+02,2026-05-05 18:57:45.454927+02,26.17,f,21,0.574,
2221,5,1,truck,,2026-05-05 18:57:45.750642+02,2026-05-05 18:57:52.390215+02,6.64,f,46,0.604,
2220,5,750,truck,,2026-05-05 18:57:46.343972+02,2026-05-05 18:57:48.568291+02,2.22,f,16,0.543,
2222,5,762,truck,,2026-05-05 18:57:49.449747+02,2026-05-05 18:57:52.390215+02,2.94,f,21,0.552,
2224,5,1,truck,,2026-05-05 18:57:54.482818+02,2026-05-05 18:58:06.666891+02,12.18,f,68,0.603,
2223,5,768,car,,2026-05-05 18:57:54.633084+02,2026-05-05 18:57:57.901895+02,3.27,f,23,0.539,
2225,5,795,car,,2026-05-05 18:58:04.118152+02,2026-05-05 18:58:06.666891+02,2.55,f,18,0.579,
2228,5,1,car,,2026-05-05 18:58:08.45521+02,2026-05-05 18:58:21.513203+02,13.06,f,88,0.598,
2227,5,815,car,,2026-05-05 18:58:09.071819+02,2026-05-05 18:58:17.298527+02,8.23,f,56,0.578,
2226,5,823,car,Kafasan L2,2026-05-05 18:58:12.367013+02,2026-05-05 18:58:15.352784+02,2.99,f,21,0.835,
2229,5,1,car,,2026-05-05 18:58:21.813984+02,2026-05-05 18:58:27.643835+02,5.83,f,40,0.595,
2230,5,830,truck,,2026-05-05 18:58:22.56334+02,2026-05-05 18:58:27.643835+02,5.08,f,35,0.571,
2231,5,836,car,Kafasan L3,2026-05-05 18:58:26.882796+02,2026-05-05 18:58:29.171735+02,2.29,f,16,0.833,lane_switch:Kafasan L3>Kafasan L2
2233,5,1,car,,2026-05-05 18:58:30.983567+02,2026-05-05 18:58:34.72063+02,3.74,f,26,0.6,
2232,5,846,truck,,2026-05-05 18:58:31.733821+02,2026-05-05 18:58:34.1214+02,2.39,f,17,0.555,
2235,5,1,truck,,2026-05-05 18:58:35.023269+02,2026-05-05 18:58:48.954495+02,13.93,f,79,0.6,
2234,5,851,car,,2026-05-05 18:58:36.989985+02,2026-05-05 18:58:40.13384+02,3.14,f,22,0.533,
2236,5,876,car,,2026-05-05 18:58:46.404982+02,2026-05-05 18:58:48.954495+02,2.55,f,18,0.579,
2237,5,1,car,,2026-05-05 18:58:50.747058+02,2026-05-05 18:58:56.911684+02,6.16,f,42,0.631,
2238,5,892,truck,Kafasan L2,2026-05-05 18:58:50.898105+02,2026-05-05 18:58:57.064896+02,6.17,f,42,0.856,lane_switch:Kafasan L2>Kafasan L1>Kafasan L2
2239,5,910,car,Kafasan L2,2026-05-05 18:58:55.547818+02,2026-05-05 18:58:57.973656+02,2.43,f,17,0.783,lane_switch:Kafasan L2>Kafasan L3
2240,5,1,car,,2026-05-05 18:58:57.217328+02,2026-05-05 18:59:01.413478+02,4.2,f,29,0.649,
2241,5,1,truck,,2026-05-05 18:59:01.714518+02,2026-05-05 18:59:28.723706+02,27.01,f,22,0.593,
2242,5,924,car,,2026-05-05 18:59:26.239305+02,2026-05-05 18:59:28.723706+02,2.48,f,18,0.582,
2245,5,931,car,Kafasan L2,2026-05-05 18:59:28.577919+02,2026-05-05 18:59:33.791014+02,5.21,f,37,0.799,
2244,5,1,car,,2026-05-05 18:59:29.014765+02,2026-05-05 18:59:33.197941+02,4.18,f,30,0.599,
2243,5,932,truck,,2026-05-05 18:59:29.299119+02,2026-05-05 18:59:32.473278+02,3.17,f,23,0.558,
2246,5,1,car,,2026-05-05 18:59:33.49567+02,2026-05-05 18:59:39.292732+02,5.8,f,41,0.645,
2248,5,1,car,,2026-05-05 18:59:39.585159+02,2026-05-05 19:00:16.820705+02,37.24,f,95,0.618,
2247,5,946,truck,,2026-05-05 19:00:09.734962+02,2026-05-05 19:00:13.344721+02,3.61,f,26,0.54,
2251,5,1,truck,,2026-05-05 19:00:17.108251+02,2026-05-05 19:00:31.184558+02,14.08,f,80,0.596,
2249,5,955,truck,,2026-05-05 19:00:18.699653+02,2026-05-05 19:00:22.254023+02,3.55,f,25,0.569,
2252,5,960,car,Kafasan L2,2026-05-05 19:00:26.39544+02,2026-05-05 19:00:31.787909+02,5.39,f,37,0.799,
2250,5,961,truck,,2026-05-05 19:00:27.137029+02,2026-05-05 19:00:30.432495+02,3.3,f,23,0.558,
2253,5,1,car,,2026-05-05 19:00:31.489854+02,2026-05-05 19:00:37.471478+02,5.98,f,41,0.645,
2255,5,1,car,,2026-05-05 19:00:37.777696+02,2026-05-05 19:00:52.120539+02,14.34,f,95,0.618,
2254,5,975,truck,,2026-05-05 19:00:44.703893+02,2026-05-05 19:00:48.486165+02,3.78,f,26,0.54,
2257,5,1,truck,,2026-05-05 19:00:52.41663+02,2026-05-05 19:01:02.681249+02,10.26,f,53,0.608,
2256,5,984,truck,,2026-05-05 19:00:54.173963+02,2026-05-05 19:00:57.887966+02,3.71,f,25,0.569,
2258,5,1,car,,2026-05-05 19:01:03.594608+02,2026-05-05 19:01:12.143666+02,8.55,f,58,0.666,
2259,5,1005,car,Kafasan L2,2026-05-05 19:01:11.109475+02,2026-05-05 19:01:14.150935+02,3.04,f,21,0.834,
2260,5,1,car,,2026-05-05 19:01:12.451336+02,2026-05-05 19:01:18.074815+02,5.62,f,37,0.64,
2261,5,1012,truck,Kafasan L2,2026-05-05 19:01:14.938399+02,2026-05-05 19:01:18.22664+02,3.29,f,22,0.821,
2264,5,1024,car,Kafasan L2,2026-05-05 19:01:19.786106+02,2026-05-05 19:01:25.449458+02,5.66,f,37,0.799,
2263,5,1,car,,2026-05-05 19:01:20.249226+02,2026-05-05 19:01:24.845915+02,4.6,f,30,0.599,
2262,5,1025,truck,,2026-05-05 19:01:20.55826+02,2026-05-05 19:01:24.091963+02,3.53,f,23,0.558,
2265,5,1,car,,2026-05-05 19:01:25.148765+02,2026-05-05 19:01:31.183251+02,6.03,f,41,0.645,
2267,5,1,car,,2026-05-05 19:01:31.481182+02,2026-05-05 19:01:45.462082+02,13.98,f,95,0.618,
2266,5,1039,truck,,2026-05-05 19:01:38.192827+02,2026-05-05 19:01:41.869578+02,3.68,f,26,0.54,
2269,5,1,truck,,2026-05-05 19:01:45.759923+02,2026-05-05 19:02:00.76158+02,15,f,88,0.636,
2268,5,1048,truck,,2026-05-05 19:01:47.377711+02,2026-05-05 19:01:50.919792+02,3.54,f,25,0.569,
2270,5,1,car,,2026-05-05 19:02:01.057894+02,2026-05-05 19:02:03.231504+02,2.17,f,15,0.62,
2271,5,1,truck,,2026-05-05 19:02:03.533115+02,2026-05-05 19:02:14.169258+02,10.64,f,53,0.624,
2272,5,1079,car,Kafasan L2,2026-05-05 19:02:11.295018+02,2026-05-05 19:02:14.315582+02,3.02,f,20,0.753,
2274,5,1,car,,2026-05-05 19:02:14.46854+02,2026-05-05 19:02:32.407272+02,17.94,f,103,0.642,
2273,5,1102,car,Kafasan L2,2026-05-05 19:02:28.309665+02,2026-05-05 19:02:31.95102+02,3.64,f,25,0.765,
2275,5,1,car,,2026-05-05 19:02:34.678754+02,2026-05-05 19:02:37.636076+02,2.96,f,20,0.711,
2276,5,1,car,,2026-05-05 19:02:37.938991+02,2026-05-05 19:02:40.096453+02,2.16,f,15,0.62,
2278,5,1,truck,,2026-05-05 19:02:40.406016+02,2026-05-05 19:02:52.131332+02,11.73,f,62,0.624,
2277,5,1132,car,Kafasan L2,2026-05-05 19:02:47.985354+02,2026-05-05 19:02:51.657902+02,3.67,f,25,0.765,
2279,5,1,car,,2026-05-05 19:02:52.449806+02,2026-05-05 19:04:02.527183+02,70.08,f,67,0.584,
2280,5,1141,car,,2026-05-05 19:02:53.049829+02,2026-05-05 19:04:02.527183+02,69.48,f,63,0.587,
2282,5,1,car,,2026-05-05 19:04:09.168838+02,2026-05-05 19:04:17.202688+02,8.03,f,56,0.62,
2281,5,1151,car,Kafasan L2,2026-05-05 19:04:13.264412+02,2026-05-05 19:04:16.764622+02,3.5,f,25,0.765,
2283,5,1,car,,2026-05-05 19:04:17.496493+02,2026-05-05 19:04:28.17887+02,10.68,f,74,0.58,
2284,5,1161,car,,2026-05-05 19:04:18.095359+02,2026-05-05 19:04:28.17887+02,10.08,f,70,0.591,
2286,5,1,car,,2026-05-05 19:04:28.482638+02,2026-05-05 19:04:35.304774+02,6.82,f,46,0.581,
2285,5,1166,car,,2026-05-05 19:04:28.823755+02,2026-05-05 19:04:32.332291+02,3.51,f,24,0.583,
2287,5,1170,car,,2026-05-05 19:04:32.927204+02,2026-05-05 19:04:35.304774+02,2.38,f,17,0.603,
2288,5,1,car,,2026-05-05 19:04:35.609034+02,2026-05-05 19:04:38.616741+02,3.01,f,21,0.613,
2289,5,1172,truck,,2026-05-05 19:04:35.759752+02,2026-05-05 19:04:38.616741+02,2.86,f,20,0.552,
2290,5,1,car,,2026-05-05 19:04:38.918484+02,2026-05-05 19:04:48.175542+02,9.26,f,63,0.605,
2291,5,1174,truck,,2026-05-05 19:04:41.017631+02,2026-05-05 19:04:48.175542+02,7.16,f,49,0.568,
2292,5,1,truck,,2026-05-05 19:04:48.478999+02,2026-05-05 19:04:52.054474+02,3.58,f,25,0.585,
2293,5,1178,car,,2026-05-05 19:04:48.626135+02,2026-05-05 19:04:52.054474+02,3.43,f,24,0.564,
2294,5,1,car,,2026-05-05 19:04:52.355413+02,2026-05-05 19:04:55.185856+02,2.83,f,20,0.584,
2295,5,1179,car,,2026-05-05 19:04:52.800364+02,2026-05-05 19:04:55.185856+02,2.39,f,17,0.571,
2297,5,1,car,,2026-05-05 19:04:55.488903+02,2026-05-05 19:05:04.717174+02,9.23,f,62,0.601,
2296,5,1188,truck,,2026-05-05 19:04:59.108357+02,2026-05-05 19:05:01.659389+02,2.55,f,18,0.596,
2298,5,1,car,,2026-05-05 19:05:05.014792+02,2026-05-05 19:05:08.500316+02,3.49,f,24,0.606,
2299,5,1191,car,,2026-05-05 19:05:05.764431+02,2026-05-05 19:05:08.500316+02,2.74,f,19,0.568,
2303,5,1,truck,,2026-05-05 19:05:10.320021+02,2026-05-05 19:05:56.28565+02,45.97,f,140,0.582,
2302,5,1193,truck,,2026-05-05 19:05:10.918239+02,2026-05-05 19:05:21.142994+02,10.22,f,69,0.586,
2300,5,1198,car,,2026-05-05 19:05:15.870246+02,2026-05-05 19:05:18.580019+02,2.71,f,19,0.749,
2301,5,1199,car,,2026-05-05 19:05:15.870246+02,2026-05-05 19:05:18.580019+02,2.71,f,19,0.327,
2304,5,1206,truck,,2026-05-05 19:05:21.891759+02,2026-05-05 19:05:56.28565+02,34.39,f,63,0.589,
2307,5,1,car,,2026-05-05 19:05:56.600085+02,2026-05-05 19:06:07.83469+02,11.23,f,76,0.601,
2305,5,1211,truck,,2026-05-05 19:05:57.351097+02,2026-05-05 19:06:00.788134+02,3.44,f,24,0.56,
2306,5,1216,car,,2026-05-05 19:06:01.378499+02,2026-05-05 19:06:04.809161+02,3.43,f,24,0.583,
2308,5,1217,car,,2026-05-05 19:06:05.421718+02,2026-05-05 19:06:07.83469+02,2.41,f,17,0.603,
2309,5,1,car,,2026-05-05 19:06:08.138302+02,2026-05-05 19:06:11.160034+02,3.02,f,21,0.613,
2310,5,1218,truck,,2026-05-05 19:06:08.286649+02,2026-05-05 19:06:11.160034+02,2.87,f,20,0.552,
2311,5,1,car,,2026-05-05 19:06:11.466535+02,2026-05-05 19:06:20.771437+02,9.3,f,63,0.605,
2312,5,1220,truck,,2026-05-05 19:06:13.562026+02,2026-05-05 19:06:20.771437+02,7.21,f,49,0.568,
2314,5,1,truck,,2026-05-05 19:06:21.074753+02,2026-05-05 19:06:24.669868+02,3.6,f,25,0.585,
2313,5,1224,car,,2026-05-05 19:06:21.226143+02,2026-05-05 19:06:24.669868+02,3.44,f,24,0.564,
2315,5,1,car,,2026-05-05 19:06:24.97191+02,2026-05-05 19:06:27.836313+02,2.86,f,20,0.584,
2316,5,1225,car,,2026-05-05 19:06:25.423861+02,2026-05-05 19:06:27.836313+02,2.41,f,17,0.571,
2318,5,1,car,,2026-05-05 19:06:28.14194+02,2026-05-05 19:06:37.445828+02,9.3,f,62,0.601,
2317,5,1234,truck,,2026-05-05 19:06:31.843193+02,2026-05-05 19:06:34.400524+02,2.56,f,18,0.596,
2319,5,1,car,,2026-05-05 19:06:37.749982+02,2026-05-05 19:06:41.226315+02,3.48,f,24,0.606,
2320,5,1237,car,,2026-05-05 19:06:38.505963+02,2026-05-05 19:06:41.226315+02,2.72,f,19,0.568,
2324,5,1,truck,,2026-05-05 19:06:43.030577+02,2026-05-05 19:07:06.160257+02,23.13,f,140,0.582,
2323,5,1239,truck,,2026-05-05 19:06:43.638636+02,2026-05-05 19:06:53.917019+02,10.28,f,69,0.586,
2321,5,1244,car,,2026-05-05 19:06:48.624546+02,2026-05-05 19:06:51.346761+02,2.72,f,19,0.749,
2322,5,1245,car,,2026-05-05 19:06:48.624546+02,2026-05-05 19:06:51.346761+02,2.72,f,19,0.327,
2325,5,1252,truck,,2026-05-05 19:06:54.671211+02,2026-05-05 19:07:06.160257+02,11.49,f,63,0.589,
2327,5,1,car,,2026-05-05 19:07:06.477249+02,2026-05-05 19:07:17.503791+02,11.03,f,74,0.615,
2326,5,1257,truck,,2026-05-05 19:07:07.23665+02,2026-05-05 19:07:10.42184+02,3.19,f,22,0.56,
2328,5,1262,truck,,2026-05-05 19:07:12.082893+02,2026-05-05 19:07:17.503791+02,5.42,f,37,0.583,
2331,5,1,car,,2026-05-05 19:07:17.807978+02,2026-05-05 19:07:30.95063+02,13.14,f,88,0.601,
2329,5,1268,car,,2026-05-05 19:07:19.619453+02,2026-05-05 19:07:25.641032+02,6.02,f,41,0.599,
2330,5,1271,truck,,2026-05-05 19:07:26.09431+02,2026-05-05 19:07:29.584492+02,3.49,f,24,0.551,
2333,5,1,car,,2026-05-05 19:07:31.852614+02,2026-05-05 19:07:46.837215+02,14.98,f,67,0.647,
2332,5,1292,car,Kafasan L2,2026-05-05 19:07:35.611746+02,2026-05-05 19:07:38.324968+02,2.71,f,19,0.809,
2334,5,1308,car,Kafasan L2,2026-05-05 19:07:46.375177+02,2026-05-05 19:07:49.244316+02,2.87,f,20,0.773,
2335,5,1,car,,2026-05-05 19:07:48.339246+02,2026-05-05 19:07:53.166682+02,4.83,f,33,0.583,
2336,5,1321,car,,2026-05-05 19:07:50.909121+02,2026-05-05 19:07:53.166682+02,2.26,f,16,0.624,
2337,5,1,car,,2026-05-05 19:07:53.467815+02,2026-05-05 19:07:55.719816+02,2.25,f,16,0.632,
2338,5,1,car,,2026-05-05 19:07:56.024716+02,2026-05-05 19:08:04.493563+02,8.47,f,42,0.633,
2339,5,1335,truck,,2026-05-05 19:08:00.624216+02,2026-05-05 19:08:04.493563+02,3.87,f,27,0.558,
2341,5,1,car,,2026-05-05 19:08:04.797475+02,2026-05-05 19:08:09.778593+02,4.98,f,34,0.613,
2340,5,1337,truck,,2026-05-05 19:08:04.948077+02,2026-05-05 19:08:08.409091+02,3.46,f,24,0.551,
2343,5,1,car,,2026-05-05 19:08:10.693408+02,2026-05-05 19:08:20.659759+02,9.97,f,67,0.647,
2342,5,1358,car,Kafasan L2,2026-05-05 19:08:14.472848+02,2026-05-05 19:08:17.173223+02,2.7,f,19,0.809,
2344,5,1374,car,Kafasan L2,2026-05-05 19:08:20.202728+02,2026-05-05 19:08:23.074293+02,2.87,f,20,0.773,
2345,5,1,car,,2026-05-05 19:08:22.169559+02,2026-05-05 19:08:26.990297+02,4.82,f,33,0.583,
2346,5,1387,car,,2026-05-05 19:08:24.738083+02,2026-05-05 19:08:26.990297+02,2.25,f,16,0.624,
2347,5,1,car,,2026-05-05 19:08:27.294421+02,2026-05-05 19:08:29.568751+02,2.27,f,16,0.632,
2349,5,1,car,,2026-05-05 19:08:29.875035+02,2026-05-05 19:08:38.812134+02,8.94,f,45,0.631,
2348,5,1400,truck,,2026-05-05 19:08:34.447139+02,2026-05-05 19:08:38.812134+02,4.36,f,30,0.559,
2350,5,1,car,,2026-05-05 19:08:40.360673+02,2026-05-05 19:08:44.2098+02,3.85,f,26,0.63,
2351,5,1,car,,2026-05-05 19:08:44.978782+02,2026-05-05 19:08:53.512307+02,8.53,f,56,0.585,
2352,5,1421,truck,,2026-05-05 19:08:47.609527+02,2026-05-05 19:08:53.512307+02,5.9,f,39,0.604,
2353,5,1,car,,2026-05-05 19:08:53.828443+02,2026-05-05 19:08:57.396767+02,3.57,f,24,0.586,
2354,5,1425,truck,,2026-05-05 19:08:54.753735+02,2026-05-05 19:08:57.396767+02,2.64,f,18,0.601,
2355,5,1,car,,2026-05-05 19:09:01.191307+02,2026-05-05 19:09:05.706433+02,4.52,f,30,0.645,
2356,5,1445,car,Kafasan L2,2026-05-05 19:09:04.020713+02,2026-05-05 19:09:06.486443+02,2.47,f,17,0.784,
2358,5,1,car,,2026-05-05 19:09:06.020383+02,2026-05-05 19:09:15.297687+02,9.28,f,61,0.628,
2357,5,1461,car,Kafasan L2,2026-05-05 19:09:09.422687+02,2026-05-05 19:09:12.69076+02,3.27,f,22,0.778,
2359,5,1,car,,2026-05-05 19:09:15.605306+02,2026-05-05 19:09:19.108592+02,3.5,f,24,0.63,
2360,5,1,car,,2026-05-05 19:09:20.945324+02,2026-05-05 19:09:28.406004+02,7.46,f,36,0.621,
2361,5,1482,truck,,2026-05-05 19:09:24.027564+02,2026-05-05 19:09:28.406004+02,4.38,f,30,0.559,
2362,5,1,car,,2026-05-05 19:09:30.06048+02,2026-05-05 19:09:34.531072+02,4.47,f,26,0.63,
2365,5,1,car,,2026-05-05 19:09:35.312776+02,2026-05-05 19:10:11.628936+02,36.32,f,90,0.616,
2363,5,1503,truck,,2026-05-05 19:09:37.894173+02,2026-05-05 19:10:06.02859+02,28.13,f,35,0.571,
2364,5,1507,car,Kafasan L2,2026-05-05 19:09:41.86279+02,2026-05-05 19:10:07.501068+02,25.64,f,19,0.837,
2366,5,1516,truck,,2026-05-05 19:10:09.126015+02,2026-05-05 19:10:11.628936+02,2.5,f,18,0.582,
2367,5,1,truck,,2026-05-05 19:10:13.840912+02,2026-05-05 19:10:22.732891+02,8.89,f,61,0.59,
2368,5,1527,car,,2026-05-05 19:10:17.548663+02,2026-05-05 19:10:22.732891+02,5.18,f,36,0.602,
2370,5,1,car,,2026-05-05 19:10:23.033489+02,2026-05-05 19:10:55.496412+02,32.46,f,63,0.629,
2369,5,1529,truck,,2026-05-05 19:10:23.477651+02,2026-05-05 19:10:49.154386+02,25.68,f,17,0.548,
2371,5,1,car,,2026-05-05 19:10:55.79053+02,2026-05-05 19:11:35.69123+02,39.9,f,115,0.664,
2372,5,1552,car,,2026-05-05 19:11:35.837932+02,2026-05-05 19:11:37.836531+02,2,f,15,0.432,
2373,5,1,car,,2026-05-05 19:11:35.981617+02,2026-05-05 19:11:42.007627+02,6.03,f,43,0.654,
2374,5,1573,truck,,2026-05-05 19:11:39.561215+02,2026-05-05 19:11:42.007627+02,2.45,f,18,0.573,
2375,5,1,car,,2026-05-05 19:11:42.300818+02,2026-05-05 19:12:10.85615+02,28.56,f,34,0.586,
2376,5,1577,car,,2026-05-05 19:11:44.47959+02,2026-05-05 19:12:10.85615+02,26.38,f,19,0.591,
2380,5,1,car,,2026-05-05 19:12:12.882965+02,2026-05-05 19:12:27.84315+02,14.96,f,103,0.643,
2377,5,1579,truck,,2026-05-05 19:12:13.187235+02,2026-05-05 19:12:16.305517+02,3.12,f,22,0.549,
2378,5,1552,car,,2026-05-05 19:12:20.688195+02,2026-05-05 19:12:24.13262+02,3.44,f,25,0.349,
2379,5,1581,truck,,2026-05-05 19:12:20.832883+02,2026-05-05 19:12:24.719596+02,3.89,f,28,0.593,
2381,5,1,car,,2026-05-05 19:12:29.285989+02,2026-05-05 19:12:35.431824+02,6.15,f,28,0.631,
2383,5,1,car,,2026-05-05 19:12:35.726946+02,2026-05-05 19:12:40.61914+02,4.89,f,34,0.674,
2382,5,1600,car,Kafasan L3,2026-05-05 19:12:36.907066+02,2026-05-05 19:12:39.853547+02,2.95,f,21,0.817,lane_switch:Kafasan L3>Kafasan L2
2384,5,1607,car,Kafasan L2,2026-05-05 19:12:38.670125+02,2026-05-05 19:12:42.098539+02,3.43,f,24,0.838,
2385,5,1,car,,2026-05-05 19:12:40.920335+02,2026-05-05 19:12:46.227908+02,5.31,f,37,0.628,
2386,5,1622,truck,,2026-05-05 19:12:43.730568+02,2026-05-05 19:12:46.227908+02,2.5,f,18,0.582,
2387,5,1,truck,,2026-05-05 19:12:48.461527+02,2026-05-05 19:12:57.367125+02,8.91,f,61,0.59,
2388,5,1633,car,,2026-05-05 19:12:52.165664+02,2026-05-05 19:12:57.367125+02,5.2,f,36,0.602,
2390,5,1,car,,2026-05-05 19:12:57.664575+02,2026-05-05 19:13:06.859686+02,9.2,f,63,0.629,
2389,5,1635,truck,,2026-05-05 19:12:58.103656+02,2026-05-05 19:13:00.489939+02,2.39,f,17,0.548,
2391,5,1,car,,2026-05-05 19:13:07.150815+02,2026-05-05 19:13:24.046273+02,16.9,f,115,0.664,
2392,5,1658,car,,2026-05-05 19:13:24.20085+02,2026-05-05 19:13:26.285669+02,2.08,f,15,0.432,
2393,5,1,car,,2026-05-05 19:13:24.350395+02,2026-05-05 19:13:30.597012+02,6.25,f,43,0.654,
2394,5,1679,truck,,2026-05-05 19:13:28.066312+02,2026-05-05 19:13:30.597012+02,2.53,f,18,0.573,
2395,5,1,car,,2026-05-05 19:13:30.899758+02,2026-05-05 19:13:35.810149+02,4.91,f,34,0.586,
2396,5,1683,car,,2026-05-05 19:13:33.128648+02,2026-05-05 19:13:35.810149+02,2.68,f,19,0.591,
2400,5,1,car,,2026-05-05 19:13:37.889081+02,2026-05-05 19:13:52.991059+02,15.1,f,103,0.643,
2397,5,1685,truck,,2026-05-05 19:13:38.187877+02,2026-05-05 19:13:41.308144+02,3.12,f,22,0.549,
2398,5,1658,car,,2026-05-05 19:13:45.734856+02,2026-05-05 19:13:49.278405+02,3.54,f,25,0.349,
2399,5,1687,truck,,2026-05-05 19:13:45.88579+02,2026-05-05 19:13:49.872198+02,3.99,f,28,0.593,
2401,5,1,car,,2026-05-05 19:13:54.482873+02,2026-05-05 19:14:00.670576+02,6.19,f,28,0.631,
2403,5,1,car,,2026-05-05 19:14:00.968415+02,2026-05-05 19:14:06.008299+02,5.04,f,34,0.674,
2402,5,1706,car,Kafasan L3,2026-05-05 19:14:02.225243+02,2026-05-05 19:14:05.255093+02,3.03,f,21,0.817,lane_switch:Kafasan L3>Kafasan L2
2404,5,1713,car,Kafasan L2,2026-05-05 19:14:04.064371+02,2026-05-05 19:14:08.700271+02,4.64,f,32,0.856,lane_switch:Kafasan L2>Kafasan L3
2405,5,1,car,,2026-05-05 19:14:06.308368+02,2026-05-05 19:14:12.710968+02,6.4,f,44,0.661,
2406,5,1725,car,Kafasan L1,2026-05-05 19:14:09.302801+02,2026-05-05 19:14:19.149599+02,9.85,f,67,0.787,lane_switch:Kafasan L1>Kafasan L2
2408,5,1,car,,2026-05-05 19:14:14.215453+02,2026-05-05 19:14:47.380131+02,33.16,f,205,0.653,
2407,5,1740,truck,,2026-05-05 19:14:17.925996+02,2026-05-05 19:14:20.663548+02,2.74,f,19,0.573,
2409,5,1,car,,2026-05-05 19:14:47.687741+02,2026-05-05 19:15:17.063958+02,29.38,f,181,0.65,
2410,5,1,car,,2026-05-05 19:15:18.995986+02,2026-05-05 19:16:42.315533+02,83.32,f,113,0.653,
2411,5,1,car,,2026-05-05 19:16:44.223083+02,2026-05-05 19:16:53.207821+02,8.98,f,62,0.651,
2412,5,1,car,,2026-05-05 19:16:53.504313+02,2026-05-05 19:16:56.752727+02,3.25,f,23,0.668,
2414,5,1,car,,2026-05-05 19:16:58.955989+02,2026-05-05 19:17:16.25935+02,17.3,f,78,0.665,
2413,5,1865,truck,,2026-05-05 19:17:14.0706+02,2026-05-05 19:17:16.25935+02,2.19,f,16,0.535,
2415,5,1,car,,2026-05-05 19:17:16.562049+02,2026-05-05 19:17:21.167719+02,4.61,f,32,0.636,
2416,5,1,car,,2026-05-05 19:17:21.466032+02,2026-05-05 19:17:23.962974+02,2.5,f,18,0.655,
2417,5,1,car,,2026-05-05 19:17:24.259238+02,2026-05-05 19:17:26.768956+02,2.51,f,18,0.616,
2418,5,1,car,,2026-05-05 19:17:27.071502+02,2026-05-05 19:18:04.980479+02,37.91,f,101,0.641,
2419,5,1893,truck,,2026-05-05 19:18:02.362929+02,2026-05-05 19:18:04.980479+02,2.62,f,19,0.576,
2421,5,1,car,,2026-05-05 19:18:05.274614+02,2026-05-05 19:18:45.410352+02,40.14,f,115,0.643,
2420,5,1849,car,,2026-05-05 19:18:41.284516+02,2026-05-05 19:18:43.886791+02,2.6,f,19,0.397,
2424,5,1,car,,2026-05-05 19:18:45.726165+02,2026-05-05 19:19:36.775901+02,51.05,f,184,0.668,
2423,5,1955,car,,2026-05-05 19:19:22.139664+02,2026-05-05 19:19:27.812796+02,5.67,f,38,0.399,
2422,5,1958,truck,,2026-05-05 19:19:24.244706+02,2026-05-05 19:19:26.729256+02,2.48,f,17,0.511,
2425,5,1971,car,,2026-05-05 19:19:34.431335+02,2026-05-05 19:19:36.775901+02,2.34,f,17,0.614,
2427,5,1,car,,2026-05-05 19:20:01.352828+02,2026-05-05 19:20:13.702441+02,12.35,f,86,0.694,
2426,5,1955,car,,2026-05-05 19:20:08.453344+02,2026-05-05 19:20:11.940225+02,3.49,f,25,0.321,
2428,5,1,car,,2026-05-05 19:20:15.173986+02,2026-05-05 19:20:42.653625+02,27.48,f,28,0.672,
2431,5,1,car,,2026-05-05 19:20:42.949437+02,2026-05-05 19:20:56.773447+02,13.82,f,96,0.626,
2429,5,1988,truck,,2026-05-05 19:20:44.983287+02,2026-05-05 19:20:51.660641+02,6.68,f,47,0.562,
2430,5,1955,car,,2026-05-05 19:20:46.576852+02,2026-05-05 19:20:52.09918+02,5.52,f,39,0.322,
2433,5,1,car,,2026-05-05 19:20:59.112086+02,2026-05-05 19:21:33.709135+02,34.6,f,77,0.63,
2432,5,2001,truck,,2026-05-05 19:21:25.383277+02,2026-05-05 19:21:29.326525+02,3.94,f,28,0.573,
2434,5,1,car,,2026-05-05 19:21:34.00383+02,2026-05-05 19:21:42.048536+02,8.04,f,56,0.618,
2435,5,2003,car,,2026-05-05 19:21:42.194851+02,2026-05-05 19:22:09.196036+02,27,f,25,0.373,
2436,5,1,car,,2026-05-05 19:22:05.854488+02,2026-05-05 19:22:11.090338+02,5.24,f,37,0.647,
2440,5,1,car,,2026-05-05 19:22:11.38318+02,2026-05-05 19:22:23.281208+02,11.9,f,82,0.678,
2437,5,2020,car,Kafasan L2,2026-05-05 19:22:12.110747+02,2026-05-05 19:22:14.332856+02,2.22,f,16,0.886,
2438,5,2026,truck,Kafasan L2,2026-05-05 19:22:16.095427+02,2026-05-05 19:22:19.601512+02,3.51,f,25,0.892,
2439,5,2003,car,,2026-05-05 19:22:18.42996+02,2026-05-05 19:22:21.807504+02,3.38,f,24,0.423,
2441,5,1,car,,2026-05-05 19:22:23.573837+02,2026-05-05 19:23:04.917185+02,41.34,f,124,0.661,
2442,5,2034,car,,2026-05-05 19:23:02.289951+02,2026-05-05 19:23:35.537173+02,33.25,f,68,0.343,
2443,5,1,car,,2026-05-05 19:23:05.21728+02,2026-05-05 19:23:45.333312+02,40.12,f,115,0.704,
2445,5,2034,car,,2026-05-05 19:23:45.485741+02,2026-05-05 19:24:13.814774+02,28.33,f,34,0.43,
2444,5,1,car,,2026-05-05 19:23:45.632744+02,2026-05-05 19:24:13.814774+02,28.18,f,33,0.644,
2450,5,1,car,,2026-05-05 19:24:14.108722+02,2026-05-05 19:24:38.187192+02,24.08,f,150,0.648,
2446,5,2062,car,Kafasan L2,2026-05-05 19:24:18.084992+02,2026-05-05 19:24:20.577886+02,2.49,f,18,0.83,
2447,5,2034,car,,2026-05-05 19:24:19.701559+02,2026-05-05 19:24:21.755049+02,2.05,f,15,0.398,
2448,5,2079,truck,,2026-05-05 19:24:26.308951+02,2026-05-05 19:24:33.023094+02,6.71,f,47,0.562,
2449,5,2034,car,,2026-05-05 19:24:27.926685+02,2026-05-05 19:24:33.465385+02,5.54,f,39,0.322,
2452,5,1,car,,2026-05-05 19:24:40.540924+02,2026-05-05 19:24:51.771402+02,11.23,f,77,0.63,
2451,5,2092,truck,,2026-05-05 19:24:43.352064+02,2026-05-05 19:24:47.332387+02,3.98,f,28,0.573,
2453,5,1,car,,2026-05-05 19:24:52.068973+02,2026-05-05 19:25:00.21815+02,8.15,f,56,0.618,
2454,5,2094,car,,2026-05-05 19:25:00.363557+02,2026-05-05 19:25:03.929893+02,3.57,f,25,0.373,
2455,5,1,car,,2026-05-05 19:25:00.529947+02,2026-05-05 19:25:05.858404+02,5.33,f,37,0.647,
2459,5,1,car,,2026-05-05 19:25:06.155442+02,2026-05-05 19:25:18.200349+02,12.04,f,82,0.678,
2456,5,2111,car,Kafasan L2,2026-05-05 19:25:06.897213+02,2026-05-05 19:25:09.141647+02,2.24,f,16,0.886,
2457,5,2117,truck,Kafasan L2,2026-05-05 19:25:10.913746+02,2026-05-05 19:25:14.472165+02,3.56,f,25,0.892,
2458,5,2094,car,,2026-05-05 19:25:13.28091+02,2026-05-05 19:25:16.704292+02,3.42,f,24,0.423,
2460,5,1,car,,2026-05-05 19:25:18.50071+02,2026-05-05 19:25:36.969575+02,18.47,f,124,0.661,
2461,5,2125,car,,2026-05-05 19:25:34.295434+02,2026-05-05 19:25:44.296304+02,10,f,68,0.343,
2462,5,1,car,,2026-05-05 19:25:37.277327+02,2026-05-05 19:25:54.322655+02,17.05,f,115,0.704,
2463,5,2125,car,,2026-05-05 19:25:54.474863+02,2026-05-05 19:25:59.445416+02,4.97,f,34,0.43,
2464,5,1,car,,2026-05-05 19:25:54.623738+02,2026-05-05 19:25:59.445416+02,4.82,f,33,0.644,
2477,5,1,car,,2026-05-05 19:25:59.747005+02,2026-05-05 19:29:29.707162+02,209.96,f,1158,0.734,
2465,5,2153,car,Kafasan L2,2026-05-05 19:26:03.757829+02,2026-05-05 19:26:06.307485+02,2.55,f,18,0.83,
2466,5,2125,car,,2026-05-05 19:26:05.409431+02,2026-05-05 19:26:07.512422+02,2.1,f,15,0.398,
2476,5,2168,truck,Kafasan L1,2026-05-05 19:26:10.611949+02,2026-05-05 19:29:15.982966+02,185.37,f,1008,0.936,lane_switch:Kafasan L1>Kafasan L2>Kafasan L1
2467,5,2125,car,,2026-05-05 19:26:17.042856+02,2026-05-05 19:26:19.598126+02,2.56,f,18,0.389,
2468,5,2125,car,,2026-05-05 19:26:52.869642+02,2026-05-05 19:26:56.867994+02,4,f,28,0.38,
2469,5,2125,car,,2026-05-05 19:27:22.570777+02,2026-05-05 19:27:24.830202+02,2.26,f,16,0.362,
2470,5,2201,car,Kafasan L3,2026-05-05 19:27:33.103949+02,2026-05-05 19:27:37.243903+02,4.14,f,27,0.8,lane_switch:Kafasan L3>Kafasan L2
2471,5,2125,car,,2026-05-05 19:27:56.327819+02,2026-05-05 19:28:00.364623+02,4.04,f,28,0.38,
2472,5,2125,car,,2026-05-05 19:28:26.084223+02,2026-05-05 19:28:28.370152+02,2.29,f,16,0.362,
2473,5,2225,car,Kafasan L3,2026-05-05 19:28:36.528808+02,2026-05-05 19:28:40.447858+02,3.92,f,27,0.8,lane_switch:Kafasan L3>Kafasan L2
2474,5,2125,car,,2026-05-05 19:28:40.905115+02,2026-05-05 19:28:43.174093+02,2.27,f,16,0.38,
2475,5,2125,car,,2026-05-05 19:28:47.841136+02,2026-05-05 19:29:15.383378+02,27.54,f,25,0.407,
2478,5,2125,car,,2026-05-05 19:29:32.800924+02,2026-05-05 19:29:37.399994+02,4.6,f,32,0.408,
2479,5,2125,car,,2026-05-05 19:29:59.625922+02,2026-05-05 19:30:04.282258+02,4.66,f,32,0.408,
2484,5,1,car,,2026-05-05 19:50:33.829765+02,2026-05-05 19:51:01.15725+02,27.33,f,196,0.788,
2480,5,8,car,,2026-05-05 19:50:35.081507+02,2026-05-05 19:50:40.045276+02,4.96,f,36,0.511,
2481,5,15,car,Kafasan L2,2026-05-05 19:50:36.986734+02,2026-05-05 19:50:40.045276+02,3.06,f,23,0.879,
2482,5,31,car,Kafasan L2,2026-05-05 19:50:46.209542+02,2026-05-05 19:50:49.025329+02,2.82,f,21,0.806,
2483,5,20,car,,2026-05-05 19:50:51.133725+02,2026-05-05 19:50:54.319221+02,3.19,f,24,0.369,
2493,5,1,car,,2026-05-05 19:51:01.437477+02,2026-05-05 19:53:02.457542+02,121.02,f,518,0.783,
2485,5,42,car,,2026-05-05 19:51:01.719445+02,2026-05-05 19:51:03.666387+02,1.95,f,15,0.372,
2486,5,45,car,,2026-05-05 19:51:07.443542+02,2026-05-05 19:51:17.910081+02,10.47,f,76,0.464,
2487,5,70,car,,2026-05-05 19:51:13.412047+02,2026-05-05 19:51:17.910081+02,4.5,f,33,0.346,
2488,5,72,car,,2026-05-05 19:51:34.490204+02,2026-05-05 19:51:36.605339+02,2.12,f,16,0.409,
2489,5,72,car,,2026-05-05 19:52:10.386915+02,2026-05-05 19:52:14.843514+02,4.46,f,33,0.435,
2490,5,87,car,,2026-05-05 19:52:11.641634+02,2026-05-05 19:52:14.843514+02,3.2,f,24,0.341,
2491,5,119,car,Kafasan L2,2026-05-05 19:52:22.547861+02,2026-05-05 19:52:49.28393+02,26.74,f,19,0.728,
2492,5,72,car,,2026-05-05 19:52:53.48904+02,2026-05-05 19:52:58.661818+02,5.17,f,38,0.45,
2523,5,1,car,,2026-05-05 19:53:02.744988+02,2026-05-05 19:59:52.434596+02,409.69,f,1196,0.85,
2494,5,136,car,,2026-05-05 19:53:32.714253+02,2026-05-05 19:53:37.190392+02,4.48,f,33,0.448,
2495,5,156,car,Kafasan L3,2026-05-05 19:53:34.114071+02,2026-05-05 19:53:37.190392+02,3.08,f,23,0.83,
2497,5,72,car,,2026-05-05 19:53:34.534777+02,2026-05-05 19:53:44.725044+02,10.19,f,74,0.39,
2496,5,157,car,Kafasan L2,2026-05-05 19:53:37.473434+02,2026-05-05 19:53:43.883598+02,6.41,f,47,0.898,
2498,5,72,car,,2026-05-05 19:54:20.627851+02,2026-05-05 19:54:25.955129+02,5.33,f,39,0.315,
2499,5,158,car,,2026-05-05 19:54:20.627851+02,2026-05-05 19:54:25.955129+02,5.33,f,39,0.375,
2500,5,72,car,,2026-05-05 19:54:27.504678+02,2026-05-05 19:54:29.480955+02,1.98,f,15,0.419,
2566,5,179,car,Kafasan L2,2026-05-05 19:54:27.647591+02,2026-05-05 20:06:31.48691+02,723.84,f,2604,0.943,
2501,5,72,car,,2026-05-05 19:54:54.336065+02,2026-05-05 19:54:56.447338+02,2.11,f,16,0.42,
2502,5,72,car,,2026-05-05 19:54:59.124441+02,2026-05-05 19:55:02.068529+02,2.94,f,22,0.364,
2503,5,72,car,,2026-05-05 19:55:03.767142+02,2026-05-05 19:55:37.92139+02,34.15,f,72,0.488,
2504,5,206,car,,2026-05-05 19:55:11.324196+02,2026-05-05 19:55:37.92139+02,26.6,f,18,0.515,
2505,5,207,car,,2026-05-05 19:55:11.324196+02,2026-05-05 19:55:37.92139+02,26.6,f,18,0.389,
2506,5,72,car,,2026-05-05 19:55:40.597854+02,2026-05-05 19:55:42.990339+02,2.39,f,18,0.409,
2507,5,72,car,,2026-05-05 19:55:46.20326+02,2026-05-05 19:55:48.174531+02,1.97,f,15,0.388,
2508,5,208,car,,2026-05-05 19:55:48.31277+02,2026-05-05 19:55:51.532478+02,3.22,f,24,0.377,
2511,5,72,car,,2026-05-05 19:56:21.371952+02,2026-05-05 19:56:31.627616+02,10.26,f,74,0.499,
2509,5,208,car,,2026-05-05 19:56:22.068009+02,2026-05-05 19:56:24.17177+02,2.1,f,16,0.306,
2510,5,208,car,,2026-05-05 19:56:25.291211+02,2026-05-05 19:56:30.190484+02,4.9,f,36,0.435,
2512,5,72,car,,2026-05-05 19:56:35.254936+02,2026-05-05 19:57:07.094164+02,31.84,f,57,0.396,
2513,5,243,car,Kafasan L3,2026-05-05 19:57:00.523942+02,2026-05-05 19:57:07.094164+02,6.57,f,48,0.775,
2514,5,245,car,,2026-05-05 19:57:08.654264+02,2026-05-05 19:57:11.349435+02,2.7,f,20,0.777,
2567,5,245,car,,2026-05-05 19:57:11.63445+02,2026-05-05 20:06:31.48691+02,559.85,f,2124,0.892,
2515,5,72,car,,2026-05-05 19:57:14.748097+02,2026-05-05 19:57:41.40059+02,26.65,f,19,0.473,
2516,5,290,car,,2026-05-05 19:57:47.925107+02,2026-05-05 19:57:50.596847+02,2.67,f,20,0.315,
2517,5,289,car,,2026-05-05 19:57:47.925107+02,2026-05-05 19:57:55.792486+02,7.87,f,57,0.369,
2518,5,295,car,,2026-05-05 19:58:26.945381+02,2026-05-05 19:58:34.380491+02,7.44,f,54,0.434,
2519,5,295,car,,2026-05-05 19:58:39.320217+02,2026-05-05 19:59:06.302177+02,26.98,f,22,0.431,
2520,5,295,car,,2026-05-05 19:59:06.59054+02,2026-05-05 19:59:15.324366+02,8.73,f,63,0.451,
2521,5,295,car,,2026-05-05 19:59:16.176221+02,2026-05-05 19:59:19.440809+02,3.26,f,23,0.464,
2522,5,295,car,,2026-05-05 19:59:21.151287+02,2026-05-05 19:59:49.043183+02,27.89,f,29,0.491,
2524,5,335,car,,2026-05-05 19:59:49.325452+02,2026-05-05 19:59:52.434596+02,3.11,f,23,0.391,
2525,5,295,car,,2026-05-05 19:59:49.607739+02,2026-05-05 19:59:52.434596+02,2.83,f,21,0.308,
2526,5,336,car,,2026-05-05 19:59:52.724929+02,2026-05-05 20:00:00.660607+02,7.94,f,57,0.905,
2527,5,295,car,,2026-05-05 19:59:55.849758+02,2026-05-05 20:00:02.077715+02,6.23,f,45,0.406,
2528,5,346,car,Kafasan L3,2026-05-05 20:00:02.365494+02,2026-05-05 20:00:33.199608+02,30.83,f,47,0.822,
2529,5,359,car,,2026-05-05 20:00:33.512031+02,2026-05-05 20:00:42.999705+02,9.49,f,67,0.636,
2530,5,363,car,,2026-05-05 20:00:43.279352+02,2026-05-05 20:00:45.660099+02,2.38,f,18,0.394,
2531,5,363,car,,2026-05-05 20:01:10.096096+02,2026-05-05 20:01:13.079081+02,2.98,f,22,0.461,
2532,5,363,car,,2026-05-05 20:01:14.210914+02,2026-05-05 20:01:19.587173+02,5.38,f,39,0.374,
2533,5,363,car,,2026-05-05 20:01:26.007014+02,2026-05-05 20:01:52.703466+02,26.7,f,19,0.418,
2534,5,381,car,,2026-05-05 20:02:00.026435+02,2026-05-05 20:02:03.019191+02,2.99,f,22,0.351,
2536,5,381,car,,2026-05-05 20:02:06.23584+02,2026-05-05 20:02:11.61776+02,5.38,f,38,0.398,
2535,5,396,car,,2026-05-05 20:02:07.677644+02,2026-05-05 20:02:10.726177+02,3.05,f,22,0.327,
2540,5,410,car,,2026-05-05 20:02:20.73041+02,2026-05-05 20:02:43.879731+02,23.15,f,161,0.881,
2537,5,381,car,,2026-05-05 20:02:21.592524+02,2026-05-05 20:02:30.559157+02,8.97,f,63,0.451,
2538,5,381,car,,2026-05-05 20:02:31.423357+02,2026-05-05 20:02:34.60582+02,3.18,f,23,0.464,
2539,5,381,car,,2026-05-05 20:02:36.328617+02,2026-05-05 20:02:40.409185+02,4.08,f,29,0.491,
2542,5,437,car,,2026-05-05 20:02:40.702207+02,2026-05-05 20:02:43.879731+02,3.18,f,23,0.391,
2541,5,381,car,,2026-05-05 20:02:40.991474+02,2026-05-05 20:02:43.879731+02,2.89,f,21,0.308,
2543,5,438,car,,2026-05-05 20:02:44.174414+02,2026-05-05 20:02:52.271207+02,8.1,f,57,0.905,
2544,5,381,car,,2026-05-05 20:02:47.349854+02,2026-05-05 20:02:53.739056+02,6.39,f,45,0.406,
2545,5,448,car,Kafasan L3,2026-05-05 20:02:54.03593+02,2026-05-05 20:03:01.100961+02,7.07,f,47,0.822,
2546,5,461,car,,2026-05-05 20:03:01.393229+02,2026-05-05 20:03:11.411354+02,10.02,f,67,0.636,
2547,5,465,car,,2026-05-05 20:03:11.707583+02,2026-05-05 20:03:14.169758+02,2.46,f,18,0.394,
2548,5,465,car,,2026-05-05 20:03:15.061322+02,2026-05-05 20:03:18.123481+02,3.06,f,22,0.461,
2549,5,465,car,,2026-05-05 20:03:19.30553+02,2026-05-05 20:03:25.171387+02,5.87,f,39,0.374,
2550,5,465,car,,2026-05-05 20:03:32.496876+02,2026-05-05 20:03:35.101615+02,2.6,f,19,0.418,
2551,5,483,car,,2026-05-05 20:03:44.07106+02,2026-05-05 20:03:48.20563+02,4.13,f,22,0.351,
2553,5,483,car,,2026-05-05 20:03:51.789223+02,2026-05-05 20:03:57.676158+02,5.89,f,38,0.398,
2552,5,498,car,,2026-05-05 20:03:53.283834+02,2026-05-05 20:03:56.793819+02,3.51,f,22,0.327,
2554,5,512,car,Kafasan L2,2026-05-05 20:04:07.227788+02,2026-05-05 20:04:09.454028+02,2.23,f,15,0.593,
2555,5,518,car,,2026-05-05 20:04:12.353231+02,2026-05-05 20:04:14.4632+02,2.11,f,15,0.404,
2556,5,525,car,Kafasan L3,2026-05-05 20:04:15.360238+02,2026-05-05 20:04:20.016263+02,4.66,f,33,0.794,
2557,5,518,car,,2026-05-05 20:04:20.886958+02,2026-05-05 20:04:23.069567+02,2.18,f,16,0.432,
2558,5,534,car,Kafasan L2,2026-05-05 20:04:25.782531+02,2026-05-05 20:04:27.817938+02,2.04,f,15,0.593,
2559,5,542,car,,2026-05-05 20:04:30.58759+02,2026-05-05 20:04:32.618241+02,2.03,f,15,0.404,
2560,5,549,car,Kafasan L3,2026-05-05 20:04:33.498049+02,2026-05-05 20:04:38.166228+02,4.67,f,33,0.794,
2561,5,542,car,,2026-05-05 20:05:43.598437+02,2026-05-05 20:05:53.673128+02,10.07,f,19,0.431,
2562,5,584,car,Kafasan L3,2026-05-05 20:05:59.102938+02,2026-05-05 20:06:02.167517+02,3.06,f,20,0.789,
2563,5,542,car,,2026-05-05 20:06:05.914102+02,2026-05-05 20:06:08.132045+02,2.22,f,15,0.409,
2564,5,542,car,,2026-05-05 20:06:14.33575+02,2026-05-05 20:06:19.668684+02,5.33,f,21,0.456,
2565,5,542,car,,2026-05-05 20:06:24.221119+02,2026-05-05 20:06:27.36867+02,3.15,f,21,0.456,
2568,5,667,car,Kafasan L3,2026-05-05 20:06:31.959926+02,2026-05-05 20:06:34.881265+02,2.92,f,20,0.789,
2572,5,666,car,,2026-05-05 20:06:31.959926+02,2026-05-05 20:09:21.451813+02,169.49,f,855,0.932, [stream_end]
2573,5,668,car,,2026-05-05 20:06:31.959926+02,2026-05-05 20:09:21.451813+02,169.49,f,855,0.878, [stream_end]
2569,5,669,car,,2026-05-05 20:06:38.55634+02,2026-05-05 20:06:41.032282+02,2.48,f,15,0.409,
2570,5,669,car,,2026-05-05 20:06:47.206026+02,2026-05-05 20:06:52.454592+02,5.25,f,21,0.456,
2571,5,669,car,,2026-05-05 20:06:57.267606+02,2026-05-05 20:07:00.354454+02,3.09,f,21,0.456,
2574,5,1,car,,2026-05-05 20:10:04.443113+02,2026-05-05 20:10:50.842276+02,46.4,f,155,0.933,
2620,5,2,car,,2026-05-05 20:10:04.443113+02,2026-05-05 20:24:45.80685+02,881.36,f,4027,0.867,
2575,5,1,car,,2026-05-05 20:10:51.152664+02,2026-05-05 20:11:11.798342+02,20.65,f,126,0.92,
2576,5,1,car,,2026-05-05 20:11:12.09864+02,2026-05-05 20:11:35.860502+02,23.76,f,150,0.923,
2577,5,1,car,,2026-05-05 20:11:36.157853+02,2026-05-05 20:12:06.521444+02,30.36,f,196,0.927,
2578,5,1,car,,2026-05-05 20:12:06.815073+02,2026-05-05 20:13:09.853721+02,63.04,f,250,0.909,
2579,5,1,car,,2026-05-05 20:13:10.175821+02,2026-05-05 20:14:53.215082+02,103.04,f,249,0.884,
2580,5,1,car,,2026-05-05 20:14:53.517503+02,2026-05-05 20:15:06.864067+02,13.35,f,78,0.825,
2581,5,1,car,,2026-05-05 20:15:07.206127+02,2026-05-05 20:15:12.808508+02,5.6,f,36,0.53,
2582,5,1,car,,2026-05-05 20:15:13.860458+02,2026-05-05 20:15:19.938978+02,6.08,f,39,0.889,
2583,5,388,car,,2026-05-05 20:15:23.634501+02,2026-05-05 20:15:32.004817+02,8.37,f,58,0.467,
2584,5,1,car,,2026-05-05 20:15:32.300166+02,2026-05-05 20:15:39.776248+02,7.48,f,52,0.865,
2585,5,394,car,,2026-05-05 20:15:43.582551+02,2026-05-05 20:15:53.206474+02,9.62,f,67,0.332,
2586,5,424,car,,2026-05-05 20:15:56.43957+02,2026-05-05 20:15:59.946414+02,3.51,f,24,0.914,
2587,5,424,car,,2026-05-05 20:16:00.727275+02,2026-05-05 20:16:08.388774+02,7.66,f,19,0.449,
2589,5,435,car,,2026-05-05 20:16:20.927296+02,2026-05-05 20:16:51.294648+02,30.37,f,48,0.86,
2588,5,448,truck,Kafasan L3,2026-05-05 20:16:24.171317+02,2026-05-05 20:16:49.844103+02,25.67,f,18,0.684,
2590,5,435,car,,2026-05-05 20:17:27.610871+02,2026-05-05 20:17:30.529938+02,2.92,f,20,0.827,
2591,5,435,car,,2026-05-05 20:17:42.523579+02,2026-05-05 20:17:47.729696+02,5.21,f,36,0.53,
2592,5,435,car,,2026-05-05 20:17:48.775152+02,2026-05-05 20:17:54.584381+02,5.81,f,39,0.889,
2593,5,498,car,,2026-05-05 20:17:58.215501+02,2026-05-05 20:18:06.805091+02,8.59,f,58,0.467,
2594,5,435,car,,2026-05-05 20:18:07.188838+02,2026-05-05 20:18:14.854736+02,7.67,f,52,0.865,
2595,5,504,car,,2026-05-05 20:18:18.916558+02,2026-05-05 20:18:29.220259+02,10.3,f,67,0.332,
2596,5,534,car,,2026-05-05 20:18:32.592775+02,2026-05-05 20:18:36.022196+02,3.43,f,24,0.914,
2597,5,534,car,,2026-05-05 20:18:36.767076+02,2026-05-05 20:18:39.495513+02,2.73,f,19,0.449,
2599,5,545,car,,2026-05-05 20:18:52.093327+02,2026-05-05 20:18:59.170578+02,7.08,f,48,0.86,
2598,5,558,truck,Kafasan L3,2026-05-05 20:18:55.416931+02,2026-05-05 20:18:57.978237+02,2.56,f,18,0.684,
2600,5,545,car,,2026-05-05 20:19:14.668526+02,2026-05-05 20:19:17.571128+02,2.9,f,20,0.827,
2601,5,545,car,,2026-05-05 20:19:29.336787+02,2026-05-05 20:19:40.055029+02,10.72,f,73,0.898,
2602,5,545,car,,2026-05-05 20:19:40.349596+02,2026-05-05 20:19:47.626292+02,7.28,f,48,0.914,
2603,5,545,car,,2026-05-05 20:19:47.952189+02,2026-05-05 20:19:51.921281+02,3.97,f,27,0.876,
2604,5,545,car,,2026-05-05 20:20:02.210438+02,2026-05-05 20:20:12.960902+02,10.75,f,38,0.885,
2605,5,545,car,,2026-05-05 20:20:13.257828+02,2026-05-05 20:20:23.494937+02,10.24,f,55,0.898,
2606,5,545,car,,2026-05-05 20:20:24.581535+02,2026-05-05 20:20:27.784669+02,3.2,f,22,0.915,
2607,5,545,car,,2026-05-05 20:20:38.66708+02,2026-05-05 20:21:03.117906+02,24.45,f,140,0.892,
2608,5,545,car,,2026-05-05 20:21:04.352391+02,2026-05-05 20:21:07.601124+02,3.25,f,22,0.915,
2609,5,545,car,,2026-05-05 20:21:18.276217+02,2026-05-05 20:21:41.409628+02,23.13,f,140,0.892,
2610,5,545,car,,2026-05-05 20:21:41.721003+02,2026-05-05 20:22:19.543107+02,37.82,f,96,0.915,
2612,5,545,car,,2026-05-05 20:22:19.834307+02,2026-05-05 20:23:48.226082+02,88.39,f,152,0.883,
2611,5,850,car,,2026-05-05 20:22:20.413081+02,2026-05-05 20:22:22.432138+02,2.02,f,15,0.429,
2613,5,545,car,,2026-05-05 20:23:48.513173+02,2026-05-05 20:24:02.173791+02,13.66,f,96,0.915,
2615,5,545,car,,2026-05-05 20:24:02.465019+02,2026-05-05 20:24:13.112936+02,10.65,f,75,0.805,
2614,5,921,car,,2026-05-05 20:24:03.037753+02,2026-05-05 20:24:05.040192+02,2,f,15,0.429,
2616,5,545,car,,2026-05-05 20:24:18.29795+02,2026-05-05 20:24:23.250042+02,4.95,f,35,0.845,
2617,5,545,car,,2026-05-05 20:24:28.399236+02,2026-05-05 20:24:30.861667+02,2.46,f,18,0.873,
2618,5,1011,car,,2026-05-05 20:24:36.647338+02,2026-05-05 20:24:38.681456+02,2.03,f,15,0.371,
2619,5,545,car,,2026-05-05 20:24:40.138621+02,2026-05-05 20:24:45.80685+02,5.67,f,40,0.847,
2626,5,2,car,,2026-05-05 20:24:46.099953+02,2026-05-05 20:26:47.611396+02,121.51,f,351,0.876,
2621,5,545,car,,2026-05-05 20:25:16.981542+02,2026-05-05 20:25:22.596492+02,5.61,f,40,0.832,
2622,5,545,car,,2026-05-05 20:25:57.418881+02,2026-05-05 20:26:02.199663+02,4.78,f,34,0.83,
2623,5,1058,car,,2026-05-05 20:26:05.8232+02,2026-05-05 20:26:34.412353+02,28.59,f,35,0.383,
2624,5,545,car,,2026-05-05 20:26:41.385924+02,2026-05-05 20:26:44.26957+02,2.88,f,20,0.827,
2625,5,545,car,,2026-05-05 20:26:44.563405+02,2026-05-05 20:26:46.891096+02,2.33,f,17,0.85,
2627,5,1088,car,,2026-05-05 20:26:48.489046+02,2026-05-05 20:27:19.035266+02,30.55,f,48,0.337,
2634,5,2,car,,2026-05-05 20:26:48.638459+02,2026-05-05 20:28:03.168259+02,74.53,f,327,0.878,
2628,5,545,bus,,2026-05-05 20:27:19.178357+02,2026-05-05 20:27:22.719969+02,3.54,f,24,0.481,
2629,5,1094,car,,2026-05-05 20:27:19.353225+02,2026-05-05 20:27:22.719969+02,3.37,f,23,0.43,
2630,5,545,car,,2026-05-05 20:27:23.072242+02,2026-05-05 20:27:26.410027+02,3.34,f,24,0.87,
2631,5,545,car,,2026-05-05 20:27:41.049759+02,2026-05-05 20:27:47.779575+02,6.73,f,30,0.857,
2632,5,1112,car,,2026-05-05 20:27:53.89923+02,2026-05-05 20:27:55.954103+02,2.05,f,15,0.371,
2633,5,545,car,,2026-05-05 20:27:57.425+02,2026-05-05 20:28:03.168259+02,5.74,f,40,0.847,
2640,5,2,car,,2026-05-05 20:28:03.464961+02,2026-05-05 20:28:56.728555+02,53.26,f,351,0.876,
2635,5,545,car,,2026-05-05 20:28:11.18049+02,2026-05-05 20:28:16.886751+02,5.71,f,40,0.832,
2636,5,545,car,,2026-05-05 20:28:28.386951+02,2026-05-05 20:28:33.505877+02,5.12,f,34,0.83,
2637,5,1159,car,,2026-05-05 20:28:37.179384+02,2026-05-05 20:28:42.29358+02,5.11,f,35,0.383,
2638,5,545,car,,2026-05-05 20:28:49.747648+02,2026-05-05 20:28:52.931525+02,3.18,f,20,0.827,
2639,5,545,car,,2026-05-05 20:28:53.235499+02,2026-05-05 20:28:55.953599+02,2.72,f,17,0.85,
2641,5,1189,car,,2026-05-05 20:28:57.643325+02,2026-05-05 20:29:04.603312+02,6.96,f,48,0.337,
2645,5,2,car,,2026-05-05 20:28:57.805727+02,2026-05-05 20:29:29.974037+02,32.17,f,213,0.874,
2642,5,545,bus,,2026-05-05 20:29:04.748968+02,2026-05-05 20:29:08.215229+02,3.47,f,24,0.481,
2643,5,1195,car,,2026-05-05 20:29:04.897549+02,2026-05-05 20:29:08.215229+02,3.32,f,23,0.43,
2644,5,545,car,,2026-05-05 20:29:08.531244+02,2026-05-05 20:29:11.951956+02,3.42,f,24,0.87,
2646,5,545,car,,2026-05-05 20:29:27.067094+02,2026-05-05 20:29:32.512677+02,5.45,f,21,0.85,
2647,5,545,car,,2026-05-05 20:29:32.846005+02,2026-05-05 20:29:55.312845+02,22.47,f,152,0.874,
2648,5,545,car,,2026-05-05 20:29:55.613391+02,2026-05-05 20:30:03.895935+02,8.28,f,57,0.87,
2649,5,545,car,,2026-05-05 20:30:09.143468+02,2026-05-05 20:30:17.792329+02,8.65,f,59,0.866,
2650,5,545,car,,2026-05-05 20:30:18.95745+02,2026-05-05 20:30:29.500899+02,10.54,f,67,0.882,
2651,5,545,car,,2026-05-05 20:30:29.815183+02,2026-05-05 20:30:34.472048+02,4.66,f,17,0.824,
2652,5,545,car,,2026-05-05 20:30:34.762049+02,2026-05-05 20:30:42.747508+02,7.99,f,54,0.882,
2653,5,545,car,,2026-05-05 20:30:43.367932+02,2026-05-05 20:30:51.369564+02,8,f,50,0.862,
2654,5,545,car,,2026-05-05 20:30:52.478345+02,2026-05-05 20:31:02.979076+02,10.5,f,67,0.882,
2655,5,545,car,,2026-05-05 20:31:03.305165+02,2026-05-05 20:31:08.124927+02,4.82,f,17,0.824,
2656,5,545,car,,2026-05-05 20:31:08.430071+02,2026-05-05 20:31:16.745849+02,8.32,f,54,0.882,
2657,5,545,car,,2026-05-05 20:31:17.4116+02,2026-05-05 20:31:23.305761+02,5.89,f,35,0.871,
2658,5,545,car,,2026-05-05 20:31:23.622551+02,2026-05-05 20:31:51.77599+02,28.15,f,38,0.834,
2659,5,545,car,,2026-05-05 20:31:52.209461+02,2026-05-05 20:31:58.550427+02,6.34,f,45,0.872,
2660,5,545,car,,2026-05-05 20:32:05.080056+02,2026-05-05 20:32:14.306836+02,9.23,f,49,0.828,
2661,5,545,car,,2026-05-05 20:32:14.599744+02,2026-05-05 20:32:20.347173+02,5.75,f,40,0.871,
2662,5,545,car,,2026-05-05 20:32:20.789035+02,2026-05-05 20:32:27.253349+02,6.46,f,45,0.872,
2663,5,545,car,,2026-05-05 20:32:33.843606+02,2026-05-05 20:32:43.228432+02,9.38,f,49,0.828,
2664,5,545,car,,2026-05-05 20:32:43.525177+02,2026-05-05 20:32:50.336989+02,6.81,f,47,0.891,
2665,5,545,car,,2026-05-05 20:32:50.633671+02,2026-05-05 20:32:54.634115+02,4,f,28,0.885,
2666,5,545,car,,2026-05-05 20:32:54.933109+02,2026-05-05 20:33:02.284681+02,7.35,f,51,0.847,
2667,5,545,car,,2026-05-05 20:33:09.503937+02,2026-05-05 20:33:19.468154+02,9.96,f,50,0.822,
2668,5,545,car,,2026-05-05 20:33:19.810507+02,2026-05-05 20:33:26.814811+02,7,f,47,0.891,
2669,5,545,car,,2026-05-05 20:33:27.111137+02,2026-05-05 20:33:41.623503+02,14.51,f,81,0.862,
2670,5,545,car,,2026-05-05 20:33:41.924948+02,2026-05-05 20:33:49.465965+02,7.54,f,37,0.842,
2671,5,545,car,,2026-05-05 20:33:49.757094+02,2026-05-05 20:34:00.896052+02,11.14,f,61,0.867,
2672,5,545,car,,2026-05-05 20:34:01.219965+02,2026-05-05 20:34:08.334241+02,7.11,f,49,0.887,
2673,5,545,car,,2026-05-05 20:34:09.812041+02,2026-05-05 20:34:15.539909+02,5.73,f,25,0.808,
2674,5,545,car,,2026-05-05 20:34:15.834367+02,2026-05-05 20:34:23.163366+02,7.33,f,49,0.887,
2675,5,545,car,,2026-05-05 20:34:26.486398+02,2026-05-05 20:34:35.217723+02,8.73,f,40,0.831,
2676,5,545,car,,2026-05-05 20:34:35.519106+02,2026-05-05 20:34:44.54237+02,9.02,f,49,0.887,
2677,5,545,car,,2026-05-05 20:34:49.102434+02,2026-05-05 20:34:54.966454+02,5.86,f,28,0.858,
2678,5,545,car,,2026-05-05 20:34:55.415744+02,2026-05-05 20:35:58.788632+02,63.37,f,22,0.863,
2679,5,545,car,,2026-05-05 20:36:03.562651+02,2026-05-05 20:36:20.131744+02,16.57,f,105,0.869,
2681,5,545,car,,2026-05-05 20:36:25.791528+02,2026-05-05 20:36:32.445577+02,6.65,f,43,0.851,
2680,5,1665,car,Kafasan L2,2026-05-05 20:36:27.371577+02,2026-05-05 20:36:30.270924+02,2.9,f,19,0.762,
2682,5,545,car,,2026-05-05 20:36:34.203267+02,2026-05-05 20:36:37.494494+02,3.29,f,22,0.825,
2683,5,545,car,,2026-05-05 20:36:37.807978+02,2026-05-05 20:36:53.177734+02,15.37,f,98,0.872,
2685,5,545,car,,2026-05-05 20:36:58.974248+02,2026-05-05 20:37:06.00687+02,7.03,f,43,0.851,
2684,5,1706,car,Kafasan L2,2026-05-05 20:37:00.603264+02,2026-05-05 20:37:03.680577+02,3.08,f,19,0.762,
2686,5,545,car,,2026-05-05 20:37:07.760567+02,2026-05-05 20:37:11.259597+02,3.5,f,23,0.826,
2687,5,545,car,,2026-05-05 20:37:11.574742+02,2026-05-05 20:38:16.6288+02,65.05,f,32,0.878,
2688,5,545,car,,2026-05-05 20:38:22.715441+02,2026-05-05 20:38:33.674258+02,10.96,f,67,0.898,
2689,5,1739,car,Kafasan L2,2026-05-05 20:38:33.987979+02,2026-05-05 20:38:36.750668+02,2.76,f,18,0.752,
2690,5,545,car,,2026-05-05 20:38:33.987979+02,2026-05-05 20:38:37.087065+02,3.1,f,20,0.897,
2691,5,545,car,,2026-05-05 20:38:37.578591+02,2026-05-05 20:38:43.186285+02,5.61,f,35,0.879,
2692,5,545,car,,2026-05-05 20:38:44.358004+02,2026-05-05 20:38:46.745418+02,2.39,f,15,0.852,
2693,5,545,car,,2026-05-05 20:38:49.843733+02,2026-05-05 20:38:52.579275+02,2.74,f,18,0.903,
2694,5,545,car,,2026-05-05 20:38:52.931264+02,2026-05-05 20:38:58.287541+02,5.36,f,33,0.859,
2696,5,545,car,,2026-05-05 20:38:58.601437+02,2026-05-05 20:39:09.176504+02,10.58,f,66,0.877,
2695,5,1764,truck,Kafasan L1,2026-05-05 20:39:01.149993+02,2026-05-05 20:39:04.225911+02,3.08,f,20,0.724,
2698,5,545,car,,2026-05-05 20:39:09.490533+02,2026-05-05 20:39:15.588985+02,6.1,f,39,0.885,
2697,5,1779,car,Kafasan L2,2026-05-05 20:39:11.462896+02,2026-05-05 20:39:15.430429+02,3.97,f,26,0.686,
2699,5,545,car,,2026-05-05 20:39:15.901817+02,2026-05-05 20:39:23.857838+02,7.96,f,51,0.849,
2700,5,545,car,,2026-05-05 20:39:24.179815+02,2026-05-05 20:39:37.752626+02,13.57,f,32,0.844,
2701,5,545,car,,2026-05-05 20:39:40.241636+02,2026-05-05 20:39:43.73144+02,3.49,f,23,0.862,
2702,5,545,car,Kafasan L2,2026-05-05 20:39:46.235218+02,2026-05-05 20:39:53.115277+02,6.88,f,45,0.871,lane_switch:Kafasan L2>Kafasan L3
2703,5,1829,car,Kafasan L2,2026-05-05 20:39:55.632827+02,2026-05-05 20:40:06.416435+02,10.78,f,69,0.886,lane_switch:Kafasan L2>Kafasan L3
2704,5,1858,car,Kafasan L2,2026-05-05 20:40:08.976045+02,2026-05-05 20:40:22.217827+02,13.24,f,83,0.873,lane_switch:Kafasan L2>Kafasan L3
2705,5,1900,car,Kafasan L2,2026-05-05 20:40:26.617607+02,2026-05-05 20:40:39.51306+02,12.9,f,83,0.873,lane_switch:Kafasan L2>Kafasan L3
2706,5,1940,car,,2026-05-05 20:40:40.165339+02,2026-05-05 20:40:43.655281+02,3.49,f,23,0.786,
2707,5,1933,car,,2026-05-05 20:41:52.565803+02,2026-05-05 20:41:54.800726+02,2.23,f,15,0.431,
2708,5,1933,car,,2026-05-05 20:42:14.265459+02,2026-05-05 20:42:16.420275+02,2.15,f,15,0.431,
2709,5,1966,car,,2026-05-05 20:42:43.521428+02,2026-05-05 20:42:45.836493+02,2.32,f,15,0.431,
2710,5,2035,car,,2026-05-05 20:44:09.084881+02,2026-05-05 20:44:11.21294+02,2.13,f,15,0.431,
2711,5,2166,car,,2026-05-05 20:45:04.152432+02,2026-05-05 20:45:06.827357+02,2.67,f,19,0.395,
2712,5,2172,car,,2026-05-05 20:45:07.126441+02,2026-05-05 20:45:33.888889+02,26.76,f,24,0.414,
2713,5,2226,car,,2026-05-05 20:46:17.68112+02,2026-05-05 20:46:20.44158+02,2.76,f,19,0.395,
2714,5,2232,car,,2026-05-05 20:46:20.747008+02,2026-05-05 20:46:24.221834+02,3.47,f,24,0.414,
2721,5,4,car,,2026-05-06 15:52:58.282566+02,2026-05-06 15:56:20.946611+02,202.66,f,970,0.669,
2733,5,5,car,,2026-05-06 15:52:58.282566+02,2026-05-06 15:58:46.429509+02,348.15,f,1589,0.508,
2772,5,3,car,,2026-05-06 15:52:58.282566+02,2026-05-06 16:06:25.948253+02,807.67,f,3503,0.558,
2787,5,1,car,,2026-05-06 15:52:58.282566+02,2026-05-06 16:56:22.575945+02,3804.29,f,4171,0.867,
2941,5,2,car,,2026-05-06 15:52:58.282566+02,2026-05-06 17:13:48.081796+02,4849.8,f,8367,0.898,
2715,5,11,car,Kafasan L3,2026-05-06 15:53:00.844001+02,2026-05-06 15:53:03.662375+02,2.82,f,20,0.827,lane_switch:Kafasan L3>Kafasan L2>Kafasan L3
2716,5,35,car,Kafasan L3,2026-05-06 15:53:41.468639+02,2026-05-06 15:53:44.219224+02,2.75,f,20,0.827,lane_switch:Kafasan L3>Kafasan L2>Kafasan L3
2717,5,54,car,Kafasan L3,2026-05-06 15:54:28.607171+02,2026-05-06 15:54:31.117089+02,2.51,f,18,0.843,lane_switch:Kafasan L3>Kafasan L2
2718,5,81,car,Kafasan L3,2026-05-06 15:54:53.406611+02,2026-05-06 15:54:55.917352+02,2.51,f,18,0.843,lane_switch:Kafasan L3>Kafasan L2
2719,5,113,car,Kafasan L2,2026-05-06 15:55:50.476584+02,2026-05-06 15:55:55.068861+02,4.59,f,32,0.844,
2720,5,123,car,Kafasan L2,2026-05-06 15:56:06.573378+02,2026-05-06 15:56:11.546497+02,4.97,f,32,0.844,
2723,5,4,car,,2026-05-06 15:56:21.251977+02,2026-05-06 15:56:45.048995+02,23.8,f,141,0.64,
2722,5,140,car,Kafasan L2,2026-05-06 15:56:30.771872+02,2026-05-06 15:56:35.53039+02,4.76,f,32,0.844,
2725,5,4,car,,2026-05-06 15:56:45.376633+02,2026-05-06 15:56:56.381891+02,11.01,f,72,0.642,
2724,5,151,truck,,2026-05-06 15:56:49.16728+02,2026-05-06 15:56:52.931595+02,3.76,f,26,0.627,
2726,5,151,truck,Kafasan L1,2026-05-06 15:56:53.237128+02,2026-05-06 15:57:01.490216+02,8.25,f,55,0.758,
2728,5,4,car,,2026-05-06 15:56:56.698091+02,2026-05-06 15:57:19.662053+02,22.96,f,139,0.622,
2727,5,164,car,Kafasan L2,2026-05-06 15:57:05.672219+02,2026-05-06 15:57:10.360393+02,4.69,f,31,0.84,
2730,5,4,car,,2026-05-06 15:57:19.955976+02,2026-05-06 15:57:30.444331+02,10.49,f,72,0.642,
2729,5,178,truck,,2026-05-06 15:57:23.490079+02,2026-05-06 15:57:27.179344+02,3.69,f,26,0.627,
2735,5,178,truck,Kafasan L1,2026-05-06 15:57:27.480145+02,2026-05-06 15:58:51.385984+02,83.91,f,246,0.866,
2737,5,4,car,,2026-05-06 15:57:30.765559+02,2026-05-06 15:59:24.141129+02,113.38,f,289,0.59,
2731,5,193,truck,Kafasan L1,2026-05-06 15:58:02.787834+02,2026-05-06 15:58:41.737205+02,38.95,f,106,0.626,
2732,5,209,car,Kafasan L3,2026-05-06 15:58:14.150625+02,2026-05-06 15:58:41.737205+02,27.59,f,28,0.813,
2734,5,193,truck,Kafasan L1,2026-05-06 15:58:44.448587+02,2026-05-06 15:58:46.572874+02,2.12,f,15,0.441,
2736,5,238,truck,Kafasan L3,2026-05-06 15:58:45.826872+02,2026-05-06 15:58:52.350784+02,6.52,f,45,0.815,lane_switch:Kafasan L3>Kafasan L2
2743,5,5,car,,2026-05-06 15:58:46.718706+02,2026-05-06 16:00:11.474992+02,84.76,f,403,0.458,
2745,5,178,truck,Kafasan L1,2026-05-06 15:58:53.086827+02,2026-05-06 16:00:16.757362+02,83.67,f,394,0.894,
2740,5,193,truck,Kafasan L1,2026-05-06 15:58:54.685222+02,2026-05-06 15:59:48.946576+02,54.26,f,198,0.552,
2738,5,4,truck,,2026-05-06 15:59:24.435575+02,2026-05-06 15:59:32.262294+02,7.83,f,55,0.582,
2739,5,4,car,,2026-05-06 15:59:32.5567+02,2026-05-06 15:59:48.057503+02,15.5,f,91,0.558,
2747,5,4,car,,2026-05-06 15:59:48.36148+02,2026-05-06 16:00:26.717627+02,38.36,f,255,0.589,
2741,5,270,truck,Kafasan L1,2026-05-06 15:59:51.180004+02,2026-05-06 16:00:06.878919+02,15.7,f,106,0.626,
2742,5,286,car,Kafasan L3,2026-05-06 16:00:02.779704+02,2026-05-06 16:00:06.878919+02,4.1,f,28,0.813,
2744,5,270,truck,Kafasan L1,2026-05-06 16:00:09.558884+02,2026-05-06 16:00:11.620293+02,2.06,f,15,0.441,
2746,5,315,truck,Kafasan L3,2026-05-06 16:00:10.880429+02,2026-05-06 16:00:17.839438+02,6.96,f,45,0.815,lane_switch:Kafasan L3>Kafasan L2
2755,5,5,car,,2026-05-06 16:00:11.767743+02,2026-05-06 16:03:58.016632+02,226.25,f,898,0.451,
2761,5,178,truck,Kafasan L1,2026-05-06 16:00:18.627114+02,2026-05-06 16:04:36.53411+02,257.91,f,1076,0.896,
2759,5,270,truck,Kafasan L1,2026-05-06 16:00:20.339719+02,2026-05-06 16:04:23.432974+02,243.09,f,977,0.558,
2748,5,4,truck,,2026-05-06 16:00:27.012716+02,2026-05-06 16:00:34.93501+02,7.92,f,55,0.582,
2749,5,4,car,,2026-05-06 16:00:35.226383+02,2026-05-06 16:00:51.007544+02,15.78,f,91,0.558,
2751,5,341,car,Kafasan L3,2026-05-06 16:00:50.108565+02,2026-05-06 16:00:56.696497+02,6.59,f,45,0.804,lane_switch:Kafasan L3>Kafasan L2
2750,5,4,car,,2026-05-06 16:00:51.307793+02,2026-05-06 16:00:53.903239+02,2.6,f,18,0.527,
2752,5,4,car,,2026-05-06 16:00:54.203827+02,2026-05-06 16:01:49.061347+02,54.86,f,210,0.587,
2753,5,4,truck,,2026-05-06 16:01:49.365607+02,2026-05-06 16:01:53.627843+02,4.26,f,28,0.568,
2754,5,4,car,,2026-05-06 16:01:53.990858+02,2026-05-06 16:02:16.192448+02,22.2,f,135,0.591,
2942,5,4,car,,2026-05-06 16:02:18.637217+02,2026-05-06 17:13:48.081796+02,4289.44,f,5717,0.783,
2756,5,427,car,Kafasan L3,2026-05-06 16:02:41.789882+02,2026-05-06 16:03:58.315785+02,76.53,f,104,0.819,
2757,5,5,car,,2026-05-06 16:03:58.315785+02,2026-05-06 16:04:22.238376+02,23.92,f,124,0.43,
2758,5,445,car,Kafasan L3,2026-05-06 16:04:07.397999+02,2026-05-06 16:04:23.287313+02,15.89,f,109,0.819,
2763,5,5,car,,2026-05-06 16:04:22.53783+02,2026-05-06 16:04:37.429721+02,14.89,f,101,0.448,
2760,5,270,truck,Kafasan L1,2026-05-06 16:04:24.028425+02,2026-05-06 16:04:36.091924+02,12.06,f,82,0.538,
2762,5,463,truck,Kafasan L3,2026-05-06 16:04:31.515635+02,2026-05-06 16:04:36.983066+02,5.47,f,38,0.856,lane_switch:Kafasan L3>Kafasan L2
2764,5,472,car,Kafasan L3,2026-05-06 16:04:37.576865+02,2026-05-06 16:04:46.532291+02,8.96,f,23,0.813,
2769,5,476,truck,Kafasan L1,2026-05-06 16:04:38.024793+02,2026-05-06 16:05:31.767722+02,53.74,f,169,0.892,lane_switch:Kafasan L1>Kafasan L2
2765,5,5,car,,2026-05-06 16:04:38.336242+02,2026-05-06 16:04:48.589163+02,10.25,f,32,0.412,
2766,5,270,truck,Kafasan L1,2026-05-06 16:04:39.386041+02,2026-05-06 16:04:49.02902+02,9.64,f,28,0.482,
2767,5,5,car,,2026-05-06 16:04:48.881629+02,2026-05-06 16:04:52.431139+02,3.55,f,25,0.396,
2768,5,270,truck,Kafasan L1,2026-05-06 16:04:52.283012+02,2026-05-06 16:04:55.256403+02,2.97,f,21,0.517,
2773,5,5,car,,2026-05-06 16:04:52.726889+02,2026-05-06 16:06:25.948253+02,93.22,f,320,0.466,
2770,5,270,truck,Kafasan L1,2026-05-06 16:04:58.791114+02,2026-05-06 16:05:38.516284+02,39.73,f,110,0.774,lane_switch:Kafasan L1>Kafasan L2
2771,5,526,truck,,2026-05-06 16:06:22.031008+02,2026-05-06 16:06:24.49519+02,2.46,f,18,0.756,
2779,5,5,car,,2026-05-06 16:06:26.823723+02,2026-05-06 16:07:29.31512+02,62.49,f,254,0.482,
2802,5,3,car,,2026-05-06 16:06:26.823723+02,2026-05-06 16:57:46.183645+02,3079.36,f,1022,0.522,
2774,5,539,car,Kafasan L2,2026-05-06 16:07:03.906993+02,2026-05-06 16:07:07.822831+02,3.92,f,28,0.879,
2775,5,538,truck,Kafasan L1,2026-05-06 16:07:03.906993+02,2026-05-06 16:07:09.857937+02,5.95,f,42,0.872,
2777,5,544,truck,Kafasan L1,2026-05-06 16:07:15.116961+02,2026-05-06 16:07:28.427283+02,13.31,f,93,0.89,
2776,5,546,truck,Kafasan L1,2026-05-06 16:07:16.279843+02,2026-05-06 16:07:27.985996+02,11.71,f,82,0.538,
2778,5,554,truck,Kafasan L3,2026-05-06 16:07:23.482726+02,2026-05-06 16:07:28.872517+02,5.39,f,38,0.856,lane_switch:Kafasan L3>Kafasan L2
2780,5,563,car,Kafasan L3,2026-05-06 16:07:29.457249+02,2026-05-06 16:07:32.680717+02,3.22,f,23,0.813,
2785,5,567,truck,Kafasan L1,2026-05-06 16:07:29.899353+02,2026-05-06 16:07:54.50741+02,24.61,f,169,0.892,lane_switch:Kafasan L1>Kafasan L2
2781,5,5,car,,2026-05-06 16:07:30.18931+02,2026-05-06 16:07:34.723556+02,4.53,f,32,0.412,
2782,5,546,truck,Kafasan L1,2026-05-06 16:07:31.209709+02,2026-05-06 16:07:35.161012+02,3.95,f,28,0.482,
2783,5,5,car,,2026-05-06 16:07:35.017069+02,2026-05-06 16:07:38.495795+02,3.48,f,25,0.396,
2784,5,546,truck,Kafasan L1,2026-05-06 16:07:38.347892+02,2026-05-06 16:07:41.275167+02,2.93,f,21,0.517,
2803,5,5,car,,2026-05-06 16:07:38.789417+02,2026-05-06 16:57:47.504721+02,3008.72,f,713,0.442,
2786,5,546,truck,Kafasan L1,2026-05-06 16:07:44.638703+02,2026-05-06 16:08:00.648209+02,16.01,f,110,0.774,lane_switch:Kafasan L1>Kafasan L2
2788,5,626,car,Kafasan L2,2026-05-06 16:56:27.099806+02,2026-05-06 16:56:32.375733+02,5.28,f,37,0.717,lane_switch:Kafasan L2>Kafasan L3
2789,5,627,car,,2026-05-06 16:56:36.426546+02,2026-05-06 16:56:40.345134+02,3.92,f,27,0.349,
2795,5,629,truck,Kafasan L1,2026-05-06 16:56:37.010952+02,2026-05-06 16:57:22.853256+02,45.84,f,149,0.865,
2790,5,650,car,Kafasan L3,2026-05-06 16:57:08.628807+02,2026-05-06 16:57:10.770086+02,2.14,f,16,0.801,
2791,5,628,truck,,2026-05-06 16:57:09.778112+02,2026-05-06 16:57:11.779263+02,2,f,15,0.362,
2792,5,652,car,Kafasan L3,2026-05-06 16:57:09.778112+02,2026-05-06 16:57:12.066545+02,2.29,f,17,0.802,
2793,5,627,car,,2026-05-06 16:57:13.65076+02,2026-05-06 16:57:18.665996+02,5.02,f,36,0.378,
2794,5,628,truck,,2026-05-06 16:57:16.804276+02,2026-05-06 16:57:19.242227+02,2.44,f,18,0.352,
2796,5,628,truck,,2026-05-06 16:57:25.330881+02,2026-05-06 16:57:27.353669+02,2.02,f,15,0.362,
2797,5,668,car,Kafasan L3,2026-05-06 16:57:25.330881+02,2026-05-06 16:57:27.784875+02,2.45,f,18,0.806,
2800,5,666,truck,Kafasan L1,2026-05-06 16:57:25.330881+02,2026-05-06 16:57:45.01307+02,19.68,f,120,0.942,
2798,5,627,car,,2026-05-06 16:57:29.286411+02,2026-05-06 16:57:34.351373+02,5.06,f,36,0.378,
2799,5,628,truck,,2026-05-06 16:57:32.467553+02,2026-05-06 16:57:34.929388+02,2.46,f,18,0.352,
2801,5,627,car,,2026-05-06 16:57:42.530906+02,2026-05-06 16:57:45.01307+02,2.48,f,18,0.386,
2805,5,688,truck,Kafasan L1,2026-05-06 16:57:45.307953+02,2026-05-06 16:57:49.404509+02,4.1,f,29,0.93,
2804,5,692,car,Kafasan L3,2026-05-06 16:57:45.598988+02,2026-05-06 16:57:47.79637+02,2.2,f,16,0.807,
2810,5,3,car,,2026-05-06 16:57:46.774653+02,2026-05-06 16:58:13.371448+02,26.6,f,166,0.469,
2811,5,5,car,,2026-05-06 16:57:48.237947+02,2026-05-06 16:58:14.684989+02,26.45,f,165,0.413,
2807,5,627,car,,2026-05-06 16:57:49.258481+02,2026-05-06 16:57:58.018017+02,8.76,f,60,0.361,
2809,5,666,truck,Kafasan L1,2026-05-06 16:57:49.694179+02,2026-05-06 16:58:12.207591+02,22.51,f,138,0.946,
2806,5,687,truck,,2026-05-06 16:57:52.596298+02,2026-05-06 16:57:54.783143+02,2.19,f,16,0.355,
2808,5,627,car,,2026-05-06 16:58:02.923408+02,2026-05-06 16:58:06.261784+02,3.34,f,24,0.39,
2866,5,709,truck,Kafasan L1,2026-05-06 16:58:12.502698+02,2026-05-06 17:04:04.126396+02,351.62,f,1558,0.949,
2812,5,713,car,Kafasan L3,2026-05-06 16:58:12.792708+02,2026-05-06 16:58:14.976269+02,2.18,f,16,0.807,
2841,5,3,car,,2026-05-06 16:58:13.961221+02,2026-05-06 17:02:31.11339+02,257.15,f,910,0.462,
2823,5,5,car,,2026-05-06 16:58:15.414556+02,2026-05-06 17:00:41.182928+02,145.77,f,481,0.419,
2814,5,627,car,,2026-05-06 16:58:16.421527+02,2026-05-06 16:58:25.033727+02,8.61,f,60,0.361,
2813,5,708,truck,,2026-05-06 16:58:19.747999+02,2026-05-06 16:58:21.929398+02,2.18,f,16,0.355,
2815,5,627,car,,2026-05-06 16:58:29.832187+02,2026-05-06 16:58:33.225186+02,3.39,f,24,0.39,
2816,5,729,truck,,2026-05-06 16:58:40.478618+02,2026-05-06 16:58:43.704991+02,3.23,f,23,0.357,
2817,5,627,car,,2026-05-06 16:59:55.311983+02,2026-05-06 16:59:58.604864+02,3.29,f,24,0.39,
2818,5,729,truck,,2026-05-06 17:00:05.788968+02,2026-05-06 17:00:08.948916+02,3.16,f,23,0.357,
2819,5,627,car,,2026-05-06 17:00:11.280319+02,2026-05-06 17:00:13.351957+02,2.07,f,15,0.341,
2820,5,729,truck,,2026-05-06 17:00:11.750564+02,2026-05-06 17:00:15.663743+02,3.91,f,28,0.369,
2821,5,741,car,Kafasan L3,2026-05-06 17:00:14.074324+02,2026-05-06 17:00:16.534048+02,2.46,f,18,0.788,
2822,5,627,car,,2026-05-06 17:00:16.247076+02,2026-05-06 17:00:19.106381+02,2.86,f,20,0.354,
2825,5,627,car,,2026-05-06 17:00:23.810386+02,2026-05-06 17:00:44.947878+02,21.14,f,103,0.368,
2824,5,729,truck,,2026-05-06 17:00:39.441609+02,2026-05-06 17:00:43.494294+02,4.05,f,29,0.382,
2840,5,5,car,,2026-05-06 17:00:41.474204+02,2026-05-06 17:02:27.325237+02,105.85,f,407,0.428,
2827,5,627,car,,2026-05-06 17:00:45.819487+02,2026-05-06 17:00:50.611944+02,4.79,f,34,0.359,
2826,5,729,truck,,2026-05-06 17:00:47.272539+02,2026-05-06 17:00:49.304196+02,2.03,f,15,0.405,
2828,5,729,truck,,2026-05-06 17:01:19.862188+02,2026-05-06 17:01:22.312736+02,2.45,f,18,0.379,
2830,5,627,car,,2026-05-06 17:01:21.008804+02,2026-05-06 17:01:26.346908+02,5.34,f,38,0.345,
2829,5,729,truck,,2026-05-06 17:01:22.603911+02,2026-05-06 17:01:25.62134+02,3.02,f,22,0.373,
2831,5,627,car,,2026-05-06 17:01:27.504134+02,2026-05-06 17:01:32.258218+02,4.75,f,34,0.376,
2832,5,757,car,,2026-05-06 17:01:32.550349+02,2026-05-06 17:02:00.139666+02,27.59,f,28,0.902,
2833,5,758,car,Kafasan L3,2026-05-06 17:01:32.550349+02,2026-05-06 17:02:00.139666+02,27.59,f,28,0.828,
2834,5,627,car,,2026-05-06 17:02:00.282703+02,2026-05-06 17:02:05.894586+02,5.61,f,40,0.371,
2835,5,760,truck,,2026-05-06 17:02:05.174404+02,2026-05-06 17:02:08.332541+02,3.16,f,23,0.367,
2836,5,627,car,,2026-05-06 17:02:06.18302+02,2026-05-06 17:02:09.632866+02,3.45,f,25,0.347,
2837,5,627,car,,2026-05-06 17:02:09.920644+02,2026-05-06 17:02:12.080998+02,2.16,f,16,0.353,
2839,5,627,car,,2026-05-06 17:02:14.385+02,2026-05-06 17:02:26.60431+02,12.22,f,86,0.388,
2838,5,760,truck,,2026-05-06 17:02:15.104853+02,2026-05-06 17:02:17.835515+02,2.73,f,20,0.349,
2865,5,5,car,,2026-05-06 17:02:30.682365+02,2026-05-06 17:04:03.832394+02,93.15,f,640,0.423,
2842,5,627,car,,2026-05-06 17:02:31.405163+02,2026-05-06 17:02:35.15839+02,3.75,f,27,0.347,
2888,5,3,car,,2026-05-06 17:02:31.405163+02,2026-05-06 17:07:53.72746+02,322.32,f,1382,0.455,
2843,5,775,car,Kafasan L3,2026-05-06 17:02:33.717226+02,2026-05-06 17:02:35.885268+02,2.17,f,16,0.828,
2844,5,786,car,Kafasan L3,2026-05-06 17:02:36.905428+02,2026-05-06 17:02:38.94246+02,2.04,f,15,0.839,
2845,5,627,car,,2026-05-06 17:02:37.777211+02,2026-05-06 17:02:42.01433+02,4.24,f,30,0.366,
2846,5,765,truck,,2026-05-06 17:02:39.993558+02,2026-05-06 17:02:44.460994+02,4.47,f,32,0.372,
2847,5,797,car,Kafasan L3,2026-05-06 17:02:42.735873+02,2026-05-06 17:02:45.190612+02,2.45,f,18,0.796,
2848,5,627,car,,2026-05-06 17:02:45.045461+02,2026-05-06 17:02:47.795519+02,2.75,f,20,0.348,
2849,5,627,car,,2026-05-06 17:02:48.519547+02,2026-05-06 17:02:50.567669+02,2.05,f,15,0.363,
2850,5,627,car,,2026-05-06 17:02:52.448388+02,2026-05-06 17:02:55.349422+02,2.9,f,21,0.381,
2852,5,627,car,,2026-05-06 17:02:57.513752+02,2026-05-06 17:03:07.226394+02,9.71,f,68,0.37,
2851,5,765,truck,,2026-05-06 17:03:03.460595+02,2026-05-06 17:03:05.487536+02,2.03,f,15,0.431,
2854,5,627,car,,2026-05-06 17:03:09.252924+02,2026-05-06 17:03:12.732617+02,3.48,f,25,0.367,
2853,5,765,truck,,2026-05-06 17:03:09.396369+02,2026-05-06 17:03:11.423204+02,2.03,f,15,0.413,
2855,5,627,car,,2026-05-06 17:03:19.567876+02,2026-05-06 17:03:25.102266+02,5.53,f,39,0.345,
2856,5,627,car,,2026-05-06 17:03:26.261882+02,2026-05-06 17:03:31.047851+02,4.79,f,34,0.377,
2857,5,816,car,,2026-05-06 17:03:31.339319+02,2026-05-06 17:03:35.260944+02,3.92,f,28,0.902,
2858,5,817,car,Kafasan L3,2026-05-06 17:03:31.339319+02,2026-05-06 17:03:35.260944+02,3.92,f,28,0.828,
2859,5,627,car,,2026-05-06 17:03:35.40651+02,2026-05-06 17:03:41.119581+02,5.71,f,40,0.372,
2860,5,819,truck,,2026-05-06 17:03:39.776325+02,2026-05-06 17:03:43.535319+02,3.76,f,26,0.371,
2861,5,627,car,,2026-05-06 17:03:41.415289+02,2026-05-06 17:03:47.688584+02,6.27,f,42,0.353,
2863,5,627,car,,2026-05-06 17:03:50.105717+02,2026-05-06 17:04:02.376315+02,12.27,f,86,0.388,
2862,5,819,truck,,2026-05-06 17:03:50.850767+02,2026-05-06 17:03:53.431848+02,2.58,f,19,0.35,
2864,5,825,truck,,2026-05-06 17:04:00.783936+02,2026-05-06 17:04:02.815882+02,2.03,f,15,0.314,
2867,5,627,car,,2026-05-06 17:04:06.470953+02,2026-05-06 17:04:10.660333+02,4.19,f,30,0.357,
2901,5,5,car,,2026-05-06 17:04:06.470953+02,2026-05-06 17:09:22.33858+02,315.87,f,1154,0.409,
2868,5,627,car,,2026-05-06 17:04:16.32516+02,2026-05-06 17:04:19.397257+02,3.07,f,22,0.356,
2871,5,825,truck,,2026-05-06 17:04:18.355001+02,2026-05-06 17:04:48.245378+02,29.89,f,38,0.424,
2869,5,835,car,Kafasan L3,2026-05-06 17:04:19.397257+02,2026-05-06 17:04:22.551141+02,3.15,f,22,0.818,lane_switch:Kafasan L3>Kafasan L2
2870,5,837,car,Kafasan L2,2026-05-06 17:04:20.155317+02,2026-05-06 17:04:22.85107+02,2.7,f,19,0.778,
2872,5,841,car,Kafasan L2,2026-05-06 17:04:21.511579+02,2026-05-06 17:04:48.979187+02,27.47,f,22,0.805,
2873,5,627,car,,2026-05-06 17:04:56.38386+02,2026-05-06 17:04:59.605041+02,3.22,f,23,0.347,
2874,5,856,car,Kafasan L2,2026-05-06 17:05:00.48443+02,2026-05-06 17:05:02.947507+02,2.46,f,18,0.835,
2875,5,627,car,,2026-05-06 17:05:01.786453+02,2026-05-06 17:05:05.441437+02,3.65,f,26,0.362,
2876,5,825,truck,,2026-05-06 17:06:07.312323+02,2026-05-06 17:06:16.149837+02,8.84,f,19,0.41,
2877,5,627,car,,2026-05-06 17:06:15.720124+02,2026-05-06 17:06:18.179671+02,2.46,f,18,0.346,
2878,5,627,car,,2026-05-06 17:06:28.229037+02,2026-05-06 17:06:31.407195+02,3.18,f,23,0.351,
2879,5,865,truck,,2026-05-06 17:06:29.676162+02,2026-05-06 17:06:32.128689+02,2.45,f,18,0.379,
2880,5,870,car,Kafasan L2,2026-05-06 17:06:32.272848+02,2026-05-06 17:06:34.932167+02,2.66,f,19,0.829,
2881,5,627,car,,2026-05-06 17:06:33.748548+02,2026-05-06 17:06:37.300087+02,3.55,f,25,0.36,
2882,5,865,truck,,2026-05-06 17:06:40.107634+02,2026-05-06 17:06:42.598376+02,2.49,f,18,0.353,
2883,5,865,truck,,2026-05-06 17:06:51.953404+02,2026-05-06 17:06:58.231248+02,6.28,f,28,0.385,
2884,5,627,car,,2026-05-06 17:06:57.793132+02,2026-05-06 17:07:00.288129+02,2.49,f,18,0.346,
2885,5,627,car,,2026-05-06 17:07:02.372718+02,2026-05-06 17:07:06.283942+02,3.91,f,27,0.347,
2886,5,881,truck,,2026-05-06 17:07:09.8645+02,2026-05-06 17:07:12.691828+02,2.83,f,20,0.386,
2887,5,627,car,,2026-05-06 17:07:43.199706+02,2026-05-06 17:07:47.177638+02,3.98,f,28,0.36,
2889,5,887,truck,Kafasan L2,2026-05-06 17:07:49.081594+02,2026-05-06 17:07:54.181199+02,5.1,f,35,0.815,lane_switch:Kafasan L2>Kafasan L1>Kafasan L2
2893,5,3,car,,2026-05-06 17:07:54.682454+02,2026-05-06 17:08:51.603518+02,56.92,f,214,0.456,
2890,5,627,car,,2026-05-06 17:08:22.701592+02,2026-05-06 17:08:26.178713+02,3.48,f,25,0.348,
2891,5,899,car,,2026-05-06 17:08:29.889695+02,2026-05-06 17:08:32.34039+02,2.45,f,17,0.651,
2892,5,627,car,,2026-05-06 17:08:41.062539+02,2026-05-06 17:08:45.052197+02,3.99,f,28,0.36,
2894,5,903,truck,Kafasan L2,2026-05-06 17:08:47.047849+02,2026-05-06 17:08:52.041077+02,4.99,f,35,0.815,lane_switch:Kafasan L2>Kafasan L1>Kafasan L2
2897,5,3,car,,2026-05-06 17:08:52.479718+02,2026-05-06 17:09:08.942325+02,16.46,f,111,0.458,
2895,5,627,car,,2026-05-06 17:08:57.332109+02,2026-05-06 17:09:00.954406+02,3.62,f,25,0.348,
2896,5,915,car,,2026-05-06 17:09:04.79541+02,2026-05-06 17:09:07.151534+02,2.36,f,17,0.651,
2898,5,627,car,,2026-05-06 17:09:07.000798+02,2026-05-06 17:09:11.739122+02,4.74,f,18,0.363,
2904,5,916,car,Kafasan L1,2026-05-06 17:09:11.449016+02,2026-05-06 17:09:24.849352+02,13.4,f,90,0.838,lane_switch:Kafasan L1>Kafasan L2
2905,5,918,car,Kafasan L1,2026-05-06 17:09:11.449016+02,2026-05-06 17:09:24.849352+02,13.4,f,90,0.677,
2900,5,3,car,,2026-05-06 17:09:11.888815+02,2026-05-06 17:09:22.184525+02,10.3,f,69,0.432,
2899,5,940,car,Kafasan L2,2026-05-06 17:09:18.756439+02,2026-05-06 17:09:21.300551+02,2.54,f,18,0.679,
2902,5,950,car,Kafasan L2,2026-05-06 17:09:21.300551+02,2026-05-06 17:09:24.258342+02,2.96,f,21,0.748,
2903,5,3,car,,2026-05-06 17:09:22.490279+02,2026-05-06 17:09:24.70356+02,2.21,f,16,0.385,
2915,5,5,car,,2026-05-06 17:09:23.224245+02,2026-05-06 17:10:12.514176+02,49.29,f,305,0.408,
2907,5,3,car,,2026-05-06 17:09:24.998243+02,2026-05-06 17:09:40.291023+02,15.29,f,103,0.454,
2906,5,922,car,,2026-05-06 17:09:30.442421+02,2026-05-06 17:09:33.265187+02,2.82,f,20,0.369,
2908,5,967,truck,Kafasan L2,2026-05-06 17:09:35.608989+02,2026-05-06 17:09:40.449588+02,4.84,f,33,0.826,lane_switch:Kafasan L2>Kafasan L1
2911,5,3,car,,2026-05-06 17:09:41.26188+02,2026-05-06 17:09:58.152161+02,16.89,f,111,0.456,
2909,5,922,car,,2026-05-06 17:09:43.536997+02,2026-05-06 17:09:48.253246+02,4.72,f,32,0.341,
2910,5,979,car,,2026-05-06 17:09:53.876486+02,2026-05-06 17:09:56.361522+02,2.49,f,17,0.649,
2912,5,922,car,,2026-05-06 17:09:56.056928+02,2026-05-06 17:10:00.991549+02,4.93,f,18,0.362,
2919,5,980,car,Kafasan L1,2026-05-06 17:10:00.659831+02,2026-05-06 17:10:22.995917+02,22.34,f,138,0.824,lane_switch:Kafasan L1>Kafasan L2>Kafasan L3
2920,5,982,car,Kafasan L1,2026-05-06 17:10:00.659831+02,2026-05-06 17:10:26.631162+02,25.97,f,162,0.737,
2914,5,3,car,,2026-05-06 17:10:01.156051+02,2026-05-06 17:10:12.347055+02,11.19,f,69,0.432,
2913,5,1004,car,Kafasan L2,2026-05-06 17:10:08.521466+02,2026-05-06 17:10:11.336586+02,2.82,f,18,0.679,
2916,5,1014,car,Kafasan L2,2026-05-06 17:10:11.336586+02,2026-05-06 17:10:14.626618+02,3.29,f,21,0.748,
2917,5,3,car,,2026-05-06 17:10:12.680319+02,2026-05-06 17:10:15.098039+02,2.42,f,16,0.385,
2925,5,5,car,,2026-05-06 17:10:13.497111+02,2026-05-06 17:10:50.44655+02,36.95,f,230,0.408,
2918,5,3,car,,2026-05-06 17:10:15.419157+02,2026-05-06 17:10:17.980053+02,2.56,f,17,0.346,
2926,5,3,car,,2026-05-06 17:10:18.798988+02,2026-05-06 17:10:50.59353+02,31.79,f,198,0.431,
2923,5,982,car,Kafasan L1,2026-05-06 17:10:26.933811+02,2026-05-06 17:10:36.281391+02,9.35,f,64,0.82,
2921,5,881,truck,,2026-05-06 17:10:29.593915+02,2026-05-06 17:10:31.99263+02,2.4,f,17,0.361,
2922,5,1115,car,Kafasan L3,2026-05-06 17:10:34.21109+02,2026-05-06 17:10:36.281391+02,2.07,f,15,0.791,
2924,5,1122,truck,Kafasan L1,2026-05-06 17:10:38.774007+02,2026-05-06 17:10:42.020378+02,3.25,f,23,0.857,lane_switch:Kafasan L1>Kafasan L2>Kafasan L1>Kafasan L2>Kafasan L1
2928,5,982,car,Kafasan L1,2026-05-06 17:10:42.174753+02,2026-05-06 17:10:57.266897+02,15.09,f,103,0.803,
2927,5,881,truck,,2026-05-06 17:10:50.744912+02,2026-05-06 17:10:53.713591+02,2.97,f,21,0.353,
2994,5,5,car,,2026-05-06 17:10:50.744912+02,2026-05-06 17:31:39.846837+02,1249.1,f,2575,0.436, [stream_end]
2930,5,3,car,,2026-05-06 17:10:50.892857+02,2026-05-06 17:11:06.234143+02,15.34,f,90,0.441,
2929,5,1159,car,Kafasan L3,2026-05-06 17:10:55.047309+02,2026-05-06 17:10:57.266897+02,2.22,f,16,0.761,
2931,5,1161,truck,Kafasan L1,2026-05-06 17:10:59.763148+02,2026-05-06 17:11:07.129833+02,7.37,f,51,0.878,lane_switch:Kafasan L1>Kafasan L2>Kafasan L1>Kafasan L2>Kafasan L1>Kafasan L2>Kafasan L1
2936,5,3,car,,2026-05-06 17:11:08.318916+02,2026-05-06 17:11:33.906884+02,25.59,f,159,0.435,
2932,5,1174,car,Kafasan L1,2026-05-06 17:11:09.950887+02,2026-05-06 17:11:15.287694+02,5.34,f,37,0.782,
2935,5,1174,car,Kafasan L1,2026-05-06 17:11:15.59327+02,2026-05-06 17:11:24.926933+02,9.33,f,64,0.82,
2933,5,881,truck,,2026-05-06 17:11:18.254651+02,2026-05-06 17:11:20.626187+02,2.37,f,17,0.361,
2934,5,1220,car,Kafasan L3,2026-05-06 17:11:22.859997+02,2026-05-06 17:11:24.926933+02,2.07,f,15,0.791,
2937,5,1227,truck,Kafasan L1,2026-05-06 17:11:27.40606+02,2026-05-06 17:11:34.79931+02,7.39,f,51,0.878,lane_switch:Kafasan L1>Kafasan L2>Kafasan L1>Kafasan L2>Kafasan L1>Kafasan L2>Kafasan L1
2938,5,1236,car,Kafasan L3,2026-05-06 17:11:35.838738+02,2026-05-06 17:11:38.51375+02,2.68,f,19,0.816,
2940,5,3,car,,2026-05-06 17:11:35.98611+02,2026-05-06 17:13:42.519827+02,126.53,f,114,0.434,
2939,5,1240,car,Kafasan L3,2026-05-06 17:11:38.060716+02,2026-05-06 17:11:41.201617+02,3.14,f,22,0.812,lane_switch:Kafasan L3>Kafasan L2>Kafasan L3
2949,5,3,car,,2026-05-06 17:13:43.141399+02,2026-05-06 17:15:25.809989+02,102.67,f,249,0.45,
2943,5,1271,truck,Kafasan L2,2026-05-06 17:13:43.756442+02,2026-05-06 17:13:48.081796+02,4.33,f,22,0.747,lane_switch:Kafasan L2>Kafasan L3
2995,5,4,car,,2026-05-06 17:13:48.50343+02,2026-05-06 17:31:39.846837+02,1071.34,f,2157,0.839, [stream_end]
2996,5,2,car,,2026-05-06 17:13:48.708608+02,2026-05-06 17:31:39.846837+02,1071.14,f,2156,0.908, [stream_end]
2945,5,1072,car,,2026-05-06 17:13:50.555945+02,2026-05-06 17:13:58.567613+02,8.01,f,40,0.341,
2944,5,881,truck,,2026-05-06 17:13:51.177512+02,2026-05-06 17:13:56.917387+02,5.74,f,29,0.379,
2946,5,1072,car,,2026-05-06 17:14:03.116887+02,2026-05-06 17:14:06.868416+02,3.75,f,19,0.344,
2947,5,881,truck,,2026-05-06 17:14:05.212525+02,2026-05-06 17:14:08.112805+02,2.9,f,15,0.374,
2948,5,1072,car,,2026-05-06 17:15:19.272451+02,2026-05-06 17:15:24.061585+02,4.79,f,34,0.371,
2950,5,1072,car,,2026-05-06 17:15:24.93596+02,2026-05-06 17:15:30.018835+02,5.08,f,36,0.355,
2956,5,3,car,,2026-05-06 17:15:26.24638+02,2026-05-06 17:16:17.154033+02,50.91,f,314,0.444,
2951,5,1072,car,,2026-05-06 17:15:40.484991+02,2026-05-06 17:15:44.699749+02,4.21,f,30,0.352,
2952,5,1072,car,,2026-05-06 17:15:50.108403+02,2026-05-06 17:15:53.047468+02,2.94,f,21,0.362,
2953,5,1288,truck,,2026-05-06 17:16:01.847479+02,2026-05-06 17:16:05.913135+02,4.07,f,29,0.377,
2954,5,1072,car,,2026-05-06 17:16:04.903738+02,2026-05-06 17:16:08.681099+02,3.78,f,27,0.34,
2957,5,1319,truck,Kafasan L1,2026-05-06 17:16:12.620206+02,2026-05-06 17:16:17.154033+02,4.53,f,32,0.837,
2955,5,1288,truck,,2026-05-06 17:16:13.205891+02,2026-05-06 17:16:15.681313+02,2.48,f,18,0.426,
2958,5,1072,car,,2026-05-06 17:16:15.838215+02,2026-05-06 17:17:17.970298+02,62.13,f,15,0.363,
2962,5,3,car,,2026-05-06 17:17:18.123037+02,2026-05-06 17:17:50.192415+02,32.07,f,179,0.445,
2959,5,1072,car,,2026-05-06 17:17:28.295447+02,2026-05-06 17:17:30.904574+02,2.61,f,19,0.344,
2960,5,1288,truck,,2026-05-06 17:17:29.74533+02,2026-05-06 17:17:31.772202+02,2.03,f,15,0.374,
2961,5,1072,car,,2026-05-06 17:17:43.66414+02,2026-05-06 17:17:48.4503+02,4.79,f,34,0.371,
2963,5,1072,car,,2026-05-06 17:17:49.318888+02,2026-05-06 17:17:54.410262+02,5.09,f,36,0.355,
2969,5,3,car,,2026-05-06 17:17:50.62418+02,2026-05-06 17:18:36.321327+02,45.7,f,314,0.444,
2964,5,1072,car,,2026-05-06 17:18:04.888513+02,2026-05-06 17:18:09.09571+02,4.21,f,30,0.352,
2965,5,1072,car,,2026-05-06 17:18:14.521048+02,2026-05-06 17:18:17.419457+02,2.9,f,21,0.362,
2966,5,1336,truck,,2026-05-06 17:18:20.991985+02,2026-05-06 17:18:25.064008+02,4.07,f,29,0.377,
2967,5,1072,car,,2026-05-06 17:18:24.047589+02,2026-05-06 17:18:27.839816+02,3.79,f,27,0.34,
2970,5,1367,truck,Kafasan L1,2026-05-06 17:18:31.779081+02,2026-05-06 17:18:36.321327+02,4.54,f,32,0.837,
2968,5,1336,truck,,2026-05-06 17:18:32.368135+02,2026-05-06 17:18:34.845872+02,2.48,f,18,0.426,
2971,5,1072,car,,2026-05-06 17:18:34.999873+02,2026-05-06 17:18:37.06843+02,2.07,f,15,0.363,
2972,5,3,car,,2026-05-06 17:18:37.220624+02,2026-05-06 17:18:41.326387+02,4.11,f,29,0.431,
2973,5,1375,car,,2026-05-06 17:18:41.03013+02,2026-05-06 17:18:44.853428+02,3.82,f,27,0.363,
2976,5,3,car,,2026-05-06 17:18:41.771649+02,2026-05-06 17:18:56.925817+02,15.15,f,104,0.429,
2974,5,1375,car,,2026-05-06 17:18:45.877924+02,2026-05-06 17:18:50.571453+02,4.69,f,33,0.342,
2975,5,1375,car,,2026-05-06 17:18:52.942194+02,2026-05-06 17:18:55.019445+02,2.08,f,15,0.351,
2977,5,1375,car,,2026-05-06 17:19:02.051436+02,2026-05-06 17:19:04.99343+02,2.94,f,21,0.326,
2978,5,1396,car,,2026-05-06 17:19:02.196994+02,2026-05-06 17:19:06.323441+02,4.13,f,29,0.402,
2979,5,1375,car,,2026-05-06 17:19:06.027823+02,2026-05-06 17:19:08.103772+02,2.08,f,15,0.347,
2997,5,1396,car,,2026-05-06 17:19:07.073187+02,2026-05-06 17:31:39.846837+02,752.77,f,910,0.447, [stream_end]
2980,5,1375,car,,2026-05-06 17:19:13.829589+02,2026-05-06 17:19:16.614065+02,2.78,f,20,0.337,
2982,5,1413,car,Kafasan L3,2026-05-06 17:19:23.946552+02,2026-05-06 17:19:27.181543+02,3.23,f,23,0.815,lane_switch:Kafasan L3>Kafasan L2>Kafasan L3
2981,5,1394,truck,,2026-05-06 17:19:24.684126+02,2026-05-06 17:19:27.181543+02,2.5,f,18,0.4,
2983,5,1375,car,,2026-05-06 17:19:58.646166+02,2026-05-06 17:20:08.424587+02,9.78,f,66,0.367,
2984,5,1375,car,,2026-05-06 17:20:34.355362+02,2026-05-06 17:20:37.712881+02,3.36,f,24,0.373,
2985,5,1375,car,,2026-05-06 17:20:45.095107+02,2026-05-06 17:20:50.482411+02,5.39,f,23,0.361,
2986,5,1375,car,,2026-05-06 17:20:50.773626+02,2026-05-06 17:21:00.249601+02,9.48,f,66,0.38,
2987,5,1375,car,,2026-05-06 17:21:06.211896+02,2026-05-06 17:21:15.220851+02,9.01,f,63,0.371,
2988,5,1375,car,,2026-05-06 17:21:18.71516+02,2026-05-06 17:21:25.141333+02,6.43,f,45,0.387,
2989,5,1375,car,,2026-05-06 17:21:29.109737+02,2026-05-06 17:21:34.500657+02,5.39,f,23,0.364,
2990,5,1375,car,,2026-05-06 17:21:34.795355+02,2026-05-06 17:21:45.02205+02,10.23,f,71,0.38,
2991,5,1375,car,,2026-05-06 17:21:47.843276+02,2026-05-06 17:22:20.05477+02,32.21,f,54,0.37,
2993,5,1375,car,,2026-05-06 17:22:22.419093+02,2026-05-06 17:31:33.773431+02,551.35,f,85,0.378,
2992,5,1471,truck,Kafasan L2,2026-05-06 17:22:26.841951+02,2026-05-06 17:22:29.154867+02,2.31,f,17,0.88,lane_switch:Kafasan L2>Kafasan L1
3001,5,4,car,,2026-05-06 17:31:55.522409+02,2026-05-06 17:32:42.088166+02,46.57,f,331,0.443,
3012,5,3,car,,2026-05-06 17:31:55.522409+02,2026-05-06 17:33:54.776983+02,119.25,f,811,0.532,
3110,5,2,car,,2026-05-06 17:31:55.522409+02,2026-05-06 17:50:02.632209+02,1087.11,f,4407,0.796,
3113,5,1,car,,2026-05-06 17:31:55.522409+02,2026-05-06 17:50:03.086546+02,1087.56,f,4410,0.897,
2998,5,8,car,,2026-05-06 17:32:01.430199+02,2026-05-06 17:32:09.28676+02,7.86,f,57,0.348,
3000,5,6,truck,,2026-05-06 17:32:10.70484+02,2026-05-06 17:32:36.623813+02,25.92,f,185,0.42,
2999,5,21,car,,2026-05-06 17:32:31.945621+02,2026-05-06 17:32:35.347432+02,3.4,f,25,0.304,
3002,5,6,truck,,2026-05-06 17:32:38.913568+02,2026-05-06 17:32:43.518648+02,4.61,f,33,0.379,
3007,5,4,car,,2026-05-06 17:32:44.518053+02,2026-05-06 17:33:11.623849+02,27.11,f,192,0.423,
3004,5,6,truck,,2026-05-06 17:32:44.659907+02,2026-05-06 17:33:03.231713+02,18.57,f,132,0.418,
3003,5,34,car,,2026-05-06 17:32:59.526182+02,2026-05-06 17:33:02.230891+02,2.7,f,20,0.376,
3005,5,34,car,,2026-05-06 17:33:03.658707+02,2026-05-06 17:33:05.671725+02,2.01,f,15,0.42,
3006,5,6,truck,,2026-05-06 17:33:03.658707+02,2026-05-06 17:33:07.519764+02,3.86,f,28,0.402,
3008,5,46,car,Kafasan L3,2026-05-06 17:33:11.912496+02,2026-05-06 17:33:22.499621+02,10.59,f,76,0.924,
3009,5,47,car,Kafasan L2,2026-05-06 17:33:11.912496+02,2026-05-06 17:33:22.499621+02,10.59,f,76,0.835,
3013,5,49,car,,2026-05-06 17:33:22.792791+02,2026-05-06 17:33:55.351333+02,32.56,f,198,0.476,
3010,5,50,car,,2026-05-06 17:33:29.662549+02,2026-05-06 17:33:36.126938+02,6.46,f,31,0.373,
3011,5,50,car,,2026-05-06 17:33:36.995296+02,2026-05-06 17:33:48.773986+02,11.78,f,68,0.399,
3014,5,50,car,,2026-05-06 17:33:49.629584+02,2026-05-06 17:33:55.642053+02,6.01,f,43,0.413,
3016,5,3,car,,2026-05-06 17:33:55.351333+02,2026-05-06 17:34:10.734243+02,15.38,f,93,0.435,
3015,5,50,car,,2026-05-06 17:33:55.931276+02,2026-05-06 17:34:04.720153+02,8.79,f,47,0.368,
3017,5,49,car,,2026-05-06 17:33:55.931276+02,2026-05-06 17:34:11.311779+02,15.38,f,93,0.476,
3018,5,50,car,,2026-05-06 17:34:05.579908+02,2026-05-06 17:34:11.601764+02,6.02,f,43,0.413,
3023,5,3,car,,2026-05-06 17:34:11.311779+02,2026-05-06 17:35:36.594417+02,85.28,f,122,0.437,
3019,5,50,car,,2026-05-06 17:34:11.891933+02,2026-05-06 17:34:14.46093+02,2.57,f,19,0.355,
3024,5,49,car,,2026-05-06 17:34:11.891933+02,2026-05-06 17:35:37.174103+02,85.28,f,122,0.472,
3020,5,110,car,Kafasan L2,2026-05-06 17:34:13.742232+02,2026-05-06 17:34:15.891867+02,2.15,f,16,0.781,
3021,5,113,car,Kafasan L2,2026-05-06 17:34:14.030386+02,2026-05-06 17:34:16.626607+02,2.6,f,19,0.802,
3022,5,50,car,,2026-05-06 17:34:17.208349+02,2026-05-06 17:35:30.637285+02,73.43,f,39,0.397,
3025,5,50,car,,2026-05-06 17:35:31.490146+02,2026-05-06 17:35:37.461899+02,5.97,f,43,0.413,
3066,5,3,car,,2026-05-06 17:35:37.174103+02,2026-05-06 17:40:30.054928+02,292.88,f,1373,0.429,
3026,5,50,car,,2026-05-06 17:35:37.748614+02,2026-05-06 17:35:40.314486+02,2.57,f,19,0.355,
3030,5,49,car,,2026-05-06 17:35:37.748614+02,2026-05-06 17:35:50.052237+02,12.3,f,87,0.455,
3027,5,144,car,Kafasan L2,2026-05-06 17:35:39.599777+02,2026-05-06 17:35:41.75517+02,2.16,f,16,0.781,
3028,5,147,car,Kafasan L2,2026-05-06 17:35:39.882683+02,2026-05-06 17:35:42.471135+02,2.59,f,19,0.802,
3029,5,50,car,,2026-05-06 17:35:43.047999+02,2026-05-06 17:35:49.324122+02,6.28,f,45,0.407,
3031,5,168,car,Kafasan L3,2026-05-06 17:35:48.041317+02,2026-05-06 17:35:50.492326+02,2.45,f,18,0.82,lane_switch:Kafasan L3>Kafasan L2
3044,5,49,car,,2026-05-06 17:35:50.784685+02,2026-05-06 17:36:50.428521+02,59.64,f,304,0.477,
3032,5,50,car,,2026-05-06 17:35:51.50272+02,2026-05-06 17:35:56.80551+02,5.3,f,38,0.41,
3033,5,188,car,Kafasan L2,2026-05-06 17:35:56.51315+02,2026-05-06 17:36:00.536045+02,4.02,f,29,0.823,
3034,5,50,car,,2026-05-06 17:35:57.662491+02,2026-05-06 17:36:00.975985+02,3.31,f,24,0.407,
3036,5,50,car,,2026-05-06 17:36:08.753533+02,2026-05-06 17:36:12.182655+02,3.43,f,25,0.365,
3035,5,196,car,Kafasan L2,2026-05-06 17:36:09.895972+02,2026-05-06 17:36:12.0376+02,2.14,f,16,0.698,lane_switch:Kafasan L2>Kafasan L1
3037,5,50,car,,2026-05-06 17:36:18.197552+02,2026-05-06 17:36:24.940207+02,6.74,f,32,0.406,
3038,5,238,truck,Kafasan L2,2026-05-06 17:36:24.372841+02,2026-05-06 17:36:26.649987+02,2.28,f,17,0.894,lane_switch:Kafasan L2>Kafasan L1>Kafasan L2
3040,5,50,car,,2026-05-06 17:36:27.653753+02,2026-05-06 17:36:38.648066+02,10.99,f,27,0.451,
3039,5,246,truck,Kafasan L2,2026-05-06 17:36:28.501781+02,2026-05-06 17:36:38.073138+02,9.57,f,17,0.83,lane_switch:Kafasan L2>Kafasan L1
3042,5,50,car,,2026-05-06 17:36:39.211489+02,2026-05-06 17:36:44.254356+02,5.04,f,36,0.406,
3041,5,250,truck,Kafasan L2,2026-05-06 17:36:40.201489+02,2026-05-06 17:36:43.964167+02,3.76,f,27,0.812,lane_switch:Kafasan L2>Kafasan L1
3043,5,50,car,,2026-05-06 17:36:44.544748+02,2026-05-06 17:36:49.703721+02,5.16,f,37,0.391,
3045,5,275,car,Kafasan L3,2026-05-06 17:36:48.431896+02,2026-05-06 17:36:50.86297+02,2.43,f,18,0.82,lane_switch:Kafasan L3>Kafasan L2
3111,5,49,car,,2026-05-06 17:36:51.154621+02,2026-05-06 17:50:02.780877+02,791.63,f,2970,0.502,
3046,5,50,car,,2026-05-06 17:36:51.872308+02,2026-05-06 17:36:57.157879+02,5.29,f,38,0.41,
3047,5,295,car,Kafasan L2,2026-05-06 17:36:56.867551+02,2026-05-06 17:37:00.865086+02,4,f,29,0.823,
3048,5,50,car,,2026-05-06 17:36:58.01067+02,2026-05-06 17:37:01.299714+02,3.29,f,24,0.407,
3050,5,50,car,,2026-05-06 17:37:02.440584+02,2026-05-06 17:37:05.882527+02,3.44,f,25,0.365,
3049,5,303,car,Kafasan L2,2026-05-06 17:37:03.592231+02,2026-05-06 17:37:05.737761+02,2.15,f,16,0.698,lane_switch:Kafasan L2>Kafasan L1
3051,5,50,car,,2026-05-06 17:37:11.949681+02,2026-05-06 17:37:18.5438+02,6.59,f,32,0.406,
3052,5,345,truck,Kafasan L2,2026-05-06 17:37:17.976849+02,2026-05-06 17:37:20.260875+02,2.28,f,17,0.894,lane_switch:Kafasan L2>Kafasan L1>Kafasan L2
3054,5,50,car,,2026-05-06 17:37:21.256813+02,2026-05-06 17:37:24.969736+02,3.71,f,27,0.451,
3053,5,353,truck,Kafasan L2,2026-05-06 17:37:22.108646+02,2026-05-06 17:37:24.393262+02,2.28,f,17,0.83,lane_switch:Kafasan L2>Kafasan L1
3056,5,50,car,,2026-05-06 17:37:25.537327+02,2026-05-06 17:37:30.589369+02,5.05,f,36,0.406,
3055,5,357,truck,Kafasan L2,2026-05-06 17:37:26.522956+02,2026-05-06 17:37:30.299493+02,3.78,f,27,0.812,lane_switch:Kafasan L2>Kafasan L1
3057,5,50,car,,2026-05-06 17:37:31.731844+02,2026-05-06 17:37:59.553569+02,27.82,f,22,0.402,
3059,5,50,car,,2026-05-06 17:37:59.985275+02,2026-05-06 17:38:11.603812+02,11.62,f,83,0.413,
3058,5,386,car,Kafasan L3,2026-05-06 17:38:08.472567+02,2026-05-06 17:38:10.74881+02,2.28,f,17,0.835,lane_switch:Kafasan L3>Kafasan L2
3060,5,50,car,,2026-05-06 17:38:15.171042+02,2026-05-06 17:38:44.726984+02,29.56,f,40,0.417,
3063,5,50,car,,2026-05-06 17:38:47.157937+02,2026-05-06 17:39:19.262984+02,32.11,f,210,0.42,
3061,5,433,car,Kafasan L2,2026-05-06 17:38:50.00214+02,2026-05-06 17:38:55.550304+02,5.55,f,40,0.845,lane_switch:Kafasan L2>Kafasan L3
3062,5,450,car,Kafasan L3,2026-05-06 17:39:16.1029+02,2026-05-06 17:39:18.399428+02,2.3,f,17,0.835,lane_switch:Kafasan L3>Kafasan L2
3064,5,50,car,,2026-05-06 17:39:22.859311+02,2026-05-06 17:39:28.48003+02,5.62,f,40,0.417,
3074,5,50,car,,2026-05-06 17:39:30.93607+02,2026-05-06 17:42:44.005855+02,193.07,f,690,0.437,
3065,5,497,car,Kafasan L2,2026-05-06 17:39:33.826526+02,2026-05-06 17:39:39.443638+02,5.62,f,40,0.845,lane_switch:Kafasan L2>Kafasan L3
3067,5,3,car,,2026-05-06 17:40:33.651898+02,2026-05-06 17:40:39.550497+02,5.9,f,42,0.413,
3068,5,3,car,,2026-05-06 17:40:40.136667+02,2026-05-06 17:42:12.732671+02,92.6,f,181,0.436,
3069,5,3,car,,2026-05-06 17:42:16.347268+02,2026-05-06 17:42:22.234599+02,5.89,f,42,0.413,
3070,5,3,car,,2026-05-06 17:42:22.938018+02,2026-05-06 17:42:26.66075+02,3.72,f,27,0.427,
3072,5,3,car,,2026-05-06 17:42:27.434072+02,2026-05-06 17:42:33.470806+02,6.04,f,43,0.396,
3071,5,516,car,Kafasan L2,2026-05-06 17:42:29.875296+02,2026-05-06 17:42:33.179201+02,3.3,f,24,0.802,
3075,5,3,car,,2026-05-06 17:42:34.045115+02,2026-05-06 17:42:51.169074+02,17.12,f,118,0.428,
3073,5,530,car,Kafasan L2,2026-05-06 17:42:40.406696+02,2026-05-06 17:42:42.509832+02,2.1,f,15,0.819,
3076,5,50,car,,2026-05-06 17:42:44.731243+02,2026-05-06 17:42:53.80636+02,9.08,f,63,0.399,
3077,5,3,car,,2026-05-06 17:42:51.90248+02,2026-05-06 17:42:57.036635+02,5.13,f,36,0.385,
3078,5,50,car,,2026-05-06 17:42:55.284184+02,2026-05-06 17:42:59.517158+02,4.23,f,30,0.376,
3082,5,3,car,,2026-05-06 17:42:57.477992+02,2026-05-06 17:43:13.807655+02,16.33,f,113,0.448,
3081,5,50,car,,2026-05-06 17:43:01.698234+02,2026-05-06 17:43:11.130599+02,9.43,f,66,0.434,
3079,5,586,car,,2026-05-06 17:43:03.308135+02,2026-05-06 17:43:10.692431+02,7.38,f,52,0.578,
3080,5,583,car,,2026-05-06 17:43:03.308135+02,2026-05-06 17:43:10.692431+02,7.38,f,52,0.748,
3093,5,50,car,,2026-05-06 17:43:11.566958+02,2026-05-06 17:45:10.761836+02,119.19,f,319,0.432,
3085,5,3,car,,2026-05-06 17:43:14.393826+02,2026-05-06 17:43:40.147339+02,25.75,f,142,0.425,
3084,5,599,truck,Kafasan L1,2026-05-06 17:43:25.430697+02,2026-05-06 17:43:37.089182+02,11.66,f,81,0.882,
3083,5,603,car,Kafasan L3,2026-05-06 17:43:28.337544+02,2026-05-06 17:43:37.089182+02,8.75,f,61,0.775,
3086,5,604,truck,Kafasan L2,2026-05-06 17:43:38.104637+02,2026-05-06 17:43:40.734612+02,2.63,f,19,0.873,
3087,5,599,bus,Kafasan L2,2026-05-06 17:43:40.734612+02,2026-05-06 17:44:43.456844+02,62.72,f,18,0.911,lane_switch:Kafasan L2>Kafasan L1>Kafasan L2
3090,5,3,car,,2026-05-06 17:44:42.996089+02,2026-05-06 17:45:05.670923+02,22.67,f,108,0.421,
3089,5,613,truck,Kafasan L1,2026-05-06 17:44:50.121163+02,2026-05-06 17:45:02.351654+02,12.23,f,81,0.882,
3088,5,617,car,Kafasan L3,2026-05-06 17:44:53.245911+02,2026-05-06 17:45:02.351654+02,9.11,f,61,0.775,
3091,5,618,truck,Kafasan L2,2026-05-06 17:45:03.450242+02,2026-05-06 17:45:06.35951+02,2.91,f,19,0.873,
3092,5,613,bus,Kafasan L2,2026-05-06 17:45:06.35951+02,2026-05-06 17:45:10.616176+02,4.26,f,29,0.904,lane_switch:Kafasan L2>Kafasan L1>Kafasan L2>Kafasan L1
3096,5,3,car,,2026-05-06 17:45:08.489301+02,2026-05-06 17:45:28.837691+02,20.35,f,136,0.45,
3095,5,50,car,,2026-05-06 17:45:12.286515+02,2026-05-06 17:45:24.103599+02,11.82,f,79,0.382,
3094,5,626,truck,,2026-05-06 17:45:17.700373+02,2026-05-06 17:45:21.701985+02,4,f,28,0.332,
3097,5,50,car,,2026-05-06 17:45:26.176217+02,2026-05-06 17:45:49.180434+02,23,f,156,0.401,
3098,5,3,car,,2026-05-06 17:45:29.133945+02,2026-05-06 17:45:49.180434+02,20.05,f,136,0.444,
3100,5,50,car,,2026-05-06 17:45:49.638436+02,2026-05-06 17:45:52.64919+02,3.01,f,21,0.384,
3099,5,3,car,,2026-05-06 17:45:49.938309+02,2026-05-06 17:45:52.038354+02,2.1,f,15,0.411,
3101,5,3,car,,2026-05-06 17:45:52.800627+02,2026-05-06 17:45:55.646439+02,2.85,f,20,0.397,
3103,5,50,car,,2026-05-06 17:45:53.555191+02,2026-05-06 17:46:39.70925+02,46.15,f,157,0.404,
3102,5,3,car,,2026-05-06 17:45:56.395275+02,2026-05-06 17:46:38.530442+02,42.14,f,130,0.41,
3112,5,3,car,,2026-05-06 17:46:38.829701+02,2026-05-06 17:50:02.780877+02,203.95,f,593,0.427,
3105,5,50,car,,2026-05-06 17:46:40.005593+02,2026-05-06 17:47:23.043855+02,43.04,f,134,0.409,
3104,5,654,car,Kafasan L2,2026-05-06 17:46:44.770753+02,2026-05-06 17:47:15.690461+02,30.92,f,52,0.825,
3106,5,659,car,Kafasan L3,2026-05-06 17:47:21.408306+02,2026-05-06 17:47:23.490448+02,2.08,f,15,0.805,lane_switch:Kafasan L3>Kafasan L2>Kafasan L3
3107,5,663,car,,2026-05-06 17:47:59.772616+02,2026-05-06 17:48:02.879641+02,3.11,f,22,0.415,
3108,5,663,car,,2026-05-06 17:48:03.183061+02,2026-05-06 17:48:08.053242+02,4.87,f,34,0.432,
3109,5,663,car,,2026-05-06 17:48:08.932483+02,2026-05-06 17:50:00.699334+02,111.77,f,284,0.406,
3114,5,671,bus,Kafasan L2,2026-05-06 17:49:59.062564+02,2026-05-06 17:50:05.487511+02,6.42,f,44,0.902,lane_switch:Kafasan L2>Kafasan L3
3165,5,678,truck,Kafasan L1,2026-05-06 17:50:03.836345+02,2026-05-06 17:58:18.925913+02,495.09,f,1889,0.95,lane_switch:Kafasan L1>Kafasan L2>Kafasan L1
3115,5,680,car,Kafasan L3,2026-05-06 17:50:04.136463+02,2026-05-06 17:50:07.440798+02,3.3,f,23,0.848,lane_switch:Kafasan L3>Kafasan L2
3116,5,682,car,Kafasan L3,2026-05-06 17:50:04.436544+02,2026-05-06 17:50:08.485152+02,4.05,f,28,0.799,
3118,5,49,car,,2026-05-06 17:50:05.487511+02,2026-05-06 17:50:10.261644+02,4.77,f,33,0.407,
3122,5,3,car,,2026-05-06 17:50:05.487511+02,2026-05-06 17:50:43.91851+02,38.43,f,103,0.395,
3141,5,685,car,,2026-05-06 17:50:05.639107+02,2026-05-06 17:56:13.572178+02,367.93,f,1073,0.731,
3362,5,686,car,,2026-05-06 17:50:05.790504+02,2026-05-06 18:20:54.54671+02,1848.76,f,7500,0.898,
3117,5,687,car,Kafasan L3,2026-05-06 17:50:05.94411+02,2026-05-06 17:50:09.518659+02,3.57,f,25,0.786,
3119,5,692,car,Kafasan L3,2026-05-06 17:50:10.562374+02,2026-05-06 17:50:39.269499+02,28.71,f,38,0.944,
3120,5,693,car,,2026-05-06 17:50:10.562374+02,2026-05-06 17:50:39.269499+02,28.71,f,38,0.707,
3196,5,694,car,,2026-05-06 17:50:38.969642+02,2026-05-06 18:00:52.009642+02,613.04,f,2486,0.49,
3121,5,695,car,,2026-05-06 17:50:39.576002+02,2026-05-06 17:50:42.102115+02,2.53,f,18,0.941,
3124,5,697,car,Kafasan L3,2026-05-06 17:50:42.409542+02,2026-05-06 17:50:50.323499+02,7.91,f,54,0.864,
3134,5,698,car,,2026-05-06 17:50:42.409542+02,2026-05-06 17:55:05.501569+02,263.09,f,836,0.432,
3123,5,3,car,,2026-05-06 17:50:44.220147+02,2026-05-06 17:50:46.758002+02,2.54,f,18,0.403,
3126,5,3,car,,2026-05-06 17:50:48.099487+02,2026-05-06 17:51:29.013042+02,40.91,f,121,0.44,
3125,5,701,car,,2026-05-06 17:50:52.559914+02,2026-05-06 17:51:23.201789+02,30.64,f,52,0.78,
3127,5,3,car,,2026-05-06 17:51:29.312644+02,2026-05-06 17:51:36.091568+02,6.78,f,47,0.408,
3128,5,3,car,,2026-05-06 17:51:36.838034+02,2026-05-06 17:52:43.867609+02,67.03,f,140,0.455,
3137,5,3,car,,2026-05-06 17:52:44.7627+02,2026-05-06 17:55:33.72856+02,168.97,f,514,0.432,
3129,5,729,car,,2026-05-06 17:52:49.349839+02,2026-05-06 17:52:51.564564+02,2.21,f,16,0.326,
3145,5,735,truck,Kafasan L1,2026-05-06 17:52:58.093256+02,2026-05-06 17:56:24.270915+02,206.18,f,608,0.925,lane_switch:Kafasan L1>Kafasan L2
3130,5,753,car,,2026-05-06 17:53:34.802435+02,2026-05-06 17:53:40.266367+02,5.46,f,38,0.812,
3131,5,754,truck,,2026-05-06 17:53:34.802435+02,2026-05-06 17:53:40.266367+02,5.46,f,38,0.336,
3147,5,755,truck,Kafasan L2,2026-05-06 17:53:40.567904+02,2026-05-06 17:56:24.270915+02,163.7,f,478,0.766,
3132,5,761,truck,,2026-05-06 17:54:12.450891+02,2026-05-06 17:54:16.465656+02,4.01,f,28,0.387,
3133,5,774,car,,2026-05-06 17:54:54.927522+02,2026-05-06 17:55:00.12742+02,5.2,f,36,0.603,
3138,5,698,car,,2026-05-06 17:55:06.406658+02,2026-05-06 17:55:35.069317+02,28.66,f,38,0.412,
3135,5,793,car,Kafasan L3,2026-05-06 17:55:06.559788+02,2026-05-06 17:55:33.72856+02,27.17,f,28,0.882,
3136,5,794,truck,,2026-05-06 17:55:06.559788+02,2026-05-06 17:55:33.72856+02,27.17,f,28,0.479,
3146,5,3,car,,2026-05-06 17:55:34.181377+02,2026-05-06 17:56:24.270915+02,50.09,f,182,0.429,
3140,5,698,car,,2026-05-06 17:55:36.108869+02,2026-05-06 17:55:46.675645+02,10.57,f,72,0.424,
3139,5,797,car,,2026-05-06 17:55:41.017012+02,2026-05-06 17:55:44.450993+02,3.43,f,24,0.34,
3142,5,806,car,Kafasan L2,2026-05-06 17:55:47.426331+02,2026-05-06 17:56:13.720064+02,26.29,f,22,0.776,lane_switch:Kafasan L2>Kafasan L3
3143,5,698,car,,2026-05-06 17:55:48.320714+02,2026-05-06 17:56:14.911439+02,26.59,f,24,0.376,
3160,5,685,car,,2026-05-06 17:56:13.872742+02,2026-05-06 17:58:01.436752+02,107.56,f,702,0.707,
3153,5,698,car,,2026-05-06 17:56:15.799075+02,2026-05-06 17:57:39.290941+02,83.49,f,543,0.425,
3144,5,817,car,Kafasan L3,2026-05-06 17:56:15.9478+02,2026-05-06 17:56:19.961389+02,4.01,f,28,0.795,
3156,5,3,car,,2026-05-06 17:56:27.420362+02,2026-05-06 17:57:44.410153+02,76.99,f,514,0.432,
3148,5,832,car,,2026-05-06 17:56:32.03964+02,2026-05-06 17:56:34.259394+02,2.22,f,16,0.326,
3173,5,838,truck,Kafasan L1,2026-05-06 17:56:40.787026+02,2026-05-06 17:58:43.341555+02,122.55,f,784,0.929,lane_switch:Kafasan L1>Kafasan L2>Kafasan L1
3149,5,856,car,,2026-05-06 17:56:54.361779+02,2026-05-06 17:56:59.896606+02,5.53,f,38,0.812,
3150,5,857,truck,,2026-05-06 17:56:54.361779+02,2026-05-06 17:56:59.896606+02,5.53,f,38,0.336,
3379,5,858,truck,Kafasan L2,2026-05-06 17:57:00.198791+02,2026-05-06 18:23:49.015846+02,1608.82,f,6677,0.903,lane_switch:Kafasan L2>Kafasan L1>Kafasan L2>Kafasan L1>Kafasan L2>Kafasan L1
3151,5,864,truck,,2026-05-06 17:57:08.884662+02,2026-05-06 17:57:12.987553+02,4.1,f,28,0.387,
3152,5,877,car,,2026-05-06 17:57:28.619309+02,2026-05-06 17:57:33.874626+02,5.26,f,36,0.603,
3157,5,698,car,,2026-05-06 17:57:40.194532+02,2026-05-06 17:57:45.761663+02,5.57,f,38,0.412,
3154,5,896,car,Kafasan L3,2026-05-06 17:57:40.345885+02,2026-05-06 17:57:44.410153+02,4.06,f,28,0.882,
3155,5,897,truck,,2026-05-06 17:57:40.345885+02,2026-05-06 17:57:44.410153+02,4.06,f,28,0.479,
3167,5,3,car,,2026-05-06 17:57:44.866067+02,2026-05-06 17:58:19.848842+02,34.98,f,217,0.425,
3159,5,698,car,,2026-05-06 17:57:46.820303+02,2026-05-06 17:57:57.499864+02,10.68,f,72,0.424,
3158,5,900,car,,2026-05-06 17:57:51.813012+02,2026-05-06 17:57:55.235096+02,3.42,f,24,0.34,
3161,5,909,car,Kafasan L2,2026-05-06 17:57:58.262532+02,2026-05-06 17:58:01.587715+02,3.33,f,22,0.776,lane_switch:Kafasan L2>Kafasan L3
3162,5,698,car,,2026-05-06 17:57:59.167535+02,2026-05-06 17:58:02.81406+02,3.65,f,24,0.376,
3200,5,685,car,,2026-05-06 17:58:01.746622+02,2026-05-06 18:01:21.867581+02,200.12,f,822,0.701,
3166,5,698,car,,2026-05-06 17:58:03.707538+02,2026-05-06 17:58:19.078123+02,15.37,f,88,0.37,
3163,5,920,car,Kafasan L3,2026-05-06 17:58:03.857375+02,2026-05-06 17:58:07.906736+02,4.05,f,28,0.795,
3164,5,927,car,Kafasan L3,2026-05-06 17:58:14.872523+02,2026-05-06 17:58:16.949222+02,2.08,f,15,0.668,
3169,5,926,truck,,2026-05-06 17:58:14.872523+02,2026-05-06 17:58:21.228345+02,6.36,f,43,0.517,
3168,5,927,car,Kafasan L3,2026-05-06 17:58:17.25233+02,2026-05-06 17:58:20.620352+02,3.37,f,23,0.813,
3175,5,3,car,,2026-05-06 17:58:20.46851+02,2026-05-06 17:58:44.261338+02,23.79,f,144,0.416,
3170,5,698,car,,2026-05-06 17:58:20.926404+02,2026-05-06 17:58:26.635625+02,5.71,f,39,0.394,
3182,5,933,truck,Kafasan L2,2026-05-06 17:58:21.533899+02,2026-05-06 17:59:15.469637+02,53.94,f,329,0.939,lane_switch:Kafasan L2>Kafasan L1>Kafasan L2>Kafasan L1
3171,5,937,car,Kafasan L3,2026-05-06 17:58:26.635625+02,2026-05-06 17:58:30.884987+02,4.25,f,29,0.825,
3174,5,698,car,,2026-05-06 17:58:31.194579+02,2026-05-06 17:58:43.494307+02,12.3,f,68,0.408,
3172,5,943,car,Kafasan L3,2026-05-06 17:58:39.279298+02,2026-05-06 17:58:41.381309+02,2.1,f,15,0.668,
3178,5,942,truck,,2026-05-06 17:58:39.279298+02,2026-05-06 17:58:53.374504+02,14.1,f,94,0.609,
3176,5,943,car,Kafasan L3,2026-05-06 17:58:41.684133+02,2026-05-06 17:58:45.023455+02,3.34,f,23,0.813,
3177,5,3,car,,2026-05-06 17:58:44.869503+02,2026-05-06 17:58:50.794758+02,5.93,f,40,0.391,
3179,5,698,car,,2026-05-06 17:58:45.325078+02,2026-05-06 17:58:58.793777+02,13.47,f,90,0.397,
3380,5,951,truck,Kafasan L2,2026-05-06 17:58:50.191384+02,2026-05-06 18:23:52.592654+02,1502.4,f,6003,0.938,lane_switch:Kafasan L2>Kafasan L1>Kafasan L2>Kafasan L1>Kafasan L2>Kafasan L1
3184,5,3,car,,2026-05-06 17:58:51.710426+02,2026-05-06 17:59:16.382946+02,24.67,f,150,0.416,
3180,5,957,car,Kafasan L3,2026-05-06 17:58:58.793777+02,2026-05-06 17:59:03.033005+02,4.24,f,29,0.825,
3183,5,698,car,,2026-05-06 17:59:03.343139+02,2026-05-06 17:59:15.619644+02,12.28,f,68,0.408,
3181,5,963,car,Kafasan L3,2026-05-06 17:59:11.435629+02,2026-05-06 17:59:13.522766+02,2.09,f,15,0.668,
3189,5,962,truck,,2026-05-06 17:59:11.435629+02,2026-05-06 17:59:53.866266+02,42.43,f,124,0.582,
3185,5,963,car,Kafasan L3,2026-05-06 17:59:13.822436+02,2026-05-06 17:59:17.14384+02,3.32,f,23,0.813,
3186,5,3,car,,2026-05-06 17:59:16.993941+02,2026-05-06 17:59:22.926625+02,5.93,f,40,0.391,
3187,5,698,car,,2026-05-06 17:59:17.448629+02,2026-05-06 17:59:26.558106+02,9.11,f,61,0.398,
3384,5,971,truck,Kafasan L2,2026-05-06 17:59:22.324646+02,2026-05-06 18:24:04.918791+02,1482.59,f,5887,0.863,lane_switch:Kafasan L2>Kafasan L1>Kafasan L2>Kafasan L1
3191,5,3,car,,2026-05-06 17:59:23.837844+02,2026-05-06 17:59:55.208876+02,31.37,f,51,0.372,
3188,5,973,car,Kafasan L3,2026-05-06 17:59:25.658425+02,2026-05-06 17:59:28.539329+02,2.88,f,20,0.825,
3190,5,975,car,Kafasan L3,2026-05-06 17:59:27.4782+02,2026-05-06 17:59:54.16568+02,26.69,f,20,0.799,
3193,5,698,car,,2026-05-06 17:59:54.16568+02,2026-05-06 18:00:35.11231+02,40.95,f,121,0.404,
3192,5,3,car,,2026-05-06 17:59:55.506762+02,2026-05-06 18:00:02.340695+02,6.83,f,47,0.388,
3197,5,3,car,,2026-05-06 18:00:02.646596+02,2026-05-06 18:00:52.158474+02,49.51,f,179,0.404,
3194,5,698,car,,2026-05-06 18:00:35.707088+02,2026-05-06 18:00:45.057451+02,9.35,f,64,0.383,
3195,5,698,car,,2026-05-06 18:00:46.970507+02,2026-05-06 18:00:50.376407+02,3.41,f,24,0.359,
3198,5,1015,car,Kafasan L3,2026-05-06 18:00:50.080512+02,2026-05-06 18:01:16.520615+02,26.44,f,23,0.78,
3214,5,694,car,,2026-05-06 18:00:52.459533+02,2026-05-06 18:02:50.150859+02,117.69,f,464,0.485,
3209,5,3,car,,2026-05-06 18:00:53.061275+02,2026-05-06 18:02:16.774179+02,83.71,f,237,0.402,
3202,5,698,car,,2026-05-06 18:01:17.70837+02,2026-05-06 18:01:26.334964+02,8.63,f,59,0.397,
3199,5,993,truck,,2026-05-06 18:01:18.449226+02,2026-05-06 18:01:20.535215+02,2.09,f,15,0.353,
3201,5,685,car,,2026-05-06 18:01:22.164214+02,2026-05-06 18:01:24.691867+02,2.53,f,18,0.614,
3203,5,685,car,,2026-05-06 18:01:26.482427+02,2026-05-06 18:01:30.507456+02,4.03,f,28,0.604,
3204,5,698,car,,2026-05-06 18:01:26.632386+02,2026-05-06 18:01:33.347803+02,6.72,f,46,0.391,
3205,5,698,car,,2026-05-06 18:01:59.474884+02,2026-05-06 18:02:08.426264+02,8.95,f,46,0.357,
3206,5,685,car,,2026-05-06 18:02:01.150492+02,2026-05-06 18:02:09.178288+02,8.03,f,40,0.592,
3207,5,685,car,,2026-05-06 18:02:09.478926+02,2026-05-06 18:02:12.591246+02,3.11,f,22,0.576,
3208,5,1046,car,Kafasan L3,2026-05-06 18:02:11.852969+02,2026-05-06 18:02:15.13429+02,3.28,f,23,0.744,
3217,5,685,car,,2026-05-06 18:02:12.889326+02,2026-05-06 18:03:00.398954+02,47.51,f,318,0.658,
3211,5,698,car,,2026-05-06 18:02:15.73885+02,2026-05-06 18:02:33.76501+02,18.03,f,122,0.402,
3210,5,3,car,,2026-05-06 18:02:18.543079+02,2026-05-06 18:02:23.746721+02,5.2,f,36,0.386,
3215,5,3,car,,2026-05-06 18:02:24.349959+02,2026-05-06 18:02:50.755764+02,26.41,f,177,0.404,
3212,5,698,car,,2026-05-06 18:02:34.527326+02,2026-05-06 18:02:43.54929+02,9.02,f,61,0.386,
3213,5,698,car,,2026-05-06 18:02:45.503137+02,2026-05-06 18:02:49.102017+02,3.6,f,25,0.355,
3216,5,1085,car,Kafasan L3,2026-05-06 18:02:48.802213+02,2026-05-06 18:02:52.126866+02,3.32,f,23,0.784,
3227,5,694,car,,2026-05-06 18:02:50.905571+02,2026-05-06 18:03:37.04709+02,46.14,f,292,0.476,
3225,5,3,car,,2026-05-06 18:02:51.653688+02,2026-05-06 18:03:36.592459+02,44.94,f,284,0.402,
3218,5,698,car,,2026-05-06 18:02:53.180892+02,2026-05-06 18:03:09.146182+02,15.97,f,107,0.393,
3219,5,685,car,,2026-05-06 18:03:10.058596+02,2026-05-06 18:03:13.52815+02,3.47,f,24,0.553,
3220,5,698,car,,2026-05-06 18:03:12.014535+02,2026-05-06 18:03:21.037994+02,9.02,f,46,0.356,
3221,5,685,car,,2026-05-06 18:03:13.861814+02,2026-05-06 18:03:21.784355+02,7.92,f,39,0.588,
3222,5,685,car,,2026-05-06 18:03:22.083432+02,2026-05-06 18:03:25.220468+02,3.14,f,22,0.576,
3223,5,1116,car,Kafasan L3,2026-05-06 18:03:24.473314+02,2026-05-06 18:03:27.777598+02,3.3,f,23,0.744,
3224,5,685,car,,2026-05-06 18:03:25.521241+02,2026-05-06 18:03:34.480288+02,8.96,f,60,0.592,
3226,5,698,car,,2026-05-06 18:03:31.591128+02,2026-05-06 18:03:36.894824+02,5.3,f,36,0.394,
3228,5,685,car,,2026-05-06 18:03:34.78764+02,2026-05-06 18:03:37.81107+02,3.02,f,21,0.58,
3235,5,3,car,,2026-05-06 18:03:37.04709+02,2026-05-06 18:04:20.578148+02,43.53,f,132,0.388,
3229,5,698,car,,2026-05-06 18:03:37.355973+02,2026-05-06 18:04:03.44923+02,26.09,f,16,0.409,
3230,5,685,truck,,2026-05-06 18:03:38.120065+02,2026-05-06 18:04:06.146288+02,28.03,f,29,0.607,
3234,5,1148,car,,2026-05-06 18:04:03.749835+02,2026-05-06 18:04:19.975435+02,16.23,f,109,0.483,
3233,5,698,car,,2026-05-06 18:04:04.350475+02,2026-05-06 18:04:18.16559+02,13.82,f,93,0.382,
3231,5,685,car,,2026-05-06 18:04:06.443663+02,2026-05-06 18:04:08.683463+02,2.24,f,16,0.575,
3232,5,685,truck,,2026-05-06 18:04:08.992611+02,2026-05-06 18:04:12.435691+02,3.44,f,24,0.526,
3254,5,685,car,,2026-05-06 18:04:13.790808+02,2026-05-06 18:08:17.843031+02,244.05,f,709,0.687,
3236,5,698,car,,2026-05-06 18:04:19.975435+02,2026-05-06 18:04:47.426004+02,27.45,f,31,0.387,
3238,5,1148,car,,2026-05-06 18:04:20.879258+02,2026-05-06 18:05:35.930041+02,75.05,f,195,0.47,
3239,5,3,car,,2026-05-06 18:04:44.457884+02,2026-05-06 18:05:36.375006+02,51.92,f,194,0.407,
3237,5,698,car,,2026-05-06 18:04:47.722886+02,2026-05-06 18:04:55.225526+02,7.5,f,51,0.365,
3244,5,1224,car,Kafasan L3,2026-05-06 18:05:28.620246+02,2026-05-06 18:07:04.899151+02,96.28,f,338,0.724,
3240,5,1148,car,,2026-05-06 18:05:36.22627+02,2026-05-06 18:05:44.004035+02,7.78,f,53,0.434,
3248,5,1238,car,Kafasan L3,2026-05-06 18:05:40.556297+02,2026-05-06 18:07:34.497458+02,113.94,f,301,0.806,
3247,5,1148,car,,2026-05-06 18:06:08.809896+02,2026-05-06 18:07:34.497458+02,85.69,f,266,0.435,
3241,5,1243,car,,2026-05-06 18:06:09.560779+02,2026-05-06 18:06:25.563519+02,16,f,108,0.408,
3242,5,1246,truck,,2026-05-06 18:06:49.750787+02,2026-05-06 18:06:52.281662+02,2.53,f,18,0.404,
3243,5,1248,car,,2026-05-06 18:06:50.34701+02,2026-05-06 18:06:52.586414+02,2.24,f,16,0.416,
3246,5,1243,car,,2026-05-06 18:06:51.977432+02,2026-05-06 18:07:33.452298+02,41.47,f,124,0.403,
3245,5,1246,truck,,2026-05-06 18:06:55.72295+02,2026-05-06 18:07:06.241721+02,10.52,f,72,0.332,
3250,5,1279,car,Kafasan L3,2026-05-06 18:07:38.387989+02,2026-05-06 18:07:41.964096+02,3.58,f,25,0.672,
3249,5,1253,car,,2026-05-06 18:07:38.536066+02,2026-05-06 18:07:41.214258+02,2.68,f,19,0.393,
3260,5,1273,car,,2026-05-06 18:07:38.536066+02,2026-05-06 18:09:58.861621+02,140.33,f,478,0.424,
3264,5,1148,car,,2026-05-06 18:07:38.983141+02,2026-05-06 18:10:22.161502+02,163.18,f,616,0.483,
3253,5,1253,car,,2026-05-06 18:07:43.319917+02,2026-05-06 18:08:17.843031+02,34.52,f,78,0.348,
3251,5,1313,motorcycle,,2026-05-06 18:07:44.96682+02,2026-05-06 18:07:49.857711+02,4.89,f,33,0.419,
3252,5,1314,car,,2026-05-06 18:08:14.097773+02,2026-05-06 18:08:16.322599+02,2.22,f,16,0.488,
3255,5,1319,car,Kafasan L3,2026-05-06 18:08:16.915229+02,2026-05-06 18:08:20.230099+02,3.31,f,23,0.794,
3256,5,685,car,,2026-05-06 18:08:18.144694+02,2026-05-06 18:08:22.322404+02,4.18,f,29,0.643,
3271,5,685,car,,2026-05-06 18:08:22.62137+02,2026-05-06 18:10:42.662435+02,140.04,f,614,0.675,
3257,5,1253,car,,2026-05-06 18:08:25.743789+02,2026-05-06 18:09:01.775299+02,36.03,f,88,0.385,
3258,5,1253,car,,2026-05-06 18:09:07.0134+02,2026-05-06 18:09:54.642818+02,47.63,f,166,0.396,
3259,5,1253,car,,2026-05-06 18:09:55.395944+02,2026-05-06 18:09:58.109934+02,2.71,f,19,0.386,
3261,5,1350,car,,2026-05-06 18:10:01.366681+02,2026-05-06 18:10:15.678391+02,14.31,f,97,0.722,
3265,5,1349,car,Kafasan L3,2026-05-06 18:10:01.366681+02,2026-05-06 18:10:22.161502+02,20.79,f,140,0.807,
3263,5,1273,car,,2026-05-06 18:10:02.708852+02,2026-05-06 18:10:21.113989+02,18.41,f,124,0.403,
3262,5,1344,truck,,2026-05-06 18:10:06.456091+02,2026-05-06 18:10:17.041798+02,10.59,f,72,0.332,
3267,5,1382,car,Kafasan L3,2026-05-06 18:10:26.077556+02,2026-05-06 18:10:29.711179+02,3.63,f,25,0.672,
3266,5,1356,car,,2026-05-06 18:10:26.232947+02,2026-05-06 18:10:28.959569+02,2.73,f,19,0.393,
3280,5,1376,car,,2026-05-06 18:10:26.232947+02,2026-05-06 18:12:00.311238+02,94.08,f,611,0.423,
3284,5,1148,car,,2026-05-06 18:10:26.694777+02,2026-05-06 18:12:07.995182+02,101.3,f,659,0.497,
3270,5,1356,car,,2026-05-06 18:10:31.060778+02,2026-05-06 18:10:42.662435+02,11.6,f,78,0.348,
3268,5,1416,motorcycle,,2026-05-06 18:10:32.711629+02,2026-05-06 18:10:37.48835+02,4.78,f,33,0.419,
3269,5,1417,car,,2026-05-06 18:10:38.861945+02,2026-05-06 18:10:41.145105+02,2.28,f,16,0.488,
3272,5,1422,car,Kafasan L3,2026-05-06 18:10:41.756481+02,2026-05-06 18:10:45.078441+02,3.32,f,23,0.794,
3273,5,685,car,,2026-05-06 18:10:42.963028+02,2026-05-06 18:10:47.189826+02,4.23,f,29,0.643,
3297,5,685,car,,2026-05-06 18:10:47.491873+02,2026-05-06 18:12:59.448718+02,131.96,f,832,0.674,
3274,5,1356,car,,2026-05-06 18:10:50.6435+02,2026-05-06 18:11:03.663471+02,13.02,f,88,0.385,
3275,5,1356,car,,2026-05-06 18:11:09.037385+02,2026-05-06 18:11:33.901454+02,24.86,f,166,0.396,
3276,5,1356,car,,2026-05-06 18:11:34.668545+02,2026-05-06 18:11:37.378637+02,2.71,f,19,0.386,
3357,5,1452,truck,,2026-05-06 18:11:40.684289+02,2026-05-06 18:20:49.383379+02,548.7,f,2343,0.495,
3277,5,1356,car,,2026-05-06 18:11:44.281536+02,2026-05-06 18:11:47.436376+02,3.15,f,22,0.344,
3278,5,1356,car,,2026-05-06 18:11:47.88766+02,2026-05-06 18:11:51.029787+02,3.14,f,22,0.366,
3279,5,1356,car,,2026-05-06 18:11:53.711277+02,2026-05-06 18:11:58.052914+02,4.34,f,30,0.369,
3281,5,1458,car,Kafasan L3,2026-05-06 18:11:58.052914+02,2026-05-06 18:12:00.608626+02,2.56,f,18,0.794,
3282,5,1356,car,,2026-05-06 18:11:58.660318+02,2026-05-06 18:12:05.721988+02,7.06,f,48,0.364,
3289,5,1376,car,,2026-05-06 18:12:00.914425+02,2026-05-06 18:12:29.136505+02,28.22,f,173,0.434,
3283,5,1464,car,Kafasan L3,2026-05-06 18:12:03.604829+02,2026-05-06 18:12:07.995182+02,4.39,f,30,0.798,
3302,5,1148,car,,2026-05-06 18:12:08.312804+02,2026-05-06 18:13:43.034718+02,94.72,f,442,0.463,
3285,5,1356,car,,2026-05-06 18:12:11.183417+02,2026-05-06 18:12:14.226542+02,3.04,f,21,0.344,
3286,5,1356,car,,2026-05-06 18:12:17.039193+02,2026-05-06 18:12:19.157103+02,2.12,f,15,0.352,
3287,5,1473,car,Kafasan L3,2026-05-06 18:12:17.801213+02,2026-05-06 18:12:20.65819+02,2.86,f,20,0.807,
3288,5,1454,truck,,2026-05-06 18:12:23.688888+02,2026-05-06 18:12:26.39573+02,2.71,f,19,0.403,
3290,5,1481,car,Kafasan L3,2026-05-06 18:12:25.945316+02,2026-05-06 18:12:29.445211+02,3.5,f,24,0.753,
3291,5,1356,car,,2026-05-06 18:12:28.070209+02,2026-05-06 18:12:30.515619+02,2.45,f,17,0.356,
3358,5,1376,car,,2026-05-06 18:12:29.757601+02,2026-05-06 18:20:54.54671+02,504.79,f,2066,0.438,
3292,5,1356,car,,2026-05-06 18:12:31.113804+02,2026-05-06 18:12:34.726765+02,3.61,f,25,0.367,
3293,5,1488,car,Kafasan L3,2026-05-06 18:12:32.470286+02,2026-05-06 18:12:36.850096+02,4.38,f,30,0.797,
3294,5,1356,car,,2026-05-06 18:12:45.837799+02,2026-05-06 18:12:47.936261+02,2.1,f,15,0.352,
3295,5,1496,car,Kafasan L3,2026-05-06 18:12:46.584373+02,2026-05-06 18:12:49.452201+02,2.87,f,20,0.807,
3296,5,1497,truck,,2026-05-06 18:12:52.484678+02,2026-05-06 18:12:55.18859+02,2.7,f,19,0.403,
3298,5,1505,car,Kafasan L3,2026-05-06 18:12:54.742713+02,2026-05-06 18:13:01.730074+02,6.99,f,47,0.799,
3361,5,685,car,,2026-05-06 18:12:59.755988+02,2026-05-06 18:20:54.54671+02,474.79,f,1882,0.72,
3299,5,1356,car,,2026-05-06 18:13:29.633337+02,2026-05-06 18:13:33.177402+02,3.54,f,25,0.36,
3300,5,1356,car,,2026-05-06 18:13:33.619679+02,2026-05-06 18:13:38.691533+02,5.07,f,35,0.343,
3301,5,1511,car,Kafasan L3,2026-05-06 18:13:39.294349+02,2026-05-06 18:13:42.282335+02,2.99,f,21,0.778,
3308,5,1148,car,,2026-05-06 18:13:43.491806+02,2026-05-06 18:14:40.39639+02,56.9,f,212,0.466,
3303,5,1356,car,,2026-05-06 18:13:43.641033+02,2026-05-06 18:14:10.621451+02,26.98,f,27,0.367,
3304,5,1356,car,,2026-05-06 18:14:13.12197+02,2026-05-06 18:14:20.469015+02,7.35,f,50,0.358,
3305,5,1356,car,,2026-05-06 18:14:26.898142+02,2026-05-06 18:14:30.469915+02,3.57,f,25,0.36,
3306,5,1356,car,,2026-05-06 18:14:30.922724+02,2026-05-06 18:14:36.003604+02,5.08,f,35,0.343,
3307,5,1523,car,Kafasan L3,2026-05-06 18:14:36.603497+02,2026-05-06 18:14:39.630235+02,3.03,f,21,0.778,
3317,5,1148,car,,2026-05-06 18:14:40.851692+02,2026-05-06 18:15:28.968854+02,48.12,f,304,0.469,
3309,5,1356,car,,2026-05-06 18:14:41.001609+02,2026-05-06 18:14:44.91323+02,3.91,f,27,0.367,
3310,5,1356,car,,2026-05-06 18:14:47.477922+02,2026-05-06 18:14:54.883021+02,7.41,f,50,0.358,
3311,5,1533,car,Kafasan L3,2026-05-06 18:15:00.464461+02,2026-05-06 18:15:04.206365+02,3.74,f,26,0.807,
3312,5,1356,car,,2026-05-06 18:15:06.304189+02,2026-05-06 18:15:09.66669+02,3.36,f,23,0.348,
3313,5,1537,car,Kafasan L3,2026-05-06 18:15:08.127323+02,2026-05-06 18:15:11.502808+02,3.38,f,23,0.719,
3314,5,1356,car,,2026-05-06 18:15:15.88631+02,2026-05-06 18:15:18.775934+02,2.89,f,20,0.373,
3315,5,1356,car,,2026-05-06 18:15:19.234068+02,2026-05-06 18:15:24.525472+02,5.29,f,36,0.342,
3316,5,1549,car,Kafasan L3,2026-05-06 18:15:25.130966+02,2026-05-06 18:15:28.192897+02,3.06,f,21,0.793,
3363,5,1148,car,,2026-05-06 18:15:29.431473+02,2026-05-06 18:20:54.54671+02,325.12,f,1229,0.489,
3318,5,1356,car,,2026-05-06 18:15:29.737231+02,2026-05-06 18:15:33.536713+02,3.8,f,26,0.37,
3319,5,1356,car,,2026-05-06 18:15:34.148562+02,2026-05-06 18:15:43.432354+02,9.28,f,62,0.358,
3320,5,1356,car,,2026-05-06 18:15:43.7442+02,2026-05-06 18:15:45.866147+02,2.12,f,15,0.377,
3321,5,1556,car,Kafasan L3,2026-05-06 18:15:49.145213+02,2026-05-06 18:15:52.922767+02,3.78,f,26,0.807,
3322,5,1356,car,,2026-05-06 18:15:55.040124+02,2026-05-06 18:15:58.379087+02,3.34,f,23,0.348,
3323,5,1560,car,Kafasan L3,2026-05-06 18:15:56.855842+02,2026-05-06 18:16:00.211579+02,3.36,f,23,0.719,
3324,5,1356,car,,2026-05-06 18:16:01.588881+02,2026-05-06 18:16:03.859175+02,2.27,f,16,0.353,
3325,5,1356,car,,2026-05-06 18:16:04.919687+02,2026-05-06 18:16:10.402718+02,5.48,f,37,0.349,
3326,5,1356,car,,2026-05-06 18:16:10.712407+02,2026-05-06 18:16:14.80733+02,4.09,f,28,0.38,
3327,5,1356,car,,2026-05-06 18:16:15.86709+02,2026-05-06 18:16:22.008909+02,6.14,f,41,0.357,
3328,5,1356,car,,2026-05-06 18:16:22.46935+02,2026-05-06 18:16:25.203422+02,2.73,f,19,0.349,
3329,5,1356,car,,2026-05-06 18:16:25.511363+02,2026-05-06 18:16:57.097478+02,31.59,f,40,0.357,
3330,5,1573,truck,,2026-05-06 18:16:55.90522+02,2026-05-06 18:16:58.759715+02,2.85,f,20,0.377,
3331,5,1356,car,,2026-05-06 18:16:58.151736+02,2026-05-06 18:17:00.705181+02,2.55,f,18,0.375,
3332,5,1356,car,,2026-05-06 18:17:02.502729+02,2026-05-06 18:17:08.80556+02,6.3,f,43,0.363,
3333,5,1573,truck,,2026-05-06 18:17:06.546751+02,2026-05-06 18:17:10.176553+02,3.63,f,25,0.369,
3334,5,1356,car,,2026-05-06 18:17:37.778115+02,2026-05-06 18:17:41.237897+02,3.46,f,24,0.347,
3335,5,1581,car,Kafasan L3,2026-05-06 18:17:39.437473+02,2026-05-06 18:17:42.147012+02,2.71,f,19,0.753,
3337,5,1356,car,,2026-05-06 18:17:44.12881+02,2026-05-06 18:17:49.804585+02,5.68,f,39,0.347,
3336,5,1573,truck,,2026-05-06 18:17:46.363218+02,2026-05-06 18:17:48.45395+02,2.09,f,15,0.41,
3338,5,1592,car,Kafasan L3,2026-05-06 18:18:19.871912+02,2026-05-06 18:18:22.699668+02,2.83,f,20,0.809,
3340,5,1356,car,,2026-05-06 18:18:23.608825+02,2026-05-06 18:18:32.418515+02,8.81,f,60,0.373,
3339,5,1573,truck,,2026-05-06 18:18:24.648559+02,2026-05-06 18:18:27.318797+02,2.67,f,19,0.368,
3341,5,1573,truck,,2026-05-06 18:18:30.306226+02,2026-05-06 18:18:32.418515+02,2.11,f,15,0.431,
3342,5,1356,car,,2026-05-06 18:19:34.180556+02,2026-05-06 18:19:42.459309+02,8.28,f,18,0.357,
3343,5,1356,car,,2026-05-06 18:19:44.109248+02,2026-05-06 18:19:47.522268+02,3.41,f,24,0.347,
3344,5,1605,car,Kafasan L3,2026-05-06 18:19:45.740217+02,2026-05-06 18:19:48.412822+02,2.67,f,19,0.753,
3346,5,1356,car,,2026-05-06 18:19:50.388632+02,2026-05-06 18:19:56.033382+02,5.64,f,39,0.347,
3345,5,1573,truck,,2026-05-06 18:19:52.622086+02,2026-05-06 18:19:54.706091+02,2.08,f,15,0.41,
3347,5,1616,car,Kafasan L3,2026-05-06 18:20:03.080011+02,2026-05-06 18:20:05.912095+02,2.83,f,20,0.809,
3349,5,1356,car,,2026-05-06 18:20:06.805975+02,2026-05-06 18:20:15.687442+02,8.88,f,60,0.373,
3348,5,1573,truck,,2026-05-06 18:20:07.840512+02,2026-05-06 18:20:10.554579+02,2.71,f,19,0.368,
3350,5,1573,truck,,2026-05-06 18:20:13.581452+02,2026-05-06 18:20:15.687442+02,2.11,f,15,0.431,
3351,5,1356,car,,2026-05-06 18:20:17.349261+02,2026-05-06 18:20:20.957163+02,3.61,f,25,0.359,
3352,5,1627,car,Kafasan L3,2026-05-06 18:20:21.41714+02,2026-05-06 18:20:24.60521+02,3.19,f,22,0.791,
3353,5,1356,car,,2026-05-06 18:20:24.754522+02,2026-05-06 18:20:31.706123+02,6.95,f,47,0.35,
3354,5,1573,truck,,2026-05-06 18:20:32.613701+02,2026-05-06 18:20:36.150434+02,3.54,f,24,0.386,
3355,5,1356,car,,2026-05-06 18:20:32.613701+02,2026-05-06 18:20:36.907083+02,4.29,f,29,0.34,
3356,5,1573,truck,,2026-05-06 18:20:41.623694+02,2026-05-06 18:20:46.162989+02,4.54,f,31,0.402,
3360,5,1356,car,,2026-05-06 18:20:42.523931+02,2026-05-06 18:20:54.54671+02,12.02,f,80,0.349,
3359,5,1641,truck,,2026-05-06 18:20:47.521947+02,2026-05-06 18:20:54.54671+02,7.02,f,47,0.703,
3364,5,1647,bus,Kafasan L3,2026-05-06 18:20:54.857416+02,2026-05-06 18:20:57.576264+02,2.72,f,19,0.953,
3382,5,1646,truck,,2026-05-06 18:20:56.97067+02,2026-05-06 18:24:00.718652+02,183.75,f,609,0.51,
3462,5,1376,car,,2026-05-06 18:20:56.97067+02,2026-05-06 18:40:12.642884+02,1155.67,f,4140,0.463,
3504,5,686,car,,2026-05-06 18:20:56.97067+02,2026-05-06 19:28:47.489232+02,4070.52,f,5236,0.904, [stream_end]
3505,5,685,car,,2026-05-06 18:20:56.97067+02,2026-05-06 19:28:47.489232+02,4070.52,f,5236,0.76, [stream_end]
3463,5,1148,car,,2026-05-06 18:20:58.353072+02,2026-05-06 18:40:12.642884+02,1154.29,f,4131,0.521,
3365,5,1653,truck,,2026-05-06 18:21:02.321542+02,2026-05-06 18:21:04.60249+02,2.28,f,16,0.371,
3366,5,1654,car,,2026-05-06 18:21:05.20935+02,2026-05-06 18:21:07.471398+02,2.26,f,16,0.367,
3369,5,1653,truck,,2026-05-06 18:21:12.331671+02,2026-05-06 18:21:24.721204+02,12.39,f,58,0.355,
3367,5,1657,car,Kafasan L3,2026-05-06 18:21:12.487594+02,2026-05-06 18:21:22.584856+02,10.1,f,43,0.799,
3368,5,1658,car,,2026-05-06 18:21:19.132917+02,2026-05-06 18:21:22.584856+02,3.45,f,24,0.301,
3370,5,1653,truck,,2026-05-06 18:21:25.937496+02,2026-05-06 18:21:28.068274+02,2.13,f,15,0.355,
3371,5,1658,car,,2026-05-06 18:21:31.562675+02,2026-05-06 18:21:35.80974+02,4.25,f,29,0.335,
3372,5,1658,car,,2026-05-06 18:22:00.660048+02,2026-05-06 18:22:05.70497+02,5.04,f,35,0.308,
3373,5,1660,truck,,2026-05-06 18:22:06.004136+02,2026-05-06 18:22:08.222489+02,2.22,f,16,0.403,
3374,5,1658,car,,2026-05-06 18:22:08.071753+02,2026-05-06 18:22:11.372832+02,3.3,f,23,0.327,
3375,5,1658,car,,2026-05-06 18:23:25.28326+02,2026-05-06 18:23:30.295804+02,5.01,f,35,0.308,
3376,5,1662,truck,,2026-05-06 18:23:30.591673+02,2026-05-06 18:23:32.819013+02,2.23,f,16,0.403,
3377,5,1658,car,,2026-05-06 18:23:32.668102+02,2026-05-06 18:23:35.931508+02,3.26,f,23,0.327,
3378,5,1658,car,,2026-05-06 18:23:45.61738+02,2026-05-06 18:23:49.015846+02,3.4,f,24,0.324,
3381,5,1658,car,,2026-05-06 18:23:53.50069+02,2026-05-06 18:23:56.797864+02,3.3,f,23,0.363,
3383,5,1658,car,,2026-05-06 18:23:57.998604+02,2026-05-06 18:24:02.226974+02,4.23,f,29,0.374,
3386,5,1669,truck,,2026-05-06 18:24:00.12177+02,2026-05-06 18:24:12.217915+02,12.1,f,82,0.686,
3385,5,1658,car,,2026-05-06 18:24:03.126342+02,2026-05-06 18:24:12.217915+02,9.09,f,62,0.403,
3428,5,1646,truck,Kafasan L2,2026-05-06 18:24:03.126342+02,2026-05-06 18:33:19.135941+02,556.01,f,2157,0.94,lane_switch:Kafasan L2>Kafasan L1>Kafasan L2>Kafasan L1>Kafasan L2>Kafasan L1>Kafasan L2>Kafasan L1>Kafasan L2>Kafasan L1>Kafasan L2>Kafasan L1>Kafasan L2>Kafasan L1>Kafasan L2>Kafasan L1>Kafasan L2>Kafasan L1>Kafasan L2>Kafasan L1>Kafasan L2>Kafasan L1>Kafasan L2>Kafasan L1>Kafasan L2>Kafasan L1>Kafasan L2>Kafasan L1>Kafasan L2>Kafasan L1>Kafasan L2
3387,5,1658,car,,2026-05-06 18:24:16.147065+02,2026-05-06 18:24:21.148893+02,5,f,34,0.373,
3393,5,1680,truck,,2026-05-06 18:24:20.249121+02,2026-05-06 18:25:16.592288+02,56.34,f,223,0.853,
3390,5,1658,car,,2026-05-06 18:24:21.896103+02,2026-05-06 18:25:03.09412+02,41.2,f,122,0.385,
3388,5,1682,car,Kafasan L3,2026-05-06 18:24:27.03867+02,2026-05-06 18:24:33.316104+02,6.28,f,43,0.806,
3389,5,1683,truck,,2026-05-06 18:24:27.03867+02,2026-05-06 18:24:33.316104+02,6.28,f,43,0.324,
3391,5,1658,car,,2026-05-06 18:25:03.841242+02,2026-05-06 18:25:09.534443+02,5.69,f,39,0.4,
3392,5,1686,truck,,2026-05-06 18:25:09.534443+02,2026-05-06 18:25:11.625949+02,2.09,f,15,0.36,
3394,5,1658,car,,2026-05-06 18:25:09.838759+02,2026-05-06 18:25:18.994734+02,9.16,f,62,0.393,
3430,5,1687,truck,Kafasan L2,2026-05-06 18:25:16.897454+02,2026-05-06 18:33:25.206605+02,488.31,f,1845,0.911,lane_switch:Kafasan L2>Kafasan L1>Kafasan L2
3395,5,1658,car,,2026-05-06 18:25:19.295517+02,2026-05-06 18:25:44.8613+02,25.57,f,18,0.352,
3396,5,1658,car,,2026-05-06 18:25:47.551456+02,2026-05-06 18:25:52.643061+02,5.09,f,35,0.378,
3397,5,1693,car,Kafasan L3,2026-05-06 18:26:26.793579+02,2026-05-06 18:26:31.258919+02,4.47,f,31,0.812,
3399,5,1658,car,,2026-05-06 18:26:33.509675+02,2026-05-06 18:27:09.105129+02,35.6,f,85,0.356,
3398,5,1691,truck,,2026-05-06 18:26:37.096614+02,2026-05-06 18:26:41.849409+02,4.75,f,33,0.316,
3401,5,1658,car,,2026-05-06 18:27:17.123072+02,2026-05-06 18:27:50.949824+02,33.83,f,73,0.351,
3400,5,1691,truck,,2026-05-06 18:27:19.359131+02,2026-05-06 18:27:24.972435+02,5.61,f,39,0.405,
3402,5,1658,car,,2026-05-06 18:27:55.522434+02,2026-05-06 18:27:58.329133+02,2.81,f,20,0.342,
3403,5,1658,car,,2026-05-06 18:28:03.357943+02,2026-05-06 18:28:06.213702+02,2.86,f,20,0.359,
3404,5,1711,car,Kafasan L3,2026-05-06 18:28:32.354406+02,2026-05-06 18:28:35.036844+02,2.68,f,19,0.821,
3406,5,1719,truck,,2026-05-06 18:28:36.094768+02,2026-05-06 18:28:41.450774+02,5.36,f,37,0.738,
3405,5,1658,car,,2026-05-06 18:28:36.691877+02,2026-05-06 18:28:39.367515+02,2.68,f,19,0.36,
3408,5,1658,car,,2026-05-06 18:28:40.110473+02,2026-05-06 18:29:21.096461+02,40.99,f,121,0.349,
3407,5,1724,truck,,2026-05-06 18:28:45.329132+02,2026-05-06 18:29:13.951686+02,28.62,f,38,0.517,
3409,5,1658,car,,2026-05-06 18:29:22.885647+02,2026-05-06 18:29:26.161054+02,3.28,f,23,0.369,
3411,5,1658,car,,2026-05-06 18:29:27.0646+02,2026-05-06 18:30:08.220949+02,41.16,f,122,0.35,
3410,5,1735,car,Kafasan L3,2026-05-06 18:30:02.547634+02,2026-05-06 18:30:05.223323+02,2.68,f,19,0.869,
3413,5,1658,car,,2026-05-06 18:30:12.565594+02,2026-05-06 18:30:47.113374+02,34.55,f,78,0.357,
3412,5,1740,car,,2026-05-06 18:30:42.947961+02,2026-05-06 18:30:46.962545+02,4.01,f,28,0.77,
3414,5,1742,car,Kafasan L3,2026-05-06 18:30:47.266217+02,2026-05-06 18:31:20.269007+02,33,f,67,0.856,
3415,5,1755,car,,2026-05-06 18:31:30.721883+02,2026-05-06 18:31:39.36889+02,8.65,f,59,0.351,
3416,5,1758,car,Kafasan L3,2026-05-06 18:31:42.933736+02,2026-05-06 18:31:45.684277+02,2.75,f,19,0.821,
3418,5,1764,truck,,2026-05-06 18:31:46.796755+02,2026-05-06 18:31:52.164182+02,5.37,f,37,0.738,
3417,5,1755,car,,2026-05-06 18:31:47.390668+02,2026-05-06 18:31:50.080488+02,2.69,f,19,0.36,
3420,5,1755,car,,2026-05-06 18:31:50.821118+02,2026-05-06 18:32:08.778017+02,17.96,f,121,0.349,
3419,5,1769,truck,,2026-05-06 18:31:56.059747+02,2026-05-06 18:32:01.644027+02,5.58,f,38,0.517,
3421,5,1755,car,,2026-05-06 18:32:10.590474+02,2026-05-06 18:32:13.860607+02,3.27,f,23,0.369,
3423,5,1755,car,,2026-05-06 18:32:14.764765+02,2026-05-06 18:32:33.040566+02,18.28,f,122,0.35,
3422,5,1780,car,Kafasan L3,2026-05-06 18:32:27.239311+02,2026-05-06 18:32:30.023469+02,2.78,f,19,0.869,
3425,5,1755,car,,2026-05-06 18:32:37.401795+02,2026-05-06 18:32:49.042983+02,11.64,f,78,0.357,
3424,5,1785,car,,2026-05-06 18:32:44.826674+02,2026-05-06 18:32:48.892229+02,4.07,f,28,0.77,
3426,5,1787,car,Kafasan L3,2026-05-06 18:32:49.197624+02,2026-05-06 18:32:59.193569+02,10,f,67,0.856,
3427,5,1800,car,,2026-05-06 18:33:09.731503+02,2026-05-06 18:33:18.530056+02,8.8,f,59,0.351,
3429,5,1800,car,,2026-05-06 18:33:21.474524+02,2026-05-06 18:33:24.309599+02,2.84,f,20,0.43,
3432,5,1800,car,,2026-05-06 18:33:25.206605+02,2026-05-06 18:33:30.649505+02,5.44,f,37,0.417,
3431,5,1646,truck,Kafasan L2,2026-05-06 18:33:25.510734+02,2026-05-06 18:33:27.624317+02,2.11,f,15,0.687,lane_switch:Kafasan L2>Kafasan L1
3433,5,1806,car,Kafasan L2,2026-05-06 18:33:27.774581+02,2026-05-06 18:33:32.920194+02,5.15,f,35,0.847,lane_switch:Kafasan L2>Kafasan L3
3435,5,1646,truck,Kafasan L1,2026-05-06 18:33:31.106524+02,2026-05-06 18:33:33.824399+02,2.72,f,19,0.622,
3434,5,1800,car,,2026-05-06 18:33:31.71304+02,2026-05-06 18:33:33.824399+02,2.11,f,15,0.371,
3436,5,1646,truck,Kafasan L1,2026-05-06 18:33:34.274735+02,2026-05-06 18:33:37.445912+02,3.17,f,22,0.686,
3460,5,1646,truck,Kafasan L1,2026-05-06 18:33:37.752792+02,2026-05-06 18:40:07.767837+02,390.02,f,1221,0.901,
3437,5,1800,car,,2026-05-06 18:34:03.911315+02,2026-05-06 18:34:12.246274+02,8.33,f,57,0.383,
3465,5,1825,truck,Kafasan L1,2026-05-06 18:34:08.956122+02,2026-05-06 18:40:41.793521+02,392.84,f,1249,0.953,lane_switch:Kafasan L1>Kafasan L2>Kafasan L1>Kafasan L2
3438,5,1800,car,,2026-05-06 18:34:12.843624+02,2026-05-06 18:34:45.953354+02,33.11,f,68,0.394,
3439,5,1800,car,,2026-05-06 18:34:47.597812+02,2026-05-06 18:34:54.94088+02,7.34,f,50,0.386,
3440,5,1850,car,Kafasan L3,2026-05-06 18:34:54.317725+02,2026-05-06 18:34:56.728036+02,2.41,f,17,0.818,
3442,5,1800,car,,2026-05-06 18:34:56.429933+02,2026-05-06 18:35:34.317122+02,37.89,f,101,0.364,
3441,5,1859,car,Kafasan L3,2026-05-06 18:35:28.831327+02,2026-05-06 18:35:31.352525+02,2.52,f,18,0.784,
3443,5,1800,car,,2026-05-06 18:35:35.218279+02,2026-05-06 18:35:42.336631+02,7.12,f,49,0.377,
3444,5,1869,car,Kafasan L3,2026-05-06 18:35:41.732597+02,2026-05-06 18:35:45.228955+02,3.5,f,23,0.803,
3446,5,1800,car,,2026-05-06 18:35:44.760655+02,2026-05-06 18:36:59.21831+02,74.46,f,57,0.355,
3445,5,1871,car,Kafasan L3,2026-05-06 18:36:53.598509+02,2026-05-06 18:36:56.178905+02,2.58,f,18,0.784,
3447,5,1800,car,,2026-05-06 18:37:00.138845+02,2026-05-06 18:37:07.424158+02,7.29,f,49,0.377,
3448,5,1881,car,Kafasan L3,2026-05-06 18:37:06.812189+02,2026-05-06 18:37:10.187234+02,3.38,f,23,0.803,
3449,5,1800,car,,2026-05-06 18:37:09.729798+02,2026-05-06 18:37:19.054917+02,9.33,f,62,0.397,
3450,5,1886,car,Kafasan L3,2026-05-06 18:37:18.293733+02,2026-05-06 18:37:21.972385+02,3.68,f,25,0.771,
3451,5,1800,car,,2026-05-06 18:37:22.898141+02,2026-05-06 18:37:27.850279+02,4.95,f,33,0.379,
3452,5,1889,car,Kafasan L3,2026-05-06 18:37:26.758681+02,2026-05-06 18:37:39.887938+02,13.13,f,86,0.821,
3453,5,1890,car,,2026-05-06 18:37:40.201182+02,2026-05-06 18:37:44.723313+02,4.52,f,30,0.391,
3454,5,1890,car,,2026-05-06 18:37:45.032963+02,2026-05-06 18:38:34.802669+02,49.77,f,177,0.368,
3455,5,1890,car,,2026-05-06 18:38:35.755428+02,2026-05-06 18:39:15.785887+02,40.03,f,115,0.363,
3456,5,1890,car,,2026-05-06 18:39:19.117306+02,2026-05-06 18:39:22.762484+02,3.65,f,24,0.375,
3457,5,1897,truck,,2026-05-06 18:39:22.922589+02,2026-05-06 18:39:32.205084+02,9.28,f,58,0.355,
3458,5,1890,car,,2026-05-06 18:39:29.164429+02,2026-05-06 18:40:00.894603+02,31.73,f,64,0.351,
3459,5,1890,car,,2026-05-06 18:40:01.692225+02,2026-05-06 18:40:03.924856+02,2.23,f,15,0.324,
3461,5,1890,car,,2026-05-06 18:40:06.329169+02,2026-05-06 18:40:10.362425+02,4.03,f,26,0.358,
3464,5,1890,car,,2026-05-06 18:40:10.849078+02,2026-05-06 18:40:13.944863+02,3.1,f,20,0.368,
3477,5,1376,car,,2026-05-06 18:40:13.129923+02,2026-05-06 19:10:42.06501+02,1828.94,f,333,0.494,
3475,5,1148,car,,2026-05-06 18:40:13.292314+02,2026-05-06 19:10:41.422343+02,1828.13,f,329,0.543,
3466,5,1897,truck,,2026-05-06 18:40:36.58932+02,2026-05-06 18:40:42.59345+02,6,f,39,0.405,
3467,5,1921,car,Kafasan L3,2026-05-06 18:40:42.915683+02,2026-05-06 18:40:45.480046+02,2.56,f,17,0.821,lane_switch:Kafasan L3>Kafasan L2>Kafasan L3
3468,5,1926,car,,2026-05-06 18:40:47.738634+02,2026-05-06 18:40:52.671159+02,4.93,f,32,0.382,
3469,5,1926,car,,2026-05-06 18:40:54.302352+02,2026-05-06 19:10:08.495117+02,1754.19,f,52,0.355,
3470,5,1926,car,,2026-05-06 19:10:09.481699+02,2026-05-06 19:10:12.891799+02,3.41,f,17,0.356,
3471,5,1939,car,Kafasan L2,2026-05-06 19:10:12.194633+02,2026-05-06 19:10:15.203244+02,3.01,f,15,0.812,
3472,5,1926,car,,2026-05-06 19:10:13.321635+02,2026-05-06 19:10:23.786461+02,10.46,f,50,0.354,
3474,5,1948,truck,,2026-05-06 19:10:20.756936+02,2026-05-06 19:10:35.756964+02,15,f,72,0.675,
3473,5,1926,car,,2026-05-06 19:10:25.038751+02,2026-05-06 19:10:33.883035+02,8.84,f,43,0.366,
3476,5,1926,car,,2026-05-06 19:10:34.300744+02,2026-05-06 19:10:41.633545+02,7.33,f,36,0.354,
3482,5,1948,truck,,2026-05-06 19:10:36.188586+02,2026-05-06 19:11:08.845333+02,32.66,f,96,0.723,
3478,5,1961,truck,,2026-05-06 19:10:42.271983+02,2026-05-06 19:11:01.672252+02,19.4,f,20,0.459,
3479,5,1926,car,,2026-05-06 19:10:42.271983+02,2026-05-06 19:11:02.264251+02,19.99,f,23,0.354,
3506,5,1148,car,,2026-05-06 19:10:42.271983+02,2026-05-06 19:28:47.489232+02,1085.22,f,761,0.56, [stream_end]
3507,5,1376,car,,2026-05-06 19:10:43.337664+02,2026-05-06 19:28:47.489232+02,1084.15,f,756,0.505, [stream_end]
3480,5,1926,car,,2026-05-06 19:11:02.716502+02,2026-05-06 19:11:04.93453+02,2.22,f,16,0.363,
3481,5,1926,car,,2026-05-06 19:11:05.236424+02,2026-05-06 19:11:07.355013+02,2.12,f,15,0.362,
3483,5,1989,truck,Kafasan L2,2026-05-06 19:11:06.120821+02,2026-05-06 19:11:10.207985+02,4.09,f,28,0.724,lane_switch:Kafasan L2>Kafasan L1
3492,5,1948,truck,,2026-05-06 19:11:10.670952+02,2026-05-06 19:16:47.700329+02,337.03,f,228,0.708,
3487,5,1926,car,,2026-05-06 19:11:12.763741+02,2026-05-06 19:11:25.626395+02,12.86,f,88,0.345,
3486,5,2022,truck,,2026-05-06 19:11:18.563711+02,2026-05-06 19:11:22.675085+02,4.11,f,29,0.461,
3484,5,1968,truck,,2026-05-06 19:11:19.29811+02,2026-05-06 19:11:22.675085+02,3.38,f,24,0.354,
3485,5,2026,car,,2026-05-06 19:11:20.029606+02,2026-05-06 19:11:22.675085+02,2.65,f,19,0.321,
3488,5,2022,truck,,2026-05-06 19:11:24.305448+02,2026-05-06 19:11:28.567656+02,4.26,f,30,0.449,
3489,5,1926,car,,2026-05-06 19:11:26.213545+02,2026-05-06 19:11:28.866004+02,2.65,f,19,0.36,
3491,5,1968,truck,,2026-05-06 19:11:35.721821+02,2026-05-06 19:11:39.845259+02,4.12,f,29,0.352,
3490,5,1926,car,,2026-05-06 19:11:36.164042+02,2026-05-06 19:11:38.66828+02,2.5,f,18,0.35,
3493,5,2022,truck,,2026-05-06 19:11:39.993037+02,2026-05-06 19:16:47.700329+02,307.71,f,30,0.383,
3494,5,2031,car,,2026-05-06 19:11:40.14216+02,2026-05-06 19:16:47.700329+02,307.56,f,29,0.374,
3495,5,2098,truck,,2026-05-06 19:28:11.453491+02,2026-05-06 19:28:18.006704+02,6.55,f,43,0.634,
3496,5,2077,car,,2026-05-06 19:28:15.102008+02,2026-05-06 19:28:18.495466+02,3.39,f,23,0.356,
3498,5,2098,truck,,2026-05-06 19:28:20.138675+02,2026-05-06 19:28:27.644948+02,7.51,f,49,0.585,
3497,5,2114,truck,,2026-05-06 19:28:24.076079+02,2026-05-06 19:28:27.644948+02,3.57,f,24,0.499,
3499,5,2118,car,Kafasan L3,2026-05-06 19:28:27.644948+02,2026-05-06 19:28:30.26595+02,2.62,f,17,0.786,lane_switch:Kafasan L3>Kafasan L2
3500,5,2098,truck,,2026-05-06 19:28:27.974348+02,2026-05-06 19:28:30.887434+02,2.91,f,19,0.712,
3501,5,2098,truck,,2026-05-06 19:28:31.242791+02,2026-05-06 19:28:33.399901+02,2.16,f,15,0.647,
3503,5,2098,truck,,2026-05-06 19:28:37.378738+02,2026-05-06 19:28:46.114991+02,8.74,f,57,0.657,
3502,5,2077,car,,2026-05-06 19:28:41.700453+02,2026-05-06 19:28:43.957859+02,2.26,f,15,0.332,
3508,5,46,truck,,2026-05-06 20:11:11.180703+02,2026-05-06 20:11:14.023542+02,2.84,f,20,0.476,
3509,5,255,car,,2026-05-06 20:11:43.521086+02,2026-05-06 20:11:46.14354+02,2.62,f,19,0.452,
3510,5,254,car,,2026-05-06 20:11:44.527581+02,2026-05-06 20:11:47.785193+02,3.26,f,23,0.43,
3511,5,255,car,,2026-05-06 20:13:04.331604+02,2026-05-06 20:13:06.535463+02,2.2,f,16,0.501,
3512,5,255,car,,2026-05-06 20:13:15.627382+02,2026-05-06 20:13:19.100626+02,3.47,f,25,0.449,
3513,5,254,car,,2026-05-06 20:13:15.772637+02,2026-05-06 20:13:19.684813+02,3.91,f,28,0.487,
3514,5,255,car,,2026-05-06 20:13:19.395877+02,2026-05-06 20:13:22.41812+02,3.02,f,22,0.439,
3515,5,255,car,,2026-05-06 20:13:31.525059+02,2026-05-06 20:13:33.541229+02,2.02,f,15,0.436,
3516,5,255,car,,2026-05-06 20:13:39.277967+02,2026-05-06 20:13:41.460173+02,2.18,f,16,0.501,
3517,5,255,car,,2026-05-06 20:13:50.020315+02,2026-05-06 20:13:53.487747+02,3.47,f,25,0.449,
3518,5,254,car,,2026-05-06 20:13:50.166309+02,2026-05-06 20:13:54.06526+02,3.9,f,28,0.487,
3519,5,255,car,,2026-05-06 20:13:53.777611+02,2026-05-06 20:13:56.80965+02,3.03,f,22,0.439,
3520,5,255,car,,2026-05-06 20:14:06.188054+02,2026-05-06 20:14:08.23878+02,2.05,f,15,0.436,
3522,5,255,car,,2026-05-06 20:14:43.067084+02,2026-05-06 20:14:47.098894+02,4.03,f,29,0.47,
3521,5,254,car,,2026-05-06 20:14:44.222798+02,2026-05-06 20:14:46.806314+02,2.58,f,19,0.461,
3523,5,255,car,,2026-05-06 20:14:49.263559+02,2026-05-06 20:14:51.274851+02,2.01,f,15,0.482,
3524,5,254,car,,2026-05-06 20:14:49.549997+02,2026-05-06 20:14:53.440422+02,3.89,f,28,0.45,
3525,5,255,car,,2026-05-06 20:14:52.428882+02,2026-05-06 20:14:55.892223+02,3.46,f,25,0.454,
3527,5,255,car,,2026-05-06 20:15:03.023753+02,2026-05-06 20:15:07.786703+02,4.76,f,34,0.458,
3526,5,254,car,,2026-05-06 20:15:04.312375+02,2026-05-06 20:15:07.355001+02,3.04,f,22,0.472,
3528,5,255,car,,2026-05-06 20:15:09.810492+02,2026-05-06 20:15:12.111144+02,2.3,f,17,0.472,
3529,5,254,car,,2026-05-06 20:15:10.959367+02,2026-05-06 20:15:13.997169+02,3.04,f,22,0.454,
3530,5,255,car,,2026-05-06 20:15:12.400523+02,2026-05-06 20:15:16.661577+02,4.26,f,30,0.447,
3532,5,255,car,,2026-05-06 20:15:30.820678+02,2026-05-06 20:15:35.119604+02,4.3,f,31,0.46,
3531,5,254,car,,2026-05-06 20:15:31.677891+02,2026-05-06 20:15:34.68854+02,3.01,f,22,0.472,
3533,5,255,car,,2026-05-06 20:15:37.132084+02,2026-05-06 20:15:39.434002+02,2.3,f,17,0.472,
3534,5,254,car,,2026-05-06 20:15:38.285219+02,2026-05-06 20:15:41.308092+02,3.02,f,22,0.454,
3535,5,255,car,,2026-05-06 20:15:39.72204+02,2026-05-06 20:15:43.898834+02,4.18,f,30,0.447,
3536,5,254,car,,2026-05-06 20:15:58.417632+02,2026-05-06 20:16:01.930959+02,3.51,f,24,0.466,
3537,5,255,car,,2026-05-06 20:17:06.646888+02,2026-05-06 20:17:16.550252+02,9.9,f,19,0.462,
3538,5,573,car,,2026-05-06 20:17:29.253473+02,2026-05-06 20:17:34.334289+02,5.08,f,18,0.455,
3539,5,255,car,,2026-05-06 20:17:38.96449+02,2026-05-06 20:17:41.556646+02,2.59,f,19,0.533,
3540,5,573,car,,2026-05-06 20:17:42.757405+02,2026-05-06 20:17:45.492096+02,2.73,f,20,0.447,
3541,5,255,car,,2026-05-06 20:17:52.208462+02,2026-05-06 20:17:58.957652+02,6.75,f,32,0.439,
3542,5,617,car,,2026-05-06 20:17:54.920401+02,2026-05-06 20:17:59.535525+02,4.62,f,17,0.451,
3543,5,255,car,,2026-05-06 20:18:04.020041+02,2026-05-06 20:18:06.177687+02,2.16,f,16,0.524,
3544,5,617,car,,2026-05-06 20:18:04.595934+02,2026-05-06 20:18:08.971079+02,4.38,f,31,0.483,
3545,5,255,car,,2026-05-06 20:18:11.298392+02,2026-05-06 20:18:13.341057+02,2.04,f,15,0.483,
3546,5,617,car,,2026-05-06 20:18:14.509057+02,2026-05-06 20:18:17.299665+02,2.79,f,20,0.447,
3547,5,255,car,,2026-05-06 20:18:24.238934+02,2026-05-06 20:18:31.702672+02,7.46,f,32,0.439,
3548,5,665,car,,2026-05-06 20:18:27.1683+02,2026-05-06 20:18:32.308843+02,5.14,f,17,0.451,
3549,5,255,car,,2026-05-06 20:18:37.239518+02,2026-05-06 20:18:39.533726+02,2.29,f,16,0.524,
3550,5,665,car,,2026-05-06 20:18:37.895318+02,2026-05-06 20:18:42.40998+02,4.51,f,31,0.483,
3551,5,255,car,,2026-05-06 20:18:44.809343+02,2026-05-06 20:18:47.562276+02,2.75,f,20,0.446,
3552,5,665,car,,2026-05-06 20:18:46.400922+02,2026-05-06 20:19:49.885595+02,63.48,f,23,0.461,
3554,5,1,car,,2026-05-06 20:20:19.618579+02,2026-05-06 20:20:23.575187+02,3.96,f,29,0.458,
3553,5,2,car,,2026-05-06 20:20:20.319767+02,2026-05-06 20:20:22.584662+02,2.26,f,17,0.493,
3555,5,2,car,,2026-05-06 20:20:26.82921+02,2026-05-06 20:20:32.812892+02,5.98,f,32,0.471,
3556,5,1,car,,2026-05-06 20:21:02.416992+02,2026-05-06 20:21:04.420419+02,2,f,15,0.447,
3557,5,2,car,,2026-05-06 20:21:07.754208+02,2026-05-06 20:21:12.350008+02,4.6,f,33,0.47,
3558,5,311,car,Kafasan L2,2026-05-06 20:23:27.92078+02,2026-05-06 20:24:30.461313+02,62.54,f,17,0.743,
3559,5,362,car,Kafasan L2,2026-05-06 20:24:53.468262+02,2026-05-06 20:24:55.912567+02,2.44,f,18,0.744,
3560,5,268,car,,2026-05-06 20:24:54.925891+02,2026-05-06 20:24:56.924149+02,2,f,15,0.417,
3561,5,407,truck,,2026-05-06 20:25:29.752725+02,2026-05-06 20:25:53.531084+02,23.78,f,19,0.51,
3562,5,406,car,,2026-05-06 20:25:29.752725+02,2026-05-06 20:25:53.961941+02,24.21,f,22,0.558,
3563,5,408,car,,2026-05-06 20:25:56.826688+02,2026-05-06 20:25:58.821836+02,2,f,15,0.426,
3564,5,420,car,,2026-05-06 20:25:56.968138+02,2026-05-06 20:25:58.966421+02,2,f,15,0.72,
3565,5,406,car,,2026-05-06 20:26:02.537473+02,2026-05-06 20:26:04.533852+02,2,f,15,0.58,
3566,5,407,truck,,2026-05-06 20:26:02.537473+02,2026-05-06 20:26:04.533852+02,2,f,15,0.493,
3567,5,443,car,,2026-05-06 20:26:35.212309+02,2026-05-06 20:26:40.646918+02,5.43,f,38,0.309,
3568,5,446,truck,,2026-05-06 20:26:43.543813+02,2026-05-06 20:26:45.639716+02,2.1,f,15,0.516,
3569,5,503,truck,,2026-05-06 20:27:59.472758+02,2026-05-06 20:28:45.819771+02,46.35,f,159,0.407,
3570,5,506,car,,2026-05-06 20:28:59.534692+02,2026-05-06 20:29:01.570071+02,2.04,f,15,0.426,
3571,5,533,car,,2026-05-06 20:28:59.678613+02,2026-05-06 20:29:01.714148+02,2.04,f,15,0.72,
3572,5,503,truck,,2026-05-06 20:29:05.319147+02,2026-05-06 20:29:07.359791+02,2.04,f,15,0.493,
3573,5,519,car,,2026-05-06 20:29:05.319147+02,2026-05-06 20:29:07.359791+02,2.04,f,15,0.58,
3574,5,556,car,,2026-05-06 20:29:14.068715+02,2026-05-06 20:29:19.410851+02,5.34,f,38,0.309,
3575,5,559,truck,,2026-05-06 20:29:22.180587+02,2026-05-06 20:29:24.230823+02,2.05,f,15,0.516,
3576,5,616,truck,,2026-05-06 20:29:55.977997+02,2026-05-06 20:30:19.169333+02,23.19,f,159,0.407,
3577,5,619,car,,2026-05-06 20:31:07.213314+02,2026-05-06 20:31:09.259458+02,2.05,f,15,0.427,
3578,5,632,car,,2026-05-06 20:31:07.213314+02,2026-05-06 20:31:10.571276+02,3.36,f,24,0.459,
3579,5,619,car,,2026-05-06 20:31:27.057782+02,2026-05-06 20:31:29.109529+02,2.05,f,15,0.427,
3580,5,632,car,,2026-05-06 20:31:27.057782+02,2026-05-06 20:31:30.427057+02,3.37,f,24,0.459,
3581,5,992,car,,2026-05-06 20:35:01.885866+02,2026-05-06 20:35:03.873353+02,1.99,f,15,0.488,
3582,5,616,truck,,2026-05-06 20:35:06.744755+02,2026-05-06 20:35:11.457257+02,4.71,f,34,0.578,
3584,5,1057,truck,,2026-05-06 20:36:29.977696+02,2026-05-06 20:36:38.540386+02,8.56,f,39,0.522,
3583,5,1032,car,,2026-05-06 20:36:30.409242+02,2026-05-06 20:36:32.413685+02,2,f,15,0.373,
3585,5,1073,car,,2026-05-06 20:37:00.325907+02,2026-05-06 20:37:02.35969+02,2.03,f,15,0.488,
3586,5,1057,truck,,2026-05-06 20:37:05.283042+02,2026-05-06 20:37:10.123312+02,4.84,f,34,0.578,
3588,5,1138,truck,,2026-05-06 20:37:41.684503+02,2026-05-06 20:37:49.787288+02,8.1,f,38,0.53,
3587,5,1113,car,,2026-05-06 20:37:42.124922+02,2026-05-06 20:37:44.153727+02,2.03,f,15,0.373,
3589,5,1139,car,,2026-05-06 20:38:04.104386+02,2026-05-06 20:38:06.219291+02,2.11,f,15,0.422,
3590,5,1113,car,,2026-05-06 20:39:17.185599+02,2026-05-06 20:39:20.223709+02,3.04,f,22,0.46,
3591,5,1139,car,,2026-05-06 20:39:18.466725+02,2026-05-06 20:39:20.804927+02,2.34,f,17,0.443,
3592,5,1139,car,,2026-05-06 20:39:21.379407+02,2026-05-06 20:39:23.3901+02,2.01,f,15,0.422,
3593,5,1113,car,,2026-05-06 20:39:41.094773+02,2026-05-06 20:39:44.094234+02,3,f,22,0.46,
3594,5,1139,car,,2026-05-06 20:39:42.373475+02,2026-05-06 20:39:44.667484+02,2.29,f,17,0.443,
3595,5,1113,car,,2026-05-06 20:40:11.415212+02,2026-05-06 20:40:14.443002+02,3.03,f,22,0.46,
3596,5,1139,car,,2026-05-06 20:40:12.710442+02,2026-05-06 20:40:15.01919+02,2.31,f,17,0.443,
3597,5,1387,car,,2026-05-06 20:41:32.661618+02,2026-05-06 20:41:35.549253+02,2.89,f,21,0.402,
3598,5,1416,car,,2026-05-06 20:42:00.009241+02,2026-05-06 20:42:02.928698+02,2.92,f,21,0.402,
3599,5,59,truck,,2026-05-06 20:48:26.244534+02,2026-05-06 20:48:29.80077+02,3.56,f,26,0.399,
3600,5,84,car,,2026-05-06 20:48:54.799872+02,2026-05-06 20:49:57.121254+02,62.32,f,16,0.323,
3601,5,86,truck,,2026-05-06 20:50:10.030343+02,2026-05-06 20:50:13.54524+02,3.51,f,26,0.399,
3602,5,115,car,,2026-05-06 20:50:38.297815+02,2026-05-06 20:50:40.442755+02,2.14,f,16,0.323,
3603,5,117,truck,,2026-05-06 20:50:46.474911+02,2026-05-06 20:50:49.772768+02,3.3,f,24,0.497,
3604,5,209,truck,,2026-05-06 20:51:54.479099+02,2026-05-06 20:51:58.116588+02,3.64,f,26,0.401,
3605,5,238,truck,,2026-05-06 20:52:31.980283+02,2026-05-06 20:52:35.334494+02,3.35,f,24,0.483,
3606,5,426,truck,,2026-05-06 20:58:26.012577+02,2026-05-06 20:58:29.316231+02,3.3,f,17,0.629,
3607,5,426,truck,,2026-05-06 20:59:19.251371+02,2026-05-06 20:59:24.110838+02,4.86,f,34,0.381,
3608,5,525,truck,,2026-05-06 20:59:37.725595+02,2026-05-06 21:00:04.514149+02,26.79,f,23,0.463,
3609,5,545,car,Kafasan L2,2026-05-06 21:00:11.767155+02,2026-05-06 21:00:32.52705+02,20.76,f,28,0.364,
3610,5,549,truck,,2026-05-06 21:01:17.895193+02,2026-05-06 21:01:20.78544+02,2.89,f,21,0.328,
3611,5,585,truck,,2026-05-06 21:02:22.325993+02,2026-05-06 21:02:30.518146+02,8.19,f,58,0.502,
3612,5,616,car,Kafasan L2,2026-05-06 21:02:45.205305+02,2026-05-06 21:02:49.093156+02,3.89,f,28,0.364,
3613,5,620,truck,,2026-05-06 21:03:10.961554+02,2026-05-06 21:03:13.884025+02,2.92,f,21,0.328,
3614,5,656,truck,,2026-05-06 21:04:38.319663+02,2026-05-06 21:04:50.058661+02,11.74,f,58,0.502,
3617,5,2,car,,2026-05-07 12:58:06.641477+02,2026-05-07 12:58:17.90852+02,11.27,f,77,0.543,
3615,5,6,car,,2026-05-07 12:58:08.124295+02,2026-05-07 12:58:10.853857+02,2.73,f,20,0.368,
3616,5,19,car,Kafasan L2,2026-05-07 12:58:13.705403+02,2026-05-07 12:58:15.701761+02,2,f,15,0.727,lane_switch:Kafasan L2>Kafasan L3
3618,5,6,car,,2026-05-07 12:58:14.693818+02,2026-05-07 12:58:19.412815+02,4.72,f,33,0.436,
3620,5,2,car,,2026-05-07 12:58:18.519823+02,2026-05-07 12:58:38.895193+02,20.38,f,125,0.538,
3619,5,48,car,Kafasan L2,2026-05-07 12:58:34.704131+02,2026-05-07 12:58:36.726544+02,2.02,f,15,0.727,lane_switch:Kafasan L2>Kafasan L3
3621,5,6,car,,2026-05-07 12:58:35.713696+02,2026-05-07 12:58:40.329523+02,4.62,f,33,0.436,
3622,5,2,car,,2026-05-07 12:58:39.468565+02,2026-05-07 12:58:48.938403+02,9.47,f,51,0.527,
3623,5,67,truck,Kafasan L2,2026-05-07 12:58:48.649838+02,2026-05-07 12:58:53.145729+02,4.5,f,32,0.733,lane_switch:Kafasan L2>Kafasan L1>Kafasan L2
3625,5,2,car,,2026-05-07 12:58:49.230174+02,2026-05-07 12:58:57.798212+02,8.57,f,60,0.547,
3624,5,6,car,,2026-05-07 12:58:50.964203+02,2026-05-07 12:58:56.185815+02,5.22,f,37,0.383,
3626,5,81,car,Kafasan L2,2026-05-07 12:58:53.872425+02,2026-05-07 12:58:58.104447+02,4.23,f,30,0.805,
3628,5,2,car,,2026-05-07 12:58:58.404754+02,2026-05-07 12:59:09.748416+02,11.34,f,79,0.544,
3627,5,96,car,Kafasan L2,2026-05-07 12:59:05.519906+02,2026-05-07 12:59:07.561804+02,2.04,f,15,0.727,lane_switch:Kafasan L2>Kafasan L3
3629,5,6,car,,2026-05-07 12:59:06.540801+02,2026-05-07 12:59:11.210615+02,4.67,f,33,0.436,
3630,5,2,car,,2026-05-07 12:59:10.336826+02,2026-05-07 12:59:19.902003+02,9.57,f,51,0.527,
3631,5,115,truck,Kafasan L2,2026-05-07 12:59:19.611672+02,2026-05-07 12:59:24.158876+02,4.55,f,32,0.733,lane_switch:Kafasan L2>Kafasan L1>Kafasan L2
3633,5,2,car,,2026-05-07 12:59:20.199391+02,2026-05-07 12:59:28.842685+02,8.64,f,60,0.547,
3632,5,6,car,,2026-05-07 12:59:21.954469+02,2026-05-07 12:59:27.233065+02,5.28,f,37,0.383,
3634,5,129,car,Kafasan L2,2026-05-07 12:59:24.889317+02,2026-05-07 12:59:29.139813+02,4.25,f,30,0.805,
3637,5,2,car,,2026-05-07 12:59:29.438781+02,2026-05-07 13:00:44.505996+02,75.07,f,318,0.526,
3635,5,131,car,,2026-05-07 13:00:10.108308+02,2026-05-07 13:00:13.312424+02,3.2,f,23,0.335,
3636,5,131,car,,2026-05-07 13:00:24.036969+02,2026-05-07 13:00:26.812483+02,2.78,f,20,0.33,
3639,5,2,car,,2026-05-07 13:00:44.943633+02,2026-05-07 13:01:12.225134+02,27.28,f,172,0.52,
3638,5,162,car,,2026-05-07 13:00:51.684522+02,2026-05-07 13:00:54.469365+02,2.78,f,20,0.33,
3644,5,2,car,,2026-05-07 13:01:12.663759+02,2026-05-07 13:02:10.387009+02,57.72,f,213,0.542,
3640,5,8,car,,2026-05-07 13:01:18.555769+02,2026-05-07 13:01:46.449381+02,27.89,f,25,0.348,
3641,5,186,car,,2026-05-07 13:01:20.018957+02,2026-05-07 13:01:47.759499+02,27.74,f,24,0.398,
3642,5,207,car,Kafasan L2,2026-05-07 13:01:49.354956+02,2026-05-07 13:01:52.708535+02,3.35,f,24,0.817,
3643,5,242,truck,,2026-05-07 13:02:02.933339+02,2026-05-07 13:02:06.455988+02,3.52,f,25,0.45,
3645,5,256,car,Kafasan L2,2026-05-07 13:02:09.804807+02,2026-05-07 13:02:12.437028+02,2.63,f,19,0.843,
3647,5,2,car,,2026-05-07 13:02:10.678061+02,2026-05-07 13:02:38.236979+02,27.56,f,165,0.545,
3646,5,291,truck,,2026-05-07 13:02:22.660133+02,2026-05-07 13:02:33.598663+02,10.94,f,72,0.436,
3648,5,306,car,Kafasan L2,2026-05-07 13:02:37.450142+02,2026-05-07 13:02:40.625721+02,3.18,f,19,0.843,
3655,5,2,car,,2026-05-07 13:02:38.560098+02,2026-05-07 13:03:37.972929+02,59.41,f,213,0.552,
3649,5,341,truck,,2026-05-07 13:02:52.065974+02,2026-05-07 13:03:03.386912+02,11.32,f,76,0.435,
3650,5,8,car,,2026-05-07 13:03:02.941601+02,2026-05-07 13:03:06.276504+02,3.33,f,23,0.35,
3652,5,341,truck,,2026-05-07 13:03:03.687988+02,2026-05-07 13:03:07.929273+02,4.24,f,29,0.476,
3651,5,352,car,Kafasan L2,2026-05-07 13:03:04.137271+02,2026-05-07 13:03:07.624832+02,3.49,f,24,0.813,
3654,5,359,car,Kafasan L2,2026-05-07 13:03:08.825506+02,2026-05-07 13:03:36.759202+02,27.93,f,28,0.819,
3653,5,346,car,,2026-05-07 13:03:09.579251+02,2026-05-07 13:03:36.603971+02,27.02,f,22,0.418,
3656,5,341,truck,Kafasan L2,2026-05-07 13:03:35.247463+02,2026-05-07 13:03:42.795583+02,7.55,f,51,0.732,lane_switch:Kafasan L2>Kafasan L1>Kafasan L2
3663,5,2,car,,2026-05-07 13:03:38.276696+02,2026-05-07 13:05:44.314701+02,126.04,f,249,0.561,
3657,5,346,car,,2026-05-07 13:03:42.192323+02,2026-05-07 13:03:44.90051+02,2.71,f,19,0.442,
3658,5,346,car,,2026-05-07 13:03:52.109386+02,2026-05-07 13:04:19.145534+02,27.04,f,25,0.38,
3659,5,373,car,,2026-05-07 13:04:18.53147+02,2026-05-07 13:04:20.801905+02,2.27,f,15,0.371,
3660,5,382,car,,2026-05-07 13:04:24.104289+02,2026-05-07 13:04:26.165818+02,2.06,f,15,0.355,
3661,5,391,truck,Kafasan L2,2026-05-07 13:04:29.873746+02,2026-05-07 13:04:32.476858+02,2.6,f,18,0.858,lane_switch:Kafasan L2>Kafasan L1>Kafasan L2
3662,5,346,car,,2026-05-07 13:04:35.074017+02,2026-05-07 13:05:42.96059+02,67.89,f,22,0.375,
3664,5,399,truck,Kafasan L2,2026-05-07 13:05:41.766303+02,2026-05-07 13:05:49.06328+02,7.3,f,50,0.739,lane_switch:Kafasan L2>Kafasan L1>Kafasan L2
3865,5,2,car,,2026-05-07 13:05:44.608343+02,2026-05-07 13:34:30.972023+02,1726.36,f,7428,0.553,
3665,5,346,car,,2026-05-07 13:05:48.462574+02,2026-05-07 13:05:51.140004+02,2.68,f,19,0.442,
3666,5,346,car,,2026-05-07 13:05:58.728234+02,2026-05-07 13:06:02.602462+02,3.87,f,25,0.38,
3667,5,413,car,,2026-05-07 13:06:01.958515+02,2026-05-07 13:06:04.208283+02,2.25,f,15,0.371,
3668,5,422,car,,2026-05-07 13:06:07.479465+02,2026-05-07 13:06:09.726635+02,2.25,f,15,0.355,
3669,5,431,truck,Kafasan L2,2026-05-07 13:06:13.565583+02,2026-05-07 13:06:16.35266+02,2.79,f,18,0.858,lane_switch:Kafasan L2>Kafasan L1>Kafasan L2
3670,5,413,car,,2026-05-07 13:06:33.166125+02,2026-05-07 13:06:35.389714+02,2.22,f,15,0.343,
3671,5,413,car,,2026-05-07 13:06:41.638175+02,2026-05-07 13:06:43.848111+02,2.21,f,15,0.354,
3672,5,413,car,,2026-05-07 13:06:46.189529+02,2026-05-07 13:06:48.447446+02,2.26,f,15,0.34,
3673,5,413,car,,2026-05-07 13:06:50.837307+02,2026-05-07 13:06:53.90509+02,3.07,f,20,0.364,
3674,5,447,car,,2026-05-07 13:06:51.64142+02,2026-05-07 13:06:53.90509+02,2.26,f,15,0.322,
3675,5,447,car,,2026-05-07 13:06:55.543599+02,2026-05-07 13:06:59.70508+02,4.16,f,27,0.314,
3676,5,413,car,,2026-05-07 13:07:03.76752+02,2026-05-07 13:07:06.01606+02,2.25,f,15,0.34,
3678,5,413,car,,2026-05-07 13:07:08.947129+02,2026-05-07 13:07:17.707101+02,8.76,f,56,0.349,
3677,5,475,car,,2026-05-07 13:07:09.10602+02,2026-05-07 13:07:13.35578+02,4.25,f,28,0.775,
3679,5,481,car,,2026-05-07 13:07:46.686452+02,2026-05-07 13:07:49.076579+02,2.39,f,16,0.34,
3680,5,413,car,,2026-05-07 13:07:52.721387+02,2026-05-07 13:07:57.520294+02,4.8,f,31,0.355,
3683,5,481,car,,2026-05-07 13:07:59.638428+02,2026-05-07 13:08:30.613727+02,30.98,f,59,0.36,
3681,5,413,car,,2026-05-07 13:08:00.440134+02,2026-05-07 13:08:28.010844+02,27.57,f,38,0.384,
3682,5,480,car,,2026-05-07 13:08:00.440134+02,2026-05-07 13:08:29.6128+02,29.17,f,48,0.407,
3684,5,506,truck,Kafasan L2,2026-05-07 13:08:37.500416+02,2026-05-07 13:08:41.194678+02,3.69,f,24,0.847,
3685,5,480,car,,2026-05-07 13:09:12.325564+02,2026-05-07 13:09:23.575278+02,11.25,f,73,0.371,
3686,5,534,car,,2026-05-07 13:09:57.38577+02,2026-05-07 13:10:01.05475+02,3.67,f,24,0.321,
3687,5,523,car,,2026-05-07 13:10:29.437783+02,2026-05-07 13:10:39.715765+02,10.28,f,66,0.391,
3688,5,523,car,,2026-05-07 13:10:42.754778+02,2026-05-07 13:10:45.140899+02,2.39,f,16,0.374,
3689,5,544,car,,2026-05-07 13:10:42.913159+02,2026-05-07 13:10:46.103629+02,3.19,f,21,0.389,
3690,5,555,car,,2026-05-07 13:10:44.193906+02,2026-05-07 13:10:48.377301+02,4.18,f,27,0.329,
3695,5,556,car,Kafasan L2,2026-05-07 13:10:45.140899+02,2026-05-07 13:11:23.739787+02,38.6,f,103,0.827,lane_switch:Kafasan L2>Kafasan L1>Kafasan L2
3693,5,523,car,,2026-05-07 13:10:45.94451+02,2026-05-07 13:11:19.449717+02,33.51,f,71,0.396,
3691,5,544,car,,2026-05-07 13:10:46.905006+02,2026-05-07 13:11:12.94841+02,26.04,f,24,0.35,
3692,5,544,car,,2026-05-07 13:11:13.901792+02,2026-05-07 13:11:16.757767+02,2.86,f,19,0.357,
3694,5,558,car,,2026-05-07 13:11:17.076125+02,2026-05-07 13:11:19.934179+02,2.86,f,19,0.326,
3697,5,523,car,,2026-05-07 13:11:21.35562+02,2026-05-07 13:11:29.752504+02,8.4,f,54,0.342,
3696,5,544,car,,2026-05-07 13:11:21.671935+02,2026-05-07 13:11:24.694913+02,3.02,f,20,0.348,
3698,5,570,car,Kafasan L2,2026-05-07 13:11:24.694913+02,2026-05-07 13:11:29.752504+02,5.06,f,33,0.894,
3699,5,571,car,Kafasan L2,2026-05-07 13:11:24.694913+02,2026-05-07 13:11:29.752504+02,5.06,f,33,0.78,
3700,5,574,car,,2026-05-07 13:11:59.878208+02,2026-05-07 13:12:02.11164+02,2.23,f,15,0.328,
3701,5,576,car,,2026-05-07 13:12:09.778093+02,2026-05-07 13:12:12.000224+02,2.22,f,15,0.321,
3702,5,580,car,,2026-05-07 13:12:12.159796+02,2026-05-07 13:12:37.622225+02,25.46,f,24,0.351,
3704,5,591,car,,2026-05-07 13:12:38.579494+02,2026-05-07 13:12:46.100916+02,7.52,f,48,0.337,
3703,5,576,car,,2026-05-07 13:12:43.857483+02,2026-05-07 13:12:46.100916+02,2.24,f,15,0.311,
3705,5,591,car,,2026-05-07 13:12:46.743099+02,2026-05-07 13:12:49.929233+02,3.19,f,21,0.301,
3706,5,598,car,,2026-05-07 13:12:53.276487+02,2026-05-07 13:13:17.37849+02,24.1,f,15,0.341,
3707,5,598,car,,2026-05-07 13:13:19.304741+02,2026-05-07 13:13:22.039348+02,2.73,f,18,0.347,
3709,5,603,truck,Kafasan L1,2026-05-07 13:13:20.912313+02,2026-05-07 13:13:32.477531+02,11.57,f,73,0.837,
3708,5,609,car,,2026-05-07 13:13:26.709641+02,2026-05-07 13:13:30.381095+02,3.67,f,24,0.447,
3710,5,607,truck,Kafasan L3,2026-05-07 13:13:26.709641+02,2026-05-07 13:13:52.896615+02,26.19,f,49,0.742,lane_switch:Kafasan L3>Kafasan L2
3718,5,603,truck,Kafasan L1,2026-05-07 13:13:53.068002+02,2026-05-07 13:15:18.853532+02,85.79,f,266,0.932,
3711,5,609,car,,2026-05-07 13:13:57.20738+02,2026-05-07 13:14:01.377102+02,4.17,f,27,0.398,
3712,5,628,car,,2026-05-07 13:14:03.94614+02,2026-05-07 13:14:06.219194+02,2.27,f,15,0.335,
3713,5,628,car,,2026-05-07 13:14:09.954502+02,2026-05-07 13:14:33.978582+02,24.02,f,16,0.345,
3714,5,628,car,,2026-05-07 13:14:34.78235+02,2026-05-07 13:14:37.043223+02,2.26,f,15,0.343,
3716,5,628,car,,2026-05-07 13:14:37.681677+02,2026-05-07 13:14:47.200325+02,9.52,f,60,0.339,
3715,5,638,car,,2026-05-07 13:14:37.841842+02,2026-05-07 13:14:40.108533+02,2.27,f,15,0.338,
3717,5,637,car,,2026-05-07 13:14:40.269502+02,2026-05-07 13:14:47.200325+02,6.93,f,44,0.408,
3719,5,647,car,Kafasan L3,2026-05-07 13:14:40.435455+02,2026-05-07 13:15:18.853532+02,38.42,f,106,0.846,
3721,5,657,car,,2026-05-07 13:15:31.965828+02,2026-05-07 13:15:58.282723+02,26.32,f,33,0.34,
3720,5,659,car,,2026-05-07 13:15:32.780904+02,2026-05-07 13:15:35.649201+02,2.87,f,19,0.331,
3722,5,666,car,Kafasan L2,2026-05-07 13:15:35.162909+02,2026-05-07 13:15:59.0995+02,23.94,f,18,0.813,
3723,5,668,car,,2026-05-07 13:16:07.437811+02,2026-05-07 13:16:10.800416+02,3.36,f,22,0.321,
3724,5,672,car,,2026-05-07 13:16:11.120222+02,2026-05-07 13:16:14.820059+02,3.7,f,24,0.381,
3725,5,672,car,,2026-05-07 13:16:16.592841+02,2026-05-07 13:16:41.361404+02,24.77,f,20,0.354,
3726,5,672,car,,2026-05-07 13:16:51.34967+02,2026-05-07 13:16:54.419189+02,3.07,f,20,0.352,
3727,5,699,car,Kafasan L2,2026-05-07 13:16:51.515437+02,2026-05-07 13:16:54.419189+02,2.9,f,19,0.857,
3728,5,700,car,Kafasan L2,2026-05-07 13:16:51.515437+02,2026-05-07 13:16:54.419189+02,2.9,f,19,0.828,
3729,5,672,car,,2026-05-07 13:17:21.626674+02,2026-05-07 13:17:34.56973+02,12.94,f,82,0.345,
3730,5,707,car,,2026-05-07 13:17:22.281052+02,2026-05-07 13:17:34.727882+02,12.45,f,79,0.449,
3731,5,707,car,,2026-05-07 13:17:38.101411+02,2026-05-07 13:17:40.371801+02,2.27,f,15,0.405,
3732,5,713,car,,2026-05-07 13:17:38.749618+02,2026-05-07 13:18:41.216401+02,62.47,f,15,0.367,
3733,5,672,car,,2026-05-07 13:18:57.671005+02,2026-05-07 13:19:00.771126+02,3.1,f,20,0.352,
3734,5,727,car,Kafasan L2,2026-05-07 13:18:57.830601+02,2026-05-07 13:19:00.771126+02,2.94,f,19,0.857,
3735,5,728,car,Kafasan L2,2026-05-07 13:18:57.830601+02,2026-05-07 13:19:00.771126+02,2.94,f,19,0.828,
3736,5,672,car,,2026-05-07 13:19:06.459559+02,2026-05-07 13:19:19.632285+02,13.17,f,82,0.345,
3737,5,735,car,,2026-05-07 13:19:07.116548+02,2026-05-07 13:19:19.796406+02,12.68,f,79,0.449,
3738,5,735,car,,2026-05-07 13:19:23.251236+02,2026-05-07 13:19:25.532241+02,2.28,f,15,0.405,
3739,5,741,car,,2026-05-07 13:19:23.905853+02,2026-05-07 13:19:26.222614+02,2.32,f,15,0.367,
3740,5,735,car,,2026-05-07 13:19:27.854086+02,2026-05-07 13:19:31.433341+02,3.58,f,23,0.403,
3743,5,672,car,,2026-05-07 13:19:34.232842+02,2026-05-07 13:19:40.084379+02,5.85,f,37,0.327,
3742,5,735,car,,2026-05-07 13:19:35.703151+02,2026-05-07 13:19:39.427655+02,3.72,f,24,0.422,
3741,5,753,car,,2026-05-07 13:19:35.866061+02,2026-05-07 13:19:39.427655+02,3.56,f,23,0.339,
3744,5,735,car,,2026-05-07 13:19:44.063723+02,2026-05-07 13:19:47.432543+02,3.37,f,21,0.407,
3745,5,753,car,,2026-05-07 13:19:45.214992+02,2026-05-07 13:19:52.977247+02,7.76,f,48,0.372,
3746,5,672,car,,2026-05-07 13:19:45.214992+02,2026-05-07 13:19:53.304183+02,8.09,f,50,0.38,
3747,5,672,car,,2026-05-07 13:19:57.862591+02,2026-05-07 13:20:00.167623+02,2.31,f,15,0.346,
3748,5,753,car,,2026-05-07 13:19:57.862591+02,2026-05-07 13:20:00.167623+02,2.31,f,15,0.339,
3749,5,756,car,,2026-05-07 13:19:58.037618+02,2026-05-07 13:20:01.147811+02,3.11,f,20,0.395,
3750,5,756,car,,2026-05-07 13:20:06.434077+02,2026-05-07 13:20:17.138355+02,10.7,f,66,0.387,
3751,5,756,car,,2026-05-07 13:20:18.932566+02,2026-05-07 13:20:21.89749+02,2.96,f,19,0.421,
3753,5,756,car,,2026-05-07 13:20:22.232572+02,2026-05-07 13:20:43.623173+02,21.39,f,127,0.411,
3752,5,766,car,Kafasan L2,2026-05-07 13:20:34.586639+02,2026-05-07 13:20:40.483311+02,5.9,f,37,0.85,
3755,5,756,car,,2026-05-07 13:20:43.948571+02,2026-05-07 13:21:19.986037+02,36.04,f,91,0.446,
3756,5,768,car,,2026-05-07 13:21:11.454495+02,2026-05-07 13:21:20.801837+02,9.35,f,58,0.349,
3754,5,776,car,,2026-05-07 13:21:16.391223+02,2026-05-07 13:21:19.986037+02,3.59,f,23,0.338,
3757,5,756,car,,2026-05-07 13:21:24.932206+02,2026-05-07 13:21:34.44839+02,9.52,f,59,0.406,
3758,5,756,car,,2026-05-07 13:21:45.155685+02,2026-05-07 13:21:48.905008+02,3.75,f,23,0.403,
3761,5,783,car,,2026-05-07 13:21:51.721724+02,2026-05-07 13:21:57.691193+02,5.97,f,37,0.327,
3760,5,756,car,,2026-05-07 13:21:53.221529+02,2026-05-07 13:21:57.032983+02,3.81,f,24,0.422,
3759,5,787,car,,2026-05-07 13:21:53.383806+02,2026-05-07 13:21:57.032983+02,3.65,f,23,0.339,
3762,5,756,car,,2026-05-07 13:22:01.663152+02,2026-05-07 13:22:05.026268+02,3.36,f,21,0.407,
3763,5,787,car,,2026-05-07 13:22:02.843506+02,2026-05-07 13:22:10.62641+02,7.78,f,48,0.372,
3764,5,783,car,,2026-05-07 13:22:02.843506+02,2026-05-07 13:22:10.958799+02,8.12,f,50,0.38,
3765,5,787,car,,2026-05-07 13:22:15.60804+02,2026-05-07 13:22:17.927376+02,2.32,f,15,0.339,
3766,5,783,car,,2026-05-07 13:22:15.60804+02,2026-05-07 13:22:17.927376+02,2.32,f,15,0.346,
3767,5,790,car,,2026-05-07 13:22:15.772693+02,2026-05-07 13:22:18.916291+02,3.14,f,20,0.395,
3768,5,790,car,,2026-05-07 13:22:24.238836+02,2026-05-07 13:22:35.006143+02,10.77,f,66,0.387,
3769,5,790,car,,2026-05-07 13:22:36.815571+02,2026-05-07 13:22:39.809739+02,2.99,f,19,0.421,
3771,5,790,car,,2026-05-07 13:22:40.164154+02,2026-05-07 13:23:00.959673+02,20.8,f,127,0.411,
3770,5,800,car,Kafasan L2,2026-05-07 13:22:51.878321+02,2026-05-07 13:22:57.805944+02,5.93,f,37,0.85,
3773,5,790,car,,2026-05-07 13:23:01.292245+02,2026-05-07 13:23:16.169422+02,14.88,f,91,0.446,
3774,5,802,car,,2026-05-07 13:23:07.592485+02,2026-05-07 13:23:16.99812+02,9.41,f,58,0.349,
3772,5,810,car,,2026-05-07 13:23:12.525078+02,2026-05-07 13:23:16.169422+02,3.64,f,23,0.338,
3775,5,790,car,,2026-05-07 13:23:21.142263+02,2026-05-07 13:23:30.716965+02,9.57,f,59,0.406,
3776,5,790,car,,2026-05-07 13:23:37.653311+02,2026-05-07 13:24:00.621895+02,22.97,f,125,0.433,
3777,5,820,truck,Kafasan L2,2026-05-07 13:23:48.318162+02,2026-05-07 13:24:05.801353+02,17.48,f,106,0.853,lane_switch:Kafasan L2>Kafasan L1>Kafasan L2
3778,5,790,car,,2026-05-07 13:24:01.124494+02,2026-05-07 13:24:07.963245+02,6.84,f,42,0.458,
3779,5,790,car,,2026-05-07 13:24:10.281076+02,2026-05-07 13:24:17.264352+02,6.98,f,43,0.431,
3780,5,839,truck,Kafasan L2,2026-05-07 13:24:11.447543+02,2026-05-07 13:24:21.252224+02,9.8,f,60,0.778,lane_switch:Kafasan L2>Kafasan L1>Kafasan L2
3781,5,790,car,,2026-05-07 13:24:17.596091+02,2026-05-07 13:24:28.846962+02,11.25,f,69,0.399,
3782,5,790,car,,2026-05-07 13:24:29.182985+02,2026-05-07 13:24:46.627008+02,17.44,f,93,0.414,
3788,5,871,car,Kafasan L1,2026-05-07 13:24:39.335748+02,2026-05-07 13:26:27.312935+02,107.98,f,259,0.805,
3783,5,790,car,,2026-05-07 13:24:46.963609+02,2026-05-07 13:24:49.262848+02,2.3,f,15,0.423,
3785,5,790,car,,2026-05-07 13:24:50.4209+02,2026-05-07 13:26:12.663827+02,82.24,f,103,0.421,
3784,5,919,car,Kafasan L2,2026-05-07 13:24:55.039856+02,2026-05-07 13:25:59.038486+02,64,f,24,0.827,
3786,5,790,car,,2026-05-07 13:26:12.996144+02,2026-05-07 13:26:15.294608+02,2.3,f,15,0.423,
3790,5,790,car,,2026-05-07 13:26:16.448155+02,2026-05-07 13:26:29.146225+02,12.7,f,78,0.416,
3787,5,975,car,Kafasan L2,2026-05-07 13:26:21.044075+02,2026-05-07 13:26:24.829653+02,3.79,f,24,0.827,
3789,5,979,truck,Kafasan L2,2026-05-07 13:26:23.666612+02,2026-05-07 13:26:28.646513+02,4.98,f,31,0.819,
3793,5,871,car,Kafasan L1,2026-05-07 13:26:29.146225+02,2026-05-07 13:26:48.254298+02,19.11,f,116,0.799,
3791,5,790,car,,2026-05-07 13:26:29.967013+02,2026-05-07 13:26:35.249755+02,5.28,f,33,0.396,
3792,5,999,car,Kafasan L3,2026-05-07 13:26:33.747061+02,2026-05-07 13:26:36.565171+02,2.82,f,18,0.827,lane_switch:Kafasan L3>Kafasan L2
3798,5,790,car,,2026-05-07 13:26:37.073299+02,2026-05-07 13:26:58.804985+02,21.73,f,131,0.426,
3794,5,1030,car,,2026-05-07 13:26:45.043064+02,2026-05-07 13:26:49.092161+02,4.05,f,25,0.356,
3795,5,1034,truck,Kafasan L2,2026-05-07 13:26:46.073845+02,2026-05-07 13:26:49.590969+02,3.52,f,22,0.85,lane_switch:Kafasan L2>Kafasan L1>Kafasan L2
3796,5,1040,car,Kafasan L3,2026-05-07 13:26:48.086737+02,2026-05-07 13:26:50.58309+02,2.5,f,16,0.772,lane_switch:Kafasan L3>Kafasan L2
3797,5,871,car,Kafasan L1,2026-05-07 13:26:49.25706+02,2026-05-07 13:26:52.896166+02,3.64,f,23,0.835,lane_switch:Kafasan L1>Kafasan L2
3800,5,790,car,,2026-05-07 13:26:59.458885+02,2026-05-07 13:27:24.09458+02,24.64,f,137,0.392,
3799,5,1057,truck,Kafasan L2,2026-05-07 13:27:21.150901+02,2026-05-07 13:27:23.927948+02,2.78,f,18,0.858,
3804,5,1058,car,Kafasan L1,2026-05-07 13:27:23.602447+02,2026-05-07 13:27:43.238143+02,19.64,f,120,0.797,
3801,5,790,car,,2026-05-07 13:27:25.081607+02,2026-05-07 13:27:27.717604+02,2.64,f,17,0.407,
3802,5,790,car,,2026-05-07 13:27:28.051851+02,2026-05-07 13:27:31.500028+02,3.45,f,22,0.391,
3803,5,1069,car,Kafasan L3,2026-05-07 13:27:29.038172+02,2026-05-07 13:27:31.832707+02,2.79,f,18,0.836,lane_switch:Kafasan L3>Kafasan L2
3809,5,790,car,,2026-05-07 13:27:32.330652+02,2026-05-07 13:27:53.650149+02,21.32,f,130,0.426,
3805,5,1099,car,,2026-05-07 13:27:40.27248+02,2026-05-07 13:27:44.059829+02,3.79,f,24,0.359,
3806,5,1108,truck,Kafasan L2,2026-05-07 13:27:41.265939+02,2026-05-07 13:27:44.742221+02,3.48,f,22,0.839,lane_switch:Kafasan L2>Kafasan L1>Kafasan L2>Kafasan L1>Kafasan L2
3807,5,1114,car,Kafasan L3,2026-05-07 13:27:43.068656+02,2026-05-07 13:27:45.571552+02,2.5,f,16,0.77,lane_switch:Kafasan L3>Kafasan L2
3808,5,1058,car,Kafasan L1,2026-05-07 13:27:44.400841+02,2026-05-07 13:27:47.896981+02,3.5,f,22,0.836,lane_switch:Kafasan L1>Kafasan L2
3812,5,790,car,,2026-05-07 13:27:54.140275+02,2026-05-07 13:28:37.901676+02,43.76,f,251,0.403,
3811,5,1099,car,,2026-05-07 13:28:18.916269+02,2026-05-07 13:28:22.41707+02,3.5,f,22,0.385,
3810,5,1137,car,Kafasan L3,2026-05-07 13:28:19.078771+02,2026-05-07 13:28:21.579563+02,2.5,f,16,0.841,lane_switch:Kafasan L3>Kafasan L2
3813,5,1154,car,Kafasan L3,2026-05-07 13:28:37.400398+02,2026-05-07 13:28:40.261185+02,2.86,f,18,0.758,
3814,5,1099,car,,2026-05-07 13:28:37.736888+02,2026-05-07 13:28:44.020526+02,6.28,f,31,0.373,
3816,5,790,car,,2026-05-07 13:28:38.243087+02,2026-05-07 13:28:45.704241+02,7.46,f,38,0.418,
3817,5,1158,truck,Kafasan L2,2026-05-07 13:28:39.918425+02,2026-05-07 13:28:46.545617+02,6.63,f,33,0.827,lane_switch:Kafasan L2>Kafasan L1>Kafasan L2>Kafasan L1
3815,5,1154,car,Kafasan L3,2026-05-07 13:28:41.856196+02,2026-05-07 13:28:45.536453+02,3.68,f,23,0.861,
3818,5,790,car,,2026-05-07 13:28:46.377249+02,2026-05-07 13:28:50.890846+02,4.51,f,28,0.391,
3821,5,790,car,,2026-05-07 13:28:51.228965+02,2026-05-07 13:29:16.330762+02,25.1,f,138,0.418,
3820,5,1172,car,,2026-05-07 13:28:52.894121+02,2026-05-07 13:29:00.958034+02,8.06,f,35,0.363,
3819,5,1182,car,Kafasan L3,2026-05-07 13:28:53.896916+02,2026-05-07 13:28:56.24306+02,2.35,f,15,0.818,lane_switch:Kafasan L3>Kafasan L2
3822,5,1205,car,Kafasan L3,2026-05-07 13:29:15.832283+02,2026-05-07 13:29:18.64765+02,2.82,f,18,0.758,
3823,5,1172,car,,2026-05-07 13:29:16.162942+02,2026-05-07 13:29:21.141731+02,4.98,f,31,0.373,
3825,5,790,car,,2026-05-07 13:29:16.666715+02,2026-05-07 13:29:22.787846+02,6.12,f,38,0.418,
3826,5,1209,truck,Kafasan L2,2026-05-07 13:29:18.313835+02,2026-05-07 13:29:23.623125+02,5.31,f,33,0.827,lane_switch:Kafasan L2>Kafasan L1>Kafasan L2>Kafasan L1
3824,5,1205,car,Kafasan L3,2026-05-07 13:29:18.985993+02,2026-05-07 13:29:22.621902+02,3.64,f,23,0.861,
3827,5,790,car,,2026-05-07 13:29:23.45703+02,2026-05-07 13:29:27.949345+02,4.49,f,28,0.391,
3830,5,790,car,,2026-05-07 13:29:28.279922+02,2026-05-07 13:29:45.980689+02,17.7,f,94,0.408,
3829,5,1223,car,,2026-05-07 13:29:29.945114+02,2026-05-07 13:29:37.745866+02,7.8,f,34,0.353,
3828,5,1233,car,Kafasan L3,2026-05-07 13:29:30.940968+02,2026-05-07 13:29:33.266075+02,2.33,f,15,0.818,lane_switch:Kafasan L3>Kafasan L2
3832,5,790,car,,2026-05-07 13:29:46.308962+02,2026-05-07 13:30:12.198124+02,25.89,f,158,0.408,
3831,5,1262,truck,Kafasan L2,2026-05-07 13:29:49.574896+02,2026-05-07 13:29:54.413907+02,4.84,f,30,0.828,lane_switch:Kafasan L2>Kafasan L1>Kafasan L2
3833,5,1281,car,Kafasan L3,2026-05-07 13:30:11.707411+02,2026-05-07 13:30:14.490227+02,2.78,f,18,0.758,
3834,5,1266,car,,2026-05-07 13:30:12.037177+02,2026-05-07 13:30:16.936065+02,4.9,f,31,0.373,
3836,5,790,car,,2026-05-07 13:30:12.52715+02,2026-05-07 13:30:18.591745+02,6.06,f,38,0.418,
3837,5,1285,truck,Kafasan L2,2026-05-07 13:30:14.159385+02,2026-05-07 13:30:19.427172+02,5.27,f,33,0.827,lane_switch:Kafasan L2>Kafasan L1>Kafasan L2>Kafasan L1
3835,5,1281,car,Kafasan L3,2026-05-07 13:30:14.81794+02,2026-05-07 13:30:18.424256+02,3.61,f,23,0.861,
3838,5,790,car,,2026-05-07 13:30:19.261757+02,2026-05-07 13:30:23.68329+02,4.42,f,28,0.391,
3841,5,790,car,,2026-05-07 13:30:24.006573+02,2026-05-07 13:30:41.737395+02,17.73,f,94,0.408,
3840,5,1299,car,,2026-05-07 13:30:25.635968+02,2026-05-07 13:30:33.379369+02,7.74,f,34,0.353,
3839,5,1309,car,Kafasan L3,2026-05-07 13:30:26.610269+02,2026-05-07 13:30:28.908345+02,2.3,f,15,0.818,lane_switch:Kafasan L3>Kafasan L2
3845,5,790,car,,2026-05-07 13:30:42.071235+02,2026-05-07 13:31:06.434542+02,24.36,f,148,0.403,
3842,5,1338,truck,Kafasan L2,2026-05-07 13:30:45.388499+02,2026-05-07 13:30:50.226155+02,4.84,f,30,0.828,lane_switch:Kafasan L2>Kafasan L1>Kafasan L2
3843,5,1351,car,,2026-05-07 13:30:53.031848+02,2026-05-07 13:30:55.336963+02,2.31,f,15,0.343,
3844,5,1360,car,Kafasan L2,2026-05-07 13:30:54.67412+02,2026-05-07 13:30:57.822226+02,3.15,f,20,0.842,
3846,5,790,car,,2026-05-07 13:31:10.58217+02,2026-05-07 13:31:15.177293+02,4.6,f,21,0.422,
3847,5,790,car,,2026-05-07 13:31:15.521604+02,2026-05-07 13:31:41.609444+02,26.09,f,144,0.387,
3851,5,790,car,,2026-05-07 13:31:41.945617+02,2026-05-07 13:32:07.748831+02,25.8,f,148,0.403,
3848,5,1403,truck,Kafasan L2,2026-05-07 13:31:45.281804+02,2026-05-07 13:31:50.452877+02,5.17,f,30,0.828,lane_switch:Kafasan L2>Kafasan L1>Kafasan L2
3849,5,1416,car,,2026-05-07 13:31:53.477441+02,2026-05-07 13:31:55.926748+02,2.45,f,15,0.343,
3850,5,1425,car,Kafasan L2,2026-05-07 13:31:55.227725+02,2026-05-07 13:31:58.588418+02,3.36,f,20,0.842,
3852,5,790,car,,2026-05-07 13:32:12.153108+02,2026-05-07 13:32:15.694525+02,3.54,f,21,0.422,
3853,5,790,car,,2026-05-07 13:32:16.053966+02,2026-05-07 13:32:36.314112+02,20.26,f,104,0.378,
3854,5,1416,car,,2026-05-07 13:32:34.818343+02,2026-05-07 13:32:37.145434+02,2.33,f,15,0.368,
3857,5,790,car,,2026-05-07 13:32:39.822724+02,2026-05-07 13:33:02.925924+02,23.1,f,133,0.412,
3855,5,1416,car,,2026-05-07 13:32:50.145223+02,2026-05-07 13:32:52.783152+02,2.64,f,16,0.338,
3856,5,1451,car,Kafasan L2,2026-05-07 13:32:51.195824+02,2026-05-07 13:32:55.212778+02,4.02,f,24,0.818,
3858,5,790,car,,2026-05-07 13:33:08.649752+02,2026-05-07 13:33:32.501167+02,23.85,f,127,0.387,
3859,5,1416,car,,2026-05-07 13:33:31.033679+02,2026-05-07 13:33:33.312405+02,2.28,f,15,0.368,
3860,5,790,car,,2026-05-07 13:33:35.899293+02,2026-05-07 13:33:48.362332+02,12.46,f,75,0.415,
3862,5,790,car,,2026-05-07 13:33:51.854249+02,2026-05-07 13:33:56.346786+02,4.49,f,26,0.414,
3861,5,1489,car,Kafasan L3,2026-05-07 13:33:52.042564+02,2026-05-07 13:33:55.155381+02,3.11,f,18,0.781,lane_switch:Kafasan L3>Kafasan L2
3863,5,790,car,,2026-05-07 13:33:56.857669+02,2026-05-07 13:33:59.973497+02,3.12,f,19,0.377,
3868,5,1498,truck,Kafasan L1,2026-05-07 13:33:59.464444+02,2026-05-07 13:35:34.290581+02,94.83,f,201,0.899,lane_switch:Kafasan L1>Kafasan L2>Kafasan L1>Kafasan L2>Kafasan L1
3864,5,790,car,,2026-05-07 13:34:00.485575+02,2026-05-07 13:34:06.652767+02,6.17,f,37,0.393,
3866,5,1535,car,,2026-05-07 13:34:27.104046+02,2026-05-07 13:34:32.685383+02,5.58,f,33,0.349,
3867,5,1505,car,,2026-05-07 13:34:27.104046+02,2026-05-07 13:35:33.962934+02,66.86,f,40,0.442,
3873,5,2,car,,2026-05-07 13:34:31.323291+02,2026-05-07 13:36:14.52879+02,103.21,f,249,0.554,
3870,5,1505,car,,2026-05-07 13:35:38.220619+02,2026-05-07 13:35:42.274904+02,4.05,f,26,0.414,
3869,5,1537,car,Kafasan L3,2026-05-07 13:35:38.383839+02,2026-05-07 13:35:41.144653+02,2.76,f,18,0.781,lane_switch:Kafasan L3>Kafasan L2
3871,5,1505,car,,2026-05-07 13:35:42.77147+02,2026-05-07 13:35:45.69733+02,2.93,f,19,0.377,
3889,5,1546,truck,Kafasan L1,2026-05-07 13:35:45.204824+02,2026-05-07 13:38:48.464736+02,183.26,f,734,0.922,lane_switch:Kafasan L1>Kafasan L2>Kafasan L1>Kafasan L2>Kafasan L1>Kafasan L2>Kafasan L1>Kafasan L2>Kafasan L1>Kafasan L2>Kafasan L1>Kafasan L2
3872,5,1505,car,,2026-05-07 13:35:46.187177+02,2026-05-07 13:35:52.054529+02,5.87,f,37,0.393,
3874,5,1583,car,,2026-05-07 13:36:10.99546+02,2026-05-07 13:36:16.158546+02,5.16,f,33,0.349,
3875,5,1553,car,,2026-05-07 13:36:10.99546+02,2026-05-07 13:36:17.291878+02,6.3,f,40,0.442,
3890,5,2,car,,2026-05-07 13:36:14.857401+02,2026-05-07 13:38:48.63051+02,153.77,f,552,0.552,
3876,5,1584,car,,2026-05-07 13:36:24.2462+02,2026-05-07 13:36:27.495629+02,3.25,f,21,0.421,
3878,5,1584,car,,2026-05-07 13:36:28.137632+02,2026-05-07 13:36:37.83341+02,9.7,f,60,0.421,
3877,5,1583,car,,2026-05-07 13:36:30.726454+02,2026-05-07 13:36:33.625826+02,2.9,f,19,0.37,
3879,5,1583,car,,2026-05-07 13:36:40.268644+02,2026-05-07 13:36:43.010285+02,2.74,f,18,0.362,
3880,5,1584,car,,2026-05-07 13:36:40.268644+02,2026-05-07 13:36:49.415395+02,9.15,f,57,0.419,
3881,5,1583,car,,2026-05-07 13:36:47.301365+02,2026-05-07 13:36:51.039436+02,3.74,f,24,0.37,
3882,5,1592,car,,2026-05-07 13:36:53.473338+02,2026-05-07 13:36:55.746927+02,2.27,f,15,0.348,
3883,5,1584,car,,2026-05-07 13:37:23.576574+02,2026-05-07 13:37:27.269216+02,3.69,f,24,0.417,
3885,5,1601,car,,2026-05-07 13:37:29.223668+02,2026-05-07 13:37:37.780848+02,8.56,f,54,0.361,
3884,5,1604,car,,2026-05-07 13:37:32.119889+02,2026-05-07 13:37:36.641263+02,4.52,f,29,0.376,
3886,5,1604,car,,2026-05-07 13:38:03.002506+02,2026-05-07 13:38:10.678022+02,7.68,f,49,0.367,
3887,5,1601,car,,2026-05-07 13:38:06.034053+02,2026-05-07 13:38:11.321062+02,5.29,f,34,0.362,
3888,5,1601,car,,2026-05-07 13:38:17.09408+02,2026-05-07 13:38:42.858755+02,25.76,f,26,0.325,
3891,5,1618,car,Kafasan L3,2026-05-07 13:38:47.812367+02,2026-05-07 13:38:50.905002+02,3.09,f,20,0.787,
3893,5,2,car,,2026-05-07 13:38:52.665884+02,2026-05-07 13:39:41.555325+02,48.89,f,171,0.528,
3892,5,1629,car,,2026-05-07 13:39:34.793888+02,2026-05-07 13:39:38.962919+02,4.17,f,27,0.477,
3899,5,2,car,,2026-05-07 13:39:41.879974+02,2026-05-07 13:40:17.887055+02,36.01,f,90,0.549,
3894,5,1633,car,,2026-05-07 13:39:43.798357+02,2026-05-07 13:40:12.267297+02,28.47,f,43,0.373,
3895,5,1636,truck,,2026-05-07 13:40:06.519871+02,2026-05-07 13:40:12.267297+02,5.75,f,37,0.65,
3898,5,1631,car,,2026-05-07 13:40:06.83713+02,2026-05-07 13:40:16.101908+02,9.26,f,59,0.376,
3896,5,1637,truck,,2026-05-07 13:40:12.593041+02,2026-05-07 13:40:15.457954+02,2.86,f,19,0.907,
3897,5,1638,car,,2026-05-07 13:40:12.593041+02,2026-05-07 13:40:15.457954+02,2.86,f,19,0.312,
3900,5,1639,truck,Kafasan L1,2026-05-07 13:40:15.778436+02,2026-05-07 13:40:18.870996+02,3.09,f,20,0.932,lane_switch:Kafasan L1>Kafasan L2
3901,5,1642,car,Kafasan L2,2026-05-07 13:40:17.238473+02,2026-05-07 13:40:20.486952+02,3.25,f,21,0.836,lane_switch:Kafasan L2>Kafasan L3
3905,5,2,car,,2026-05-07 13:40:23.567212+02,2026-05-07 13:41:12.394118+02,48.83,f,169,0.47,
3902,5,1633,car,,2026-05-07 13:40:48.174237+02,2026-05-07 13:40:53.791621+02,5.62,f,36,0.402,
3904,5,1633,car,,2026-05-07 13:40:57.63561+02,2026-05-07 13:41:03.607372+02,5.97,f,38,0.33,
3903,5,1655,car,,2026-05-07 13:40:57.799211+02,2026-05-07 13:41:01.199926+02,3.4,f,22,0.306,
3907,5,1633,car,,2026-05-07 13:41:03.933891+02,2026-05-07 13:41:14.019416+02,10.09,f,63,0.4,
3906,5,1657,car,,2026-05-07 13:41:11.262941+02,2026-05-07 13:41:13.856229+02,2.59,f,17,0.336,
3909,5,2,car,,2026-05-07 13:41:12.721212+02,2026-05-07 13:41:30.771125+02,18.05,f,105,0.548,
3908,5,1656,car,,2026-05-07 13:41:14.019416+02,2026-05-07 13:41:27.036759+02,13.02,f,82,0.338,
3910,5,1633,car,,2026-05-07 13:41:14.8156+02,2026-05-07 13:41:32.896858+02,18.08,f,105,0.335,
3911,5,1664,car,Kafasan L2,2026-05-07 13:41:30.447632+02,2026-05-07 13:41:33.386319+02,2.94,f,19,0.839,
3912,5,2,car,,2026-05-07 13:41:33.386319+02,2026-05-07 13:41:36.606855+02,3.22,f,21,0.511,
3913,5,1633,car,,2026-05-07 13:41:34.998118+02,2026-05-07 13:41:37.919931+02,2.92,f,19,0.411,
3919,5,2,car,,2026-05-07 13:41:38.083463+02,2026-05-07 13:43:15.295365+02,97.21,f,206,0.52,
3914,5,1633,car,,2026-05-07 13:41:40.556782+02,2026-05-07 13:41:44.13317+02,3.58,f,23,0.383,
3915,5,1656,car,,2026-05-07 13:41:45.099712+02,2026-05-07 13:42:50.640884+02,65.54,f,34,0.309,
3917,5,1678,car,,2026-05-07 13:42:55.191714+02,2026-05-07 13:43:00.087472+02,4.9,f,32,0.415,
3916,5,1680,car,,2026-05-07 13:42:57.389+02,2026-05-07 13:42:59.932058+02,2.54,f,17,0.336,
3918,5,1681,car,,2026-05-07 13:43:00.087472+02,2026-05-07 13:43:12.883739+02,12.8,f,82,0.338,
3920,5,1678,car,,2026-05-07 13:43:00.888846+02,2026-05-07 13:43:17.36527+02,16.48,f,105,0.335,
3921,5,1686,car,Kafasan L2,2026-05-07 13:43:14.979135+02,2026-05-07 13:43:17.844639+02,2.87,f,19,0.839,
3922,5,2,car,,2026-05-07 13:43:17.844639+02,2026-05-07 13:43:21.065682+02,3.22,f,21,0.511,
3923,5,1678,car,,2026-05-07 13:43:19.451723+02,2026-05-07 13:43:22.35488+02,2.9,f,19,0.411,
3926,5,2,car,,2026-05-07 13:43:22.513586+02,2026-05-07 13:43:37.651731+02,15.14,f,96,0.504,
3924,5,1678,car,,2026-05-07 13:43:24.913065+02,2026-05-07 13:43:28.40346+02,3.49,f,23,0.383,
3925,5,1681,car,,2026-05-07 13:43:29.35931+02,2026-05-07 13:43:34.625402+02,5.27,f,34,0.309,
3927,5,1701,truck,,2026-05-07 13:43:37.977417+02,2026-05-07 13:43:42.385099+02,4.41,f,28,0.866,
3928,5,1702,car,,2026-05-07 13:43:37.977417+02,2026-05-07 13:43:42.385099+02,4.41,f,28,0.458,
3929,5,1700,truck,Kafasan L1,2026-05-07 13:43:37.977417+02,2026-05-07 13:43:43.204468+02,5.23,f,33,0.936,lane_switch:Kafasan L1>Kafasan L2
3930,5,2,car,,2026-05-07 13:43:44.182309+02,2026-05-07 13:43:53.216427+02,9.03,f,57,0.529,
3931,5,1713,car,,2026-05-07 13:43:47.70902+02,2026-05-07 13:43:55.106885+02,7.4,f,46,0.372,
3970,5,2,car,,2026-05-07 13:43:53.705799+02,2026-05-07 13:49:29.328907+02,335.62,f,1136,0.553,
3932,5,1713,car,,2026-05-07 13:43:56.71352+02,2026-05-07 13:44:03.488769+02,6.78,f,43,0.361,
3933,5,1725,car,,2026-05-07 13:44:03.815337+02,2026-05-07 13:44:08.938241+02,5.12,f,33,0.355,
3935,5,1732,truck,Kafasan L2,2026-05-07 13:44:07.980091+02,2026-05-07 13:44:11.903317+02,3.92,f,25,0.876,lane_switch:Kafasan L2>Kafasan L1
3934,5,1713,car,,2026-05-07 13:44:08.139513+02,2026-05-07 13:44:11.567273+02,3.43,f,22,0.38,
3938,5,1713,car,,2026-05-07 13:44:16.940774+02,2026-05-07 13:44:36.417472+02,19.48,f,113,0.361,
3936,5,1725,car,,2026-05-07 13:44:20.991839+02,2026-05-07 13:44:30.314121+02,9.32,f,59,0.361,
3937,5,1753,car,,2026-05-07 13:44:28.864345+02,2026-05-07 13:44:32.745042+02,3.88,f,25,0.321,
3939,5,1713,car,,2026-05-07 13:44:45.025172+02,2026-05-07 13:44:47.281952+02,2.26,f,15,0.373,
3941,5,1725,car,,2026-05-07 13:44:47.444798+02,2026-05-07 13:44:55.835605+02,8.39,f,53,0.335,
3940,5,1765,car,,2026-05-07 13:44:48.096109+02,2026-05-07 13:44:55.835605+02,7.74,f,49,0.335,
3942,5,1713,car,,2026-05-07 13:44:48.096109+02,2026-05-07 13:45:18.981216+02,30.89,f,59,0.351,
3943,5,1713,car,,2026-05-07 13:45:26.821247+02,2026-05-07 13:45:32.950405+02,6.13,f,39,0.371,
3944,5,1834,truck,Kafasan L2,2026-05-07 13:45:30.861281+02,2026-05-07 13:45:59.232775+02,28.37,f,43,0.86,
3945,5,1713,car,,2026-05-07 13:45:59.393941+02,2026-05-07 13:46:02.312586+02,2.92,f,19,0.473,
3946,5,1836,car,,2026-05-07 13:45:59.563307+02,2026-05-07 13:46:02.312586+02,2.75,f,18,0.486,
3947,5,1837,car,,2026-05-07 13:45:59.563307+02,2026-05-07 13:46:02.312586+02,2.75,f,18,0.327,
3948,5,1713,car,,2026-05-07 13:46:03.291842+02,2026-05-07 13:46:07.143758+02,3.85,f,25,0.405,
3949,5,1713,car,,2026-05-07 13:46:07.467479+02,2026-05-07 13:46:10.681166+02,3.21,f,21,0.404,
3950,5,1843,car,Kafasan L3,2026-05-07 13:46:08.435044+02,2026-05-07 13:46:10.840268+02,2.41,f,16,0.838,lane_switch:Kafasan L3>Kafasan L2
3955,5,1713,car,,2026-05-07 13:46:16.305415+02,2026-05-07 13:46:58.343879+02,42.04,f,128,0.364,
3951,5,1854,car,,2026-05-07 13:46:17.90357+02,2026-05-07 13:46:41.969033+02,24.07,f,16,0.362,
3952,5,1856,car,,2026-05-07 13:46:18.221999+02,2026-05-07 13:46:45.656278+02,27.43,f,37,0.787,
3953,5,1855,car,Kafasan L2,2026-05-07 13:46:18.221999+02,2026-05-07 13:46:45.656278+02,27.43,f,37,0.837,
3954,5,1858,car,Kafasan L2,2026-05-07 13:46:45.984656+02,2026-05-07 13:46:50.262074+02,4.28,f,28,0.875,
3956,5,1713,car,,2026-05-07 13:46:58.831306+02,2026-05-07 13:47:25.282298+02,26.45,f,31,0.402,
3957,5,1869,car,,2026-05-07 13:47:25.601476+02,2026-05-07 13:47:35.138611+02,9.54,f,61,0.349,
3958,5,1872,car,,2026-05-07 13:47:33.216341+02,2026-05-07 13:47:36.106562+02,2.89,f,19,0.32,
3971,5,1873,truck,Kafasan L2,2026-05-07 13:47:35.463678+02,2026-05-07 13:49:29.652941+02,114.19,f,307,0.937,lane_switch:Kafasan L2>Kafasan L1>Kafasan L2
3959,5,1872,car,,2026-05-07 13:47:42.044612+02,2026-05-07 13:48:06.532865+02,24.49,f,18,0.351,
3962,5,1872,car,,2026-05-07 13:48:11.160309+02,2026-05-07 13:48:20.309383+02,9.15,f,58,0.357,
3960,5,1890,car,,2026-05-07 13:48:11.804209+02,2026-05-07 13:48:15.668203+02,3.86,f,25,0.364,
3961,5,1878,car,,2026-05-07 13:48:12.595872+02,2026-05-07 13:48:15.668203+02,3.07,f,20,0.302,
3964,5,1892,car,,2026-05-07 13:48:23.047709+02,2026-05-07 13:48:50.491889+02,27.44,f,37,0.333,
3963,5,1872,car,,2026-05-07 13:48:23.212623+02,2026-05-07 13:48:48.246768+02,25.03,f,22,0.385,
3965,5,1872,car,,2026-05-07 13:48:49.049178+02,2026-05-07 13:48:56.598819+02,7.55,f,48,0.409,
3966,5,1892,car,,2026-05-07 13:48:53.866253+02,2026-05-07 13:49:00.278167+02,6.41,f,41,0.322,
3967,5,1898,car,,2026-05-07 13:48:56.924335+02,2026-05-07 13:49:01.235961+02,4.31,f,28,0.744,
3968,5,1899,car,,2026-05-07 13:49:01.563038+02,2026-05-07 13:49:05.889836+02,4.33,f,28,0.932,
3969,5,1900,car,,2026-05-07 13:49:01.563038+02,2026-05-07 13:49:05.889836+02,4.33,f,28,0.304,
3979,5,2,car,,2026-05-07 13:49:29.970177+02,2026-05-07 13:52:34.226902+02,184.26,f,251,0.529,
3974,5,1903,car,,2026-05-07 13:49:32.046333+02,2026-05-07 13:50:14.710254+02,42.66,f,132,0.417,
3973,5,1914,car,,2026-05-07 13:49:36.370453+02,2026-05-07 13:50:14.224825+02,37.85,f,102,0.338,
3972,5,1901,car,,2026-05-07 13:49:41.756947+02,2026-05-07 13:50:10.379629+02,28.62,f,44,0.309,
3976,5,1903,car,,2026-05-07 13:50:15.031157+02,2026-05-07 13:50:22.895607+02,7.86,f,50,0.413,
3975,5,1914,car,,2026-05-07 13:50:18.404287+02,2026-05-07 13:50:22.895607+02,4.49,f,29,0.389,
3977,5,1928,car,Kafasan L3,2026-05-07 13:50:21.441446+02,2026-05-07 13:51:30.764682+02,69.32,f,58,0.802,
3978,5,1903,car,,2026-05-07 13:50:27.7289+02,2026-05-07 13:52:33.285418+02,125.56,f,20,0.317,
3980,5,1903,car,,2026-05-07 13:52:35.645954+02,2026-05-07 13:52:44.350288+02,8.7,f,56,0.374,
3984,5,1938,car,,2026-05-07 13:52:36.42824+02,2026-05-07 13:52:56.152377+02,19.72,f,111,0.515,
3983,5,1903,car,,2026-05-07 13:52:44.66819+02,2026-05-07 13:52:55.191631+02,10.52,f,53,0.4,
3981,5,1914,car,,2026-05-07 13:52:49.08406+02,2026-05-07 13:52:52.111952+02,3.03,f,20,0.345,
3982,5,1950,car,Kafasan L3,2026-05-07 13:52:49.08406+02,2026-05-07 13:52:52.434296+02,3.35,f,22,0.827,lane_switch:Kafasan L3>Kafasan L2>Kafasan L3
3985,5,1903,car,,2026-05-07 13:52:57.574405+02,2026-05-07 13:53:13.987136+02,16.41,f,104,0.388,
3989,5,1954,car,,2026-05-07 13:52:58.386536+02,2026-05-07 13:53:25.825759+02,27.44,f,159,0.51,
3988,5,1903,car,,2026-05-07 13:53:14.309551+02,2026-05-07 13:53:24.856049+02,10.55,f,53,0.4,
3986,5,1914,car,,2026-05-07 13:53:18.78078+02,2026-05-07 13:53:21.803389+02,3.02,f,20,0.345,
3987,5,1973,car,Kafasan L3,2026-05-07 13:53:18.78078+02,2026-05-07 13:53:22.122447+02,3.34,f,22,0.827,lane_switch:Kafasan L3>Kafasan L2>Kafasan L3
3991,5,1903,car,,2026-05-07 13:53:27.276436+02,2026-05-07 13:53:43.54139+02,16.26,f,103,0.393,
3990,5,1977,car,,2026-05-07 13:53:28.079738+02,2026-05-07 13:53:41.458193+02,13.38,f,85,0.5,
3992,5,1977,car,,2026-05-07 13:53:41.781701+02,2026-05-07 13:54:07.627985+02,25.85,f,20,0.52,
3993,5,1914,car,,2026-05-07 13:53:42.100779+02,2026-05-07 13:54:11.419046+02,29.32,f,42,0.341,
3994,5,1977,car,,2026-05-07 13:54:08.268294+02,2026-05-07 13:54:12.054527+02,3.79,f,25,0.486,
3995,5,1903,car,,2026-05-07 13:54:09.379698+02,2026-05-07 13:54:28.617891+02,19.24,f,107,0.393,
3998,5,1977,car,,2026-05-07 13:54:13.960916+02,2026-05-07 13:54:33.489329+02,19.53,f,108,0.518,
3997,5,2005,truck,Kafasan L2,2026-05-07 13:54:26.521406+02,2026-05-07 13:54:30.728254+02,4.21,f,27,0.828,lane_switch:Kafasan L2>Kafasan L1>Kafasan L2
3996,5,1914,car,,2026-05-07 13:54:27.006651+02,2026-05-07 13:54:30.237105+02,3.23,f,21,0.349,
3999,5,1903,car,,2026-05-07 13:54:31.861682+02,2026-05-07 13:54:34.30959+02,2.45,f,16,0.385,
4000,5,1914,car,,2026-05-07 13:54:33.32517+02,2026-05-07 13:54:37.425217+02,4.1,f,26,0.347,
4001,5,1977,car,,2026-05-07 13:54:34.144473+02,2026-05-07 13:54:38.079977+02,3.94,f,25,0.486,
4002,5,1903,car,,2026-05-07 13:54:35.293067+02,2026-05-07 13:54:54.871083+02,19.58,f,107,0.393,
4006,5,1977,car,,2026-05-07 13:54:40.022919+02,2026-05-07 13:55:03.490137+02,23.47,f,131,0.517,
4004,5,2023,truck,Kafasan L2,2026-05-07 13:54:52.758097+02,2026-05-07 13:54:56.995176+02,4.24,f,27,0.828,lane_switch:Kafasan L2>Kafasan L1>Kafasan L2
4003,5,1914,car,,2026-05-07 13:54:53.247131+02,2026-05-07 13:54:56.494357+02,3.25,f,21,0.349,
4005,5,1903,car,,2026-05-07 13:54:58.160109+02,2026-05-07 13:55:01.231036+02,3.07,f,20,0.4,
4007,5,1903,car,,2026-05-07 13:55:01.873258+02,2026-05-07 13:55:04.300845+02,2.43,f,16,0.38,
4010,5,1977,car,,2026-05-07 13:55:04.461013+02,2026-05-07 13:55:16.958721+02,12.5,f,78,0.491,
4008,5,1914,car,,2026-05-07 13:55:06.08542+02,2026-05-07 13:55:08.371132+02,2.29,f,15,0.329,
4009,5,1914,car,,2026-05-07 13:55:12.394215+02,2026-05-07 13:55:16.302062+02,3.91,f,25,0.346,
4011,5,1903,car,,2026-05-07 13:55:14.178262+02,2026-05-07 13:55:33.695445+02,19.52,f,107,0.393,
4015,5,1977,car,,2026-05-07 13:55:18.904423+02,2026-05-07 13:55:42.356037+02,23.45,f,131,0.517,
4013,5,2056,truck,Kafasan L2,2026-05-07 13:55:31.587427+02,2026-05-07 13:55:35.834331+02,4.25,f,27,0.828,lane_switch:Kafasan L2>Kafasan L1>Kafasan L2
4012,5,1914,car,,2026-05-07 13:55:32.075292+02,2026-05-07 13:55:35.329224+02,3.25,f,21,0.349,
4014,5,1903,car,,2026-05-07 13:55:36.981691+02,2026-05-07 13:55:40.074731+02,3.09,f,20,0.4,
4016,5,1903,car,,2026-05-07 13:55:40.736394+02,2026-05-07 13:55:43.172497+02,2.44,f,16,0.38,
4019,5,1977,car,,2026-05-07 13:55:43.341556+02,2026-05-07 13:56:22.524667+02,39.18,f,104,0.508,
4017,5,1914,car,,2026-05-07 13:55:44.97248+02,2026-05-07 13:55:47.271476+02,2.3,f,15,0.329,
4018,5,1903,car,,2026-05-07 13:55:50.204122+02,2026-05-07 13:56:15.896567+02,25.69,f,21,0.368,
4021,5,1903,car,,2026-05-07 13:56:20.425534+02,2026-05-07 13:56:24.812505+02,4.39,f,28,0.38,
4020,5,2078,car,,2026-05-07 13:56:20.750992+02,2026-05-07 13:56:23.17703+02,2.43,f,16,0.332,
4040,5,1977,car,,2026-05-07 13:56:22.856191+02,2026-05-07 14:00:38.420233+02,255.56,f,784,0.536,
4022,5,1903,car,,2026-05-07 13:56:26.605543+02,2026-05-07 13:56:30.014007+02,3.41,f,22,0.39,
4023,5,1903,car,,2026-05-07 13:56:30.341024+02,2026-05-07 13:56:32.606548+02,2.27,f,15,0.398,
4024,5,1903,car,,2026-05-07 13:56:54.991682+02,2026-05-07 13:57:03.850954+02,8.86,f,56,0.409,
4025,5,2104,car,Kafasan L2,2026-05-07 13:57:02.566732+02,2026-05-07 13:57:09.140669+02,6.57,f,42,0.736,
4026,5,1903,car,,2026-05-07 13:57:06.414395+02,2026-05-07 13:57:09.303377+02,2.89,f,19,0.345,
4027,5,2104,car,Kafasan L2,2026-05-07 13:57:09.461457+02,2026-05-07 13:57:14.588974+02,5.13,f,33,0.679,lane_switch:Kafasan L2>Kafasan L3
4028,5,1903,car,,2026-05-07 13:57:10.103466+02,2026-05-07 13:57:14.588974+02,4.49,f,29,0.367,
4029,5,1903,car,,2026-05-07 13:57:39.636814+02,2026-05-07 13:57:44.604641+02,4.97,f,32,0.377,
4030,5,1903,car,,2026-05-07 13:57:44.926753+02,2026-05-07 13:57:49.408976+02,4.48,f,29,0.384,
4031,5,1903,car,,2026-05-07 13:57:52.77306+02,2026-05-07 13:58:18.307595+02,25.53,f,25,0.377,
4032,5,1903,car,,2026-05-07 13:58:22.644736+02,2026-05-07 13:59:01.490222+02,38.85,f,108,0.399,
4034,5,1903,car,,2026-05-07 13:59:04.836149+02,2026-05-07 13:59:45.570279+02,40.73,f,120,0.404,
4036,5,2180,truck,Kafasan L2,2026-05-07 13:59:17.439165+02,2026-05-07 13:59:52.618754+02,35.18,f,86,0.79,
4033,5,2174,car,,2026-05-07 13:59:18.400193+02,2026-05-07 13:59:42.531892+02,24.13,f,17,0.357,
4035,5,2188,car,,2026-05-07 13:59:46.532813+02,2026-05-07 13:59:50.070188+02,3.54,f,23,0.321,
4037,5,2191,car,,2026-05-07 13:59:52.940158+02,2026-05-07 13:59:59.255434+02,6.32,f,40,0.392,
4039,5,2193,truck,Kafasan L1,2026-05-07 13:59:56.321812+02,2026-05-07 14:00:25.586055+02,29.26,f,48,0.876,lane_switch:Kafasan L1>Kafasan L2>Kafasan L1>Kafasan L2
4038,5,2191,car,,2026-05-07 14:00:00.068861+02,2026-05-07 14:00:23.980144+02,23.91,f,15,0.359,
4043,5,2191,car,,2026-05-07 14:00:28.643783+02,2026-05-07 14:01:08.817744+02,40.17,f,116,0.374,
4041,5,1977,car,,2026-05-07 14:00:38.742015+02,2026-05-07 14:01:05.744594+02,27,f,34,0.488,
4042,5,1977,car,,2026-05-07 14:01:06.067138+02,2026-05-07 14:01:08.817744+02,2.75,f,18,0.511,
4047,5,1977,car,,2026-05-07 14:01:09.305943+02,2026-05-07 14:01:23.563039+02,14.26,f,89,0.481,
4045,5,2191,car,,2026-05-07 14:01:09.464634+02,2026-05-07 14:01:17.51388+02,8.05,f,51,0.408,
4044,5,2210,car,,2026-05-07 14:01:11.237751+02,2026-05-07 14:01:14.138432+02,2.9,f,19,0.33,
4049,5,2191,car,,2026-05-07 14:01:17.842287+02,2026-05-07 14:02:02.256885+02,44.41,f,143,0.395,
4046,5,2210,car,,2026-05-07 14:01:18.82158+02,2026-05-07 14:01:21.268598+02,2.45,f,16,0.345,
4050,5,1977,car,,2026-05-07 14:01:48.426656+02,2026-05-07 14:02:03.0632+02,14.64,f,92,0.509,
4048,5,2234,car,,2026-05-07 14:01:55.4829+02,2026-05-07 14:01:59.823729+02,4.34,f,28,0.322,
4051,5,2235,car,Kafasan L2,2026-05-07 14:02:00.144618+02,2026-05-07 14:02:03.548197+02,3.4,f,22,0.82,
4061,5,1977,car,,2026-05-07 14:02:04.356261+02,2026-05-07 14:03:25.247547+02,80.89,f,485,0.531,
4052,5,2191,car,,2026-05-07 14:02:04.841304+02,2026-05-07 14:02:07.91431+02,3.07,f,20,0.413,
4053,5,2191,car,,2026-05-07 14:02:13.590895+02,2026-05-07 14:02:30.817376+02,17.23,f,108,0.399,
4055,5,2191,car,,2026-05-07 14:02:34.203903+02,2026-05-07 14:02:53.620042+02,19.42,f,120,0.404,
4057,5,2268,truck,Kafasan L2,2026-05-07 14:02:46.885274+02,2026-05-07 14:03:00.797637+02,13.91,f,86,0.79,
4054,5,2262,car,,2026-05-07 14:02:47.860065+02,2026-05-07 14:02:50.531658+02,2.67,f,17,0.357,
4056,5,2276,car,,2026-05-07 14:02:54.586371+02,2026-05-07 14:02:58.157126+02,3.57,f,23,0.321,
4058,5,2279,car,,2026-05-07 14:03:01.133232+02,2026-05-07 14:03:07.465639+02,6.33,f,40,0.392,
4060,5,2281,truck,Kafasan L1,2026-05-07 14:03:04.540278+02,2026-05-07 14:03:12.241205+02,7.7,f,48,0.876,lane_switch:Kafasan L1>Kafasan L2>Kafasan L1>Kafasan L2
4059,5,2279,car,,2026-05-07 14:03:08.28489+02,2026-05-07 14:03:10.594552+02,2.31,f,15,0.359,
4064,5,2279,car,,2026-05-07 14:03:15.366178+02,2026-05-07 14:03:34.107397+02,18.74,f,116,0.374,
4062,5,1977,car,,2026-05-07 14:03:25.569225+02,2026-05-07 14:03:30.996404+02,5.43,f,34,0.488,
4063,5,1977,car,,2026-05-07 14:03:31.32474+02,2026-05-07 14:03:34.107397+02,2.78,f,18,0.511,
4068,5,1977,car,,2026-05-07 14:03:34.596292+02,2026-05-07 14:03:48.985179+02,14.39,f,89,0.481,
4066,5,2279,car,,2026-05-07 14:03:34.759954+02,2026-05-07 14:03:42.945458+02,8.19,f,51,0.408,
4065,5,2298,car,,2026-05-07 14:03:36.546738+02,2026-05-07 14:03:39.487115+02,2.94,f,19,0.33,
4070,5,2279,car,,2026-05-07 14:03:43.275509+02,2026-05-07 14:04:06.471665+02,23.2,f,143,0.395,
4067,5,2298,car,,2026-05-07 14:03:44.25257+02,2026-05-07 14:03:46.694511+02,2.44,f,16,0.345,
4071,5,1977,car,,2026-05-07 14:03:52.414378+02,2026-05-07 14:04:07.292169+02,14.88,f,92,0.509,
4069,5,2322,car,,2026-05-07 14:03:59.618958+02,2026-05-07 14:04:04.025798+02,4.41,f,28,0.322,
4072,5,2323,car,Kafasan L2,2026-05-07 14:04:04.351452+02,2026-05-07 14:04:07.795493+02,3.44,f,22,0.82,
4073,5,1977,car,,2026-05-07 14:04:08.631579+02,2026-05-07 14:04:16.940697+02,8.31,f,38,0.474,
4077,5,2279,car,,2026-05-07 14:04:09.11731+02,2026-05-07 14:04:23.634242+02,14.52,f,76,0.435,
4074,5,2322,car,,2026-05-07 14:04:14.672308+02,2026-05-07 14:04:17.590529+02,2.92,f,19,0.341,
4076,5,1977,car,,2026-05-07 14:04:17.269248+02,2026-05-07 14:04:23.634242+02,6.36,f,40,0.505,
4075,5,2350,car,Kafasan L2,2026-05-07 14:04:21.021375+02,2026-05-07 14:04:23.467627+02,2.45,f,16,0.769,
4080,5,2279,car,,2026-05-07 14:04:24.953866+02,2026-05-07 14:04:40.470149+02,15.52,f,96,0.405,
4078,5,1977,car,,2026-05-07 14:04:27.056079+02,2026-05-07 14:04:30.317345+02,3.26,f,21,0.501,
4079,5,1977,car,,2026-05-07 14:04:32.296157+02,2026-05-07 14:04:35.567872+02,3.27,f,21,0.471,
4081,5,2369,truck,Kafasan L2,2026-05-07 14:04:37.823024+02,2026-05-07 14:04:41.29655+02,3.47,f,22,0.74,
4082,5,1977,car,,2026-05-07 14:04:38.797316+02,2026-05-07 14:04:42.613552+02,3.82,f,24,0.511,
4084,5,1977,car,,2026-05-07 14:04:44.779782+02,2026-05-07 14:04:50.645419+02,5.87,f,37,0.534,
4083,5,2279,car,,2026-05-07 14:04:45.267279+02,2026-05-07 14:04:48.832617+02,3.57,f,23,0.38,
4085,5,2279,car,,2026-05-07 14:04:51.144226+02,2026-05-07 14:04:58.794094+02,7.65,f,46,0.419,
4089,5,1977,car,,2026-05-07 14:04:59.503334+02,2026-05-07 14:05:30.313705+02,30.81,f,176,0.535,
4087,5,2279,car,,2026-05-07 14:04:59.675383+02,2026-05-07 14:05:04.717859+02,5.04,f,30,0.375,
4086,5,2387,car,,2026-05-07 14:05:00.363512+02,2026-05-07 14:05:02.971143+02,2.61,f,16,0.36,
4088,5,2279,car,,2026-05-07 14:05:05.7484+02,2026-05-07 14:05:27.28381+02,21.54,f,123,0.38,
4090,5,2279,car,,2026-05-07 14:05:27.638745+02,2026-05-07 14:05:32.80336+02,5.16,f,30,0.381,
4101,5,1977,car,,2026-05-07 14:05:30.670273+02,2026-05-07 14:07:24.575524+02,113.91,f,315,0.539,
4091,5,2279,car,,2026-05-07 14:05:34.775031+02,2026-05-07 14:06:03.002268+02,28.23,f,54,0.392,
4092,5,2419,car,,2026-05-07 14:06:04.556365+02,2026-05-07 14:06:06.773919+02,2.22,f,15,0.415,
4093,5,2421,truck,Kafasan L2,2026-05-07 14:06:06.296967+02,2026-05-07 14:06:09.583656+02,3.29,f,22,0.809,
4094,5,2382,car,,2026-05-07 14:06:08.030385+02,2026-05-07 14:06:10.365825+02,2.34,f,16,0.35,
4095,5,2431,car,,2026-05-07 14:06:12.082297+02,2026-05-07 14:06:15.193295+02,3.11,f,21,0.392,
4097,5,2382,car,,2026-05-07 14:06:14.265489+02,2026-05-07 14:06:42.244792+02,27.98,f,38,0.358,
4096,5,2419,car,,2026-05-07 14:06:17.215606+02,2026-05-07 14:06:41.627443+02,24.41,f,15,0.328,
4103,5,2431,car,,2026-05-07 14:06:40.242032+02,2026-05-07 14:07:26.110395+02,45.87,f,153,0.399,
4098,5,2382,car,,2026-05-07 14:06:44.101249+02,2026-05-07 14:06:46.275486+02,2.17,f,15,0.357,
4099,5,2382,car,,2026-05-07 14:06:46.895996+02,2026-05-07 14:06:55.806189+02,8.91,f,59,0.359,
4102,5,2382,car,,2026-05-07 14:06:56.572763+02,2026-05-07 14:07:25.194792+02,28.62,f,41,0.436,
4100,5,2450,car,,2026-05-07 14:06:58.735452+02,2026-05-07 14:07:23.349992+02,24.61,f,15,0.305,
4104,5,2450,car,,2026-05-07 14:07:26.574403+02,2026-05-07 14:07:29.319453+02,2.75,f,19,0.421,
4106,5,2382,car,,2026-05-07 14:07:27.03146+02,2026-05-07 14:07:32.54771+02,5.52,f,37,0.381,
4105,5,2431,car,,2026-05-07 14:07:27.94745+02,2026-05-07 14:07:31.003142+02,3.06,f,21,0.392,
4107,5,1977,car,,2026-05-07 14:07:30.239818+02,2026-05-07 14:07:33.173808+02,2.93,f,20,0.465,
4108,5,2382,car,,2026-05-07 14:07:33.020114+02,2026-05-07 14:07:35.33358+02,2.31,f,16,0.332,
4109,5,1977,car,,2026-05-07 14:07:36.254874+02,2026-05-07 14:07:39.021234+02,2.77,f,19,0.504,
4111,5,2431,car,,2026-05-07 14:07:36.254874+02,2026-05-07 14:08:04.453583+02,28.2,f,38,0.37,
4110,5,2450,car,,2026-05-07 14:07:37.639711+02,2026-05-07 14:08:03.684827+02,26.05,f,24,0.397,
4113,5,2382,car,,2026-05-07 14:08:03.22589+02,2026-05-07 14:08:09.773055+02,6.55,f,44,0.371,
4112,5,2450,car,,2026-05-07 14:08:05.671728+02,2026-05-07 14:08:07.792074+02,2.12,f,15,0.462,
4114,5,2431,car,,2026-05-07 14:08:07.638465+02,2026-05-07 14:08:10.118541+02,2.48,f,17,0.418,
4127,5,2431,car,,2026-05-07 14:08:10.428651+02,2026-05-07 14:09:37.443527+02,87.01,f,272,0.419,
4115,5,2382,car,,2026-05-07 14:08:10.57907+02,2026-05-07 14:08:15.066729+02,4.49,f,30,0.363,
4117,5,2450,car,,2026-05-07 14:08:13.667708+02,2026-05-07 14:08:19.044768+02,5.38,f,36,0.454,
4116,5,2382,car,,2026-05-07 14:08:15.679727+02,2026-05-07 14:08:17.97378+02,2.29,f,16,0.338,
4120,5,2382,car,,2026-05-07 14:08:18.437164+02,2026-05-07 14:08:53.858264+02,35.42,f,85,0.37,
4118,5,2450,car,,2026-05-07 14:08:19.661324+02,2026-05-07 14:08:45.627271+02,25.97,f,23,0.388,
4119,5,1977,car,,2026-05-07 14:08:22.129433+02,2026-05-07 14:08:52.316442+02,30.19,f,51,0.462,
4122,5,2382,car,,2026-05-07 14:08:57.69662+02,2026-05-07 14:09:02.610242+02,4.91,f,33,0.341,
4121,5,1977,car,,2026-05-07 14:08:59.08519+02,2026-05-07 14:09:01.989427+02,2.9,f,20,0.501,
4123,5,2475,car,,2026-05-07 14:09:01.679068+02,2026-05-07 14:09:27.649122+02,25.97,f,23,0.466,
4124,5,2382,car,,2026-05-07 14:09:02.920839+02,2026-05-07 14:09:28.127957+02,25.21,f,18,0.336,
4126,5,2382,car,,2026-05-07 14:09:28.434363+02,2026-05-07 14:09:35.788177+02,7.35,f,48,0.391,
4125,5,1977,car,,2026-05-07 14:09:30.620266+02,2026-05-07 14:09:33.604851+02,2.98,f,20,0.47,
4128,5,2475,car,,2026-05-07 14:09:33.765695+02,2026-05-07 14:09:37.764284+02,4,f,26,0.5,
4129,5,2382,car,,2026-05-07 14:09:36.801613+02,2026-05-07 14:09:39.843519+02,3.04,f,20,0.351,
4130,5,2431,car,,2026-05-07 14:09:37.764284+02,2026-05-07 14:09:40.006908+02,2.24,f,15,0.43,
4131,5,2475,car,,2026-05-07 14:09:39.198432+02,2026-05-07 14:09:41.475096+02,2.28,f,15,0.452,
4135,5,2431,car,,2026-05-07 14:09:40.513415+02,2026-05-07 14:10:13.104716+02,32.59,f,69,0.422,
4132,5,2382,car,,2026-05-07 14:09:40.67649+02,2026-05-07 14:09:45.360612+02,4.68,f,30,0.36,
4133,5,2475,car,,2026-05-07 14:09:44.394136+02,2026-05-07 14:10:08.962706+02,24.57,f,18,0.461,
4134,5,2382,car,,2026-05-07 14:09:46.170257+02,2026-05-07 14:10:13.104716+02,26.93,f,34,0.388,
4136,5,1977,car,,2026-05-07 14:10:12.480064+02,2026-05-07 14:10:15.277262+02,2.8,f,19,0.368,
4137,5,2475,car,,2026-05-07 14:10:13.259913+02,2026-05-07 14:10:19.122553+02,5.86,f,39,0.521,
4139,5,2382,car,,2026-05-07 14:10:15.429451+02,2026-05-07 14:10:51.958429+02,36.53,f,92,0.385,
4146,5,2431,car,,2026-05-07 14:10:15.429451+02,2026-05-07 14:11:39.176725+02,83.75,f,252,0.413,
4138,5,2475,car,,2026-05-07 14:10:20.355516+02,2026-05-07 14:10:24.981756+02,4.63,f,31,0.47,
4143,5,2475,car,,2026-05-07 14:10:50.724372+02,2026-05-07 14:11:07.923584+02,17.2,f,112,0.445,
4140,5,2382,car,,2026-05-07 14:10:52.730389+02,2026-05-07 14:10:55.059142+02,2.33,f,16,0.372,
4142,5,2382,car,,2026-05-07 14:10:55.84018+02,2026-05-07 14:11:07.453841+02,11.61,f,76,0.379,
4141,5,1977,car,,2026-05-07 14:10:56.607691+02,2026-05-07 14:11:00.957422+02,4.35,f,29,0.489,
4144,5,2382,car,,2026-05-07 14:11:09.47314+02,2026-05-07 14:11:34.159139+02,24.69,f,16,0.359,
4145,5,2382,car,,2026-05-07 14:11:34.938644+02,2026-05-07 14:11:37.775424+02,2.84,f,19,0.359,
4147,5,1977,car,,2026-05-07 14:11:37.929148+02,2026-05-07 14:11:42.897311+02,4.97,f,33,0.454,
4166,5,2522,car,,2026-05-07 14:11:39.490811+02,2026-05-07 14:14:32.617281+02,173.13,f,554,0.459,
4149,5,2382,car,,2026-05-07 14:11:41.520034+02,2026-05-07 14:12:14.214557+02,32.69,f,68,0.368,
4148,5,2524,car,,2026-05-07 14:11:43.847923+02,2026-05-07 14:11:49.006579+02,5.16,f,34,0.34,
4150,5,1977,car,,2026-05-07 14:11:43.847923+02,2026-05-07 14:12:15.00361+02,31.16,f,58,0.441,
4151,5,1977,car,,2026-05-07 14:12:21.660558+02,2026-05-07 14:12:24.922118+02,3.26,f,22,0.467,
4152,5,2382,car,,2026-05-07 14:12:22.584844+02,2026-05-07 14:12:27.104445+02,4.52,f,30,0.368,
4153,5,2538,car,,2026-05-07 14:12:30.365843+02,2026-05-07 14:12:32.844691+02,2.48,f,17,0.318,
4154,5,2538,car,,2026-05-07 14:13:46.316213+02,2026-05-07 14:13:49.535583+02,3.22,f,22,0.467,
4155,5,2382,car,,2026-05-07 14:13:47.236401+02,2026-05-07 14:13:51.666044+02,4.43,f,30,0.368,
4156,5,2551,car,,2026-05-07 14:13:54.87993+02,2026-05-07 14:13:57.321252+02,2.44,f,17,0.318,
4157,5,2382,car,,2026-05-07 14:13:57.64449+02,2026-05-07 14:13:59.845393+02,2.2,f,15,0.309,
4159,5,2382,car,,2026-05-07 14:14:00.457012+02,2026-05-07 14:14:07.216812+02,6.76,f,45,0.366,
4158,5,2551,car,,2026-05-07 14:14:03.209286+02,2026-05-07 14:14:06.450378+02,3.24,f,22,0.44,
4160,5,2382,car,,2026-05-07 14:14:09.541693+02,2026-05-07 14:14:11.721442+02,2.18,f,15,0.36,
4161,5,2524,car,,2026-05-07 14:14:14.036106+02,2026-05-07 14:14:17.909479+02,3.87,f,26,0.471,
4165,5,2382,car,,2026-05-07 14:14:14.82781+02,2026-05-07 14:14:25.915164+02,11.09,f,73,0.388,
4162,5,2553,car,,2026-05-07 14:14:18.065462+02,2026-05-07 14:14:21.459088+02,3.39,f,23,0.304,
4163,5,2551,car,,2026-05-07 14:14:18.065462+02,2026-05-07 14:14:21.459088+02,3.39,f,23,0.456,
4164,5,2524,car,,2026-05-07 14:14:21.924444+02,2026-05-07 14:14:25.915164+02,3.99,f,27,0.433,
4167,5,2558,truck,Kafasan L2,2026-05-07 14:14:28.580463+02,2026-05-07 14:14:32.617281+02,4.04,f,27,0.755,
4225,5,2522,car,,2026-05-07 14:14:33.559198+02,2026-05-07 14:21:29.401947+02,415.84,f,1771,0.429,
4168,5,2382,car,,2026-05-07 14:14:35.120618+02,2026-05-07 14:14:38.185816+02,3.07,f,20,0.36,
4169,5,2382,car,,2026-05-07 14:14:41.294261+02,2026-05-07 14:14:49.330828+02,8.04,f,53,0.367,
4170,5,2551,car,,2026-05-07 14:14:42.685492+02,2026-05-07 14:14:49.330828+02,6.65,f,44,0.453,
4171,5,2574,car,,2026-05-07 14:14:49.646358+02,2026-05-07 14:14:53.040468+02,3.39,f,23,0.461,
4172,5,2580,car,Kafasan L3,2026-05-07 14:15:19.004131+02,2026-05-07 14:15:21.316324+02,2.31,f,16,0.796,
4173,5,2382,car,,2026-05-07 14:15:19.160679+02,2026-05-07 14:15:22.08731+02,2.93,f,20,0.374,
4175,5,2382,car,,2026-05-07 14:15:23.01237+02,2026-05-07 14:15:27.340388+02,4.33,f,29,0.362,
4174,5,2551,car,,2026-05-07 14:15:23.476019+02,2026-05-07 14:15:25.932389+02,2.46,f,17,0.478,
4176,5,2582,car,,2026-05-07 14:15:23.783279+02,2026-05-07 14:15:28.109568+02,4.33,f,29,0.385,
4178,5,2551,car,,2026-05-07 14:15:29.511908+02,2026-05-07 14:15:33.350809+02,3.84,f,26,0.456,
4177,5,2382,car,,2026-05-07 14:15:29.820823+02,2026-05-07 14:15:32.588407+02,2.77,f,19,0.394,
4179,5,2582,car,,2026-05-07 14:15:33.502735+02,2026-05-07 14:16:02.70106+02,29.2,f,45,0.469,
4180,5,2382,car,,2026-05-07 14:15:33.502735+02,2026-05-07 14:16:12.900502+02,39.4,f,111,0.373,
4182,5,2591,car,,2026-05-07 14:16:02.70106+02,2026-05-07 14:17:25.562027+02,82.86,f,247,0.477,
4181,5,2382,car,,2026-05-07 14:16:13.210756+02,2026-05-07 14:17:25.562027+02,72.35,f,179,0.379,
4183,5,2382,car,,2026-05-07 14:17:27.259663+02,2026-05-07 14:17:32.177328+02,4.92,f,33,0.374,
4184,5,2591,car,,2026-05-07 14:17:27.259663+02,2026-05-07 14:17:38.149503+02,10.89,f,72,0.442,
4185,5,2591,car,,2026-05-07 14:17:40.473654+02,2026-05-07 14:18:05.260329+02,24.79,f,16,0.442,
4186,5,2604,car,,2026-05-07 14:17:40.630645+02,2026-05-07 14:18:05.879577+02,25.25,f,19,0.376,
4189,5,2591,car,,2026-05-07 14:18:06.030632+02,2026-05-07 14:18:21.184304+02,15.15,f,99,0.472,
4187,5,2604,car,,2026-05-07 14:18:06.812567+02,2026-05-07 14:18:10.385525+02,3.57,f,24,0.373,
4188,5,2604,car,,2026-05-07 14:18:11.611003+02,2026-05-07 14:18:19.163617+02,7.55,f,50,0.385,
4191,5,2628,car,,2026-05-07 14:18:19.479401+02,2026-05-07 14:18:46.88926+02,27.41,f,33,0.741,
4190,5,2618,car,,2026-05-07 14:18:20.100311+02,2026-05-07 14:18:46.88926+02,26.79,f,29,0.414,
4193,5,2591,car,,2026-05-07 14:18:47.045258+02,2026-05-07 14:18:56.130069+02,9.08,f,60,0.48,
4192,5,2630,car,,2026-05-07 14:18:47.209332+02,2026-05-07 14:18:54.594068+02,7.38,f,49,0.393,
4194,5,2591,car,,2026-05-07 14:18:56.441388+02,2026-05-07 14:18:58.932843+02,2.49,f,17,0.459,
4197,5,2630,car,,2026-05-07 14:18:57.206448+02,2026-05-07 14:19:07.18119+02,9.97,f,50,0.364,
4195,5,2591,car,,2026-05-07 14:19:00.489656+02,2026-05-07 14:19:05.289464+02,4.8,f,17,0.473,
4196,5,2636,car,Kafasan L3,2026-05-07 14:19:04.51076+02,2026-05-07 14:19:06.703077+02,2.19,f,15,0.801,
4199,5,2630,car,,2026-05-07 14:19:08.134189+02,2026-05-07 14:19:12.534311+02,4.4,f,29,0.362,
4198,5,2591,car,,2026-05-07 14:19:08.604848+02,2026-05-07 14:19:11.116353+02,2.51,f,17,0.478,
4200,5,2638,car,,2026-05-07 14:19:08.914978+02,2026-05-07 14:19:13.312796+02,4.4,f,29,0.385,
4202,5,2591,car,,2026-05-07 14:19:14.728306+02,2026-05-07 14:19:18.615768+02,3.89,f,26,0.456,
4201,5,2630,car,,2026-05-07 14:19:15.040559+02,2026-05-07 14:19:17.83123+02,2.79,f,19,0.394,
4203,5,2638,car,,2026-05-07 14:19:18.775235+02,2026-05-07 14:19:25.665702+02,6.89,f,45,0.469,
4204,5,2630,car,,2026-05-07 14:19:18.775235+02,2026-05-07 14:19:36.025925+02,17.25,f,111,0.373,
4205,5,2645,car,,2026-05-07 14:19:25.665702+02,2026-05-07 14:20:04.322858+02,38.66,f,247,0.477,
4206,5,2630,car,,2026-05-07 14:19:36.342164+02,2026-05-07 14:20:04.322858+02,27.98,f,179,0.379,
4207,5,2630,car,,2026-05-07 14:20:06.042765+02,2026-05-07 14:20:11.071707+02,5.03,f,33,0.374,
4208,5,2645,car,,2026-05-07 14:20:06.042765+02,2026-05-07 14:20:17.208824+02,11.17,f,72,0.442,
4209,5,2645,car,,2026-05-07 14:20:19.57321+02,2026-05-07 14:20:22.014852+02,2.44,f,16,0.442,
4210,5,2658,car,,2026-05-07 14:20:19.732251+02,2026-05-07 14:20:22.643521+02,2.91,f,19,0.376,
4213,5,2645,car,,2026-05-07 14:20:22.805578+02,2026-05-07 14:20:38.310996+02,15.51,f,99,0.472,
4211,5,2658,car,,2026-05-07 14:20:23.60621+02,2026-05-07 14:20:27.244142+02,3.64,f,24,0.373,
4212,5,2658,car,,2026-05-07 14:20:28.513689+02,2026-05-07 14:20:36.259051+02,7.75,f,50,0.385,
4215,5,2682,car,,2026-05-07 14:20:36.57827+02,2026-05-07 14:20:41.614629+02,5.04,f,33,0.741,
4214,5,2672,car,,2026-05-07 14:20:37.205652+02,2026-05-07 14:20:41.614629+02,4.41,f,29,0.414,
4217,5,2645,car,,2026-05-07 14:20:41.773872+02,2026-05-07 14:20:51.110868+02,9.34,f,60,0.48,
4216,5,2684,car,,2026-05-07 14:20:41.934212+02,2026-05-07 14:20:49.531582+02,7.6,f,49,0.393,
4218,5,2645,car,,2026-05-07 14:20:51.436531+02,2026-05-07 14:20:53.981472+02,2.54,f,17,0.459,
4219,5,2684,car,,2026-05-07 14:20:52.229255+02,2026-05-07 14:21:01.012972+02,8.78,f,42,0.36,
4220,5,2645,car,,2026-05-07 14:20:55.55763+02,2026-05-07 14:21:06.205904+02,10.65,f,54,0.482,
4221,5,2684,car,,2026-05-07 14:21:06.205904+02,2026-05-07 14:21:09.563415+02,3.36,f,22,0.345,
4223,5,2645,car,,2026-05-07 14:21:09.879558+02,2026-05-07 14:21:13.84364+02,3.96,f,26,0.438,
4222,5,2684,car,,2026-05-07 14:21:11.311477+02,2026-05-07 14:21:13.84364+02,2.53,f,17,0.365,
4224,5,2684,car,,2026-05-07 14:21:14.312107+02,2026-05-07 14:21:19.06464+02,4.75,f,31,0.339,
4233,5,2645,car,,2026-05-07 14:21:16.834866+02,2026-05-07 14:21:43.950383+02,27.12,f,152,0.494,
4227,5,2684,car,,2026-05-07 14:21:21.143275+02,2026-05-07 14:21:30.054153+02,8.91,f,56,0.386,
4237,5,2706,car,Kafasan L1,2026-05-07 14:21:22.593958+02,2026-05-07 14:22:33.807107+02,71.21,f,294,0.837,lane_switch:Kafasan L1>Kafasan L2
4228,5,2712,car,Kafasan L2,2026-05-07 14:21:24.868889+02,2026-05-07 14:21:30.384167+02,5.52,f,35,0.776,
4226,5,2722,car,Kafasan L2,2026-05-07 14:21:25.84133+02,2026-05-07 14:21:29.560762+02,3.72,f,24,0.814,lane_switch:Kafasan L2>Kafasan L3
4229,5,2735,car,Kafasan L2,2026-05-07 14:21:28.732903+02,2026-05-07 14:21:31.361042+02,2.63,f,17,0.703,
4230,5,2522,car,,2026-05-07 14:21:29.724922+02,2026-05-07 14:21:33.796305+02,4.07,f,26,0.38,
4235,5,2522,car,,2026-05-07 14:21:34.13464+02,2026-05-07 14:22:22.862337+02,48.73,f,152,0.425,
4231,5,2684,car,,2026-05-07 14:21:34.456748+02,2026-05-07 14:21:38.02903+02,3.57,f,23,0.381,
4232,5,2751,car,Kafasan L2,2026-05-07 14:21:34.949064+02,2026-05-07 14:21:42.229414+02,7.28,f,29,0.841,
4239,5,2645,car,,2026-05-07 14:21:46.804482+02,2026-05-07 14:22:33.966349+02,47.16,f,162,0.5,
4236,5,2684,car,,2026-05-07 14:21:52.451456+02,2026-05-07 14:22:23.502074+02,31.05,f,59,0.385,
4234,5,2798,car,Kafasan L3,2026-05-07 14:21:57.366326+02,2026-05-07 14:22:00.400194+02,3.03,f,19,0.81,
4241,5,2522,car,,2026-05-07 14:22:24.422785+02,2026-05-07 14:22:34.762584+02,10.34,f,68,0.426,
4238,5,2684,car,,2026-05-07 14:22:27.171452+02,2026-05-07 14:22:33.966349+02,6.79,f,45,0.361,
4240,5,2817,truck,Kafasan L3,2026-05-07 14:22:30.239116+02,2026-05-07 14:22:34.762584+02,4.52,f,30,0.815,lane_switch:Kafasan L3>Kafasan L2
4245,5,2706,car,Kafasan L2,2026-05-07 14:22:35.250595+02,2026-05-07 14:22:42.189987+02,6.94,f,45,0.87,lane_switch:Kafasan L2>Kafasan L3
4242,5,2800,car,,2026-05-07 14:22:36.357986+02,2026-05-07 14:22:39.960471+02,3.6,f,24,0.437,
4244,5,2645,car,,2026-05-07 14:22:36.973983+02,2026-05-07 14:22:40.782153+02,3.81,f,25,0.524,
4243,5,2522,car,,2026-05-07 14:22:37.132126+02,2026-05-07 14:22:40.297006+02,3.16,f,21,0.386,
4246,5,2800,car,,2026-05-07 14:22:40.782153+02,2026-05-07 14:23:05.252306+02,24.47,f,15,0.493,
4256,5,2645,car,,2026-05-07 14:23:04.618924+02,2026-05-07 14:24:44.153832+02,99.53,f,352,0.505,
4254,5,2826,car,Kafasan L3,2026-05-07 14:23:04.792069+02,2026-05-07 14:24:28.946737+02,84.15,f,255,0.875,
4247,5,2684,car,,2026-05-07 14:23:06.032382+02,2026-05-07 14:23:18.886047+02,12.85,f,83,0.389,
4248,5,2522,car,,2026-05-07 14:23:06.80125+02,2026-05-07 14:23:22.054258+02,15.25,f,98,0.406,
4250,5,2684,car,,2026-05-07 14:23:20.460291+02,2026-05-07 14:23:56.097446+02,35.64,f,87,0.389,
4249,5,2522,car,,2026-05-07 14:23:22.856176+02,2026-05-07 14:23:56.097446+02,33.24,f,72,0.428,
4251,5,2855,motorcycle,,2026-05-07 14:23:51.89707+02,2026-05-07 14:23:56.097446+02,4.2,f,28,0.622,
4252,5,2856,car,,2026-05-07 14:23:51.89707+02,2026-05-07 14:23:57.709001+02,5.81,f,38,0.334,
4259,5,2684,car,,2026-05-07 14:23:57.908365+02,2026-05-07 14:25:18.594258+02,80.69,f,232,0.389,
4253,5,2522,car,,2026-05-07 14:23:58.811566+02,2026-05-07 14:24:05.203318+02,6.39,f,40,0.385,
4272,5,2522,car,,2026-05-07 14:24:05.524902+02,2026-05-07 14:26:47.822506+02,162.3,f,472,0.42,
4255,5,2876,car,,2026-05-07 14:24:31.688507+02,2026-05-07 14:24:38.435296+02,6.75,f,44,0.323,
4271,5,2878,truck,Kafasan L1,2026-05-07 14:24:43.834469+02,2026-05-07 14:26:47.030237+02,123.2,f,362,0.932,lane_switch:Kafasan L1>Kafasan L2>Kafasan L1
4257,5,2645,car,,2026-05-07 14:24:44.47746+02,2026-05-07 14:24:46.852964+02,2.38,f,16,0.518,
4258,5,2645,car,,2026-05-07 14:24:47.173974+02,2026-05-07 14:25:13.114893+02,25.94,f,26,0.488,
4260,5,2886,car,,2026-05-07 14:25:18.435679+02,2026-05-07 14:25:26.376071+02,7.94,f,51,0.494,
4261,5,2645,car,,2026-05-07 14:25:19.071149+02,2026-05-07 14:25:52.011821+02,32.94,f,71,0.426,
4262,5,2684,car,,2026-05-07 14:25:21.927331+02,2026-05-07 14:25:56.322067+02,34.39,f,80,0.387,
4263,5,2886,car,,2026-05-07 14:25:57.117432+02,2026-05-07 14:26:02.377333+02,5.26,f,34,0.451,
4264,5,2684,car,,2026-05-07 14:26:00.949249+02,2026-05-07 14:26:04.462949+02,3.51,f,23,0.397,
4265,5,2645,car,,2026-05-07 14:26:03.656051+02,2026-05-07 14:26:08.104791+02,4.45,f,29,0.502,
4266,5,2684,car,,2026-05-07 14:26:05.253793+02,2026-05-07 14:26:34.210786+02,28.96,f,46,0.376,
4267,5,2886,car,,2026-05-07 14:26:11.50459+02,2026-05-07 14:26:36.928756+02,25.42,f,24,0.408,
4268,5,2645,car,,2026-05-07 14:26:35.494434+02,2026-05-07 14:26:37.737023+02,2.24,f,15,0.516,
4269,5,2684,car,,2026-05-07 14:26:35.494434+02,2026-05-07 14:26:45.414738+02,9.92,f,63,0.362,
4270,5,2645,car,,2026-05-07 14:26:38.694927+02,2026-05-07 14:26:45.414738+02,6.72,f,43,0.462,
4273,5,2645,car,,2026-05-07 14:26:46.388169+02,2026-05-07 14:26:48.920156+02,2.53,f,17,0.508,
4274,5,2918,car,Kafasan L3,2026-05-07 14:26:46.547123+02,2026-05-07 14:26:49.916257+02,3.37,f,22,0.855,lane_switch:Kafasan L3>Kafasan L2
4275,5,2522,car,,2026-05-07 14:26:48.765354+02,2026-05-07 14:27:15.677095+02,26.91,f,33,0.401,
4277,5,2920,car,,2026-05-07 14:27:16.309857+02,2026-05-07 14:27:22.569403+02,6.26,f,41,0.467,
4276,5,2522,car,,2026-05-07 14:27:16.620113+02,2026-05-07 14:27:18.80391+02,2.18,f,15,0.362,
4278,5,2684,car,,2026-05-07 14:27:18.961194+02,2026-05-07 14:27:24.982154+02,6.02,f,39,0.373,
4279,5,2522,car,,2026-05-07 14:27:21.157488+02,2026-05-07 14:27:26.57187+02,5.41,f,35,0.428,
4283,5,2684,car,,2026-05-07 14:27:27.048992+02,2026-05-07 14:28:00.73436+02,33.69,f,75,0.36,
4280,5,2522,car,,2026-05-07 14:27:27.208193+02,2026-05-07 14:27:34.771581+02,7.56,f,49,0.429,
4282,5,2920,car,,2026-05-07 14:27:27.365316+02,2026-05-07 14:28:00.73436+02,33.37,f,73,0.514,
4281,5,2645,car,,2026-05-07 14:27:32.70695+02,2026-05-07 14:27:58.353619+02,25.65,f,24,0.427,
4284,5,2522,car,,2026-05-07 14:27:58.03302+02,2026-05-07 14:28:03.140468+02,5.11,f,33,0.419,
4285,5,2933,truck,Kafasan L2,2026-05-07 14:27:59.304175+02,2026-05-07 14:28:03.140468+02,3.84,f,25,0.902,lane_switch:Kafasan L2>Kafasan L1
4286,5,2920,car,,2026-05-07 14:28:01.048217+02,2026-05-07 14:28:03.788399+02,2.74,f,18,0.538,
4287,5,2939,car,,2026-05-07 14:28:02.324546+02,2026-05-07 14:28:04.762207+02,2.44,f,16,0.413,
4306,5,2522,car,,2026-05-07 14:28:04.762207+02,2026-05-07 14:29:45.913042+02,101.15,f,484,0.414,
4288,5,2920,car,,2026-05-07 14:28:04.92521+02,2026-05-07 14:28:12.214173+02,7.29,f,47,0.507,
4290,5,2684,car,,2026-05-07 14:28:39.556373+02,2026-05-07 14:28:43.208075+02,3.65,f,24,0.344,
4289,5,2920,car,,2026-05-07 14:28:40.979576+02,2026-05-07 14:28:43.208075+02,2.23,f,15,0.505,
4292,5,2920,car,,2026-05-07 14:28:43.849348+02,2026-05-07 14:28:54.733642+02,10.88,f,55,0.481,
4291,5,2684,car,,2026-05-07 14:28:45.60924+02,2026-05-07 14:28:49.091742+02,3.48,f,23,0.34,
4293,5,2684,car,,2026-05-07 14:28:49.412325+02,2026-05-07 14:29:00.162253+02,10.75,f,54,0.378,
4305,5,2945,truck,Kafasan L1,2026-05-07 14:28:52.828706+02,2026-05-07 14:29:45.097604+02,52.27,f,328,0.932,lane_switch:Kafasan L1>Kafasan L2>Kafasan L1
4294,5,2949,car,,2026-05-07 14:29:00.003089+02,2026-05-07 14:29:07.941672+02,7.94,f,51,0.494,
4295,5,2920,car,,2026-05-07 14:29:00.637113+02,2026-05-07 14:29:11.72903+02,11.09,f,71,0.426,
4296,5,2684,car,,2026-05-07 14:29:03.501389+02,2026-05-07 14:29:16.107884+02,12.61,f,80,0.387,
4297,5,2949,car,,2026-05-07 14:29:16.913739+02,2026-05-07 14:29:22.146859+02,5.23,f,34,0.451,
4298,5,2684,car,,2026-05-07 14:29:20.70695+02,2026-05-07 14:29:24.208439+02,3.5,f,23,0.397,
4299,5,2920,car,,2026-05-07 14:29:23.415162+02,2026-05-07 14:29:27.882243+02,4.47,f,29,0.502,
4300,5,2684,car,,2026-05-07 14:29:25.005502+02,2026-05-07 14:29:32.190345+02,7.18,f,46,0.376,
4301,5,2949,car,,2026-05-07 14:29:31.217062+02,2026-05-07 14:29:34.925857+02,3.71,f,24,0.408,
4302,5,2920,car,,2026-05-07 14:29:33.484692+02,2026-05-07 14:29:35.738863+02,2.25,f,15,0.516,
4304,5,2684,car,,2026-05-07 14:29:33.484692+02,2026-05-07 14:29:43.486969+02,10,f,63,0.362,
4303,5,2920,car,,2026-05-07 14:29:36.709366+02,2026-05-07 14:29:43.486969+02,6.78,f,43,0.462,
4307,5,2920,car,,2026-05-07 14:29:44.453515+02,2026-05-07 14:29:47.036004+02,2.58,f,17,0.508,
4308,5,2980,car,Kafasan L3,2026-05-07 14:29:44.618064+02,2026-05-07 14:29:48.003802+02,3.39,f,22,0.855,lane_switch:Kafasan L3>Kafasan L2
4309,5,2522,car,,2026-05-07 14:29:46.874163+02,2026-05-07 14:29:52.012679+02,5.14,f,33,0.401,
4311,5,2982,car,,2026-05-07 14:29:52.654379+02,2026-05-07 14:29:59.073226+02,6.42,f,41,0.467,
4310,5,2522,car,,2026-05-07 14:29:52.973209+02,2026-05-07 14:29:55.225838+02,2.25,f,15,0.362,
4312,5,2684,car,,2026-05-07 14:29:55.386773+02,2026-05-07 14:30:01.488331+02,6.1,f,39,0.373,
4313,5,2522,car,,2026-05-07 14:29:57.624456+02,2026-05-07 14:30:03.112874+02,5.49,f,35,0.428,
4316,5,2684,car,,2026-05-07 14:30:03.598627+02,2026-05-07 14:30:15.539189+02,11.94,f,75,0.36,
4314,5,2522,car,,2026-05-07 14:30:03.759362+02,2026-05-07 14:30:11.460537+02,7.7,f,49,0.429,
4317,5,2982,car,,2026-05-07 14:30:03.922112+02,2026-05-07 14:30:15.539189+02,11.62,f,73,0.514,
4315,5,2920,car,,2026-05-07 14:30:09.351751+02,2026-05-07 14:30:13.091537+02,3.74,f,24,0.427,
4318,5,2522,car,,2026-05-07 14:30:12.773068+02,2026-05-07 14:30:17.979918+02,5.21,f,33,0.419,
4319,5,2995,truck,Kafasan L2,2026-05-07 14:30:14.070833+02,2026-05-07 14:30:17.979918+02,3.91,f,25,0.902,lane_switch:Kafasan L2>Kafasan L1
4320,5,2982,car,,2026-05-07 14:30:15.867671+02,2026-05-07 14:30:18.622345+02,2.75,f,18,0.538,
4321,5,3001,car,,2026-05-07 14:30:17.172067+02,2026-05-07 14:30:19.595346+02,2.42,f,16,0.413,
4329,5,2522,car,,2026-05-07 14:30:19.595346+02,2026-05-07 14:31:06.037906+02,46.44,f,272,0.414,
4322,5,2982,car,,2026-05-07 14:30:19.759503+02,2026-05-07 14:30:27.174153+02,7.41,f,47,0.507,
4323,5,2684,car,,2026-05-07 14:30:32.802225+02,2026-05-07 14:30:36.591613+02,3.79,f,24,0.344,
4324,5,2982,car,,2026-05-07 14:30:34.263169+02,2026-05-07 14:30:36.591613+02,2.33,f,15,0.505,
4326,5,2982,car,,2026-05-07 14:30:37.244651+02,2026-05-07 14:30:46.154662+02,8.91,f,42,0.477,
4325,5,2684,car,,2026-05-07 14:30:39.022443+02,2026-05-07 14:30:42.567761+02,3.55,f,23,0.34,
4337,5,3007,truck,Kafasan L1,2026-05-07 14:30:46.317776+02,2026-05-07 14:31:29.689382+02,43.37,f,254,0.881,lane_switch:Kafasan L1>Kafasan L2>Kafasan L1
4327,5,3014,car,Kafasan L3,2026-05-07 14:30:57.348343+02,2026-05-07 14:31:00.929232+02,3.58,f,23,0.807,lane_switch:Kafasan L3>Kafasan L2
4328,5,3010,car,,2026-05-07 14:30:58.16917+02,2026-05-07 14:31:02.396153+02,4.23,f,27,0.457,
4330,5,2522,car,,2026-05-07 14:31:08.633183+02,2026-05-07 14:31:17.903715+02,9.27,f,54,0.434,
4333,5,3016,car,Kafasan L3,2026-05-07 14:31:13.992286+02,2026-05-07 14:31:20.806038+02,6.81,f,39,0.823,lane_switch:Kafasan L3>Kafasan L2
4332,5,3019,car,Kafasan L3,2026-05-07 14:31:15.584999+02,2026-05-07 14:31:20.447069+02,4.86,f,28,0.811,
4331,5,2982,car,,2026-05-07 14:31:16.46404+02,2026-05-07 14:31:19.482274+02,3.02,f,18,0.489,
4335,5,2522,car,,2026-05-07 14:31:21.616679+02,2026-05-07 14:31:26.528323+02,4.91,f,29,0.407,
4334,5,2982,car,,2026-05-07 14:31:22.165541+02,2026-05-07 14:31:25.481199+02,3.32,f,20,0.519,
4339,5,3052,truck,Kafasan L2,2026-05-07 14:31:25.653993+02,2026-05-07 14:31:31.451861+02,5.8,f,33,0.826,
4336,5,2982,car,,2026-05-07 14:31:25.831947+02,2026-05-07 14:31:29.168528+02,3.34,f,19,0.498,
4338,5,2522,car,,2026-05-07 14:31:26.892733+02,2026-05-07 14:31:30.039542+02,3.15,f,18,0.377,
4340,5,3010,car,,2026-05-07 14:31:29.3406+02,2026-05-07 14:31:33.915407+02,4.57,f,27,0.485,
4342,5,2522,car,,2026-05-07 14:31:34.091904+02,2026-05-07 14:31:41.304315+02,7.21,f,41,0.419,
4341,5,3010,car,,2026-05-07 14:31:36.27668+02,2026-05-07 14:31:40.204248+02,3.93,f,23,0.439,
4343,5,3010,car,,2026-05-07 14:31:41.480796+02,2026-05-07 14:31:49.784647+02,8.3,f,47,0.483,
4350,5,2522,car,,2026-05-07 14:31:43.945827+02,2026-05-07 14:32:17.751125+02,33.81,f,180,0.422,
4344,5,3010,car,,2026-05-07 14:31:52.567504+02,2026-05-07 14:31:55.491675+02,2.92,f,17,0.493,
4345,5,3092,car,Kafasan L3,2026-05-07 14:31:54.400964+02,2026-05-07 14:31:57.28984+02,2.89,f,17,0.784,lane_switch:Kafasan L3>Kafasan L2
4346,5,3010,car,,2026-05-07 14:31:57.819692+02,2026-05-07 14:32:00.319829+02,2.5,f,15,0.459,
4348,5,3010,car,,2026-05-07 14:32:00.675554+02,2026-05-07 14:32:09.892398+02,9.22,f,40,0.46,
4347,5,3102,car,Kafasan L2,2026-05-07 14:32:04.569761+02,2026-05-07 14:32:07.266905+02,2.7,f,16,0.81,
4349,5,3010,car,,2026-05-07 14:32:12.115909+02,2026-05-07 14:32:14.421324+02,2.31,f,15,0.449,
4358,5,3106,truck,Kafasan L1,2026-05-07 14:32:18.128252+02,2026-05-07 14:32:40.968232+02,22.84,f,129,0.883,lane_switch:Kafasan L1>Kafasan L2>Kafasan L1
4351,5,2522,car,,2026-05-07 14:32:19.956956+02,2026-05-07 14:32:29.339888+02,9.38,f,54,0.434,
4354,5,3108,car,Kafasan L3,2026-05-07 14:32:25.42073+02,2026-05-07 14:32:32.170892+02,6.75,f,39,0.823,lane_switch:Kafasan L3>Kafasan L2
4353,5,3111,car,Kafasan L3,2026-05-07 14:32:27.03285+02,2026-05-07 14:32:31.814251+02,4.78,f,28,0.811,
4352,5,3075,car,,2026-05-07 14:32:27.917865+02,2026-05-07 14:32:30.922421+02,3,f,18,0.489,
4356,5,2522,car,,2026-05-07 14:32:32.940836+02,2026-05-07 14:32:37.895912+02,4.96,f,29,0.407,
4355,5,3075,car,,2026-05-07 14:32:33.486425+02,2026-05-07 14:32:36.827507+02,3.34,f,20,0.519,
4360,5,3144,truck,Kafasan L2,2026-05-07 14:32:37.004296+02,2026-05-07 14:32:42.723914+02,5.72,f,33,0.826,
4357,5,3075,car,,2026-05-07 14:32:37.178494+02,2026-05-07 14:32:40.422498+02,3.24,f,19,0.498,
4359,5,2522,car,,2026-05-07 14:32:38.258015+02,2026-05-07 14:32:41.325002+02,3.07,f,18,0.377,
4361,5,3010,car,,2026-05-07 14:32:40.603199+02,2026-05-07 14:32:45.180254+02,4.58,f,27,0.485,
4363,5,2522,car,,2026-05-07 14:32:45.354055+02,2026-05-07 14:32:52.374208+02,7.02,f,41,0.419,
4362,5,3010,car,,2026-05-07 14:32:47.471348+02,2026-05-07 14:32:51.346076+02,3.87,f,23,0.439,
4364,5,3010,car,,2026-05-07 14:32:52.551254+02,2026-05-07 14:33:00.661929+02,8.11,f,47,0.483,
4375,5,2522,car,,2026-05-07 14:32:54.999521+02,2026-05-07 14:33:41.385995+02,46.39,f,245,0.421,
4365,5,3010,car,,2026-05-07 14:33:03.545733+02,2026-05-07 14:33:06.353622+02,2.81,f,17,0.493,
4366,5,3184,car,Kafasan L3,2026-05-07 14:33:05.286725+02,2026-05-07 14:33:08.128794+02,2.84,f,17,0.784,lane_switch:Kafasan L3>Kafasan L2
4367,5,3010,car,,2026-05-07 14:33:08.669987+02,2026-05-07 14:33:11.163357+02,2.49,f,15,0.459,
4369,5,3010,car,,2026-05-07 14:33:11.53583+02,2026-05-07 14:33:22.217834+02,10.68,f,50,0.468,
4368,5,3194,car,Kafasan L2,2026-05-07 14:33:15.390899+02,2026-05-07 14:33:18.02309+02,2.63,f,16,0.81,
4376,5,3157,car,,2026-05-07 14:33:20.437532+02,2026-05-07 14:33:41.385995+02,20.95,f,114,0.357,
4371,5,3167,car,,2026-05-07 14:33:23.659706+02,2026-05-07 14:33:28.410383+02,4.75,f,30,0.49,
4370,5,3010,car,,2026-05-07 14:33:24.947451+02,2026-05-07 14:33:27.224647+02,2.28,f,15,0.36,
4372,5,3010,car,,2026-05-07 14:33:27.56194+02,2026-05-07 14:33:32.595248+02,5.03,f,18,0.432,
4377,5,3167,car,,2026-05-07 14:33:34.051446+02,2026-05-07 14:33:41.559582+02,7.51,f,45,0.484,
4373,5,3225,car,,2026-05-07 14:33:35.392681+02,2026-05-07 14:33:37.664775+02,2.27,f,15,0.36,
4374,5,3225,car,,2026-05-07 14:33:38.006719+02,2026-05-07 14:33:40.498857+02,2.49,f,15,0.411,
4378,5,3226,bus,Kafasan L3,2026-05-07 14:33:38.006719+02,2026-05-07 14:33:41.741299+02,3.73,f,22,0.889,
4379,5,3225,car,,2026-05-07 14:33:41.926568+02,2026-05-07 14:33:46.641373+02,4.71,f,16,0.497,
4382,5,2522,car,,2026-05-07 14:33:44.874859+02,2026-05-07 14:33:55.224192+02,10.35,f,64,0.42,
4383,5,3157,car,,2026-05-07 14:33:44.874859+02,2026-05-07 14:33:55.224192+02,10.35,f,64,0.362,
4384,5,3167,car,,2026-05-07 14:33:48.110342+02,2026-05-07 14:33:55.403667+02,7.29,f,45,0.484,
4380,5,3225,car,,2026-05-07 14:33:49.396931+02,2026-05-07 14:33:51.668604+02,2.27,f,15,0.36,
4381,5,3225,car,,2026-05-07 14:33:51.993295+02,2026-05-07 14:33:54.339488+02,2.35,f,15,0.411,
4385,5,3246,bus,Kafasan L3,2026-05-07 14:33:51.993295+02,2026-05-07 14:33:55.592409+02,3.6,f,22,0.889,
4388,5,2522,car,,2026-05-07 14:33:57.019451+02,2026-05-07 14:34:13.596813+02,16.58,f,86,0.41,
4389,5,3157,car,,2026-05-07 14:34:00.021222+02,2026-05-07 14:34:13.596813+02,13.58,f,69,0.361,
4390,5,3167,car,,2026-05-07 14:34:06.411534+02,2026-05-07 14:34:13.774347+02,7.36,f,45,0.484,
4386,5,3225,car,,2026-05-07 14:34:07.684381+02,2026-05-07 14:34:09.958148+02,2.27,f,15,0.36,
4387,5,3225,car,,2026-05-07 14:34:10.289265+02,2026-05-07 14:34:12.72027+02,2.43,f,15,0.411,
4391,5,3265,bus,Kafasan L3,2026-05-07 14:34:10.289265+02,2026-05-07 14:34:13.964939+02,3.68,f,22,0.889,
4402,5,2522,car,,2026-05-07 14:34:15.359995+02,2026-05-07 14:36:20.800679+02,125.44,f,241,0.434,
4392,5,3167,car,,2026-05-07 14:34:17.611153+02,2026-05-07 14:34:20.380595+02,2.77,f,17,0.464,
4394,5,3157,car,,2026-05-07 14:34:19.343997+02,2026-05-07 14:34:46.926142+02,27.58,f,36,0.355,
4393,5,3167,car,,2026-05-07 14:34:20.726463+02,2026-05-07 14:34:45.808782+02,25.08,f,21,0.506,
4395,5,3225,car,,2026-05-07 14:34:45.321763+02,2026-05-07 14:34:48.356488+02,3.03,f,20,0.45,
4396,5,3225,car,,2026-05-07 14:34:48.988647+02,2026-05-07 14:34:52.938342+02,3.95,f,26,0.436,
4397,5,3157,car,,2026-05-07 14:34:49.308489+02,2026-05-07 14:34:57.730647+02,8.42,f,54,0.352,
4398,5,3167,car,,2026-05-07 14:34:52.938342+02,2026-05-07 14:34:58.392351+02,5.45,f,35,0.457,
4399,5,3167,car,,2026-05-07 14:34:58.874194+02,2026-05-07 14:35:01.494468+02,2.62,f,17,0.501,
4403,5,3157,car,,2026-05-07 14:36:06.073044+02,2026-05-07 14:36:20.800679+02,14.73,f,65,0.362,
4404,5,3167,car,,2026-05-07 14:36:13.920907+02,2026-05-07 14:36:20.962195+02,7.04,f,45,0.484,
4400,5,3225,car,,2026-05-07 14:36:15.203718+02,2026-05-07 14:36:17.441897+02,2.24,f,15,0.36,
4401,5,3225,car,,2026-05-07 14:36:17.766552+02,2026-05-07 14:36:20.002375+02,2.24,f,15,0.411,
4405,5,3285,bus,Kafasan L3,2026-05-07 14:36:17.766552+02,2026-05-07 14:36:21.126558+02,3.36,f,22,0.889,
4414,5,2522,car,,2026-05-07 14:36:22.471402+02,2026-05-07 14:36:55.064158+02,32.59,f,203,0.434,
4406,5,3167,car,,2026-05-07 14:36:24.533581+02,2026-05-07 14:36:27.107628+02,2.57,f,17,0.464,
4408,5,3157,car,,2026-05-07 14:36:26.136475+02,2026-05-07 14:36:31.789451+02,5.65,f,36,0.355,
4407,5,3167,car,,2026-05-07 14:36:27.437594+02,2026-05-07 14:36:30.680185+02,3.24,f,21,0.506,
4409,5,3225,car,,2026-05-07 14:36:30.199535+02,2026-05-07 14:36:33.248031+02,3.05,f,20,0.45,
4410,5,3225,car,,2026-05-07 14:36:33.88963+02,2026-05-07 14:36:37.890397+02,4,f,26,0.436,
4411,5,3157,car,,2026-05-07 14:36:34.211075+02,2026-05-07 14:36:42.761586+02,8.55,f,54,0.352,
4412,5,3167,car,,2026-05-07 14:36:37.890397+02,2026-05-07 14:36:43.40627+02,5.52,f,35,0.457,
4413,5,3167,car,,2026-05-07 14:36:43.888961+02,2026-05-07 14:36:46.567763+02,2.68,f,17,0.501,
4415,5,3157,car,,2026-05-07 14:36:51.873298+02,2026-05-07 14:36:55.064158+02,3.19,f,21,0.363,
4416,5,3167,car,,2026-05-07 14:36:52.030992+02,2026-05-07 14:36:55.064158+02,3.03,f,20,0.517,
4418,5,3292,car,Kafasan L3,2026-05-07 14:36:54.740699+02,2026-05-07 14:36:59.753815+02,5.01,f,32,0.785,
4426,5,2522,car,,2026-05-07 14:36:55.860723+02,2026-05-07 14:37:54.75866+02,58.9,f,232,0.432,
4417,5,3225,car,,2026-05-07 14:36:56.023184+02,2026-05-07 14:36:58.933929+02,2.91,f,19,0.426,
4420,5,3298,truck,,2026-05-07 14:37:00.570153+02,2026-05-07 14:37:14.504829+02,13.93,f,87,0.797,
4419,5,3157,car,,2026-05-07 14:37:03.134286+02,2026-05-07 14:37:14.01967+02,10.89,f,68,0.393,
4422,5,3167,car,,2026-05-07 14:37:03.614215+02,2026-05-07 14:37:16.277879+02,12.66,f,79,0.522,
4421,5,3225,car,,2026-05-07 14:37:10.791433+02,2026-05-07 14:37:16.118128+02,5.33,f,34,0.36,
4437,5,3298,truck,,2026-05-07 14:37:14.831108+02,2026-05-07 14:38:49.957241+02,95.13,f,324,0.865,
4423,5,3157,car,,2026-05-07 14:37:17.075747+02,2026-05-07 14:37:24.894621+02,7.82,f,49,0.363,
4424,5,3167,car,,2026-05-07 14:37:22.792001+02,2026-05-07 14:37:27.479664+02,4.69,f,30,0.523,
4425,5,3157,car,,2026-05-07 14:37:25.223426+02,2026-05-07 14:37:27.964221+02,2.74,f,18,0.36,
4427,5,3319,car,,2026-05-07 14:37:25.862518+02,2026-05-07 14:37:56.340259+02,30.48,f,57,0.497,
4428,5,3157,car,,2026-05-07 14:37:56.500049+02,2026-05-07 14:38:00.249189+02,3.75,f,24,0.373,
4439,5,2522,car,,2026-05-07 14:37:56.500049+02,2026-05-07 14:39:16.89531+02,80.4,f,232,0.447,
4429,5,3319,car,,2026-05-07 14:37:57.998727+02,2026-05-07 14:38:04.563964+02,6.57,f,42,0.526,
4430,5,3319,car,,2026-05-07 14:38:05.853756+02,2026-05-07 14:38:08.421584+02,2.57,f,17,0.458,
4434,5,3157,car,,2026-05-07 14:38:10.68203+02,2026-05-07 14:38:42.889517+02,32.21,f,67,0.362,
4433,5,3319,car,,2026-05-07 14:38:11.325563+02,2026-05-07 14:38:41.942255+02,30.62,f,57,0.469,
4431,5,3340,car,,2026-05-07 14:38:34.582971+02,2026-05-07 14:38:38.899265+02,4.32,f,28,0.756,
4432,5,3167,car,,2026-05-07 14:38:39.060083+02,2026-05-07 14:38:41.302924+02,2.24,f,15,0.538,
4435,5,3157,car,,2026-05-07 14:38:43.854722+02,2026-05-07 14:38:47.71329+02,3.86,f,25,0.351,
4438,5,3319,car,,2026-05-07 14:38:45.957867+02,2026-05-07 14:38:50.280144+02,4.32,f,28,0.468,
4436,5,3167,car,,2026-05-07 14:38:46.751632+02,2026-05-07 14:38:48.989268+02,2.24,f,15,0.478,
4440,5,3298,truck,Kafasan L1,2026-05-07 14:38:50.280144+02,2026-05-07 14:39:23.136642+02,32.86,f,71,0.875,lane_switch:Kafasan L1>Kafasan L2>Kafasan L1
4441,5,3319,car,,2026-05-07 14:39:17.855547+02,2026-05-07 14:39:25.666097+02,7.81,f,50,0.525,
4443,5,2522,car,,2026-05-07 14:39:17.855547+02,2026-05-07 14:39:59.612322+02,41.76,f,126,0.418,
4442,5,3354,car,,2026-05-07 14:39:23.456112+02,2026-05-07 14:39:26.13988+02,2.68,f,18,0.321,
4444,5,3356,car,,2026-05-07 14:39:34.77821+02,2026-05-07 14:40:01.854076+02,27.08,f,34,0.465,
4446,5,3319,car,,2026-05-07 14:40:01.214827+02,2026-05-07 14:40:20.005633+02,18.79,f,119,0.481,
4454,5,2522,car,,2026-05-07 14:40:03.447744+02,2026-05-07 14:40:46.675302+02,43.23,f,255,0.427,
4445,5,3356,car,,2026-05-07 14:40:04.3971+02,2026-05-07 14:40:19.198194+02,14.8,f,94,0.462,
4450,5,3356,car,,2026-05-07 14:40:20.637172+02,2026-05-07 14:40:29.56037+02,8.92,f,42,0.536,
4447,5,3354,car,,2026-05-07 14:40:24.506931+02,2026-05-07 14:40:27.230809+02,2.72,f,18,0.42,
4449,5,3319,car,,2026-05-07 14:40:24.506931+02,2026-05-07 14:40:29.398239+02,4.89,f,31,0.357,
4448,5,3373,truck,,2026-05-07 14:40:24.669379+02,2026-05-07 14:40:27.705129+02,3.04,f,20,0.799,
4465,5,3373,truck,,2026-05-07 14:40:28.087188+02,2026-05-07 14:41:20.559339+02,52.47,f,324,0.865,
4451,5,3354,car,,2026-05-07 14:40:30.370058+02,2026-05-07 14:40:38.137724+02,7.77,f,49,0.363,
4452,5,3356,car,,2026-05-07 14:40:36.013782+02,2026-05-07 14:40:40.754657+02,4.74,f,30,0.523,
4453,5,3354,car,,2026-05-07 14:40:38.463222+02,2026-05-07 14:40:41.248324+02,2.79,f,18,0.36,
4455,5,3385,car,,2026-05-07 14:40:39.099537+02,2026-05-07 14:40:48.28799+02,9.19,f,57,0.497,
4456,5,3354,car,,2026-05-07 14:40:48.44773+02,2026-05-07 14:40:52.186797+02,3.74,f,24,0.373,
4467,5,2522,car,,2026-05-07 14:40:48.44773+02,2026-05-07 14:41:25.993579+02,37.55,f,232,0.447,
4457,5,3385,car,,2026-05-07 14:40:49.906042+02,2026-05-07 14:40:56.576666+02,6.67,f,42,0.526,
4458,5,3385,car,,2026-05-07 14:40:57.86584+02,2026-05-07 14:41:00.465677+02,2.6,f,17,0.458,
4462,5,3354,car,,2026-05-07 14:41:02.729236+02,2026-05-07 14:41:13.426602+02,10.7,f,67,0.362,
4461,5,3385,car,,2026-05-07 14:41:03.369236+02,2026-05-07 14:41:12.461441+02,9.09,f,57,0.469,
4459,5,3406,car,,2026-05-07 14:41:05.002463+02,2026-05-07 14:41:09.388431+02,4.39,f,28,0.756,
4460,5,3356,car,,2026-05-07 14:41:09.54697+02,2026-05-07 14:41:11.814637+02,2.27,f,15,0.538,
4463,5,3354,car,,2026-05-07 14:41:14.402292+02,2026-05-07 14:41:18.285144+02,3.88,f,25,0.351,
4466,5,3385,car,,2026-05-07 14:41:16.516783+02,2026-05-07 14:41:20.886308+02,4.37,f,28,0.468,
4464,5,3356,car,,2026-05-07 14:41:17.315658+02,2026-05-07 14:41:19.564414+02,2.25,f,15,0.478,
4468,5,3373,truck,Kafasan L1,2026-05-07 14:41:20.886308+02,2026-05-07 14:41:32.309226+02,11.42,f,71,0.875,lane_switch:Kafasan L1>Kafasan L2>Kafasan L1
4469,5,3385,car,,2026-05-07 14:41:26.972046+02,2026-05-07 14:41:34.897295+02,7.93,f,50,0.525,
4471,5,2522,car,,2026-05-07 14:41:26.972046+02,2026-05-07 14:41:47.265546+02,20.29,f,126,0.418,
4470,5,3420,car,,2026-05-07 14:41:32.633064+02,2026-05-07 14:41:35.385578+02,2.75,f,18,0.321,
4472,5,3422,car,,2026-05-07 14:41:44.160162+02,2026-05-07 14:41:49.529739+02,5.37,f,34,0.465,
4474,5,3385,car,,2026-05-07 14:41:48.881393+02,2026-05-07 14:42:08.557902+02,19.68,f,119,0.481,
4483,5,2522,car,,2026-05-07 14:41:51.169384+02,2026-05-07 14:42:48.0465+02,56.88,f,320,0.428,
4473,5,3422,car,,2026-05-07 14:41:52.164458+02,2026-05-07 14:42:07.701724+02,15.54,f,94,0.462,
4478,5,3422,car,,2026-05-07 14:42:14.84171+02,2026-05-07 14:42:35.188026+02,20.35,f,120,0.504,
4475,5,3385,car,,2026-05-07 14:42:15.320024+02,2026-05-07 14:42:25.180417+02,9.86,f,60,0.446,
4476,5,3385,car,,2026-05-07 14:42:25.86726+02,2026-05-07 14:42:28.328864+02,2.46,f,15,0.434,
4477,5,3420,car,,2026-05-07 14:42:30.075212+02,2026-05-07 14:42:32.547701+02,2.47,f,15,0.323,
4479,5,3420,car,,2026-05-07 14:42:33.250007+02,2026-05-07 14:42:35.886837+02,2.64,f,16,0.337,
4480,5,3422,car,,2026-05-07 14:42:35.540505+02,2026-05-07 14:42:40.890015+02,5.35,f,31,0.522,
4481,5,3420,car,,2026-05-07 14:42:36.233097+02,2026-05-07 14:42:46.988943+02,10.76,f,61,0.372,
4482,5,3422,car,,2026-05-07 14:42:41.774684+02,2026-05-07 14:42:46.988943+02,5.21,f,30,0.499,
4484,5,2522,car,,2026-05-07 14:42:48.405477+02,2026-05-07 14:43:03.157783+02,14.75,f,83,0.438,
4503,5,3422,car,,2026-05-07 14:42:50.000285+02,2026-05-07 14:44:50.660401+02,120.66,f,479,0.582,
4485,5,3420,car,,2026-05-07 14:42:55.810334+02,2026-05-07 14:43:03.157783+02,7.35,f,42,0.38,
4487,5,2522,car,,2026-05-07 14:43:04.090795+02,2026-05-07 14:43:11.051429+02,6.96,f,39,0.395,
4486,5,3471,truck,Kafasan L1,2026-05-07 14:43:06.924693+02,2026-05-07 14:43:10.865585+02,3.94,f,23,0.802,
4488,5,2522,car,,2026-05-07 14:43:12.498754+02,2026-05-07 14:43:17.176855+02,4.68,f,27,0.366,
4489,5,2522,car,,2026-05-07 14:43:37.435184+02,2026-05-07 14:43:39.667642+02,2.23,f,15,0.355,
4491,5,2522,car,,2026-05-07 14:43:40.15257+02,2026-05-07 14:43:46.6229+02,6.47,f,41,0.358,
4492,5,3484,car,Kafasan L3,2026-05-07 14:43:40.626469+02,2026-05-07 14:43:49.075652+02,8.45,f,53,0.857,
4490,5,3420,car,,2026-05-07 14:43:43.012705+02,2026-05-07 14:43:45.310776+02,2.3,f,15,0.345,
4494,5,2522,car,,2026-05-07 14:43:49.412191+02,2026-05-07 14:43:54.690995+02,5.28,f,33,0.379,
4493,5,3492,car,Kafasan L2,2026-05-07 14:43:50.552827+02,2026-05-07 14:43:53.060848+02,2.51,f,16,0.829,
4495,5,2522,car,,2026-05-07 14:43:57.107695+02,2026-05-07 14:44:23.651424+02,26.54,f,33,0.368,
4496,5,3490,car,,2026-05-07 14:44:21.421175+02,2026-05-07 14:44:23.651424+02,2.23,f,15,0.432,
4497,5,2522,car,,2026-05-07 14:44:24.603428+02,2026-05-07 14:44:27.453644+02,2.85,f,19,0.351,
4499,5,3490,car,,2026-05-07 14:44:27.609273+02,2026-05-07 14:44:35.600473+02,7.99,f,51,0.405,
4498,5,2522,car,,2026-05-07 14:44:28.439884+02,2026-05-07 14:44:34.480717+02,6.04,f,39,0.362,
4500,5,2522,car,,2026-05-07 14:44:35.280112+02,2026-05-07 14:44:39.902024+02,4.62,f,30,0.373,
4501,5,2522,car,,2026-05-07 14:44:42.482347+02,2026-05-07 14:44:47.611939+02,5.13,f,33,0.35,
4502,5,3490,car,,2026-05-07 14:44:46.969369+02,2026-05-07 14:44:49.861618+02,2.89,f,19,0.5,
4504,5,3490,car,,2026-05-07 14:44:50.820225+02,2026-05-07 14:44:53.096824+02,2.28,f,15,0.53,
4505,5,3422,car,,2026-05-07 14:44:51.641103+02,2026-05-07 14:44:55.397458+02,3.76,f,24,0.59,
4508,5,3422,car,,2026-05-07 14:44:55.728413+02,2026-05-07 14:45:31.471119+02,35.74,f,82,0.618,
4506,5,3490,car,,2026-05-07 14:44:56.527047+02,2026-05-07 14:45:22.85628+02,26.33,f,23,0.44,
4507,5,3490,car,,2026-05-07 14:45:23.820332+02,2026-05-07 14:45:31.314257+02,7.49,f,48,0.455,
4509,5,3520,truck,Kafasan L2,2026-05-07 14:45:25.875917+02,2026-05-07 14:45:31.635986+02,5.76,f,37,0.865,lane_switch:Kafasan L2>Kafasan L1>Kafasan L2
4510,5,3525,car,,2026-05-07 14:45:32.43584+02,2026-05-07 14:45:34.7012+02,2.27,f,15,0.379,
4512,5,3490,car,,2026-05-07 14:45:33.257109+02,2026-05-07 14:45:37.729676+02,4.47,f,29,0.482,
4511,5,3422,car,,2026-05-07 14:45:34.055549+02,2026-05-07 14:45:36.452657+02,2.4,f,16,0.616,
4533,5,3422,car,,2026-05-07 14:45:36.771618+02,2026-05-07 14:46:57.852588+02,81.08,f,487,0.585,
4513,5,3490,car,,2026-05-07 14:45:38.533998+02,2026-05-07 14:45:43.035328+02,4.5,f,29,0.411,
4515,5,3525,car,,2026-05-07 14:45:39.973814+02,2026-05-07 14:45:52.075923+02,12.1,f,62,0.418,
4514,5,3532,car,,2026-05-07 14:45:46.454797+02,2026-05-07 14:45:52.075923+02,5.62,f,36,0.388,
4517,5,3525,car,,2026-05-07 14:45:52.882855+02,2026-05-07 14:45:59.035171+02,6.15,f,39,0.395,
4516,5,3549,truck,Kafasan L1,2026-05-07 14:45:55.309869+02,2026-05-07 14:45:58.876604+02,3.57,f,23,0.802,
4518,5,3525,car,,2026-05-07 14:46:00.335629+02,2026-05-07 14:46:04.52476+02,4.19,f,27,0.366,
4519,5,3525,car,,2026-05-07 14:46:05.536204+02,2026-05-07 14:46:07.911386+02,2.38,f,15,0.355,
4521,5,3525,car,,2026-05-07 14:46:08.400856+02,2026-05-07 14:46:14.8805+02,6.48,f,41,0.358,
4522,5,3562,car,Kafasan L3,2026-05-07 14:46:08.88573+02,2026-05-07 14:46:17.297855+02,8.41,f,53,0.857,
4520,5,3532,car,,2026-05-07 14:46:11.306524+02,2026-05-07 14:46:13.580609+02,2.27,f,15,0.345,
4524,5,3525,car,,2026-05-07 14:46:17.617753+02,2026-05-07 14:46:22.81843+02,5.2,f,33,0.379,
4523,5,3570,car,Kafasan L2,2026-05-07 14:46:18.740875+02,2026-05-07 14:46:21.21193+02,2.47,f,16,0.829,
4526,5,3525,car,,2026-05-07 14:46:25.22955+02,2026-05-07 14:46:30.377889+02,5.15,f,33,0.368,
4525,5,3568,car,,2026-05-07 14:46:28.1395+02,2026-05-07 14:46:30.377889+02,2.24,f,15,0.432,
4527,5,3525,car,,2026-05-07 14:46:31.340893+02,2026-05-07 14:46:34.239187+02,2.9,f,19,0.351,
4529,5,3568,car,,2026-05-07 14:46:34.39854+02,2026-05-07 14:46:42.515594+02,8.12,f,51,0.405,
4528,5,3525,car,,2026-05-07 14:46:35.210821+02,2026-05-07 14:46:41.371537+02,6.16,f,39,0.362,
4530,5,3525,car,,2026-05-07 14:46:42.181694+02,2026-05-07 14:46:46.944708+02,4.76,f,30,0.373,
4531,5,3525,car,,2026-05-07 14:46:49.525664+02,2026-05-07 14:46:54.766766+02,5.24,f,33,0.35,
4532,5,3568,car,,2026-05-07 14:46:54.117568+02,2026-05-07 14:46:57.053069+02,2.94,f,19,0.5,
4534,5,3568,car,,2026-05-07 14:46:58.020916+02,2026-05-07 14:47:00.299625+02,2.28,f,15,0.53,
4535,5,3422,car,,2026-05-07 14:46:58.834992+02,2026-05-07 14:47:02.561473+02,3.73,f,24,0.59,
4538,5,3422,car,,2026-05-07 14:47:02.889603+02,2026-05-07 14:47:16.014738+02,13.13,f,82,0.618,
4536,5,3568,car,,2026-05-07 14:47:03.71405+02,2026-05-07 14:47:07.290384+02,3.58,f,23,0.44,
4537,5,3568,car,,2026-05-07 14:47:08.259607+02,2026-05-07 14:47:15.853392+02,7.59,f,48,0.455,
4539,5,3598,truck,Kafasan L2,2026-05-07 14:47:10.339782+02,2026-05-07 14:47:16.175739+02,5.84,f,37,0.865,lane_switch:Kafasan L2>Kafasan L1>Kafasan L2
4540,5,3603,car,,2026-05-07 14:47:16.989453+02,2026-05-07 14:47:19.260336+02,2.27,f,15,0.379,
4542,5,3568,car,,2026-05-07 14:47:17.798979+02,2026-05-07 14:47:22.316141+02,4.52,f,29,0.482,
4541,5,3422,car,,2026-05-07 14:47:18.597111+02,2026-05-07 14:47:21.033869+02,2.44,f,16,0.616,
4547,5,3422,car,,2026-05-07 14:47:21.356805+02,2026-05-07 14:47:41.539825+02,20.18,f,112,0.59,
4543,5,3568,car,,2026-05-07 14:47:23.115825+02,2026-05-07 14:47:27.634634+02,4.52,f,29,0.411,
4545,5,3603,car,,2026-05-07 14:47:24.569144+02,2026-05-07 14:47:37.625696+02,13.06,f,68,0.402,
4544,5,3568,car,,2026-05-07 14:47:32.636828+02,2026-05-07 14:47:35.197008+02,2.56,f,17,0.425,
4546,5,3610,car,,2026-05-07 14:47:35.197008+02,2026-05-07 14:47:39.234592+02,4.04,f,26,0.366,
4548,5,3603,car,,2026-05-07 14:47:37.944825+02,2026-05-07 14:47:42.35402+02,4.41,f,28,0.403,
4549,5,3623,car,Kafasan L2,2026-05-07 14:47:38.753845+02,2026-05-07 14:47:42.35402+02,3.6,f,23,0.809,
4550,5,3568,car,,2026-05-07 14:47:40.562101+02,2026-05-07 14:47:43.17272+02,2.61,f,17,0.48,
4552,5,3422,car,,2026-05-07 14:47:41.860963+02,2026-05-07 14:47:57.212705+02,15.35,f,93,0.572,
4551,5,3603,car,,2026-05-07 14:47:44.865043+02,2026-05-07 14:47:57.212705+02,12.35,f,75,0.394,
4553,5,3610,car,,2026-05-07 14:47:56.692638+02,2026-05-07 14:47:59.300503+02,2.61,f,16,0.336,
4554,5,3422,car,,2026-05-07 14:47:57.897933+02,2026-05-07 14:48:03.605591+02,5.71,f,34,0.572,
4556,5,3603,car,,2026-05-07 14:47:58.077404+02,2026-05-07 14:48:04.298879+02,6.22,f,37,0.368,
4555,5,3610,car,,2026-05-07 14:48:01.026812+02,2026-05-07 14:48:03.953207+02,2.93,f,18,0.347,
4573,5,3422,car,,2026-05-07 14:48:04.126+02,2026-05-07 14:49:48.854273+02,104.73,f,375,0.577,
4557,5,3603,car,,2026-05-07 14:48:05.34025+02,2026-05-07 14:48:10.112762+02,4.77,f,28,0.37,
4559,5,3603,car,,2026-05-07 14:48:10.473637+02,2026-05-07 14:48:17.048704+02,6.58,f,34,0.387,
4558,5,3631,car,Kafasan L2,2026-05-07 14:48:11.364507+02,2026-05-07 14:48:16.848515+02,5.48,f,28,0.828,
4562,5,3603,car,,2026-05-07 14:48:19.182765+02,2026-05-07 14:48:58.640271+02,39.46,f,116,0.37,
4560,5,3610,car,,2026-05-07 14:48:27.4232+02,2026-05-07 14:48:30.53031+02,3.11,f,18,0.352,
4563,5,3635,bus,Kafasan L2,2026-05-07 14:48:31.80329+02,2026-05-07 14:48:59.483442+02,27.68,f,52,0.852,lane_switch:Kafasan L2>Kafasan L1
4561,5,3640,car,,2026-05-07 14:48:34.382764+02,2026-05-07 14:48:56.226836+02,21.84,f,18,0.405,
4564,5,3649,bus,Kafasan L2,2026-05-07 14:49:00.706249+02,2026-05-07 14:49:05.497234+02,4.79,f,29,0.811,lane_switch:Kafasan L2>Kafasan L1>Kafasan L2>Kafasan L1
4567,5,3603,car,,2026-05-07 14:49:01.93177+02,2026-05-07 14:49:07.705129+02,5.77,f,35,0.387,
4565,5,3640,car,,2026-05-07 14:49:02.104962+02,2026-05-07 14:49:05.66457+02,3.56,f,22,0.434,
4566,5,3658,car,Kafasan L3,2026-05-07 14:49:03.798782+02,2026-05-07 14:49:07.366319+02,3.57,f,22,0.778,lane_switch:Kafasan L3>Kafasan L2>Kafasan L3
4568,5,3610,car,,2026-05-07 14:49:06.178507+02,2026-05-07 14:49:13.370019+02,7.19,f,44,0.384,
4569,5,3603,car,,2026-05-07 14:49:08.715496+02,2026-05-07 14:49:38.068706+02,29.35,f,53,0.378,
4570,5,3640,car,,2026-05-07 14:49:36.354913+02,2026-05-07 14:49:40.130897+02,3.78,f,25,0.376,
4571,5,3603,car,,2026-05-07 14:49:38.85568+02,2026-05-07 14:49:43.27662+02,4.42,f,29,0.35,
4572,5,3610,car,,2026-05-07 14:49:40.288817+02,2026-05-07 14:49:44.894801+02,4.61,f,30,0.353,
4575,5,3603,car,,2026-05-07 14:49:44.222011+02,2026-05-07 14:49:50.273231+02,6.05,f,39,0.415,
4577,5,3668,car,Kafasan L3,2026-05-07 14:49:45.847055+02,2026-05-07 14:49:54.699706+02,8.85,f,57,0.843,
4574,5,3610,car,,2026-05-07 14:49:47.265059+02,2026-05-07 14:49:50.273231+02,3.01,f,20,0.392,
4578,5,3422,car,,2026-05-07 14:49:49.170582+02,2026-05-07 14:49:54.699706+02,5.53,f,36,0.535,
4576,5,3640,car,,2026-05-07 14:49:51.221853+02,2026-05-07 14:49:53.907722+02,2.69,f,18,0.378,
4590,5,3422,car,,2026-05-07 14:49:55.342294+02,2026-05-07 14:51:33.519188+02,98.18,f,210,0.576,
4579,5,3685,car,,2026-05-07 14:49:55.820231+02,2026-05-07 14:51:04.995743+02,69.18,f,28,0.371,
4580,5,3686,truck,Kafasan L2,2026-05-07 14:51:02.159194+02,2026-05-07 14:51:05.79557+02,3.64,f,24,0.93,lane_switch:Kafasan L2>Kafasan L1
4581,5,3695,bus,Kafasan L2,2026-05-07 14:51:06.916095+02,2026-05-07 14:51:11.362206+02,4.45,f,29,0.811,lane_switch:Kafasan L2>Kafasan L1>Kafasan L2>Kafasan L1
4584,5,3685,car,,2026-05-07 14:51:08.041882+02,2026-05-07 14:51:13.417221+02,5.38,f,35,0.387,
4582,5,3640,car,,2026-05-07 14:51:08.202155+02,2026-05-07 14:51:11.514572+02,3.31,f,22,0.434,
4583,5,3704,car,Kafasan L3,2026-05-07 14:51:09.779246+02,2026-05-07 14:51:13.094815+02,3.32,f,22,0.778,lane_switch:Kafasan L3>Kafasan L2>Kafasan L3
4585,5,3610,car,,2026-05-07 14:51:11.998794+02,2026-05-07 14:51:18.81265+02,6.81,f,44,0.384,
4586,5,3685,car,,2026-05-07 14:51:14.362378+02,2026-05-07 14:51:22.686127+02,8.32,f,53,0.378,
4587,5,3640,car,,2026-05-07 14:51:20.950216+02,2026-05-07 14:51:24.744594+02,3.79,f,25,0.376,
4588,5,3685,car,,2026-05-07 14:51:23.47797+02,2026-05-07 14:51:27.966307+02,4.49,f,29,0.35,
4589,5,3610,car,,2026-05-07 14:51:24.901899+02,2026-05-07 14:51:29.549047+02,4.65,f,30,0.353,
4592,5,3685,car,,2026-05-07 14:51:28.923765+02,2026-05-07 14:51:34.96237+02,6.04,f,39,0.415,
4594,5,3714,car,Kafasan L3,2026-05-07 14:51:30.499384+02,2026-05-07 14:51:39.460583+02,8.96,f,57,0.843,
4591,5,3610,car,,2026-05-07 14:51:31.928241+02,2026-05-07 14:51:34.96237+02,3.03,f,20,0.392,
4595,5,3422,car,,2026-05-07 14:51:33.839792+02,2026-05-07 14:51:39.460583+02,5.62,f,36,0.535,
4593,5,3640,car,,2026-05-07 14:51:35.925393+02,2026-05-07 14:51:38.656378+02,2.73,f,18,0.378,
4598,5,3422,car,,2026-05-07 14:51:40.11572+02,2026-05-07 14:51:46.104152+02,5.99,f,38,0.555,
4597,5,3610,car,,2026-05-07 14:51:40.437467+02,2026-05-07 14:51:45.591788+02,5.15,f,33,0.366,
4596,5,3731,car,,2026-05-07 14:51:40.598573+02,2026-05-07 14:51:44.950366+02,4.35,f,28,0.363,
4613,5,3422,car,,2026-05-07 14:51:46.425717+02,2026-05-07 14:52:33.785443+02,47.36,f,293,0.576,
4600,5,3640,car,,2026-05-07 14:51:49.781182+02,2026-05-07 14:51:54.395013+02,4.61,f,30,0.445,
4599,5,3731,car,,2026-05-07 14:51:50.419749+02,2026-05-07 14:51:52.964232+02,2.54,f,17,0.383,
4603,5,3735,truck,Kafasan L2,2026-05-07 14:51:51.053528+02,2026-05-07 14:52:02.283547+02,11.23,f,70,0.773,lane_switch:Kafasan L2>Kafasan L1>Kafasan L2
4602,5,3731,car,,2026-05-07 14:51:53.755343+02,2026-05-07 14:51:59.757454+02,6,f,38,0.374,
4601,5,3610,car,,2026-05-07 14:51:55.528158+02,2026-05-07 14:51:58.11689+02,2.59,f,17,0.4,
4604,5,3731,car,,2026-05-07 14:52:00.723453+02,2026-05-07 14:52:03.735586+02,3.01,f,19,0.331,
4605,5,3731,car,,2026-05-07 14:52:04.700604+02,2026-05-07 14:52:06.976288+02,2.28,f,15,0.4,
4606,5,3610,car,,2026-05-07 14:52:04.864717+02,2026-05-07 14:52:07.796747+02,2.93,f,19,0.453,
4608,5,3731,car,,2026-05-07 14:52:08.121445+02,2026-05-07 14:52:12.32+02,4.2,f,27,0.396,
4607,5,3610,car,,2026-05-07 14:52:08.76801+02,2026-05-07 14:52:12.32+02,3.55,f,23,0.395,
4609,5,3731,car,,2026-05-07 14:52:13.295027+02,2026-05-07 14:52:15.562663+02,2.27,f,15,0.374,
4614,5,3731,car,,2026-05-07 14:52:16.20741+02,2026-05-07 14:52:34.930675+02,18.72,f,116,0.417,
4611,5,3610,car,,2026-05-07 14:52:17.16929+02,2026-05-07 14:52:29.835296+02,12.67,f,79,0.345,
4610,5,3755,truck,,2026-05-07 14:52:19.752272+02,2026-05-07 14:52:29.670764+02,9.92,f,62,0.434,
4612,5,3754,car,,2026-05-07 14:52:22.406635+02,2026-05-07 14:52:31.13807+02,8.73,f,55,0.335,
4619,5,3756,truck,Kafasan L1,2026-05-07 14:52:30.002856+02,2026-05-07 14:53:00.23284+02,30.23,f,181,0.875,
4616,5,3731,car,,2026-05-07 14:52:35.421351+02,2026-05-07 14:52:40.814791+02,5.39,f,34,0.423,
4623,5,3422,car,,2026-05-07 14:52:35.585752+02,2026-05-07 14:53:01.7442+02,26.16,f,156,0.574,
4615,5,3787,car,Kafasan L3,2026-05-07 14:52:36.39856+02,2026-05-07 14:52:39.988222+02,3.59,f,23,0.8,
4618,5,3610,car,,2026-05-07 14:52:37.375218+02,2026-05-07 14:52:58.406472+02,21.03,f,125,0.432,
4620,5,3731,car,,2026-05-07 14:52:43.583401+02,2026-05-07 14:53:01.229237+02,17.65,f,111,0.414,
4617,5,3795,car,,2026-05-07 14:52:47.531784+02,2026-05-07 14:52:57.239207+02,9.71,f,62,0.323,
4622,5,3797,truck,Kafasan L3,2026-05-07 14:52:57.57286+02,2026-05-07 14:53:01.7442+02,4.17,f,26,0.849,lane_switch:Kafasan L3>Kafasan L2>Kafasan L1>Kafasan L2
4621,5,3610,car,,2026-05-07 14:52:58.738132+02,2026-05-07 14:53:01.566496+02,2.83,f,18,0.367,
4634,5,3756,truck,Kafasan L1,2026-05-07 14:53:01.063188+02,2026-05-07 14:54:20.244012+02,79.18,f,226,0.861,lane_switch:Kafasan L1>Kafasan L2
4629,5,3422,car,,2026-05-07 14:53:02.081567+02,2026-05-07 14:54:10.27368+02,68.19,f,157,0.535,
4624,5,3731,car,,2026-05-07 14:53:02.412203+02,2026-05-07 14:53:28.417939+02,26.01,f,29,0.423,
4625,5,3610,car,,2026-05-07 14:53:25.407939+02,2026-05-07 14:53:28.739965+02,3.33,f,22,0.38,
4626,5,3731,car,,2026-05-07 14:53:28.739965+02,2026-05-07 14:54:07.090419+02,38.35,f,105,0.396,
4627,5,3610,car,,2026-05-07 14:53:29.218579+02,2026-05-07 14:54:07.882648+02,38.66,f,107,0.352,
4628,5,3819,car,,2026-05-07 14:53:42.397845+02,2026-05-07 14:54:07.882648+02,25.48,f,24,0.527,
4630,5,3731,car,,2026-05-07 14:54:08.037713+02,2026-05-07 14:54:12.689363+02,4.65,f,30,0.402,
4654,5,3422,car,,2026-05-07 14:54:13.006664+02,2026-05-07 14:57:26.439825+02,193.43,f,656,0.55,
4631,5,3819,car,,2026-05-07 14:54:13.318196+02,2026-05-07 14:54:15.546769+02,2.23,f,15,0.415,
4632,5,3610,car,,2026-05-07 14:54:15.70583+02,2026-05-07 14:54:18.51217+02,2.81,f,19,0.351,
4633,5,3731,car,,2026-05-07 14:54:15.70583+02,2026-05-07 14:54:18.51217+02,2.81,f,19,0.35,
4635,5,3610,car,,2026-05-07 14:54:21.665006+02,2026-05-07 14:54:23.858697+02,2.19,f,15,0.338,
4636,5,3731,car,,2026-05-07 14:54:21.978919+02,2026-05-07 14:55:00.974109+02,39,f,110,0.36,
4637,5,3610,car,,2026-05-07 14:54:48.942454+02,2026-05-07 14:55:03.010169+02,14.07,f,91,0.326,
4638,5,3731,car,,2026-05-07 14:55:01.760657+02,2026-05-07 14:55:05.527558+02,3.77,f,25,0.402,
4641,5,3843,truck,Kafasan L2,2026-05-07 14:55:03.637909+02,2026-05-07 14:55:33.897161+02,30.26,f,52,0.869,
4640,5,3610,car,,2026-05-07 14:55:05.682718+02,2026-05-07 14:55:33.897161+02,28.21,f,39,0.372,
4639,5,3849,car,,2026-05-07 14:55:31.753014+02,2026-05-07 14:55:33.897161+02,2.14,f,15,0.386,
4642,5,3731,car,,2026-05-07 14:55:31.753014+02,2026-05-07 14:55:34.517705+02,2.76,f,19,0.431,
4643,5,3851,truck,Kafasan L1,2026-05-07 14:55:34.214303+02,2026-05-07 14:55:39.773925+02,5.56,f,37,0.956,lane_switch:Kafasan L1>Kafasan L2>Kafasan L1
4644,5,3731,car,,2026-05-07 14:55:38.524231+02,2026-05-07 14:55:45.823564+02,7.3,f,48,0.399,
4645,5,3873,motorcycle,Kafasan L2,2026-05-07 14:55:46.134193+02,2026-05-07 14:55:48.795475+02,2.66,f,18,0.686,
4646,5,3874,motorcycle,Kafasan L2,2026-05-07 14:55:46.134193+02,2026-05-07 14:55:48.795475+02,2.66,f,18,0.678,
4650,5,3878,car,,2026-05-07 14:56:11.264591+02,2026-05-07 14:57:06.909338+02,55.64,f,200,0.38,
4647,5,3731,car,,2026-05-07 14:56:15.000492+02,2026-05-07 14:56:22.398498+02,7.4,f,48,0.395,
4649,5,3731,car,,2026-05-07 14:56:24.740511+02,2026-05-07 14:57:06.597813+02,41.86,f,112,0.365,
4648,5,3884,car,,2026-05-07 14:56:24.896624+02,2026-05-07 14:56:58.130425+02,33.23,f,72,0.34,
4659,5,3893,truck,Kafasan L1,2026-05-07 14:57:03.941053+02,2026-05-07 14:57:36.426472+02,32.49,f,207,0.864,lane_switch:Kafasan L1>Kafasan L2
4651,5,3731,car,,2026-05-07 14:57:06.909338+02,2026-05-07 14:57:23.292939+02,16.38,f,105,0.396,
4653,5,3878,car,,2026-05-07 14:57:07.390495+02,2026-05-07 14:57:24.072351+02,16.68,f,107,0.352,
4652,5,3901,car,,2026-05-07 14:57:20.429909+02,2026-05-07 14:57:24.072351+02,3.64,f,24,0.527,
4655,5,3731,car,,2026-05-07 14:57:24.227646+02,2026-05-07 14:57:28.812411+02,4.58,f,30,0.402,
4676,5,3422,car,,2026-05-07 14:57:29.131106+02,2026-05-07 14:58:53.475243+02,84.34,f,513,0.554,
4656,5,3901,car,,2026-05-07 14:57:29.451111+02,2026-05-07 14:57:31.657723+02,2.21,f,15,0.415,
4657,5,3731,car,,2026-05-07 14:57:31.814933+02,2026-05-07 14:57:34.676745+02,2.86,f,19,0.35,
4658,5,3878,car,,2026-05-07 14:57:31.814933+02,2026-05-07 14:57:34.676745+02,2.86,f,19,0.351,
4660,5,3878,car,,2026-05-07 14:57:37.851673+02,2026-05-07 14:57:40.084392+02,2.23,f,15,0.338,
4661,5,3731,car,,2026-05-07 14:57:38.170687+02,2026-05-07 14:57:55.507822+02,17.34,f,110,0.36,
4662,5,3878,car,,2026-05-07 14:57:43.279692+02,2026-05-07 14:57:57.647372+02,14.37,f,91,0.326,
4663,5,3731,car,,2026-05-07 14:57:56.368279+02,2026-05-07 14:58:00.206184+02,3.84,f,25,0.402,
4665,5,3925,truck,Kafasan L2,2026-05-07 14:57:58.301341+02,2026-05-07 14:58:06.455006+02,8.15,f,52,0.869,
4666,5,3878,car,,2026-05-07 14:58:00.367674+02,2026-05-07 14:58:06.455006+02,6.09,f,39,0.372,
4664,5,3931,car,,2026-05-07 14:58:04.244421+02,2026-05-07 14:58:06.455006+02,2.21,f,15,0.386,
4667,5,3731,car,,2026-05-07 14:58:04.244421+02,2026-05-07 14:58:07.096101+02,2.85,f,19,0.431,
4668,5,3933,truck,Kafasan L1,2026-05-07 14:58:06.780989+02,2026-05-07 14:58:12.546658+02,5.77,f,37,0.956,lane_switch:Kafasan L1>Kafasan L2>Kafasan L1
4669,5,3731,car,,2026-05-07 14:58:11.265637+02,2026-05-07 14:58:18.824344+02,7.56,f,48,0.399,
4670,5,3955,motorcycle,Kafasan L2,2026-05-07 14:58:19.153781+02,2026-05-07 14:58:21.868565+02,2.71,f,18,0.686,
4671,5,3956,motorcycle,Kafasan L2,2026-05-07 14:58:19.153781+02,2026-05-07 14:58:21.868565+02,2.71,f,18,0.678,
4675,5,3960,car,,2026-05-07 14:58:22.206913+02,2026-05-07 14:58:53.475243+02,31.27,f,181,0.379,
4672,5,3731,car,,2026-05-07 14:58:26.033711+02,2026-05-07 14:58:33.567118+02,7.53,f,48,0.395,
4674,5,3731,car,,2026-05-07 14:58:35.954472+02,2026-05-07 14:58:50.892335+02,14.94,f,93,0.354,
4673,5,3966,car,,2026-05-07 14:58:36.115464+02,2026-05-07 14:58:47.612576+02,11.5,f,72,0.34,
4684,5,3731,car,,2026-05-07 14:58:55.381971+02,2026-05-07 14:59:25.355224+02,29.97,f,176,0.41,
4678,5,3422,car,,2026-05-07 14:58:55.698618+02,2026-05-07 14:59:16.492676+02,20.79,f,124,0.532,
4677,5,3960,car,,2026-05-07 14:58:55.855879+02,2026-05-07 14:59:15.620328+02,19.76,f,118,0.416,
4679,5,3960,car,,2026-05-07 14:59:15.971993+02,2026-05-07 14:59:19.88397+02,3.91,f,23,0.355,
4680,5,3985,car,,2026-05-07 14:59:18.126867+02,2026-05-07 14:59:20.749335+02,2.62,f,16,0.417,
4683,5,3988,car,Kafasan L2,2026-05-07 14:59:18.303424+02,2026-05-07 14:59:24.636551+02,6.33,f,37,0.818,
4681,5,3422,car,,2026-05-07 14:59:20.22887+02,2026-05-07 14:59:23.381372+02,3.15,f,19,0.476,
4682,5,3960,car,,2026-05-07 14:59:20.40581+02,2026-05-07 14:59:24.093135+02,3.69,f,22,0.364,
4685,5,3422,car,,2026-05-07 14:59:24.279063+02,2026-05-07 14:59:29.217648+02,4.94,f,29,0.497,
4686,5,3960,car,,2026-05-07 14:59:26.070325+02,2026-05-07 14:59:30.098976+02,4.03,f,24,0.387,
4689,5,3731,car,,2026-05-07 14:59:26.070325+02,2026-05-07 14:59:37.124948+02,11.05,f,63,0.425,
4687,5,3422,car,,2026-05-07 14:59:30.275413+02,2026-05-07 14:59:34.367504+02,4.09,f,24,0.48,
4688,5,4002,car,,2026-05-07 14:59:33.822145+02,2026-05-07 14:59:36.600917+02,2.78,f,16,0.372,
4690,5,3960,car,,2026-05-07 14:59:38.017676+02,2026-05-07 14:59:41.288855+02,3.27,f,19,0.348,
4691,5,3731,car,,2026-05-07 14:59:38.017676+02,2026-05-07 14:59:42.196547+02,4.18,f,24,0.412,
4692,5,4006,truck,Kafasan L2,2026-05-07 14:59:38.195129+02,2026-05-07 14:59:44.996345+02,6.8,f,38,0.874,lane_switch:Kafasan L2>Kafasan L3
4693,5,4002,car,,2026-05-07 14:59:45.915261+02,2026-05-07 14:59:48.382323+02,2.47,f,15,0.434,
4702,5,3731,car,,2026-05-07 14:59:48.56158+02,2026-05-07 15:00:59.597245+02,71.04,f,183,0.415,
4694,5,4002,car,,2026-05-07 14:59:51.424464+02,2026-05-07 14:59:55.245168+02,3.82,f,22,0.419,
4695,5,3960,car,,2026-05-07 14:59:52.708835+02,2026-05-07 15:00:17.06715+02,24.36,f,30,0.375,
4696,5,3422,car,,2026-05-07 14:59:53.796046+02,2026-05-07 15:00:17.06715+02,23.27,f,24,0.502,
4698,5,3960,car,,2026-05-07 15:00:17.391576+02,2026-05-07 15:00:31.567278+02,14.18,f,89,0.388,
4699,5,3422,car,,2026-05-07 15:00:19.921065+02,2026-05-07 15:00:32.691237+02,12.77,f,80,0.504,
4697,5,4002,car,,2026-05-07 15:00:27.07035+02,2026-05-07 15:00:31.080242+02,4.01,f,26,0.329,
4701,5,3960,car,,2026-05-07 15:00:32.048285+02,2026-05-07 15:00:59.597245+02,27.55,f,38,0.375,
4700,5,4026,car,Kafasan L2,2026-05-07 15:00:34.47503+02,2026-05-07 15:00:59.107381+02,24.63,f,20,0.799,
4703,5,3422,car,,2026-05-07 15:00:34.47503+02,2026-05-07 15:00:59.597245+02,25.12,f,23,0.5,
4705,5,3960,car,,2026-05-07 15:01:00.535589+02,2026-05-07 15:01:10.405566+02,9.87,f,64,0.367,
4712,5,3731,car,,2026-05-07 15:01:00.535589+02,2026-05-07 15:02:08.242306+02,67.71,f,291,0.428,
4704,5,3422,car,,2026-05-07 15:01:04.472186+02,2026-05-07 15:01:08.841369+02,4.37,f,29,0.489,
4707,5,4045,car,,2026-05-07 15:01:09.155824+02,2026-05-07 15:01:42.229063+02,33.07,f,71,0.462,
4706,5,3960,car,,2026-05-07 15:01:15.784494+02,2026-05-07 15:01:42.229063+02,26.44,f,29,0.388,
4708,5,4046,car,,2026-05-07 15:01:15.942564+02,2026-05-07 15:01:43.046386+02,27.1,f,33,0.332,
4710,5,3960,car,,2026-05-07 15:01:42.544186+02,2026-05-07 15:01:54.26812+02,11.72,f,75,0.357,
4709,5,4045,car,,2026-05-07 15:01:47.271862+02,2026-05-07 15:01:53.949391+02,6.68,f,44,0.453,
4711,5,3960,car,,2026-05-07 15:01:55.371471+02,2026-05-07 15:02:08.242306+02,12.87,f,83,0.372,
4713,5,4045,car,,2026-05-07 15:01:55.371471+02,2026-05-07 15:02:08.242306+02,12.87,f,83,0.529,
4714,5,4061,car,,2026-05-07 15:01:56.321218+02,2026-05-07 15:02:10.305996+02,13.98,f,90,0.34,
4715,5,3960,car,,2026-05-07 15:02:11.409175+02,2026-05-07 15:02:18.479208+02,7.07,f,31,0.386,
4722,5,3731,car,,2026-05-07 15:02:11.571802+02,2026-05-07 15:02:27.10425+02,15.53,f,85,0.395,
4716,5,4045,car,,2026-05-07 15:02:14.129878+02,2026-05-07 15:02:19.248674+02,5.12,f,19,0.49,
4717,5,3960,car,,2026-05-07 15:02:18.788493+02,2026-05-07 15:02:22.235576+02,3.45,f,23,0.355,
4718,5,4061,car,,2026-05-07 15:02:20.656116+02,2026-05-07 15:02:23.020422+02,2.36,f,16,0.417,
4721,5,4068,car,Kafasan L2,2026-05-07 15:02:20.812076+02,2026-05-07 15:02:26.47072+02,5.66,f,37,0.818,
4719,5,4045,car,,2026-05-07 15:02:22.549997+02,2026-05-07 15:02:25.371332+02,2.82,f,19,0.476,
4720,5,3960,car,,2026-05-07 15:02:22.709206+02,2026-05-07 15:02:25.998549+02,3.29,f,22,0.364,
4723,5,4045,car,,2026-05-07 15:02:26.156016+02,2026-05-07 15:02:30.544492+02,4.39,f,29,0.497,
4724,5,3960,car,,2026-05-07 15:02:27.730597+02,2026-05-07 15:02:31.340401+02,3.61,f,24,0.387,
4727,5,3731,car,,2026-05-07 15:02:27.730597+02,2026-05-07 15:02:37.482928+02,9.75,f,63,0.425,
4725,5,4045,car,,2026-05-07 15:02:31.498269+02,2026-05-07 15:02:35.105283+02,3.61,f,24,0.48,
4726,5,4082,car,,2026-05-07 15:02:34.632777+02,2026-05-07 15:02:37.010764+02,2.38,f,16,0.372,
4728,5,3960,car,,2026-05-07 15:02:38.27704+02,2026-05-07 15:02:41.109829+02,2.83,f,19,0.348,
4729,5,3731,car,,2026-05-07 15:02:38.27704+02,2026-05-07 15:02:41.90008+02,3.62,f,24,0.412,
4730,5,4086,truck,Kafasan L2,2026-05-07 15:02:38.434829+02,2026-05-07 15:02:44.274057+02,5.84,f,38,0.874,lane_switch:Kafasan L2>Kafasan L3
4731,5,4082,car,,2026-05-07 15:02:45.07036+02,2026-05-07 15:02:47.295184+02,2.22,f,15,0.434,
4740,5,3731,car,,2026-05-07 15:02:47.454926+02,2026-05-07 15:03:16.446339+02,28.99,f,183,0.415,
4732,5,4082,car,,2026-05-07 15:02:49.985509+02,2026-05-07 15:02:53.384965+02,3.4,f,22,0.419,
4733,5,3960,car,,2026-05-07 15:02:51.094194+02,2026-05-07 15:02:55.781803+02,4.69,f,30,0.375,
4734,5,4045,car,,2026-05-07 15:02:52.034862+02,2026-05-07 15:02:55.781803+02,3.75,f,24,0.502,
4736,5,3960,car,,2026-05-07 15:02:56.102255+02,2026-05-07 15:03:10.004795+02,13.9,f,89,0.388,
4737,5,4045,car,,2026-05-07 15:02:58.632593+02,2026-05-07 15:03:11.124468+02,12.49,f,80,0.504,
4735,5,4082,car,,2026-05-07 15:03:05.591104+02,2026-05-07 15:03:09.529227+02,3.94,f,26,0.329,
4739,5,3960,car,,2026-05-07 15:03:10.489844+02,2026-05-07 15:03:16.446339+02,5.96,f,38,0.375,
4738,5,4106,car,Kafasan L2,2026-05-07 15:03:12.886151+02,2026-05-07 15:03:15.95677+02,3.07,f,20,0.799,
4741,5,4045,car,,2026-05-07 15:03:12.886151+02,2026-05-07 15:03:16.446339+02,3.56,f,23,0.5,
4743,5,3960,car,,2026-05-07 15:03:17.403183+02,2026-05-07 15:03:27.512657+02,10.11,f,64,0.367,
4750,5,3731,car,,2026-05-07 15:03:17.403183+02,2026-05-07 15:04:03.610351+02,46.21,f,291,0.428,
4742,5,4045,car,,2026-05-07 15:03:21.434648+02,2026-05-07 15:03:25.912899+02,4.48,f,29,0.489,
4745,5,4125,car,,2026-05-07 15:03:26.236551+02,2026-05-07 15:03:37.369533+02,11.13,f,71,0.462,
4744,5,3960,car,,2026-05-07 15:03:32.899612+02,2026-05-07 15:03:37.369533+02,4.47,f,29,0.388,
4746,5,4126,car,,2026-05-07 15:03:33.054828+02,2026-05-07 15:03:38.16394+02,5.11,f,33,0.332,
4748,5,3960,car,,2026-05-07 15:03:37.6872+02,2026-05-07 15:03:49.530058+02,11.84,f,75,0.357,
4747,5,4125,car,,2026-05-07 15:03:42.363116+02,2026-05-07 15:03:49.206731+02,6.84,f,44,0.453,
4749,5,3960,car,,2026-05-07 15:03:50.63816+02,2026-05-07 15:04:03.610351+02,12.97,f,83,0.372,
4751,5,4125,car,,2026-05-07 15:03:50.63816+02,2026-05-07 15:04:03.610351+02,12.97,f,83,0.529,
4752,5,4141,car,,2026-05-07 15:03:51.589388+02,2026-05-07 15:04:05.699804+02,14.11,f,90,0.34,
4757,5,3960,car,,2026-05-07 15:04:06.81513+02,2026-05-07 15:04:28.829813+02,22.01,f,124,0.391,
4759,5,3731,car,,2026-05-07 15:04:06.978546+02,2026-05-07 15:04:29.30277+02,22.32,f,126,0.417,
4753,5,4125,car,,2026-05-07 15:04:09.623833+02,2026-05-07 15:04:17.014301+02,7.39,f,33,0.541,
4788,5,4147,truck,Kafasan L1,2026-05-07 15:04:12.85986+02,2026-05-07 15:07:06.188791+02,173.33,f,520,0.944,
4754,5,4141,car,,2026-05-07 15:04:16.21864+02,2026-05-07 15:04:19.882025+02,3.66,f,24,0.404,
4755,5,4125,car,,2026-05-07 15:04:19.252228+02,2026-05-07 15:04:25.628221+02,6.38,f,41,0.538,
4756,5,4141,car,,2026-05-07 15:04:22.123981+02,2026-05-07 15:04:25.785742+02,3.66,f,24,0.381,
4758,5,4125,car,,2026-05-07 15:04:25.951047+02,2026-05-07 15:04:29.145325+02,3.19,f,21,0.538,
4760,5,4141,car,,2026-05-07 15:04:26.27257+02,2026-05-07 15:04:29.941471+02,3.67,f,24,0.425,
4762,5,4125,car,,2026-05-07 15:04:30.099975+02,2026-05-07 15:05:42.672706+02,72.57,f,44,0.548,
4766,5,3960,car,,2026-05-07 15:04:30.099975+02,2026-05-07 15:05:54.32722+02,84.23,f,118,0.391,
4768,5,3731,car,,2026-05-07 15:04:30.419985+02,2026-05-07 15:05:54.797355+02,84.38,f,119,0.42,
4761,5,4141,car,,2026-05-07 15:04:30.579017+02,2026-05-07 15:05:39.375029+02,68.8,f,20,0.368,
4763,5,4141,car,,2026-05-07 15:05:41.896838+02,2026-05-07 15:05:45.51475+02,3.62,f,24,0.404,
4764,5,4125,car,,2026-05-07 15:05:44.88255+02,2026-05-07 15:05:51.186652+02,6.3,f,41,0.538,
4765,5,4141,car,,2026-05-07 15:05:47.736577+02,2026-05-07 15:05:51.341497+02,3.6,f,24,0.381,
4767,5,4125,car,,2026-05-07 15:05:51.500884+02,2026-05-07 15:05:54.63944+02,3.14,f,21,0.538,
4769,5,4141,car,,2026-05-07 15:05:51.817408+02,2026-05-07 15:05:55.4351+02,3.62,f,24,0.425,
4770,5,3960,car,,2026-05-07 15:05:55.591073+02,2026-05-07 15:06:03.528372+02,7.94,f,51,0.377,
4771,5,4125,car,,2026-05-07 15:05:55.591073+02,2026-05-07 15:06:03.528372+02,7.94,f,51,0.536,
4778,5,3731,car,,2026-05-07 15:05:55.913522+02,2026-05-07 15:06:22.140746+02,26.23,f,146,0.426,
4773,5,4141,car,,2026-05-07 15:06:02.889117+02,2026-05-07 15:06:10.051444+02,7.16,f,46,0.416,
4772,5,4125,car,,2026-05-07 15:06:03.846972+02,2026-05-07 15:06:06.720194+02,2.87,f,19,0.535,
4774,5,3960,car,,2026-05-07 15:06:03.846972+02,2026-05-07 15:06:13.560011+02,9.71,f,62,0.372,
4775,5,4125,car,,2026-05-07 15:06:07.517179+02,2026-05-07 15:06:13.560011+02,6.04,f,39,0.527,
4776,5,3960,car,,2026-05-07 15:06:13.882449+02,2026-05-07 15:06:21.357614+02,7.48,f,28,0.395,
4777,5,4125,car,,2026-05-07 15:06:14.530949+02,2026-05-07 15:06:21.357614+02,6.83,f,24,0.534,
4780,5,3731,car,,2026-05-07 15:06:22.460693+02,2026-05-07 15:06:31.401138+02,8.94,f,57,0.405,
4779,5,4125,car,,2026-05-07 15:06:24.516846+02,2026-05-07 15:06:27.559016+02,3.04,f,20,0.521,
4781,5,4141,car,,2026-05-07 15:06:26.920955+02,2026-05-07 15:06:31.557922+02,4.64,f,30,0.404,
4783,5,3731,car,,2026-05-07 15:06:32.517186+02,2026-05-07 15:06:36.705274+02,4.19,f,27,0.447,
4782,5,3960,car,,2026-05-07 15:06:32.678078+02,2026-05-07 15:06:36.385338+02,3.71,f,24,0.388,
4784,5,4125,car,,2026-05-07 15:06:33.206071+02,2026-05-07 15:06:36.705274+02,3.5,f,23,0.508,
4787,5,4141,car,,2026-05-07 15:06:38.298438+02,2026-05-07 15:07:04.629657+02,26.33,f,29,0.445,
4786,5,3731,car,,2026-05-07 15:06:39.399903+02,2026-05-07 15:07:04.143223+02,24.74,f,19,0.354,
4785,5,3960,car,,2026-05-07 15:06:39.880404+02,2026-05-07 15:07:03.933889+02,24.05,f,15,0.353,
4789,5,3731,car,,2026-05-07 15:07:04.629657+02,2026-05-07 15:07:06.977261+02,2.35,f,16,0.373,
4790,5,4125,car,,2026-05-07 15:07:04.787464+02,2026-05-07 15:07:08.571195+02,3.78,f,25,0.522,
4791,5,4141,car,,2026-05-07 15:07:06.347219+02,2026-05-07 15:07:09.350471+02,3,f,20,0.434,
4792,5,3960,car,,2026-05-07 15:07:07.140354+02,2026-05-07 15:07:14.01213+02,6.87,f,45,0.387,
4810,5,3731,car,,2026-05-07 15:07:07.93232+02,2026-05-07 15:10:39.34673+02,211.41,f,643,0.42,
4793,5,4125,car,,2026-05-07 15:07:09.504008+02,2026-05-07 15:07:14.01213+02,4.51,f,30,0.542,
4801,5,3960,car,,2026-05-07 15:07:14.970128+02,2026-05-07 15:08:41.558378+02,86.59,f,270,0.389,
4794,5,4228,car,,2026-05-07 15:07:16.389143+02,2026-05-07 15:07:19.267877+02,2.88,f,19,0.377,
4795,5,4125,car,,2026-05-07 15:07:19.432805+02,2026-05-07 15:07:54.857487+02,35.42,f,87,0.508,
4796,5,4230,car,,2026-05-07 15:07:54.382486+02,2026-05-07 15:07:56.784581+02,2.4,f,16,0.408,
4797,5,4125,car,,2026-05-07 15:07:59.187398+02,2026-05-07 15:08:26.187136+02,27,f,32,0.502,
4798,5,4125,car,,2026-05-07 15:08:26.50076+02,2026-05-07 15:08:31.397047+02,4.9,f,32,0.53,
4800,5,4240,car,,2026-05-07 15:08:28.728063+02,2026-05-07 15:08:40.770881+02,12.04,f,77,0.406,
4799,5,4125,car,,2026-05-07 15:08:34.385483+02,2026-05-07 15:08:39.120393+02,4.73,f,31,0.538,
4808,5,4125,car,,2026-05-07 15:08:39.915382+02,2026-05-07 15:10:32.514553+02,112.6,f,296,0.537,
4802,5,3960,car,,2026-05-07 15:08:41.872821+02,2026-05-07 15:09:10.946327+02,29.07,f,46,0.386,
4803,5,4258,car,,2026-05-07 15:09:08.421359+02,2026-05-07 15:09:10.946327+02,2.52,f,17,0.317,
4804,5,3960,car,,2026-05-07 15:09:11.422152+02,2026-05-07 15:09:14.707135+02,3.28,f,22,0.304,
4805,5,4262,car,,2026-05-07 15:09:11.890894+02,2026-05-07 15:09:14.707135+02,2.82,f,19,0.313,
4809,5,3960,car,,2026-05-07 15:09:15.020364+02,2026-05-07 15:10:39.34673+02,84.33,f,256,0.399,
4806,5,4262,car,,2026-05-07 15:09:25.041416+02,2026-05-07 15:09:49.844469+02,24.8,f,19,0.512,
4807,5,4281,car,,2026-05-07 15:10:07.720302+02,2026-05-07 15:10:32.355677+02,24.64,f,18,0.328,
4827,5,4125,car,,2026-05-07 15:10:32.831735+02,2026-05-07 15:13:30.510033+02,177.68,f,569,0.541,
4811,5,3731,car,,2026-05-07 15:10:40.32595+02,2026-05-07 15:10:50.094798+02,9.77,f,63,0.4,
4812,5,3960,car,,2026-05-07 15:10:40.32595+02,2026-05-07 15:10:50.257388+02,9.93,f,64,0.374,
4814,5,3731,car,,2026-05-07 15:11:13.34301+02,2026-05-07 15:11:25.487091+02,12.14,f,78,0.413,
4813,5,3960,car,,2026-05-07 15:11:17.609652+02,2026-05-07 15:11:24.072753+02,6.46,f,42,0.398,
4815,5,4307,car,Kafasan L3,2026-05-07 15:11:22.968939+02,2026-05-07 15:11:25.649257+02,2.68,f,18,0.856,lane_switch:Kafasan L3>Kafasan L2
4819,5,3731,car,,2026-05-07 15:11:26.299318+02,2026-05-07 15:12:42.619987+02,76.32,f,206,0.42,
4816,5,3960,car,,2026-05-07 15:11:26.76903+02,2026-05-07 15:12:07.45387+02,40.68,f,120,0.381,
4817,5,3960,car,,2026-05-07 15:12:07.780055+02,2026-05-07 15:12:09.987623+02,2.21,f,15,0.41,
4818,5,3960,car,,2026-05-07 15:12:11.585598+02,2026-05-07 15:12:42.619987+02,31.03,f,58,0.365,
4823,5,3731,car,,2026-05-07 15:12:43.092499+02,2026-05-07 15:13:28.923573+02,45.83,f,152,0.416,
4820,5,3960,car,,2026-05-07 15:12:43.57072+02,2026-05-07 15:12:54.756119+02,11.19,f,72,0.345,
4824,5,4345,car,,2026-05-07 15:13:17.834553+02,2026-05-07 15:13:28.923573+02,11.09,f,71,0.453,
4821,5,4346,truck,,2026-05-07 15:13:19.431283+02,2026-05-07 15:13:23.093789+02,3.66,f,24,0.629,
4825,5,4350,truck,,2026-05-07 15:13:22.774499+02,2026-05-07 15:13:28.923573+02,6.15,f,40,0.848,
4826,5,3960,car,,2026-05-07 15:13:24.193351+02,2026-05-07 15:13:29.082871+02,4.89,f,32,0.375,
4822,5,4353,car,Kafasan L3,2026-05-07 15:13:25.457365+02,2026-05-07 15:13:28.923573+02,3.47,f,23,0.62,
4842,5,4354,truck,Kafasan L3,2026-05-07 15:13:29.244123+02,2026-05-07 15:14:53.577554+02,84.33,f,257,0.934,lane_switch:Kafasan L3>Kafasan L2
4828,5,3960,car,,2026-05-07 15:13:31.955683+02,2026-05-07 15:13:34.483131+02,2.53,f,17,0.435,
4831,5,4125,car,,2026-05-07 15:13:31.955683+02,2026-05-07 15:14:06.565713+02,34.61,f,81,0.452,
4829,5,4345,car,,2026-05-07 15:13:32.594278+02,2026-05-07 15:13:35.896994+02,3.3,f,22,0.368,
4830,5,4345,car,,2026-05-07 15:14:00.231978+02,2026-05-07 15:14:04.8225+02,4.59,f,30,0.358,
4835,5,3960,car,,2026-05-07 15:14:00.231978+02,2026-05-07 15:14:42.739871+02,42.51,f,131,0.452,
4833,5,4125,car,,2026-05-07 15:14:06.884767+02,2026-05-07 15:14:18.667256+02,11.78,f,75,0.456,
4832,5,4373,car,,2026-05-07 15:14:09.58651+02,2026-05-07 15:14:12.946558+02,3.36,f,22,0.329,
4834,5,4376,bus,Kafasan L2,2026-05-07 15:14:16.593796+02,2026-05-07 15:14:41.954097+02,25.36,f,23,0.878,
4838,5,4373,car,,2026-05-07 15:14:42.111321+02,2026-05-07 15:14:48.043152+02,5.93,f,39,0.474,
4837,5,4387,bus,Kafasan L1,2026-05-07 15:14:42.279064+02,2026-05-07 15:14:48.043152+02,5.76,f,38,0.93,lane_switch:Kafasan L1>Kafasan L2
4836,5,4125,car,,2026-05-07 15:14:42.900834+02,2026-05-07 15:14:48.043152+02,5.14,f,34,0.472,
4839,5,4391,car,Kafasan L2,2026-05-07 15:14:43.056797+02,2026-05-07 15:14:48.043152+02,4.99,f,33,0.719,
4840,5,4394,car,,2026-05-07 15:14:48.361435+02,2026-05-07 15:14:50.558169+02,2.2,f,15,0.4,
4841,5,4125,car,,2026-05-07 15:14:50.397235+02,2026-05-07 15:14:53.09637+02,2.7,f,18,0.415,
4855,5,4394,car,,2026-05-07 15:14:54.836532+02,2026-05-07 15:17:02.829088+02,127.99,f,393,0.422,
4857,5,4397,car,,2026-05-07 15:14:55.943651+02,2026-05-07 15:17:02.829088+02,126.89,f,386,0.455,
4843,5,4373,car,,2026-05-07 15:15:24.004784+02,2026-05-07 15:15:26.191846+02,2.19,f,15,0.514,
4844,5,4373,car,,2026-05-07 15:15:26.96726+02,2026-05-07 15:15:32.167561+02,5.2,f,34,0.466,
4845,5,4405,car,,2026-05-07 15:15:32.533868+02,2026-05-07 15:15:35.993118+02,3.46,f,23,0.447,
4848,5,4405,car,,2026-05-07 15:15:36.626412+02,2026-05-07 15:15:41.596662+02,4.97,f,32,0.474,
4846,5,4406,car,,2026-05-07 15:15:37.57246+02,2026-05-07 15:15:40.968713+02,3.4,f,22,0.318,
4847,5,4411,car,Kafasan L2,2026-05-07 15:15:38.284434+02,2026-05-07 15:15:41.596662+02,3.31,f,22,0.833,
4850,5,4405,car,,2026-05-07 15:16:05.130598+02,2026-05-07 15:16:24.00872+02,18.88,f,121,0.465,
4849,5,4418,car,,2026-05-07 15:16:10.735364+02,2026-05-07 15:16:16.214983+02,5.48,f,36,0.323,
4851,5,4421,car,,2026-05-07 15:16:21.955105+02,2026-05-07 15:16:46.851902+02,24.9,f,19,0.358,
4852,5,4405,car,,2026-05-07 15:16:48.481379+02,2026-05-07 15:16:52.269828+02,3.79,f,25,0.472,
4853,5,4405,car,,2026-05-07 15:16:53.062445+02,2026-05-07 15:16:58.40146+02,5.34,f,35,0.452,
4854,5,4421,car,,2026-05-07 15:16:54.639029+02,2026-05-07 15:17:00.284806+02,5.65,f,37,0.315,
4856,5,4405,car,,2026-05-07 15:16:58.870837+02,2026-05-07 15:17:02.829088+02,3.96,f,26,0.445,
4870,5,4394,car,,2026-05-07 15:17:28.152875+02,2026-05-07 15:19:06.956962+02,98.8,f,348,0.42,
4858,5,4397,car,,2026-05-07 15:17:28.311934+02,2026-05-07 15:17:31.161255+02,2.85,f,19,0.421,
4863,5,4397,car,,2026-05-07 15:17:31.638399+02,2026-05-07 15:18:15.911858+02,44.27,f,142,0.429,
4859,5,4421,car,,2026-05-07 15:17:35.08472+02,2026-05-07 15:17:38.544123+02,3.46,f,23,0.433,
4860,5,4405,car,,2026-05-07 15:17:38.701573+02,2026-05-07 15:17:45.735149+02,7.03,f,45,0.418,
4861,5,4405,car,,2026-05-07 15:17:46.833797+02,2026-05-07 15:18:12.119546+02,25.29,f,22,0.456,
4862,5,4447,car,,2026-05-07 15:17:47.314131+02,2026-05-07 15:18:12.119546+02,24.81,f,19,0.355,
4871,5,4397,car,,2026-05-07 15:18:16.223942+02,2026-05-07 15:19:06.956962+02,50.73,f,183,0.453,
4864,5,4405,car,,2026-05-07 15:18:21.403878+02,2026-05-07 15:18:24.405225+02,3,f,20,0.445,
4865,5,4447,car,,2026-05-07 15:18:27.554942+02,2026-05-07 15:18:52.44585+02,24.89,f,19,0.318,
4866,5,4405,car,,2026-05-07 15:18:27.554942+02,2026-05-07 15:18:53.241577+02,25.69,f,24,0.455,
4867,5,4445,car,,2026-05-07 15:18:59.378728+02,2026-05-07 15:19:01.576244+02,2.2,f,15,0.482,
4868,5,4405,car,,2026-05-07 15:19:01.733+02,2026-05-07 15:19:04.570557+02,2.84,f,19,0.444,
4869,5,4447,car,,2026-05-07 15:19:01.733+02,2026-05-07 15:19:04.570557+02,2.84,f,19,0.328,
4872,5,4445,car,,2026-05-07 15:19:04.725191+02,2026-05-07 15:19:08.366457+02,3.64,f,24,0.503,
4875,5,4397,car,,2026-05-07 15:19:09.314839+02,2026-05-07 15:19:35.318401+02,26,f,26,0.46,
4874,5,4394,car,,2026-05-07 15:19:09.46913+02,2026-05-07 15:19:35.318401+02,25.85,f,25,0.429,
4873,5,4405,car,,2026-05-07 15:19:09.625512+02,2026-05-07 15:19:34.041271+02,24.42,f,16,0.459,
4876,5,4445,car,,2026-05-07 15:19:35.16284+02,2026-05-07 15:19:45.220343+02,10.06,f,65,0.487,
4877,5,4397,car,,2026-05-07 15:19:35.943782+02,2026-05-07 15:19:45.867083+02,9.92,f,64,0.403,
4881,5,4394,car,,2026-05-07 15:19:36.730719+02,2026-05-07 15:21:04.19198+02,87.46,f,276,0.42,
4879,5,4478,car,,2026-05-07 15:19:45.544235+02,2026-05-07 15:20:26.651959+02,41.11,f,122,0.47,
4886,5,4397,car,,2026-05-07 15:19:46.195312+02,2026-05-07 15:21:42.847088+02,116.65,f,322,0.428,
4878,5,4480,car,,2026-05-07 15:20:19.509523+02,2026-05-07 15:20:24.592803+02,5.08,f,33,0.756,
4880,5,4478,car,,2026-05-07 15:20:29.039569+02,2026-05-07 15:20:33.822197+02,4.78,f,31,0.419,
4882,5,4478,car,,2026-05-07 15:21:03.404302+02,2026-05-07 15:21:10.355089+02,6.95,f,45,0.481,
4883,5,4394,car,,2026-05-07 15:21:05.154524+02,2026-05-07 15:21:10.817167+02,5.66,f,37,0.411,
4884,5,4502,car,,2026-05-07 15:21:12.84968+02,2026-05-07 15:21:16.267998+02,3.42,f,23,0.487,
4885,5,4394,car,,2026-05-07 15:21:13.308782+02,2026-05-07 15:21:42.065635+02,28.76,f,44,0.385,
4887,5,4502,car,,2026-05-07 15:21:42.222327+02,2026-05-07 15:21:45.997658+02,3.78,f,25,0.487,
4888,5,4519,car,,2026-05-07 15:21:43.17758+02,2026-05-07 15:21:45.997658+02,2.82,f,19,0.306,
4890,5,4397,car,,2026-05-07 15:21:46.155975+02,2026-05-07 15:21:57.343669+02,11.19,f,58,0.428,
4897,5,4394,car,,2026-05-07 15:21:46.155975+02,2026-05-07 15:22:26.537153+02,40.38,f,242,0.416,
4889,5,4502,car,,2026-05-07 15:21:49.273213+02,2026-05-07 15:21:55.316612+02,6.04,f,25,0.433,
4898,5,4397,car,,2026-05-07 15:21:57.656771+02,2026-05-07 15:22:26.537153+02,28.88,f,183,0.453,
4891,5,4478,car,,2026-05-07 15:22:02.892753+02,2026-05-07 15:22:05.930913+02,3.04,f,20,0.445,
4892,5,4523,car,,2026-05-07 15:22:09.069576+02,2026-05-07 15:22:11.923648+02,2.85,f,19,0.318,
4893,5,4478,car,,2026-05-07 15:22:09.069576+02,2026-05-07 15:22:12.712751+02,3.64,f,24,0.455,
4894,5,4502,car,,2026-05-07 15:22:18.901948+02,2026-05-07 15:22:21.125472+02,2.22,f,15,0.482,
4895,5,4523,car,,2026-05-07 15:22:21.284574+02,2026-05-07 15:22:24.147964+02,2.86,f,19,0.328,
4896,5,4478,car,,2026-05-07 15:22:21.284574+02,2026-05-07 15:22:24.147964+02,2.86,f,19,0.444,
4899,5,4502,car,,2026-05-07 15:22:24.305736+02,2026-05-07 15:22:27.959077+02,3.65,f,24,0.503,
4902,5,4397,car,,2026-05-07 15:22:28.918089+02,2026-05-07 15:22:32.984033+02,4.07,f,26,0.46,
4901,5,4394,car,,2026-05-07 15:22:29.114872+02,2026-05-07 15:22:32.984033+02,3.87,f,25,0.429,
4900,5,4478,car,,2026-05-07 15:22:29.27328+02,2026-05-07 15:22:31.687266+02,2.41,f,16,0.459,
4903,5,4502,car,,2026-05-07 15:22:32.824343+02,2026-05-07 15:22:42.99583+02,10.17,f,65,0.487,
4904,5,4397,car,,2026-05-07 15:22:33.623164+02,2026-05-07 15:22:43.636648+02,10.01,f,64,0.403,
4908,5,4394,car,,2026-05-07 15:22:34.428746+02,2026-05-07 15:23:18.198237+02,43.77,f,276,0.42,
4906,5,4552,car,,2026-05-07 15:22:43.319552+02,2026-05-07 15:23:02.550319+02,19.23,f,122,0.47,
4913,5,4397,car,,2026-05-07 15:22:43.956221+02,2026-05-07 15:23:35.246656+02,51.29,f,322,0.428,
4905,5,4554,car,,2026-05-07 15:22:55.368421+02,2026-05-07 15:23:00.443287+02,5.07,f,33,0.756,
4907,5,4552,car,,2026-05-07 15:23:04.940454+02,2026-05-07 15:23:09.695336+02,4.75,f,31,0.419,
4909,5,4552,car,,2026-05-07 15:23:17.400535+02,2026-05-07 15:23:24.498051+02,7.1,f,45,0.481,
4910,5,4394,car,,2026-05-07 15:23:19.165307+02,2026-05-07 15:23:24.982342+02,5.82,f,37,0.411,
4911,5,4576,car,,2026-05-07 15:23:27.059461+02,2026-05-07 15:23:30.553592+02,3.49,f,23,0.487,
4912,5,4394,car,,2026-05-07 15:23:27.536803+02,2026-05-07 15:23:34.43721+02,6.9,f,44,0.385,
4914,5,4576,car,,2026-05-07 15:23:34.597407+02,2026-05-07 15:23:38.439143+02,3.84,f,25,0.487,
4915,5,4593,car,,2026-05-07 15:23:35.570394+02,2026-05-07 15:23:38.439143+02,2.87,f,19,0.306,
4916,5,4394,car,,2026-05-07 15:23:38.602203+02,2026-05-07 15:23:45.031809+02,6.43,f,27,0.461,
4922,5,4397,car,,2026-05-07 15:23:38.602203+02,2026-05-07 15:23:57.18511+02,18.58,f,103,0.469,
4919,5,4394,car,,2026-05-07 15:23:45.707605+02,2026-05-07 15:23:51.42192+02,5.71,f,37,0.387,
4917,5,4600,car,Kafasan L2,2026-05-07 15:23:48.22737+02,2026-05-07 15:23:50.776646+02,2.55,f,17,0.82,
4918,5,4552,car,,2026-05-07 15:23:48.541199+02,2026-05-07 15:23:50.937598+02,2.4,f,16,0.494,
4920,5,4576,car,,2026-05-07 15:23:49.334739+02,2026-05-07 15:23:52.209135+02,2.87,f,19,0.412,
4921,5,4394,car,,2026-05-07 15:23:51.893268+02,2026-05-07 15:23:57.18511+02,5.29,f,34,0.384,
4929,5,4397,car,,2026-05-07 15:23:57.99155+02,2026-05-07 15:24:23.344207+02,25.35,f,156,0.437,
4924,5,4394,car,,2026-05-07 15:23:58.151266+02,2026-05-07 15:24:11.975581+02,13.82,f,87,0.444,
4923,5,4605,car,,2026-05-07 15:24:00.700555+02,2026-05-07 15:24:02.946828+02,2.25,f,15,0.472,
4927,5,4394,car,,2026-05-07 15:24:12.941077+02,2026-05-07 15:24:16.787019+02,3.85,f,24,0.417,
4925,5,4552,car,,2026-05-07 15:24:13.104313+02,2026-05-07 15:24:15.609215+02,2.5,f,16,0.505,
4926,5,4617,car,Kafasan L2,2026-05-07 15:24:13.44175+02,2026-05-07 15:24:15.776956+02,2.34,f,15,0.822,
4932,5,4394,car,,2026-05-07 15:24:17.784867+02,2026-05-07 15:24:34.904267+02,17.12,f,92,0.381,
4928,5,4552,car,,2026-05-07 15:24:18.979682+02,2026-05-07 15:24:21.99042+02,3.01,f,19,0.477,
4930,5,4610,car,,2026-05-07 15:24:20.984863+02,2026-05-07 15:24:26.67982+02,5.69,f,22,0.437,
4941,5,4397,car,,2026-05-07 15:24:27.612134+02,2026-05-07 15:25:24.617186+02,57.01,f,219,0.443,
4931,5,4631,car,Kafasan L3,2026-05-07 15:24:28.712111+02,2026-05-07 15:24:30.969823+02,2.26,f,15,0.801,lane_switch:Kafasan L3>Kafasan L2
4933,5,4552,car,,2026-05-07 15:24:32.894804+02,2026-05-07 15:24:37.39521+02,4.5,f,27,0.493,
4934,5,4394,car,,2026-05-07 15:24:35.267111+02,2026-05-07 15:24:42.623014+02,7.36,f,42,0.37,
4935,5,4610,car,,2026-05-07 15:24:39.296696+02,2026-05-07 15:24:43.515752+02,4.22,f,24,0.425,
4936,5,4552,car,,2026-05-07 15:24:41.649692+02,2026-05-07 15:24:45.830996+02,4.18,f,24,0.508,
4937,5,4610,car,,2026-05-07 15:24:44.942519+02,2026-05-07 15:24:47.598614+02,2.66,f,16,0.357,
4938,5,4552,car,,2026-05-07 15:24:46.364213+02,2026-05-07 15:25:10.302149+02,23.94,f,23,0.49,
4939,5,4610,car,,2026-05-07 15:25:08.574935+02,2026-05-07 15:25:10.940464+02,2.37,f,16,0.4,
4940,5,4394,car,,2026-05-07 15:25:11.099644+02,2026-05-07 15:25:18.639723+02,7.54,f,46,0.372,
4943,5,4552,car,,2026-05-07 15:25:11.099644+02,2026-05-07 15:25:25.436347+02,14.34,f,88,0.506,
4942,5,4394,car,,2026-05-07 15:25:22.514733+02,2026-05-07 15:25:24.786047+02,2.27,f,15,0.361,
4945,5,4552,car,,2026-05-07 15:25:25.762676+02,2026-05-07 15:25:51.576245+02,25.81,f,29,0.528,
4953,5,4397,car,,2026-05-07 15:25:25.762676+02,2026-05-07 15:27:18.10398+02,112.34,f,298,0.426,
4944,5,4394,car,,2026-05-07 15:25:25.923994+02,2026-05-07 15:25:50.937389+02,25.01,f,24,0.346,
4947,5,4552,car,,2026-05-07 15:25:52.059259+02,2026-05-07 15:26:01.733743+02,9.67,f,62,0.524,
4946,5,4638,car,,2026-05-07 15:25:56.816057+02,2026-05-07 15:26:00.634571+02,3.82,f,25,0.385,
4962,5,4552,car,,2026-05-07 15:26:02.047349+02,2026-05-07 15:28:07.71487+02,125.67,f,378,0.524,
4948,5,4394,car,,2026-05-07 15:26:09.367974+02,2026-05-07 15:26:34.871368+02,25.5,f,24,0.359,
4949,5,4394,car,,2026-05-07 15:26:35.188578+02,2026-05-07 15:26:37.547991+02,2.36,f,16,0.356,
4950,5,4638,car,,2026-05-07 15:26:42.099839+02,2026-05-07 15:26:45.411051+02,3.31,f,22,0.38,
4951,5,4394,car,,2026-05-07 15:26:43.195736+02,2026-05-07 15:27:14.272904+02,31.08,f,58,0.372,
4954,5,4664,truck,Kafasan L2,2026-05-07 15:26:49.546496+02,2026-05-07 15:27:18.10398+02,28.56,f,42,0.844,lane_switch:Kafasan L2>Kafasan L1
4952,5,4394,car,,2026-05-07 15:27:14.606945+02,2026-05-07 15:27:17.303689+02,2.7,f,18,0.415,
4955,5,4394,car,,2026-05-07 15:27:20.997327+02,2026-05-07 15:27:23.684868+02,2.69,f,18,0.381,
4960,5,4397,car,,2026-05-07 15:27:21.776565+02,2026-05-07 15:28:04.615582+02,42.84,f,133,0.397,
4956,5,4394,car,,2026-05-07 15:27:25.475247+02,2026-05-07 15:27:28.170867+02,2.7,f,18,0.339,
4957,5,4394,car,,2026-05-07 15:27:29.114587+02,2026-05-07 15:27:32.120232+02,3.01,f,20,0.385,
4958,5,4394,car,,2026-05-07 15:27:32.441367+02,2026-05-07 15:27:58.453709+02,26.01,f,27,0.401,
4959,5,4693,car,,2026-05-07 15:27:57.177689+02,2026-05-07 15:28:01.599773+02,4.42,f,29,0.333,
4961,5,4394,car,,2026-05-07 15:28:01.75526+02,2026-05-07 15:28:06.90593+02,5.15,f,33,0.371,
4973,5,4397,car,,2026-05-07 15:28:06.415032+02,2026-05-07 15:28:44.993927+02,38.58,f,228,0.439,
4964,5,4394,car,,2026-05-07 15:28:10.142531+02,2026-05-07 15:28:17.30536+02,7.16,f,46,0.392,
4963,5,4726,car,Kafasan L3,2026-05-07 15:28:11.244191+02,2026-05-07 15:28:13.480487+02,2.24,f,15,0.801,lane_switch:Kafasan L3>Kafasan L2
4965,5,4552,car,,2026-05-07 15:28:15.396794+02,2026-05-07 15:28:19.513823+02,4.12,f,27,0.493,
4966,5,4394,car,,2026-05-07 15:28:17.626345+02,2026-05-07 15:28:24.12306+02,6.5,f,42,0.37,
4967,5,4719,car,,2026-05-07 15:28:21.252523+02,2026-05-07 15:28:24.917879+02,3.67,f,24,0.425,
4968,5,4552,car,,2026-05-07 15:28:23.321158+02,2026-05-07 15:28:26.998716+02,3.68,f,24,0.508,
4969,5,4719,car,,2026-05-07 15:28:26.194541+02,2026-05-07 15:28:28.595119+02,2.4,f,16,0.357,
4970,5,4552,car,,2026-05-07 15:28:27.486214+02,2026-05-07 15:28:31.028513+02,3.54,f,23,0.49,
4971,5,4719,car,,2026-05-07 15:28:29.243405+02,2026-05-07 15:28:31.662391+02,2.42,f,16,0.4,
4972,5,4394,car,,2026-05-07 15:28:31.820471+02,2026-05-07 15:28:39.043872+02,7.22,f,46,0.372,
4975,5,4552,car,,2026-05-07 15:28:31.820471+02,2026-05-07 15:28:45.810893+02,13.99,f,88,0.506,
4974,5,4394,car,,2026-05-07 15:28:42.900117+02,2026-05-07 15:28:45.159677+02,2.26,f,15,0.361,
4977,5,4552,car,,2026-05-07 15:28:46.139895+02,2026-05-07 15:28:50.714818+02,4.57,f,29,0.528,
4985,5,4397,car,,2026-05-07 15:28:46.139895+02,2026-05-07 15:29:34.119876+02,47.98,f,298,0.426,
4976,5,4394,car,,2026-05-07 15:28:46.348274+02,2026-05-07 15:28:50.073423+02,3.73,f,24,0.346,
4979,5,4552,car,,2026-05-07 15:28:51.196934+02,2026-05-07 15:29:01.002174+02,9.81,f,62,0.524,
4978,5,4733,car,,2026-05-07 15:28:56.006405+02,2026-05-07 15:28:59.876544+02,3.87,f,25,0.385,
4996,5,4552,car,,2026-05-07 15:29:01.320332+02,2026-05-07 15:30:14.978297+02,73.66,f,437,0.52,
4980,5,4394,car,,2026-05-07 15:29:08.730304+02,2026-05-07 15:29:12.499998+02,3.77,f,24,0.359,
4981,5,4394,car,,2026-05-07 15:29:12.82878+02,2026-05-07 15:29:15.249394+02,2.42,f,16,0.356,
4982,5,4733,car,,2026-05-07 15:29:19.915482+02,2026-05-07 15:29:23.26563+02,3.35,f,22,0.38,
4983,5,4394,car,,2026-05-07 15:29:21.04339+02,2026-05-07 15:29:30.245177+02,9.2,f,58,0.372,
4986,5,4759,truck,Kafasan L2,2026-05-07 15:29:27.519948+02,2026-05-07 15:29:34.119876+02,6.6,f,42,0.844,lane_switch:Kafasan L2>Kafasan L1
4984,5,4394,car,,2026-05-07 15:29:30.567352+02,2026-05-07 15:29:33.295025+02,2.73,f,18,0.415,
4987,5,4394,car,,2026-05-07 15:29:37.033553+02,2026-05-07 15:29:39.851545+02,2.82,f,18,0.381,
4992,5,4397,car,,2026-05-07 15:29:37.900234+02,2026-05-07 15:29:59.832889+02,21.93,f,133,0.397,
4988,5,4394,car,,2026-05-07 15:29:41.668111+02,2026-05-07 15:29:44.436022+02,2.77,f,18,0.339,
4989,5,4394,car,,2026-05-07 15:29:45.425213+02,2026-05-07 15:29:48.552991+02,3.13,f,20,0.385,
4990,5,4394,car,,2026-05-07 15:29:48.887608+02,2026-05-07 15:29:53.166077+02,4.28,f,27,0.401,
4991,5,4788,car,,2026-05-07 15:29:51.84213+02,2026-05-07 15:29:56.513393+02,4.67,f,29,0.333,
4993,5,4394,car,,2026-05-07 15:29:56.680636+02,2026-05-07 15:30:02.204054+02,5.52,f,33,0.371,
4994,5,4397,car,,2026-05-07 15:30:06.290507+02,2026-05-07 15:30:11.60803+02,5.32,f,34,0.416,
4995,5,4394,car,,2026-05-07 15:30:07.093592+02,2026-05-07 15:30:12.420049+02,5.33,f,34,0.379,
4997,5,4397,car,,2026-05-07 15:30:12.420049+02,2026-05-07 15:30:15.703027+02,3.28,f,20,0.394,
4998,5,4394,car,,2026-05-07 15:30:15.344963+02,2026-05-07 15:30:18.405077+02,3.06,f,18,0.38,
5000,5,4552,car,,2026-05-07 15:30:15.344963+02,2026-05-07 15:30:22.787196+02,7.44,f,42,0.518,
4999,5,4825,car,Kafasan L3,2026-05-07 15:30:16.072693+02,2026-05-07 15:30:19.550114+02,3.48,f,20,0.819,lane_switch:Kafasan L3>Kafasan L2
5001,5,4397,car,,2026-05-07 15:30:16.433815+02,2026-05-07 15:30:22.787196+02,6.35,f,36,0.417,
5003,5,4841,bus,,2026-05-07 15:30:22.962379+02,2026-05-07 15:30:29.008148+02,6.05,f,35,0.838,
5002,5,4552,car,,2026-05-07 15:30:23.836173+02,2026-05-07 15:30:26.851149+02,3.01,f,18,0.506,
5004,5,4394,car,,2026-05-07 15:30:24.188203+02,2026-05-07 15:30:30.100828+02,5.91,f,34,0.384,
5006,5,4397,car,,2026-05-07 15:30:24.7187+02,2026-05-07 15:30:31.350065+02,6.63,f,38,0.387,
5005,5,4846,truck,Kafasan L2,2026-05-07 15:30:24.89214+02,2026-05-07 15:30:30.100828+02,5.21,f,30,0.831,lane_switch:Kafasan L2>Kafasan L1
5007,5,4552,car,,2026-05-07 15:30:27.205287+02,2026-05-07 15:30:31.706802+02,4.5,f,26,0.475,
5021,5,4841,truck,,2026-05-07 15:30:29.738862+02,2026-05-07 15:32:29.73018+02,119.99,f,575,0.85,
5008,5,4397,car,,2026-05-07 15:30:32.247178+02,2026-05-07 15:30:34.958136+02,2.71,f,16,0.408,
5009,5,4552,car,,2026-05-07 15:30:32.247178+02,2026-05-07 15:30:37.558729+02,5.31,f,30,0.519,
5010,5,4394,car,,2026-05-07 15:30:32.430344+02,2026-05-07 15:30:56.117017+02,23.69,f,131,0.412,
5017,5,4397,car,,2026-05-07 15:30:38.134097+02,2026-05-07 15:32:16.723404+02,98.59,f,462,0.403,
5015,5,4552,car,,2026-05-07 15:30:38.697938+02,2026-05-07 15:31:57.552374+02,78.85,f,348,0.514,
5011,5,4394,car,,2026-05-07 15:30:56.479837+02,2026-05-07 15:31:08.486173+02,12.01,f,67,0.408,
5012,5,4394,car,,2026-05-07 15:31:30.66434+02,2026-05-07 15:31:38.117659+02,7.45,f,47,0.407,
5013,5,4394,car,,2026-05-07 15:31:38.951901+02,2026-05-07 15:31:48.037116+02,9.09,f,57,0.402,
5014,5,4394,car,,2026-05-07 15:31:48.521264+02,2026-05-07 15:31:55.867216+02,7.35,f,47,0.405,
5016,5,4394,car,,2026-05-07 15:31:59.026217+02,2026-05-07 15:32:15.913906+02,16.89,f,98,0.372,
5018,5,4893,car,,2026-05-07 15:32:02.416404+02,2026-05-07 15:32:17.695737+02,15.28,f,88,0.507,
5019,5,4394,car,,2026-05-07 15:32:20.142198+02,2026-05-07 15:32:23.149965+02,3.01,f,20,0.386,
5024,5,4397,car,,2026-05-07 15:32:20.142198+02,2026-05-07 15:32:31.823244+02,11.68,f,74,0.404,
5020,5,4898,car,,2026-05-07 15:32:24.258892+02,2026-05-07 15:32:27.799553+02,3.54,f,23,0.504,
5022,5,4394,car,,2026-05-07 15:32:25.688872+02,2026-05-07 15:32:30.70209+02,5.01,f,32,0.37,
5023,5,4903,truck,Kafasan L2,2026-05-07 15:32:28.129743+02,2026-05-07 15:32:30.70209+02,2.57,f,17,0.881,lane_switch:Kafasan L2>Kafasan L1
5025,5,4898,car,,2026-05-07 15:32:28.129743+02,2026-05-07 15:32:32.14799+02,4.02,f,26,0.475,
5077,5,4841,truck,Kafasan L1,2026-05-07 15:32:30.374963+02,2026-05-07 15:37:58.738226+02,328.36,f,1427,0.856,
5026,5,4397,car,,2026-05-07 15:32:32.628208+02,2026-05-07 15:32:35.030466+02,2.4,f,16,0.408,
5027,5,4898,car,,2026-05-07 15:32:32.628208+02,2026-05-07 15:32:37.285504+02,4.66,f,30,0.519,
5028,5,4394,car,,2026-05-07 15:32:32.790837+02,2026-05-07 15:32:54.099703+02,21.31,f,131,0.412,
5035,5,4397,car,,2026-05-07 15:32:37.769336+02,2026-05-07 15:33:59.117925+02,81.35,f,462,0.403,
5033,5,4898,car,,2026-05-07 15:32:38.254298+02,2026-05-07 15:33:38.928005+02,60.67,f,348,0.514,
5029,5,4394,car,,2026-05-07 15:32:54.440224+02,2026-05-07 15:33:05.939522+02,11.5,f,67,0.408,
5030,5,4394,car,,2026-05-07 15:33:08.977171+02,2026-05-07 15:33:17.172717+02,8.2,f,47,0.407,
5031,5,4394,car,,2026-05-07 15:33:18.069543+02,2026-05-07 15:33:28.183245+02,10.11,f,57,0.402,
5032,5,4394,car,,2026-05-07 15:33:28.738806+02,2026-05-07 15:33:37.095575+02,8.36,f,47,0.405,
5034,5,4394,car,,2026-05-07 15:33:40.660894+02,2026-05-07 15:33:58.217433+02,17.56,f,98,0.372,
5036,5,4948,car,,2026-05-07 15:33:44.677019+02,2026-05-07 15:34:00.189277+02,15.51,f,88,0.507,
5037,5,4394,car,,2026-05-07 15:34:02.666093+02,2026-05-07 15:34:05.635697+02,2.97,f,20,0.386,
5048,5,4397,car,,2026-05-07 15:34:02.666093+02,2026-05-07 15:34:46.802622+02,44.14,f,250,0.414,
5039,5,4953,car,,2026-05-07 15:34:06.740499+02,2026-05-07 15:34:15.083102+02,8.34,f,47,0.506,
5038,5,4394,car,,2026-05-07 15:34:08.271667+02,2026-05-07 15:34:14.191255+02,5.92,f,33,0.399,
5040,5,4394,car,,2026-05-07 15:34:15.083102+02,2026-05-07 15:34:21.435308+02,6.35,f,36,0.365,
5041,5,4960,car,,2026-05-07 15:34:15.446105+02,2026-05-07 15:34:26.747845+02,11.3,f,64,0.492,
5042,5,4394,car,,2026-05-07 15:34:24.274837+02,2026-05-07 15:34:27.461918+02,3.19,f,19,0.364,
5043,5,4394,car,,2026-05-07 15:34:27.816885+02,2026-05-07 15:34:31.911632+02,4.09,f,24,0.382,
5044,5,4394,car,,2026-05-07 15:34:32.438079+02,2026-05-07 15:34:37.799746+02,5.36,f,31,0.374,
5045,5,4394,car,,2026-05-07 15:34:38.171695+02,2026-05-07 15:34:41.979617+02,3.81,f,22,0.369,
5047,5,4394,car,,2026-05-07 15:34:42.866834+02,2026-05-07 15:34:46.10979+02,3.24,f,19,0.382,
5046,5,4960,car,,2026-05-07 15:34:43.560644+02,2026-05-07 15:34:46.10979+02,2.55,f,15,0.518,
5050,5,4397,car,,2026-05-07 15:34:47.148557+02,2026-05-07 15:34:53.880992+02,6.73,f,39,0.392,
5049,5,4960,car,,2026-05-07 15:34:51.422743+02,2026-05-07 15:34:53.880992+02,2.46,f,15,0.507,
5053,5,4397,car,,2026-05-07 15:34:55.272815+02,2026-05-07 15:35:04.242689+02,8.97,f,51,0.386,
5051,5,4394,car,,2026-05-07 15:34:55.445442+02,2026-05-07 15:35:02.501178+02,7.06,f,40,0.374,
5052,5,4960,car,,2026-05-07 15:34:59.592183+02,2026-05-07 15:35:03.375284+02,3.78,f,22,0.514,
5054,5,4960,car,,2026-05-07 15:35:04.415809+02,2026-05-07 15:35:07.589729+02,3.17,f,19,0.528,
5055,5,4394,car,,2026-05-07 15:35:04.415809+02,2026-05-07 15:36:08.975054+02,64.56,f,27,0.386,
5056,5,4998,car,,2026-05-07 15:35:04.588346+02,2026-05-07 15:36:08.975054+02,64.39,f,26,0.425,
5058,5,4998,car,,2026-05-07 15:36:11.796119+02,2026-05-07 15:36:17.776385+02,5.98,f,39,0.392,
5057,5,4960,car,,2026-05-07 15:36:15.585372+02,2026-05-07 15:36:17.776385+02,2.19,f,15,0.507,
5061,5,4998,car,,2026-05-07 15:36:19.040374+02,2026-05-07 15:36:26.875687+02,7.84,f,51,0.386,
5059,5,4394,car,,2026-05-07 15:36:19.197296+02,2026-05-07 15:36:25.304015+02,6.11,f,40,0.374,
5060,5,4960,car,,2026-05-07 15:36:22.792191+02,2026-05-07 15:36:26.092321+02,3.3,f,22,0.514,
5062,5,4960,car,,2026-05-07 15:36:27.030094+02,2026-05-07 15:36:29.918512+02,2.89,f,19,0.528,
5063,5,4394,car,,2026-05-07 15:36:27.030094+02,2026-05-07 15:36:31.204136+02,4.17,f,27,0.386,
5069,5,5010,car,,2026-05-07 15:36:27.186837+02,2026-05-07 15:37:03.09348+02,35.91,f,227,0.415,
5064,5,5008,car,,2026-05-07 15:36:30.075703+02,2026-05-07 15:36:32.312729+02,2.24,f,15,0.34,
5065,5,4967,car,,2026-05-07 15:36:30.075703+02,2026-05-07 15:36:32.312729+02,2.24,f,15,0.524,
5066,5,4960,car,,2026-05-07 15:36:31.360921+02,2026-05-07 15:36:34.822093+02,3.46,f,23,0.49,
5068,5,4394,car,,2026-05-07 15:36:32.471976+02,2026-05-07 15:37:02.934583+02,30.46,f,193,0.396,
5067,5,4960,car,,2026-05-07 15:36:35.4507+02,2026-05-07 15:36:38.287232+02,2.84,f,19,0.508,
5082,5,4960,car,,2026-05-07 15:36:41.645098+02,2026-05-07 15:38:40.243263+02,118.6,f,472,0.522,
5071,5,5010,car,,2026-05-07 15:37:03.584941+02,2026-05-07 15:37:07.216637+02,3.63,f,24,0.376,
5070,5,4394,car,,2026-05-07 15:37:03.9018+02,2026-05-07 15:37:06.899485+02,3,f,20,0.386,
5074,5,5010,car,,2026-05-07 15:37:07.700781+02,2026-05-07 15:37:29.124202+02,21.42,f,135,0.443,
5073,5,4394,car,,2026-05-07 15:37:10.363205+02,2026-05-07 15:37:27.68476+02,17.32,f,110,0.391,
5072,5,5026,car,,2026-05-07 15:37:17.022908+02,2026-05-07 15:37:26.077295+02,9.05,f,58,0.309,
5075,5,4394,car,,2026-05-07 15:37:29.124202+02,2026-05-07 15:37:56.663967+02,27.54,f,37,0.417,
5078,5,5010,car,,2026-05-07 15:37:29.445911+02,2026-05-07 15:37:58.738226+02,29.29,f,48,0.398,
5076,5,5035,truck,,2026-05-07 15:37:54.296221+02,2026-05-07 15:37:56.819542+02,2.52,f,17,0.787,
5079,5,4841,truck,Kafasan L1,2026-05-07 15:37:59.858249+02,2026-05-07 15:38:02.604711+02,2.75,f,18,0.9,lane_switch:Kafasan L1>Kafasan L2
5080,5,5052,car,,2026-05-07 15:38:09.071582+02,2026-05-07 15:38:35.499254+02,26.43,f,30,0.416,
5081,5,5053,car,,2026-05-07 15:38:09.071582+02,2026-05-07 15:38:35.980053+02,26.91,f,33,0.401,
5083,5,5053,car,,2026-05-07 15:38:36.922459+02,2026-05-07 15:38:48.04228+02,11.12,f,71,0.427,
5087,5,5052,car,,2026-05-07 15:38:36.922459+02,2026-05-07 15:39:23.419661+02,46.5,f,156,0.372,
5088,5,4960,car,,2026-05-07 15:38:40.881767+02,2026-05-07 15:39:26.283998+02,45.4,f,149,0.516,
5084,5,5071,car,,2026-05-07 15:38:44.741493+02,2026-05-07 15:38:48.196626+02,3.46,f,23,0.678,
5095,5,5071,truck,,2026-05-07 15:38:50.094577+02,2026-05-07 15:40:10.516777+02,80.42,f,231,0.72,
5085,5,5082,truck,,2026-05-07 15:39:18.822524+02,2026-05-07 15:39:23.099812+02,4.28,f,28,0.859,
5086,5,5083,car,,2026-05-07 15:39:18.822524+02,2026-05-07 15:39:23.099812+02,4.28,f,28,0.336,
5090,5,5083,car,,2026-05-07 15:39:25.644645+02,2026-05-07 15:40:00.519195+02,34.87,f,82,0.374,
5096,5,4960,car,,2026-05-07 15:39:26.603229+02,2026-05-07 15:40:12.753155+02,46.15,f,153,0.509,
5089,5,5052,car,,2026-05-07 15:39:28.188671+02,2026-05-07 15:39:32.353965+02,4.17,f,27,0.352,
5091,5,5052,car,,2026-05-07 15:39:34.094443+02,2026-05-07 15:40:00.519195+02,26.42,f,29,0.355,
5093,5,5083,car,,2026-05-07 15:40:01.466935+02,2026-05-07 15:40:10.516777+02,9.05,f,58,0.339,
5094,5,5094,truck,,2026-05-07 15:40:01.623918+02,2026-05-07 15:40:10.516777+02,8.89,f,57,0.527,
5092,5,5095,car,,2026-05-07 15:40:03.839447+02,2026-05-07 15:40:06.190633+02,2.35,f,16,0.317,
5098,5,4960,car,,2026-05-07 15:40:13.070298+02,2026-05-07 15:40:40.640278+02,27.57,f,37,0.493,
5100,5,5083,car,,2026-05-07 15:40:14.510433+02,2026-05-07 15:40:42.538276+02,28.03,f,40,0.382,
5097,5,5097,car,,2026-05-07 15:40:14.666121+02,2026-05-07 15:40:38.891662+02,24.23,f,16,0.374,
5099,5,5097,car,,2026-05-07 15:40:39.52178+02,2026-05-07 15:40:41.7454+02,2.22,f,15,0.366,
5104,5,5104,car,,2026-05-07 15:40:43.172991+02,2026-05-07 15:41:23.733806+02,40.56,f,118,0.493,
5102,5,5097,car,,2026-05-07 15:40:43.488285+02,2026-05-07 15:40:56.767862+02,13.28,f,85,0.341,
5101,5,5083,car,,2026-05-07 15:40:44.749817+02,2026-05-07 15:40:47.627191+02,2.88,f,19,0.415,
5103,5,5083,car,,2026-05-07 15:40:51.241668+02,2026-05-07 15:40:56.767862+02,5.53,f,36,0.313,
5107,5,5083,car,,2026-05-07 15:40:58.379857+02,2026-05-07 15:42:05.343272+02,66.96,f,146,0.368,
5105,5,5104,car,,2026-05-07 15:41:24.532879+02,2026-05-07 15:41:29.767991+02,5.24,f,34,0.515,
5109,5,5104,car,,2026-05-07 15:41:30.087667+02,2026-05-07 15:42:08.046687+02,37.96,f,102,0.548,
5106,5,5114,car,,2026-05-07 15:41:31.196658+02,2026-05-07 15:42:05.343272+02,34.15,f,78,0.336,
5108,5,5122,car,Kafasan L3,2026-05-07 15:41:31.359834+02,2026-05-07 15:42:05.343272+02,33.98,f,77,0.765,lane_switch:Kafasan L3>Kafasan L2
5110,5,5083,car,,2026-05-07 15:42:07.892261+02,2026-05-07 15:42:10.262969+02,2.37,f,16,0.405,
5115,5,5104,car,,2026-05-07 15:42:08.362755+02,2026-05-07 15:42:56.837027+02,48.47,f,169,0.518,
5111,5,5083,car,,2026-05-07 15:42:10.578168+02,2026-05-07 15:42:14.073276+02,3.5,f,23,0.381,
5112,5,5083,car,,2026-05-07 15:42:14.400237+02,2026-05-07 15:42:16.926635+02,2.53,f,17,0.379,
5113,5,5083,car,,2026-05-07 15:42:18.497204+02,2026-05-07 15:42:46.425257+02,27.93,f,39,0.418,
5114,5,5139,car,,2026-05-07 15:42:46.743902+02,2026-05-07 15:42:54.131833+02,7.39,f,48,0.858,
5116,5,5142,car,,2026-05-07 15:42:54.458931+02,2026-05-07 15:42:57.937003+02,3.48,f,23,0.358,
5117,5,5142,car,,2026-05-07 15:42:58.263858+02,2026-05-07 15:43:26.84373+02,28.58,f,43,0.408,
5118,5,5104,car,,2026-05-07 15:43:26.031708+02,2026-05-07 15:43:28.255762+02,2.22,f,15,0.497,
5119,5,5142,car,,2026-05-07 15:43:27.633629+02,2026-05-07 15:43:30.83194+02,3.2,f,21,0.403,
5120,5,5104,car,,2026-05-07 15:43:28.570646+02,2026-05-07 15:43:32.095886+02,3.53,f,23,0.488,
5121,5,5161,car,,2026-05-07 15:43:29.881631+02,2026-05-07 15:43:32.095886+02,2.21,f,15,0.337,
5122,5,5162,car,Kafasan L2,2026-05-07 15:43:30.205748+02,2026-05-07 15:43:38.219963+02,8.01,f,52,0.535,
5125,5,5144,car,,2026-05-07 15:43:32.258825+02,2026-05-07 15:44:07.500993+02,35.24,f,85,0.467,
5123,5,5164,truck,Kafasan L2,2026-05-07 15:43:32.577955+02,2026-05-07 15:43:38.219963+02,5.64,f,37,0.691,
5124,5,5167,car,,2026-05-07 15:43:42.343684+02,2026-05-07 15:43:44.780699+02,2.44,f,16,0.379,
5126,5,5165,car,,2026-05-07 15:43:45.104049+02,2026-05-07 15:44:10.352238+02,25.25,f,22,0.408,
5127,5,5167,car,,2026-05-07 15:43:45.421899+02,2026-05-07 15:44:10.352238+02,24.93,f,20,0.422,
5129,5,5165,car,,2026-05-07 15:44:11.159968+02,2026-05-07 15:44:21.580078+02,10.42,f,67,0.382,
5128,5,5176,car,,2026-05-07 15:44:11.315148+02,2026-05-07 15:44:21.580078+02,10.26,f,66,0.51,
5130,5,5167,car,,2026-05-07 15:44:11.315148+02,2026-05-07 15:44:24.735052+02,13.42,f,86,0.378,
5131,5,5167,car,,2026-05-07 15:44:25.692487+02,2026-05-07 15:44:29.640623+02,3.95,f,26,0.392,
5136,5,5167,car,,2026-05-07 15:44:31.706157+02,2026-05-07 15:44:58.854936+02,27.15,f,157,0.365,
5132,5,5165,car,,2026-05-07 15:44:32.657389+02,2026-05-07 15:44:37.576508+02,4.92,f,17,0.361,
5133,5,5183,car,,2026-05-07 15:44:39.9338+02,2026-05-07 15:44:45.181864+02,5.25,f,34,0.515,
5137,5,5183,car,,2026-05-07 15:44:45.499947+02,2026-05-07 15:45:01.608534+02,16.11,f,102,0.548,
5134,5,5187,car,,2026-05-07 15:44:46.62638+02,2026-05-07 15:44:58.854936+02,12.23,f,78,0.336,
5135,5,5195,car,Kafasan L3,2026-05-07 15:44:46.788293+02,2026-05-07 15:44:58.854936+02,12.07,f,77,0.765,lane_switch:Kafasan L3>Kafasan L2
5138,5,5167,car,,2026-05-07 15:45:01.449362+02,2026-05-07 15:45:03.827639+02,2.38,f,16,0.405,
5143,5,5183,car,,2026-05-07 15:45:01.925604+02,2026-05-07 15:45:28.653798+02,26.73,f,169,0.518,
5139,5,5167,car,,2026-05-07 15:45:04.148315+02,2026-05-07 15:45:07.626093+02,3.48,f,23,0.381,
5140,5,5167,car,,2026-05-07 15:45:07.945175+02,2026-05-07 15:45:10.478553+02,2.53,f,17,0.379,
5141,5,5167,car,,2026-05-07 15:45:12.114523+02,2026-05-07 15:45:18.204455+02,6.09,f,39,0.418,
5142,5,5212,car,,2026-05-07 15:45:18.522526+02,2026-05-07 15:45:25.950068+02,7.43,f,48,0.858,
5144,5,5215,car,,2026-05-07 15:45:26.276092+02,2026-05-07 15:45:29.765918+02,3.49,f,23,0.358,
5145,5,5215,car,,2026-05-07 15:45:30.081327+02,2026-05-07 15:45:36.891441+02,6.81,f,43,0.408,
5146,5,5183,car,,2026-05-07 15:45:36.085164+02,2026-05-07 15:45:38.325139+02,2.24,f,15,0.497,
5147,5,5215,car,,2026-05-07 15:45:37.685704+02,2026-05-07 15:45:40.895189+02,3.21,f,21,0.403,
5149,5,5183,car,,2026-05-07 15:45:38.651131+02,2026-05-07 15:45:42.183146+02,3.53,f,23,0.488,
5148,5,5234,car,,2026-05-07 15:45:39.914597+02,2026-05-07 15:45:42.183146+02,2.27,f,15,0.337,
5150,5,5235,car,Kafasan L2,2026-05-07 15:45:40.25665+02,2026-05-07 15:45:48.421868+02,8.17,f,52,0.535,
5153,5,5217,car,,2026-05-07 15:45:42.347054+02,2026-05-07 15:45:55.79793+02,13.45,f,85,0.467,
5151,5,5237,truck,Kafasan L2,2026-05-07 15:45:42.667381+02,2026-05-07 15:45:48.421868+02,5.75,f,37,0.691,
5152,5,5240,car,,2026-05-07 15:45:52.562912+02,2026-05-07 15:45:54.9644+02,2.4,f,16,0.379,
5155,5,5238,car,,2026-05-07 15:45:55.290323+02,2026-05-07 15:45:58.792979+02,3.5,f,22,0.408,
5154,5,5240,car,,2026-05-07 15:45:55.614642+02,2026-05-07 15:45:58.792979+02,3.18,f,20,0.422,
5157,5,5238,car,,2026-05-07 15:45:59.623503+02,2026-05-07 15:46:10.511829+02,10.89,f,67,0.382,
5156,5,5249,car,,2026-05-07 15:45:59.785982+02,2026-05-07 15:46:10.511829+02,10.73,f,66,0.51,
5158,5,5240,car,,2026-05-07 15:45:59.785982+02,2026-05-07 15:46:13.868978+02,14.08,f,86,0.378,
5159,5,5240,car,,2026-05-07 15:46:14.906568+02,2026-05-07 15:46:19.218817+02,4.31,f,26,0.392,
5160,5,5240,car,,2026-05-07 15:46:21.432292+02,2026-05-07 15:46:24.514537+02,3.08,f,19,0.348,
5161,5,5238,car,,2026-05-07 15:46:22.452117+02,2026-05-07 15:46:27.266021+02,4.81,f,16,0.331,
5165,5,5249,car,,2026-05-07 15:46:24.001578+02,2026-05-07 15:46:44.616078+02,20.61,f,108,0.512,
5162,5,5238,car,,2026-05-07 15:46:27.749212+02,2026-05-07 15:46:38.189778+02,10.44,f,63,0.382,
5163,5,5240,car,,2026-05-07 15:46:29.504047+02,2026-05-07 15:46:40.548867+02,11.04,f,65,0.365,
5164,5,5238,car,,2026-05-07 15:46:38.750156+02,2026-05-07 15:46:43.369386+02,4.62,f,27,0.373,
5166,5,5240,car,,2026-05-07 15:46:40.904516+02,2026-05-07 15:46:48.342145+02,7.44,f,42,0.362,
5167,5,5238,car,,2026-05-07 15:46:43.732516+02,2026-05-07 15:46:51.973855+02,8.24,f,34,0.367,
5169,5,5249,car,,2026-05-07 15:46:44.988994+02,2026-05-07 15:46:57.759933+02,12.77,f,63,0.501,
5170,5,5238,car,,2026-05-07 15:46:52.445618+02,2026-05-07 15:46:59.986675+02,7.54,f,45,0.377,
5168,5,5240,car,,2026-05-07 15:46:54.175279+02,2026-05-07 15:46:56.89195+02,2.72,f,18,0.355,
5174,5,5249,car,,2026-05-07 15:46:59.418958+02,2026-05-07 15:47:18.889103+02,19.47,f,107,0.511,
5171,5,5238,car,,2026-05-07 15:47:00.370885+02,2026-05-07 15:47:10.158758+02,9.79,f,55,0.389,
5172,5,5240,car,,2026-05-07 15:47:04.324273+02,2026-05-07 15:47:14.435075+02,10.11,f,56,0.373,
5173,5,5238,car,,2026-05-07 15:47:12.806089+02,2026-05-07 15:47:17.600873+02,4.79,f,27,0.378,
5175,5,5240,car,,2026-05-07 15:47:14.8173+02,2026-05-07 15:47:22.534784+02,7.72,f,43,0.361,
5176,5,5238,car,,2026-05-07 15:47:17.97069+02,2026-05-07 15:47:26.166861+02,8.2,f,34,0.372,
5178,5,5249,car,,2026-05-07 15:47:19.261948+02,2026-05-07 15:47:32.091862+02,12.83,f,63,0.5,
5179,5,5238,car,,2026-05-07 15:47:26.645129+02,2026-05-07 15:47:34.184438+02,7.54,f,45,0.377,
5177,5,5240,car,,2026-05-07 15:47:28.410419+02,2026-05-07 15:47:31.173219+02,2.76,f,18,0.355,
5181,5,5249,car,,2026-05-07 15:47:33.616927+02,2026-05-07 15:47:44.623467+02,11.01,f,61,0.499,
5180,5,5238,car,,2026-05-07 15:47:34.604629+02,2026-05-07 15:47:38.817891+02,4.21,f,24,0.37,
5182,5,5238,car,,2026-05-07 15:47:40.459935+02,2026-05-07 15:47:44.803663+02,4.34,f,25,0.373,
5183,5,5240,car,,2026-05-07 15:47:41.578545+02,2026-05-07 15:47:45.535845+02,3.96,f,23,0.363,
5184,5,5240,car,,2026-05-07 15:47:46.701143+02,2026-05-07 15:48:20.517145+02,33.82,f,82,0.368,
5185,5,5238,car,,2026-05-07 15:48:09.597957+02,2026-05-07 15:48:20.517145+02,10.92,f,68,0.393,
5186,5,5249,car,,2026-05-07 15:48:12.620609+02,2026-05-07 15:48:20.849026+02,8.23,f,51,0.504,
5187,5,5301,car,Kafasan L2,2026-05-07 15:48:16.730233+02,2026-05-07 15:48:21.180637+02,4.45,f,28,0.722,
5188,5,5240,car,,2026-05-07 15:48:28.172874+02,2026-05-07 15:48:41.474739+02,13.3,f,84,0.366,
5189,5,5238,car,,2026-05-07 15:48:30.747031+02,2026-05-07 15:48:41.474739+02,10.73,f,68,0.393,
5190,5,5249,car,,2026-05-07 15:48:33.751451+02,2026-05-07 15:48:41.801024+02,8.05,f,51,0.504,
5191,5,5313,car,Kafasan L2,2026-05-07 15:48:37.79414+02,2026-05-07 15:48:42.127058+02,4.33,f,28,0.722,
5194,5,5238,car,,2026-05-07 15:48:48.571132+02,2026-05-07 15:48:56.231778+02,7.66,f,49,0.406,
5193,5,5240,car,,2026-05-07 15:48:49.047554+02,2026-05-07 15:48:53.822648+02,4.78,f,31,0.375,
5192,5,5249,car,,2026-05-07 15:48:49.362086+02,2026-05-07 15:48:53.1774+02,3.82,f,25,0.498,
5195,5,5249,car,,2026-05-07 15:48:53.984599+02,2026-05-07 15:48:57.906224+02,3.92,f,25,0.492,
5196,5,5240,car,,2026-05-07 15:48:55.587963+02,2026-05-07 15:49:09.813497+02,14.23,f,89,0.37,
5197,5,5238,car,,2026-05-07 15:48:59.228918+02,2026-05-07 15:49:09.813497+02,10.58,f,67,0.396,
5198,5,5249,car,,2026-05-07 15:49:02.279811+02,2026-05-07 15:49:10.144038+02,7.86,f,50,0.506,
5199,5,5327,car,Kafasan L2,2026-05-07 15:49:06.269332+02,2026-05-07 15:49:10.631199+02,4.36,f,28,0.689,
5202,5,5238,car,,2026-05-07 15:49:17.065308+02,2026-05-07 15:49:24.775151+02,7.71,f,49,0.406,
5201,5,5240,car,,2026-05-07 15:49:17.540485+02,2026-05-07 15:49:22.341615+02,4.8,f,31,0.375,
5200,5,5249,car,,2026-05-07 15:49:17.863209+02,2026-05-07 15:49:21.707996+02,3.84,f,25,0.498,
5207,5,5249,car,,2026-05-07 15:49:22.501408+02,2026-05-07 15:50:36.082934+02,73.58,f,78,0.488,
5204,5,5240,car,,2026-05-07 15:49:24.11577+02,2026-05-07 15:49:31.629449+02,7.51,f,44,0.376,
5205,5,5238,car,,2026-05-07 15:49:25.109094+02,2026-05-07 15:50:35.768166+02,70.66,f,60,0.389,
5203,5,5340,car,Kafasan L2,2026-05-07 15:49:27.758197+02,2026-05-07 15:49:30.573309+02,2.82,f,17,0.803,
5206,5,5240,car,,2026-05-07 15:49:32.766435+02,2026-05-07 15:50:36.082934+02,63.32,f,19,0.38,
5210,5,5238,car,,2026-05-07 15:50:42.773792+02,2026-05-07 15:50:50.36878+02,7.59,f,49,0.406,
5209,5,5240,car,,2026-05-07 15:50:43.242979+02,2026-05-07 15:50:47.98681+02,4.74,f,31,0.375,
5208,5,5249,car,,2026-05-07 15:50:43.558979+02,2026-05-07 15:50:47.351785+02,3.79,f,25,0.498,
5218,5,5249,car,,2026-05-07 15:50:48.144253+02,2026-05-07 15:51:14.608531+02,26.46,f,167,0.481,
5212,5,5240,car,,2026-05-07 15:50:49.736078+02,2026-05-07 15:50:56.527205+02,6.79,f,44,0.376,
5213,5,5238,car,,2026-05-07 15:50:50.682126+02,2026-05-07 15:51:00.072079+02,9.39,f,60,0.389,
5211,5,5356,car,Kafasan L2,2026-05-07 15:50:53.062056+02,2026-05-07 15:50:55.580539+02,2.52,f,17,0.803,
5214,5,5240,car,,2026-05-07 15:50:57.48577+02,2026-05-07 15:51:03.387381+02,5.9,f,38,0.38,
5215,5,5240,car,,2026-05-07 15:51:04.492234+02,2026-05-07 15:51:08.668116+02,4.18,f,27,0.367,
5216,5,5238,car,,2026-05-07 15:51:06.435535+02,2026-05-07 15:51:08.824028+02,2.39,f,16,0.358,
5221,5,5240,car,,2026-05-07 15:51:08.986664+02,2026-05-07 15:51:33.289775+02,24.3,f,134,0.419,
5217,5,5238,car,,2026-05-07 15:51:09.948615+02,2026-05-07 15:51:12.659333+02,2.71,f,18,0.364,
5219,5,5238,car,,2026-05-07 15:51:13.186076+02,2026-05-07 15:51:22.790496+02,9.6,f,42,0.356,
5224,5,5249,car,,2026-05-07 15:51:14.952311+02,2026-05-07 15:51:38.736642+02,23.78,f,131,0.472,
5222,5,5238,car,,2026-05-07 15:51:23.581429+02,2026-05-07 15:51:37.291177+02,13.71,f,87,0.428,
5220,5,5376,car,,2026-05-07 15:51:29.933518+02,2026-05-07 15:51:32.645609+02,2.71,f,18,0.328,
5223,5,5240,car,,2026-05-07 15:51:34.249323+02,2026-05-07 15:51:38.094432+02,3.85,f,25,0.427,
5225,5,5238,car,,2026-05-07 15:51:38.253034+02,2026-05-07 15:51:40.677778+02,2.42,f,16,0.358,
5226,5,5240,car,,2026-05-07 15:51:40.020549+02,2026-05-07 15:52:05.308491+02,25.29,f,23,0.372,
5227,5,5238,car,,2026-05-07 15:51:41.010499+02,2026-05-07 15:52:05.308491+02,24.3,f,17,0.409,
5228,5,5240,car,,2026-05-07 15:52:05.783488+02,2026-05-07 15:52:09.745344+02,3.96,f,26,0.432,
5231,5,5389,car,,2026-05-07 15:52:05.945046+02,2026-05-07 15:52:19.772085+02,13.83,f,88,0.447,
5229,5,5238,car,,2026-05-07 15:52:06.107463+02,2026-05-07 15:52:09.745344+02,3.64,f,24,0.408,
5230,5,5238,car,,2026-05-07 15:52:10.701353+02,2026-05-07 15:52:18.172906+02,7.47,f,48,0.401,
5234,5,5399,car,,2026-05-07 15:52:15.34487+02,2026-05-07 15:52:27.594693+02,12.25,f,78,0.41,
5232,5,5238,car,,2026-05-07 15:52:19.131971+02,2026-05-07 15:52:22.961803+02,3.83,f,25,0.381,
5233,5,5389,car,,2026-05-07 15:52:21.528382+02,2026-05-07 15:52:24.401714+02,2.87,f,19,0.422,
5236,5,5238,car,,2026-05-07 15:52:23.282091+02,2026-05-07 15:52:35.158313+02,11.88,f,61,0.362,
5235,5,5399,car,,2026-05-07 15:52:28.081503+02,2026-05-07 15:52:34.360764+02,6.28,f,26,0.395,
5237,5,5399,car,,2026-05-07 15:52:34.683564+02,2026-05-07 15:52:37.550738+02,2.87,f,19,0.386,
5238,5,5238,car,,2026-05-07 15:52:36.109832+02,2026-05-07 15:52:38.392194+02,2.28,f,15,0.378,
5241,5,5389,car,,2026-05-07 15:52:36.269039+02,2026-05-07 15:52:48.616488+02,12.35,f,78,0.475,
5239,5,5399,car,,2026-05-07 15:52:38.881557+02,2026-05-07 15:52:42.772683+02,3.89,f,25,0.377,
5240,5,5238,car,,2026-05-07 15:52:40.663795+02,2026-05-07 15:52:46.862578+02,6.2,f,40,0.356,
5244,5,5399,car,,2026-05-07 15:52:43.089905+02,2026-05-07 15:53:04.59033+02,21.5,f,135,0.419,
5242,5,5238,car,,2026-05-07 15:52:47.338004+02,2026-05-07 15:52:53.267541+02,5.93,f,38,0.357,
5246,5,5389,car,,2026-05-07 15:52:48.939656+02,2026-05-07 15:53:09.958942+02,21.02,f,131,0.472,
5245,5,5238,car,,2026-05-07 15:52:54.554825+02,2026-05-07 15:53:08.671788+02,14.12,f,88,0.424,
5243,5,5414,car,,2026-05-07 15:53:01.228443+02,2026-05-07 15:53:03.786069+02,2.56,f,17,0.33,
5247,5,5399,car,,2026-05-07 15:53:05.55492+02,2026-05-07 15:53:10.283562+02,4.73,f,30,0.411,
5248,5,5238,car,,2026-05-07 15:53:09.484103+02,2026-05-07 15:53:15.004653+02,5.52,f,35,0.383,
5249,5,5399,car,,2026-05-07 15:53:10.612068+02,2026-05-07 15:53:15.004653+02,4.39,f,28,0.365,
5251,5,5399,car,,2026-05-07 15:53:15.321523+02,2026-05-07 15:53:19.613485+02,4.29,f,27,0.425,
5250,5,5238,car,,2026-05-07 15:53:15.819594+02,2026-05-07 15:53:19.613485+02,3.79,f,24,0.407,
5253,5,5427,car,,2026-05-07 15:53:15.819594+02,2026-05-07 15:53:30.702052+02,14.88,f,91,0.448,
5252,5,5238,car,,2026-05-07 15:53:20.597202+02,2026-05-07 15:53:28.335983+02,7.74,f,48,0.402,
5255,5,5399,car,,2026-05-07 15:53:25.044439+02,2026-05-07 15:53:38.283765+02,13.24,f,79,0.408,
5256,5,5238,car,,2026-05-07 15:53:29.337574+02,2026-05-07 15:53:47.4639+02,18.13,f,96,0.372,
5254,5,5427,car,,2026-05-07 15:53:31.715942+02,2026-05-07 15:53:35.02463+02,3.31,f,20,0.423,
5257,5,5399,car,,2026-05-07 15:53:38.980928+02,2026-05-07 15:53:48.288145+02,9.31,f,45,0.411,
5261,5,5238,car,,2026-05-07 15:53:48.453553+02,2026-05-07 15:54:23.416606+02,34.96,f,77,0.405,
5262,5,5399,car,,2026-05-07 15:53:48.626948+02,2026-05-07 15:54:23.416606+02,34.79,f,76,0.395,
5258,5,5435,car,,2026-05-07 15:53:50.631292+02,2026-05-07 15:53:53.179608+02,2.55,f,15,0.447,
5259,5,5445,car,Kafasan L3,2026-05-07 15:53:54.604257+02,2026-05-07 15:53:58.517831+02,3.91,f,23,0.818,
5260,5,5450,car,Kafasan L3,2026-05-07 15:53:57.081843+02,2026-05-07 15:54:01.453993+02,4.37,f,25,0.774,lane_switch:Kafasan L3>Kafasan L2
5263,5,5238,car,,2026-05-07 15:54:24.358686+02,2026-05-07 15:54:27.972512+02,3.61,f,24,0.402,
5264,5,5399,car,,2026-05-07 15:54:25.129999+02,2026-05-07 15:54:28.300838+02,3.17,f,21,0.373,
5274,5,5238,car,,2026-05-07 15:54:28.467963+02,2026-05-07 15:54:53.097053+02,24.63,f,138,0.398,
5265,5,5399,car,,2026-05-07 15:54:28.64004+02,2026-05-07 15:54:31.035419+02,2.4,f,15,0.371,
5266,5,5435,car,,2026-05-07 15:54:29.830378+02,2026-05-07 15:54:34.576049+02,4.75,f,29,0.469,
5268,5,5399,car,,2026-05-07 15:54:31.542191+02,2026-05-07 15:54:46.183193+02,14.64,f,77,0.396,
5267,5,5435,car,,2026-05-07 15:54:35.24251+02,2026-05-07 15:54:42.048353+02,6.81,f,29,0.449,
5269,5,5399,car,,2026-05-07 15:54:46.816486+02,2026-05-07 15:54:50.157591+02,3.34,f,22,0.414,
5270,5,5435,car,,2026-05-07 15:54:48.239777+02,2026-05-07 15:54:52.285017+02,4.05,f,26,0.47,
5271,5,5471,car,Kafasan L2,2026-05-07 15:54:49.995683+02,2026-05-07 15:54:52.602791+02,2.61,f,17,0.823,
5273,5,5475,car,Kafasan L2,2026-05-07 15:54:50.31947+02,2026-05-07 15:54:53.097053+02,2.78,f,18,0.672,
5272,5,5399,car,,2026-05-07 15:54:50.479757+02,2026-05-07 15:54:52.765278+02,2.29,f,15,0.367,
5275,5,5238,car,,2026-05-07 15:54:55.977434+02,2026-05-07 15:54:59.768203+02,3.79,f,24,0.399,
5276,5,5399,car,,2026-05-07 15:54:55.977434+02,2026-05-07 15:54:59.931299+02,3.95,f,25,0.372,
5287,5,5238,car,,2026-05-07 15:55:00.099485+02,2026-05-07 15:55:24.851158+02,24.75,f,139,0.399,
5277,5,5399,car,,2026-05-07 15:55:00.431651+02,2026-05-07 15:55:02.788292+02,2.36,f,15,0.368,
5279,5,5399,car,,2026-05-07 15:55:03.122129+02,2026-05-07 15:55:08.900201+02,5.78,f,36,0.405,
5278,5,5435,car,,2026-05-07 15:55:03.792434+02,2026-05-07 15:55:06.250081+02,2.46,f,16,0.47,
5280,5,5435,car,,2026-05-07 15:55:06.905903+02,2026-05-07 15:55:13.80067+02,6.89,f,29,0.451,
5281,5,5399,car,,2026-05-07 15:55:09.291282+02,2026-05-07 15:55:17.907469+02,8.62,f,41,0.393,
5282,5,5399,car,,2026-05-07 15:55:18.53869+02,2026-05-07 15:55:21.865093+02,3.33,f,22,0.414,
5283,5,5435,car,,2026-05-07 15:55:19.954823+02,2026-05-07 15:55:23.991393+02,4.04,f,26,0.47,
5284,5,5495,car,Kafasan L2,2026-05-07 15:55:21.702889+02,2026-05-07 15:55:24.330075+02,2.63,f,17,0.823,
5286,5,5499,car,Kafasan L2,2026-05-07 15:55:22.024442+02,2026-05-07 15:55:24.851158+02,2.83,f,18,0.672,
5285,5,5399,car,,2026-05-07 15:55:22.189659+02,2026-05-07 15:55:24.499958+02,2.31,f,15,0.367,
5288,5,5238,car,,2026-05-07 15:55:25.713302+02,2026-05-07 15:55:31.65274+02,5.94,f,36,0.379,
5291,5,5238,car,,2026-05-07 15:55:54.38963+02,2026-05-07 15:56:08.019469+02,13.63,f,86,0.41,
5292,5,5399,car,,2026-05-07 15:55:54.713157+02,2026-05-07 15:56:08.019469+02,13.31,f,84,0.418,
5289,5,5435,car,,2026-05-07 15:55:56.274348+02,2026-05-07 15:55:58.638098+02,2.36,f,16,0.475,
5290,5,5517,car,Kafasan L2,2026-05-07 15:56:04.153395+02,2026-05-07 15:56:07.373918+02,3.22,f,21,0.838,
5294,5,5399,car,,2026-05-07 15:56:08.81572+02,2026-05-07 15:57:25.316572+02,76.5,f,76,0.412,
5299,5,5238,car,,2026-05-07 15:56:08.976955+02,2026-05-07 15:57:32.034425+02,83.06,f,118,0.411,
5293,5,5427,car,,2026-05-07 15:56:09.774167+02,2026-05-07 15:56:13.071759+02,3.3,f,21,0.464,
5295,5,5399,car,,2026-05-07 15:57:25.935147+02,2026-05-07 15:57:29.191547+02,3.26,f,22,0.414,
5296,5,5435,car,,2026-05-07 15:57:27.332975+02,2026-05-07 15:57:31.236558+02,3.9,f,26,0.47,
5297,5,5531,car,Kafasan L2,2026-05-07 15:57:29.038724+02,2026-05-07 15:57:31.556894+02,2.52,f,17,0.823,
5300,5,5535,car,Kafasan L2,2026-05-07 15:57:29.350114+02,2026-05-07 15:57:32.034425+02,2.68,f,18,0.672,
5298,5,5399,car,,2026-05-07 15:57:29.509604+02,2026-05-07 15:57:31.714726+02,2.21,f,15,0.367,
5301,5,5238,car,,2026-05-07 15:57:32.848997+02,2026-05-07 15:57:38.418122+02,5.57,f,36,0.379,
5304,5,5238,car,,2026-05-07 15:57:38.74416+02,2026-05-07 15:57:52.28915+02,13.54,f,86,0.41,
5305,5,5399,car,,2026-05-07 15:57:39.071831+02,2026-05-07 15:57:52.28915+02,13.22,f,84,0.418,
5302,5,5435,car,,2026-05-07 15:57:40.669794+02,2026-05-07 15:57:43.050888+02,2.38,f,16,0.475,
5303,5,5553,car,Kafasan L2,2026-05-07 15:57:48.414687+02,2026-05-07 15:57:51.641611+02,3.23,f,21,0.838,
5310,5,5399,car,,2026-05-07 15:57:53.093821+02,2026-05-07 15:58:21.559865+02,28.47,f,178,0.417,
5309,5,5238,car,,2026-05-07 15:57:53.255695+02,2026-05-07 15:58:21.559865+02,28.3,f,177,0.42,
5306,5,5427,car,,2026-05-07 15:57:54.047606+02,2026-05-07 15:57:57.219949+02,3.17,f,21,0.464,
5307,5,5435,car,,2026-05-07 15:58:10.136499+02,2026-05-07 15:58:14.515214+02,4.38,f,28,0.462,
5308,5,5563,car,Kafasan L2,2026-05-07 15:58:15.805107+02,2026-05-07 15:58:20.913191+02,5.11,f,32,0.752,
5311,5,5435,car,,2026-05-07 15:58:19.611435+02,2026-05-07 15:58:26.225759+02,6.61,f,42,0.462,
5318,5,5399,car,,2026-05-07 15:58:23.818763+02,2026-05-07 15:59:18.698846+02,54.88,f,331,0.383,
5317,5,5238,car,,2026-05-07 15:58:24.143671+02,2026-05-07 15:59:02.978504+02,38.83,f,233,0.419,
5312,5,5435,car,,2026-05-07 15:58:27.023875+02,2026-05-07 15:58:29.41065+02,2.39,f,16,0.459,
5313,5,5435,car,,2026-05-07 15:58:39.68457+02,2026-05-07 15:58:46.400119+02,6.72,f,43,0.459,
5314,5,5576,car,,2026-05-07 15:58:46.71601+02,2026-05-07 15:58:50.219282+02,3.5,f,23,0.426,
5315,5,5579,car,,2026-05-07 15:58:50.543181+02,2026-05-07 15:58:54.06543+02,3.52,f,23,0.311,
5316,5,5578,car,,2026-05-07 15:58:50.543181+02,2026-05-07 15:58:54.225142+02,3.68,f,24,0.456,
5321,5,5238,car,,2026-05-07 15:59:03.785834+02,2026-05-07 15:59:48.739792+02,44.95,f,146,0.427,
5322,5,5576,car,,2026-05-07 15:59:09.220828+02,2026-05-07 15:59:52.737774+02,43.52,f,136,0.503,
5323,5,5583,car,Kafasan L3,2026-05-07 15:59:42.632607+02,2026-05-07 15:59:55.687655+02,13.06,f,81,0.879,lane_switch:Kafasan L3>Kafasan L2>Kafasan L3
5319,5,5586,car,Kafasan L2,2026-05-07 15:59:43.433147+02,2026-05-07 15:59:46.319066+02,2.89,f,19,0.772,
5320,5,5399,car,,2026-05-07 15:59:44.079641+02,2026-05-07 15:59:46.477391+02,2.4,f,16,0.363,
5326,5,5576,car,,2026-05-07 15:59:53.724021+02,2026-05-07 16:01:10.678341+02,76.95,f,80,0.506,
5325,5,5238,car,,2026-05-07 15:59:54.375917+02,2026-05-07 16:01:02.915456+02,68.54,f,53,0.34,
5327,5,5399,car,,2026-05-07 15:59:54.375917+02,2026-05-07 16:01:24.471241+02,90.1,f,163,0.368,
5324,5,5594,car,,2026-05-07 15:59:56.010293+02,2026-05-07 16:01:02.915456+02,66.91,f,43,0.617,
5330,5,5238,car,,2026-05-07 16:01:10.047603+02,2026-05-07 16:01:33.219567+02,23.17,f,146,0.427,
5331,5,5576,car,,2026-05-07 16:01:15.458034+02,2026-05-07 16:01:37.165461+02,21.71,f,136,0.503,
5332,5,5602,car,Kafasan L3,2026-05-07 16:01:27.04111+02,2026-05-07 16:01:40.052439+02,13.01,f,81,0.879,lane_switch:Kafasan L3>Kafasan L2>Kafasan L3
5328,5,5605,car,Kafasan L2,2026-05-07 16:01:27.841003+02,2026-05-07 16:01:30.799202+02,2.96,f,19,0.772,
5329,5,5399,car,,2026-05-07 16:01:28.498682+02,2026-05-07 16:01:30.955193+02,2.46,f,16,0.363,
5422,5,5576,car,,2026-05-07 16:01:38.132873+02,2026-05-07 16:08:51.520791+02,433.39,f,1989,0.54,
5334,5,5238,car,,2026-05-07 16:01:38.768951+02,2026-05-07 16:01:47.175512+02,8.41,f,53,0.34,
5336,5,5399,car,,2026-05-07 16:01:38.768951+02,2026-05-07 16:01:54.608384+02,15.84,f,99,0.398,
5333,5,5613,car,,2026-05-07 16:01:40.384451+02,2026-05-07 16:01:47.175512+02,6.79,f,43,0.617,
5335,5,5238,car,,2026-05-07 16:01:50.408276+02,2026-05-07 16:01:52.816707+02,2.41,f,16,0.387,
5337,5,5399,car,,2026-05-07 16:01:55.263886+02,2026-05-07 16:02:02.87864+02,7.61,f,48,0.402,
5338,5,5238,car,,2026-05-07 16:01:59.819039+02,2026-05-07 16:02:16.727146+02,16.91,f,105,0.384,
5339,5,5399,car,,2026-05-07 16:02:04.550151+02,2026-05-07 16:02:18.668266+02,14.12,f,88,0.357,
5341,5,5238,car,,2026-05-07 16:02:17.21331+02,2026-05-07 16:02:26.486275+02,9.27,f,58,0.386,
5340,5,5399,car,,2026-05-07 16:02:20.807789+02,2026-05-07 16:02:23.56458+02,2.76,f,18,0.343,
5342,5,5399,car,,2026-05-07 16:02:27.461807+02,2026-05-07 16:02:33.476366+02,6.01,f,38,0.383,
5343,5,5238,car,,2026-05-07 16:02:30.549286+02,2026-05-07 16:02:47.192767+02,16.64,f,103,0.407,
5348,5,5630,car,,2026-05-07 16:02:44.092199+02,2026-05-07 16:03:05.458163+02,21.37,f,118,0.408,
5344,5,5238,car,,2026-05-07 16:02:47.680982+02,2026-05-07 16:02:50.331454+02,2.65,f,17,0.364,
5345,5,5238,car,,2026-05-07 16:02:50.65621+02,2026-05-07 16:02:53.395986+02,2.74,f,18,0.357,
5346,5,5238,car,,2026-05-07 16:02:57.446531+02,2026-05-07 16:03:01.365131+02,3.92,f,25,0.368,
5349,5,5640,truck,Kafasan L2,2026-05-07 16:02:57.446531+02,2026-05-07 16:03:07.257664+02,9.81,f,61,0.756,
5347,5,5238,car,,2026-05-07 16:03:01.856036+02,2026-05-07 16:03:04.466541+02,2.61,f,17,0.381,
5352,5,5630,car,,2026-05-07 16:03:09.708578+02,2026-05-07 16:03:27.10663+02,17.4,f,90,0.412,
5350,5,5238,car,,2026-05-07 16:03:10.202827+02,2026-05-07 16:03:14.959176+02,4.76,f,29,0.359,
5351,5,5238,car,,2026-05-07 16:03:19.877879+02,2026-05-07 16:03:22.689382+02,2.81,f,18,0.404,
5353,5,5238,car,,2026-05-07 16:03:24.159117+02,2026-05-07 16:03:28.052354+02,3.89,f,23,0.393,
5355,5,5630,car,,2026-05-07 16:03:27.47608+02,2026-05-07 16:03:37.903716+02,10.43,f,49,0.413,
5354,5,5238,car,,2026-05-07 16:03:30.720304+02,2026-05-07 16:03:33.44443+02,2.72,f,18,0.404,
5357,5,5238,car,,2026-05-07 16:03:34.902517+02,2026-05-07 16:03:41.63175+02,6.73,f,37,0.402,
5356,5,5630,car,,2026-05-07 16:03:38.29194+02,2026-05-07 16:03:41.180777+02,2.89,f,16,0.392,
5359,5,5630,car,,2026-05-07 16:03:41.63175+02,2026-05-07 16:03:52.53018+02,10.9,f,51,0.408,
5358,5,5238,car,,2026-05-07 16:03:45.204378+02,2026-05-07 16:03:47.898268+02,2.69,f,18,0.404,
5361,5,5238,car,,2026-05-07 16:03:49.337028+02,2026-05-07 16:03:56.152464+02,6.82,f,37,0.402,
5360,5,5630,car,,2026-05-07 16:03:52.909927+02,2026-05-07 16:03:55.754529+02,2.84,f,16,0.392,
5364,5,5630,car,,2026-05-07 16:03:58.068562+02,2026-05-07 16:04:11.991198+02,13.92,f,66,0.403,
5362,5,5741,car,,2026-05-07 16:03:59.007281+02,2026-05-07 16:04:01.716635+02,2.71,f,15,0.378,
5363,5,5741,car,,2026-05-07 16:04:04.478307+02,2026-05-07 16:04:07.131112+02,2.65,f,18,0.404,
5366,5,5741,car,,2026-05-07 16:04:08.648785+02,2026-05-07 16:04:15.55225+02,6.9,f,37,0.402,
5365,5,5630,car,,2026-05-07 16:04:12.35966+02,2026-05-07 16:04:15.163643+02,2.8,f,16,0.392,
5367,5,5630,car,,2026-05-07 16:04:17.487582+02,2026-05-07 16:04:21.593735+02,4.11,f,23,0.366,
5368,5,5775,car,,2026-05-07 16:04:18.434398+02,2026-05-07 16:04:21.593735+02,3.16,f,18,0.368,
5370,5,5630,car,,2026-05-07 16:04:24.8591+02,2026-05-07 16:04:51.667852+02,26.81,f,42,0.367,
5369,5,5775,car,,2026-05-07 16:04:25.983651+02,2026-05-07 16:04:51.158146+02,25.17,f,33,0.379,
5371,5,5630,car,,2026-05-07 16:04:53.226956+02,2026-05-07 16:04:56.105475+02,2.88,f,18,0.384,
5372,5,5775,car,,2026-05-07 16:04:54.929128+02,2026-05-07 16:04:58.852031+02,3.92,f,24,0.391,
5378,5,5630,car,,2026-05-07 16:05:01.147014+02,2026-05-07 16:05:40.991127+02,39.84,f,118,0.408,
5373,5,5775,car,,2026-05-07 16:05:03.441062+02,2026-05-07 16:05:30.805755+02,27.36,f,40,0.387,
5374,5,5788,car,Kafasan L3,2026-05-07 16:05:27.931689+02,2026-05-07 16:05:31.910103+02,3.98,f,26,0.81,lane_switch:Kafasan L3>Kafasan L2
5375,5,5796,car,Kafasan L2,2026-05-07 16:05:30.491414+02,2026-05-07 16:05:33.223289+02,2.73,f,18,0.834,
5377,5,5775,car,,2026-05-07 16:05:33.718194+02,2026-05-07 16:05:40.834483+02,7.12,f,46,0.403,
5376,5,5807,car,Kafasan L2,2026-05-07 16:05:38.28758+02,2026-05-07 16:05:40.513842+02,2.23,f,15,0.833,
5380,5,5630,car,,2026-05-07 16:05:41.460335+02,2026-05-07 16:05:48.260689+02,6.8,f,29,0.361,
5379,5,5775,car,,2026-05-07 16:05:43.93127+02,2026-05-07 16:05:47.735615+02,3.8,f,25,0.384,
5381,5,5630,car,,2026-05-07 16:05:49.70197+02,2026-05-07 16:05:52.369835+02,2.67,f,18,0.384,
5382,5,5775,car,,2026-05-07 16:05:51.265028+02,2026-05-07 16:05:54.906053+02,3.64,f,24,0.391,
5388,5,5630,car,,2026-05-07 16:05:57.165417+02,2026-05-07 16:06:15.859683+02,18.69,f,118,0.408,
5383,5,5775,car,,2026-05-07 16:05:59.406794+02,2026-05-07 16:06:05.620339+02,6.21,f,40,0.387,
5384,5,5822,car,Kafasan L3,2026-05-07 16:06:02.760471+02,2026-05-07 16:06:06.735892+02,3.98,f,26,0.81,lane_switch:Kafasan L3>Kafasan L2
5385,5,5830,car,Kafasan L2,2026-05-07 16:06:05.304528+02,2026-05-07 16:06:08.04066+02,2.74,f,18,0.834,
5387,5,5775,car,,2026-05-07 16:06:08.524782+02,2026-05-07 16:06:15.68573+02,7.16,f,46,0.403,
5386,5,5841,car,Kafasan L2,2026-05-07 16:06:13.118617+02,2026-05-07 16:06:15.364764+02,2.25,f,15,0.833,
5390,5,5630,car,,2026-05-07 16:06:16.345181+02,2026-05-07 16:06:28.025991+02,11.68,f,60,0.391,
5389,5,5775,car,,2026-05-07 16:06:18.815068+02,2026-05-07 16:06:26.368554+02,7.55,f,49,0.383,
5391,5,5775,car,,2026-05-07 16:06:26.690178+02,2026-05-07 16:06:28.98042+02,2.29,f,15,0.372,
5392,5,5851,car,Kafasan L2,2026-05-07 16:06:28.025991+02,2026-05-07 16:06:33.307155+02,5.28,f,34,0.817,lane_switch:Kafasan L2>Kafasan L3
5393,5,5630,car,,2026-05-07 16:06:28.664622+02,2026-05-07 16:06:33.633238+02,4.97,f,32,0.388,
5394,5,5775,car,,2026-05-07 16:06:33.470915+02,2026-05-07 16:06:37.411289+02,3.94,f,26,0.378,
5395,5,5630,car,,2026-05-07 16:06:33.946099+02,2026-05-07 16:06:39.008805+02,5.06,f,33,0.365,
5396,5,5630,car,,2026-05-07 16:06:39.3304+02,2026-05-07 16:06:42.118085+02,2.79,f,18,0.373,
5397,5,5775,car,,2026-05-07 16:06:41.006831+02,2026-05-07 16:06:44.968727+02,3.96,f,26,0.387,
5404,5,5630,car,,2026-05-07 16:06:46.584098+02,2026-05-07 16:07:18.558192+02,31.97,f,182,0.401,
5398,5,5775,car,,2026-05-07 16:06:48.689509+02,2026-05-07 16:06:55.29628+02,6.61,f,42,0.384,
5399,5,5858,car,Kafasan L3,2026-05-07 16:06:52.678077+02,2026-05-07 16:06:56.430964+02,3.75,f,24,0.82,lane_switch:Kafasan L3>Kafasan L2
5400,5,5865,car,Kafasan L2,2026-05-07 16:06:54.974796+02,2026-05-07 16:06:57.731362+02,2.76,f,18,0.843,
5402,5,5775,car,,2026-05-07 16:06:58.565495+02,2026-05-07 16:07:05.706368+02,7.14,f,44,0.408,
5401,5,5874,car,Kafasan L2,2026-05-07 16:07:02.444542+02,2026-05-07 16:07:05.533903+02,3.09,f,19,0.804,
5403,5,5775,car,,2026-05-07 16:07:09.001961+02,2026-05-07 16:07:16.638112+02,7.64,f,49,0.383,
5405,5,5775,car,,2026-05-07 16:07:17.062318+02,2026-05-07 16:07:19.671062+02,2.61,f,15,0.372,
5407,5,5886,car,Kafasan L2,2026-05-07 16:07:18.558192+02,2026-05-07 16:07:24.669438+02,6.11,f,35,0.819,lane_switch:Kafasan L2>Kafasan L3
5406,5,5630,car,,2026-05-07 16:07:19.292221+02,2026-05-07 16:07:24.488202+02,5.2,f,30,0.391,
5409,5,5775,car,,2026-05-07 16:07:25.226987+02,2026-05-07 16:07:56.464086+02,31.24,f,60,0.389,
5408,5,5630,car,,2026-05-07 16:07:26.868564+02,2026-05-07 16:07:50.936755+02,24.07,f,17,0.366,
5410,5,5630,car,,2026-05-07 16:07:51.256498+02,2026-05-07 16:07:57.376169+02,6.12,f,38,0.378,
5411,5,5775,car,,2026-05-07 16:07:57.555118+02,2026-05-07 16:08:00.955104+02,3.4,f,20,0.411,
5416,5,5775,car,,2026-05-07 16:08:01.306894+02,2026-05-07 16:08:32.82409+02,31.52,f,66,0.4,
5412,5,5630,car,,2026-05-07 16:08:01.816281+02,2026-05-07 16:08:08.298288+02,6.48,f,39,0.358,
5413,5,5881,car,,2026-05-07 16:08:06.093535+02,2026-05-07 16:08:08.633844+02,2.54,f,16,0.333,
5417,5,5630,car,,2026-05-07 16:08:08.633844+02,2026-05-07 16:08:33.456533+02,24.82,f,27,0.379,
5414,5,5908,motorcycle,Kafasan L1,2026-05-07 16:08:08.804728+02,2026-05-07 16:08:32.664172+02,23.86,f,21,0.463,
5415,5,5881,car,,2026-05-07 16:08:09.30426+02,2026-05-07 16:08:32.82409+02,23.52,f,19,0.345,
5418,5,5630,car,,2026-05-07 16:08:36.283021+02,2026-05-07 16:08:38.84631+02,2.56,f,17,0.346,
5419,5,5775,car,,2026-05-07 16:08:36.603903+02,2026-05-07 16:08:42.806669+02,6.2,f,40,0.382,
5420,5,5630,car,,2026-05-07 16:08:40.767665+02,2026-05-07 16:08:43.598159+02,2.83,f,19,0.37,
5421,5,5908,motorcycle,Kafasan L1,2026-05-07 16:08:43.755121+02,2026-05-07 16:08:46.577907+02,2.82,f,19,0.405,
5423,5,5775,car,,2026-05-07 16:08:43.755121+02,2026-05-07 16:08:53.567593+02,9.81,f,49,0.378,
5425,5,5630,car,,2026-05-07 16:08:46.577907+02,2026-05-07 16:08:53.722238+02,7.14,f,32,0.354,
5424,5,5881,car,,2026-05-07 16:08:50.419124+02,2026-05-07 16:08:53.722238+02,3.3,f,22,0.343,
5439,5,5576,car,,2026-05-07 16:08:51.836765+02,2026-05-07 16:09:34.962443+02,43.13,f,257,0.547,
5427,5,5630,car,,2026-05-07 16:08:54.196006+02,2026-05-07 16:09:02.344484+02,8.15,f,51,0.38,
5426,5,5775,car,,2026-05-07 16:08:54.514285+02,2026-05-07 16:09:01.448931+02,6.93,f,44,0.376,
5428,5,5775,car,,2026-05-07 16:09:02.498879+02,2026-05-07 16:09:05.45105+02,2.95,f,20,0.411,
5433,5,5775,car,,2026-05-07 16:09:05.813151+02,2026-05-07 16:09:16.101232+02,10.29,f,66,0.4,
5429,5,5630,car,,2026-05-07 16:09:06.286116+02,2026-05-07 16:09:12.288386+02,6,f,39,0.358,
5430,5,5881,car,,2026-05-07 16:09:10.229665+02,2026-05-07 16:09:12.610897+02,2.38,f,16,0.333,
5434,5,5630,car,,2026-05-07 16:09:12.610897+02,2026-05-07 16:09:16.748443+02,4.14,f,27,0.379,
5431,5,5961,motorcycle,Kafasan L1,2026-05-07 16:09:12.767932+02,2026-05-07 16:09:15.940385+02,3.17,f,21,0.463,
5432,5,5881,car,,2026-05-07 16:09:13.248889+02,2026-05-07 16:09:16.101232+02,2.85,f,19,0.345,
5435,5,5630,car,,2026-05-07 16:09:19.625832+02,2026-05-07 16:09:22.171628+02,2.55,f,17,0.346,
5436,5,5775,car,,2026-05-07 16:09:19.94551+02,2026-05-07 16:09:26.182207+02,6.24,f,40,0.382,
5437,5,5630,car,,2026-05-07 16:09:24.128543+02,2026-05-07 16:09:26.976568+02,2.85,f,19,0.37,
5438,5,5961,motorcycle,Kafasan L1,2026-05-07 16:09:27.136644+02,2026-05-07 16:09:29.993672+02,2.86,f,19,0.405,
5440,5,5775,car,,2026-05-07 16:09:27.136644+02,2026-05-07 16:09:37.019786+02,9.88,f,49,0.378,
5442,5,5630,car,,2026-05-07 16:09:29.993672+02,2026-05-07 16:09:37.177899+02,7.18,f,32,0.354,
5441,5,5881,car,,2026-05-07 16:09:33.852186+02,2026-05-07 16:09:37.177899+02,3.33,f,22,0.343,
5503,5,5576,car,,2026-05-07 16:09:35.280958+02,2026-05-07 16:14:16.216633+02,280.94,f,1317,0.535,
5444,5,5630,car,,2026-05-07 16:09:37.664616+02,2026-05-07 16:09:47.299941+02,9.64,f,59,0.361,
5448,5,5775,car,,2026-05-07 16:09:37.983727+02,2026-05-07 16:10:23.600228+02,45.62,f,143,0.387,
5443,5,5881,car,,2026-05-07 16:09:39.761116+02,2026-05-07 16:09:42.951551+02,3.19,f,20,0.351,
5445,5,5881,car,,2026-05-07 16:09:47.128171+02,2026-05-07 16:10:14.476958+02,27.35,f,31,0.365,
5446,5,5630,car,,2026-05-07 16:09:47.640249+02,2026-05-07 16:10:15.262864+02,27.62,f,33,0.38,
5447,5,5881,car,,2026-05-07 16:10:15.417672+02,2026-05-07 16:10:18.394659+02,2.98,f,20,0.368,
5449,5,5881,car,,2026-05-07 16:10:19.326789+02,2026-05-07 16:10:23.756082+02,4.43,f,28,0.357,
5450,5,5630,car,,2026-05-07 16:10:20.010558+02,2026-05-07 16:10:23.756082+02,3.75,f,24,0.379,
5452,5,5775,car,,2026-05-07 16:10:24.080762+02,2026-05-07 16:10:57.170289+02,33.09,f,72,0.401,
5451,5,5881,car,,2026-05-07 16:10:24.567637+02,2026-05-07 16:10:29.197339+02,4.63,f,30,0.354,
5453,5,5630,car,,2026-05-07 16:10:57.170289+02,2026-05-07 16:11:00.218057+02,3.05,f,20,0.333,
5457,5,5775,car,,2026-05-07 16:10:58.291859+02,2026-05-07 16:11:21.564862+02,23.27,f,134,0.379,
5454,5,5630,car,,2026-05-07 16:11:00.54002+02,2026-05-07 16:11:04.477635+02,3.94,f,26,0.361,
5455,5,5630,car,,2026-05-07 16:11:05.73515+02,2026-05-07 16:11:09.333857+02,3.6,f,24,0.364,
5456,5,5881,car,,2026-05-07 16:11:13.535833+02,2026-05-07 16:11:16.5022+02,2.97,f,20,0.368,
5458,5,5881,car,,2026-05-07 16:11:17.441809+02,2026-05-07 16:11:21.723176+02,4.28,f,28,0.357,
5459,5,5630,car,,2026-05-07 16:11:18.068477+02,2026-05-07 16:11:21.723176+02,3.65,f,24,0.379,
5461,5,5775,car,,2026-05-07 16:11:22.046275+02,2026-05-07 16:11:33.336581+02,11.29,f,72,0.401,
5460,5,5881,car,,2026-05-07 16:11:22.520393+02,2026-05-07 16:11:27.099471+02,4.58,f,30,0.354,
5462,5,5630,car,,2026-05-07 16:11:33.336581+02,2026-05-07 16:11:36.338672+02,3,f,20,0.333,
5465,5,5775,car,,2026-05-07 16:11:34.442839+02,2026-05-07 16:11:47.203895+02,12.76,f,81,0.368,
5463,5,5630,car,,2026-05-07 16:11:36.653505+02,2026-05-07 16:11:40.643986+02,3.99,f,26,0.361,
5464,5,5630,car,,2026-05-07 16:11:41.92781+02,2026-05-07 16:11:45.592266+02,3.66,f,24,0.364,
5466,5,5630,car,,2026-05-07 16:11:46.242941+02,2026-05-07 16:11:51.861161+02,5.62,f,22,0.34,
5467,5,5630,car,,2026-05-07 16:11:57.311632+02,2026-05-07 16:11:59.615838+02,2.3,f,15,0.337,
5468,5,5775,car,,2026-05-07 16:11:57.311632+02,2026-05-07 16:12:01.07507+02,3.76,f,24,0.343,
5469,5,5630,car,,2026-05-07 16:12:00.588933+02,2026-05-07 16:12:05.405468+02,4.82,f,31,0.357,
5471,5,5775,car,,2026-05-07 16:12:02.98658+02,2026-05-07 16:12:13.883766+02,10.9,f,68,0.383,
5470,5,6055,car,,2026-05-07 16:12:05.563952+02,2026-05-07 16:12:08.6232+02,3.06,f,20,0.368,
5473,5,6055,car,,2026-05-07 16:12:09.578511+02,2026-05-07 16:12:14.054834+02,4.48,f,28,0.357,
5472,5,5630,car,,2026-05-07 16:12:10.212242+02,2026-05-07 16:12:14.054834+02,3.84,f,24,0.379,
5475,5,5775,car,,2026-05-07 16:12:14.392823+02,2026-05-07 16:12:26.184389+02,11.79,f,72,0.401,
5474,5,6055,car,,2026-05-07 16:12:14.887453+02,2026-05-07 16:12:19.656683+02,4.77,f,30,0.354,
5476,5,5630,car,,2026-05-07 16:12:26.184389+02,2026-05-07 16:12:29.402988+02,3.22,f,20,0.333,
5479,5,5775,car,,2026-05-07 16:12:27.357662+02,2026-05-07 16:12:41.419803+02,14.06,f,81,0.368,
5477,5,5630,car,,2026-05-07 16:12:29.752806+02,2026-05-07 16:12:34.193535+02,4.44,f,26,0.361,
5478,5,5630,car,,2026-05-07 16:12:35.571478+02,2026-05-07 16:12:39.610503+02,4.04,f,24,0.364,
5480,5,5630,car,,2026-05-07 16:12:40.346393+02,2026-05-07 16:12:46.032293+02,5.69,f,22,0.34,
5481,5,5630,car,,2026-05-07 16:12:52.039343+02,2026-05-07 16:12:54.683914+02,2.64,f,15,0.337,
5482,5,5775,car,,2026-05-07 16:12:52.039343+02,2026-05-07 16:12:56.329205+02,4.29,f,24,0.343,
5483,5,5630,car,,2026-05-07 16:12:55.773071+02,2026-05-07 16:13:02.808358+02,7.04,f,38,0.36,
5484,5,5630,car,,2026-05-07 16:13:03.191275+02,2026-05-07 16:13:09.414264+02,6.22,f,34,0.374,
5486,5,5775,car,,2026-05-07 16:13:08.665929+02,2026-05-07 16:13:14.023237+02,5.36,f,29,0.377,
5487,5,5630,car,,2026-05-07 16:13:09.993663+02,2026-05-07 16:13:15.011153+02,5.02,f,27,0.377,
5485,5,6090,car,Kafasan L3,2026-05-07 16:13:10.370511+02,2026-05-07 16:13:13.043122+02,2.67,f,15,0.837,lane_switch:Kafasan L3>Kafasan L2
5488,5,5775,car,,2026-05-07 16:13:15.20657+02,2026-05-07 16:13:18.980804+02,3.77,f,20,0.363,
5490,5,5775,car,,2026-05-07 16:13:23.468544+02,2026-05-07 16:13:26.391937+02,2.92,f,16,0.372,
5489,5,5630,car,,2026-05-07 16:13:23.669059+02,2026-05-07 16:13:26.391937+02,2.72,f,15,0.362,
5492,5,5775,car,,2026-05-07 16:13:28.996688+02,2026-05-07 16:13:34.805691+02,5.81,f,34,0.353,
5491,5,5630,car,,2026-05-07 16:13:31.541363+02,2026-05-07 16:13:34.592102+02,3.05,f,17,0.343,
5493,5,5630,car,,2026-05-07 16:13:37.397178+02,2026-05-07 16:13:40.693665+02,3.3,f,18,0.39,
5495,5,5775,car,,2026-05-07 16:13:39.866856+02,2026-05-07 16:13:45.486708+02,5.62,f,29,0.377,
5496,5,5630,car,,2026-05-07 16:13:41.270441+02,2026-05-07 16:13:46.427051+02,5.16,f,27,0.377,
5494,5,6106,car,Kafasan L3,2026-05-07 16:13:41.641505+02,2026-05-07 16:13:44.52544+02,2.88,f,15,0.837,lane_switch:Kafasan L3>Kafasan L2
5497,5,5775,car,,2026-05-07 16:13:46.616131+02,2026-05-07 16:13:50.194125+02,3.58,f,20,0.363,
5499,5,5775,car,,2026-05-07 16:13:54.651059+02,2026-05-07 16:13:57.540799+02,2.89,f,16,0.372,
5498,5,5630,car,,2026-05-07 16:13:54.860482+02,2026-05-07 16:13:57.540799+02,2.68,f,15,0.362,
5501,5,5775,car,,2026-05-07 16:14:00.103688+02,2026-05-07 16:14:05.652505+02,5.55,f,34,0.353,
5500,5,5630,car,,2026-05-07 16:14:02.620066+02,2026-05-07 16:14:05.448497+02,2.83,f,17,0.343,
5502,5,5775,car,,2026-05-07 16:14:08.012064+02,2026-05-07 16:14:11.363878+02,3.35,f,19,0.386,
5504,5,5775,car,,2026-05-07 16:14:12.227328+02,2026-05-07 16:14:17.538805+02,5.31,f,29,0.403,
5505,5,6116,car,,2026-05-07 16:14:15.294174+02,2026-05-07 16:15:22.674233+02,67.38,f,41,0.506,
5506,5,5775,car,,2026-05-07 16:14:20.119018+02,2026-05-07 16:15:22.674233+02,62.56,f,15,0.446,
5510,5,6135,car,,2026-05-07 16:15:25.711131+02,2026-05-07 16:15:39.700908+02,13.99,f,90,0.539,
5508,5,5775,car,,2026-05-07 16:15:25.86803+02,2026-05-07 16:15:31.005874+02,5.14,f,34,0.353,
5507,5,5630,car,,2026-05-07 16:15:28.358038+02,2026-05-07 16:15:30.848112+02,2.49,f,17,0.343,
5509,5,5775,car,,2026-05-07 16:15:32.919927+02,2026-05-07 16:15:35.774719+02,2.85,f,19,0.386,
5511,5,5775,car,,2026-05-07 16:15:36.406391+02,2026-05-07 16:15:40.817182+02,4.41,f,29,0.403,
5512,5,6150,car,,2026-05-07 16:15:38.921724+02,2026-05-07 16:15:45.291777+02,6.37,f,41,0.506,
5513,5,5775,car,,2026-05-07 16:15:43.037787+02,2026-05-07 16:15:48.722803+02,5.69,f,36,0.419,
5514,5,6150,car,,2026-05-07 16:15:46.713292+02,2026-05-07 16:15:49.353419+02,2.64,f,17,0.487,
5516,5,6216,car,Kafasan L2,2026-05-07 16:15:54.482224+02,2026-05-07 16:15:58.617534+02,4.14,f,27,0.81,
5515,5,6218,car,,2026-05-07 16:15:54.798782+02,2026-05-07 16:15:57.481263+02,2.68,f,18,0.343,
5517,5,6213,car,Kafasan L2,2026-05-07 16:15:54.957092+02,2026-05-07 16:16:00.052524+02,5.1,f,33,0.695,
5519,5,6150,car,,2026-05-07 16:15:56.542356+02,2026-05-07 16:16:09.579437+02,13.04,f,64,0.473,
5518,5,6218,car,,2026-05-07 16:15:57.960088+02,2026-05-07 16:16:01.023105+02,3.06,f,20,0.365,
5520,5,6218,car,,2026-05-07 16:16:07.688387+02,2026-05-07 16:16:11.003544+02,3.32,f,22,0.365,
5522,5,6169,car,,2026-05-07 16:16:11.333603+02,2026-05-07 16:16:17.141126+02,5.81,f,37,0.476,
5521,5,6150,car,,2026-05-07 16:16:13.250927+02,2026-05-07 16:16:16.818669+02,3.57,f,23,0.497,
5524,5,6150,car,,2026-05-07 16:16:17.141126+02,2026-05-07 16:16:24.15599+02,7.01,f,45,0.518,
5523,5,6169,car,,2026-05-07 16:16:17.620452+02,2026-05-07 16:16:22.389783+02,4.77,f,31,0.453,
5525,5,6265,car,,2026-05-07 16:16:22.061969+02,2026-05-07 16:16:51.992411+02,29.93,f,52,0.433,
5526,5,6268,car,Kafasan L2,2026-05-07 16:16:23.202731+02,2026-05-07 16:16:53.092925+02,29.89,f,52,0.829,
5527,5,6150,car,,2026-05-07 16:16:24.51654+02,2026-05-07 16:16:53.406542+02,28.89,f,46,0.511,
5528,5,6265,car,,2026-05-07 16:16:53.248006+02,2026-05-07 16:16:56.305271+02,3.06,f,20,0.402,
5529,5,6150,car,,2026-05-07 16:16:53.89208+02,2026-05-07 16:16:57.082481+02,3.19,f,21,0.533,
5530,5,6265,car,,2026-05-07 16:16:56.613623+02,2026-05-07 16:17:03.381312+02,6.77,f,44,0.42,
5531,5,6150,car,,2026-05-07 16:16:57.400223+02,2026-05-07 16:17:05.023026+02,7.62,f,49,0.525,
5533,5,6265,car,,2026-05-07 16:17:04.013255+02,2026-05-07 16:17:40.723353+02,36.71,f,94,0.416,
5534,5,6150,car,,2026-05-07 16:17:05.820342+02,2026-05-07 16:17:41.042301+02,35.22,f,85,0.511,
5532,5,6169,car,,2026-05-07 16:17:36.920336+02,2026-05-07 16:17:39.129044+02,2.21,f,15,0.393,
5537,5,6150,car,,2026-05-07 16:17:41.353429+02,2026-05-07 16:18:24.441244+02,43.09,f,121,0.577,
5536,5,6265,car,,2026-05-07 16:17:41.673144+02,2026-05-07 16:18:23.815663+02,42.14,f,115,0.417,
5535,5,6281,car,Kafasan L2,2026-05-07 16:18:14.346494+02,2026-05-07 16:18:20.104944+02,5.76,f,38,0.893,
5539,5,6150,car,,2026-05-07 16:18:24.758609+02,2026-05-07 16:18:30.432949+02,5.67,f,37,0.533,
5538,5,6265,car,,2026-05-07 16:18:26.805915+02,2026-05-07 16:18:29.808187+02,3,f,20,0.39,
5541,5,6265,car,,2026-05-07 16:18:30.432949+02,2026-05-07 16:18:33.750412+02,3.32,f,22,0.404,
5540,5,6295,car,Kafasan L3,2026-05-07 16:18:31.06284+02,2026-05-07 16:18:33.271344+02,2.21,f,15,0.832,lane_switch:Kafasan L3>Kafasan L2
5543,5,6335,car,Kafasan L2,2026-05-07 16:18:39.692148+02,2026-05-07 16:18:43.513314+02,3.82,f,25,0.822,
5542,5,6338,car,,2026-05-07 16:18:40.010133+02,2026-05-07 16:18:42.712645+02,2.7,f,18,0.339,
5544,5,6339,car,Kafasan L2,2026-05-07 16:18:40.182114+02,2026-05-07 16:18:45.108736+02,4.93,f,32,0.708,
5546,5,6150,car,,2026-05-07 16:18:41.767458+02,2026-05-07 16:18:51.822504+02,10.06,f,64,0.478,
5545,5,6338,car,,2026-05-07 16:18:43.033293+02,2026-05-07 16:18:46.216091+02,3.18,f,21,0.363,
5547,5,6338,car,,2026-05-07 16:18:49.769339+02,2026-05-07 16:18:53.086631+02,3.32,f,22,0.363,
5550,5,6289,car,,2026-05-07 16:18:53.405706+02,2026-05-07 16:19:04.480582+02,11.07,f,71,0.461,
5548,5,6150,car,,2026-05-07 16:18:55.618775+02,2026-05-07 16:18:58.953646+02,3.33,f,22,0.51,
5551,5,6150,car,,2026-05-07 16:18:59.269996+02,2026-05-07 16:19:06.105059+02,6.84,f,44,0.521,
5549,5,6385,car,,2026-05-07 16:19:01.175128+02,2026-05-07 16:19:03.848594+02,2.67,f,18,0.387,
5552,5,6385,car,,2026-05-07 16:19:04.165335+02,2026-05-07 16:19:12.287809+02,8.12,f,52,0.429,
5553,5,6396,car,Kafasan L2,2026-05-07 16:19:05.267856+02,2026-05-07 16:19:13.403094+02,8.14,f,52,0.83,
5554,5,6150,car,,2026-05-07 16:19:06.585686+02,2026-05-07 16:19:13.724918+02,7.14,f,46,0.51,
5555,5,6385,car,,2026-05-07 16:19:13.403094+02,2026-05-07 16:19:23.574021+02,10.17,f,65,0.41,
5556,5,6150,car,,2026-05-07 16:19:14.207289+02,2026-05-07 16:19:25.214198+02,11.01,f,70,0.527,
5557,5,6289,car,,2026-05-07 16:19:23.729844+02,2026-05-07 16:19:26.008183+02,2.28,f,15,0.421,
5559,5,6385,car,,2026-05-07 16:19:24.252879+02,2026-05-07 16:19:39.25141+02,15,f,95,0.416,
5561,5,6150,car,,2026-05-07 16:19:26.170767+02,2026-05-07 16:20:01.205375+02,35.03,f,200,0.544,
5558,5,6289,car,,2026-05-07 16:19:35.397973+02,2026-05-07 16:19:37.642341+02,2.24,f,15,0.39,
5562,5,6385,car,,2026-05-07 16:19:40.238515+02,2026-05-07 16:20:07.488631+02,27.25,f,151,0.413,
5560,5,6409,car,Kafasan L2,2026-05-07 16:19:51.551965+02,2026-05-07 16:19:57.655528+02,6.1,f,37,0.893,
5564,5,6415,truck,Kafasan L2,2026-05-07 16:20:03.269492+02,2026-05-07 16:20:08.394712+02,5.13,f,32,0.883,lane_switch:Kafasan L2>Kafasan L1>Kafasan L2
5563,5,6416,car,,2026-05-07 16:20:05.185164+02,2026-05-07 16:20:07.667853+02,2.48,f,16,0.346,
5565,5,6150,car,,2026-05-07 16:20:06.976289+02,2026-05-07 16:20:11.331574+02,4.36,f,25,0.576,
5566,5,6150,car,,2026-05-07 16:20:12.403674+02,2026-05-07 16:20:15.14631+02,2.74,f,16,0.516,
5569,5,6423,car,,2026-05-07 16:20:14.041729+02,2026-05-07 16:20:37.342395+02,23.3,f,117,0.427,
5568,5,6150,car,,2026-05-07 16:20:15.884562+02,2026-05-07 16:20:30.056104+02,14.17,f,68,0.529,
5567,5,6426,car,,2026-05-07 16:20:20.937557+02,2026-05-07 16:20:29.105248+02,8.17,f,48,0.464,
5571,5,6430,truck,Kafasan L2,2026-05-07 16:20:32.428089+02,2026-05-07 16:20:38.31795+02,5.89,f,32,0.883,lane_switch:Kafasan L2>Kafasan L1>Kafasan L2
5570,5,6431,car,,2026-05-07 16:20:34.629434+02,2026-05-07 16:20:37.539124+02,2.91,f,16,0.346,
5572,5,6150,car,,2026-05-07 16:20:36.734037+02,2026-05-07 16:20:41.378068+02,4.64,f,25,0.576,
5573,5,6150,car,,2026-05-07 16:20:42.489177+02,2026-05-07 16:20:45.348299+02,2.86,f,16,0.516,
5577,5,6439,car,,2026-05-07 16:20:44.177058+02,2026-05-07 16:21:11.744581+02,27.57,f,139,0.435,
5575,5,6150,car,,2026-05-07 16:20:46.11163+02,2026-05-07 16:21:06.363009+02,20.25,f,100,0.524,
5574,5,6442,car,,2026-05-07 16:20:51.190155+02,2026-05-07 16:20:59.989887+02,8.8,f,51,0.464,
5578,5,6442,car,,2026-05-07 16:21:01.846459+02,2026-05-07 16:21:39.845971+02,38,f,102,0.488,
5576,5,6431,car,,2026-05-07 16:21:07.499185+02,2026-05-07 16:21:10.637837+02,3.14,f,18,0.335,
5580,5,6150,car,,2026-05-07 16:21:07.499185+02,2026-05-07 16:21:45.094716+02,37.6,f,103,0.502,
5581,5,6439,car,,2026-05-07 16:21:12.298716+02,2026-05-07 16:21:46.765763+02,34.47,f,87,0.411,
5579,5,6431,car,,2026-05-07 16:21:39.845971+02,2026-05-07 16:21:42.313326+02,2.47,f,15,0.332,
5582,5,6442,car,,2026-05-07 16:21:40.203358+02,2026-05-07 16:21:58.317521+02,18.11,f,97,0.509,
5584,5,6150,car,,2026-05-07 16:21:45.425659+02,2026-05-07 16:22:03.290493+02,17.86,f,97,0.516,
5585,5,6439,car,,2026-05-07 16:21:47.116442+02,2026-05-07 16:22:04.880094+02,17.76,f,97,0.413,
5583,5,6431,car,,2026-05-07 16:21:58.317521+02,2026-05-07 16:22:00.580918+02,2.26,f,15,0.332,
5592,5,6442,car,,2026-05-07 16:21:58.636972+02,2026-05-07 16:22:54.469367+02,55.83,f,315,0.502,
5587,5,6150,car,,2026-05-07 16:22:03.611254+02,2026-05-07 16:22:23.830388+02,20.22,f,114,0.519,
5588,5,6439,car,,2026-05-07 16:22:05.198388+02,2026-05-07 16:22:26.753939+02,21.56,f,122,0.426,
5586,5,6431,car,,2026-05-07 16:22:20.015772+02,2026-05-07 16:22:22.239361+02,2.22,f,15,0.329,
5591,5,6150,car,,2026-05-07 16:22:24.148189+02,2026-05-07 16:22:45.453885+02,21.31,f,118,0.519,
5590,5,6439,car,,2026-05-07 16:22:27.074853+02,2026-05-07 16:22:44.594799+02,17.52,f,95,0.429,
5589,5,6431,car,,2026-05-07 16:22:40.467724+02,2026-05-07 16:22:43.738693+02,3.27,f,21,0.329,
5595,5,6439,car,,2026-05-07 16:22:45.627287+02,2026-05-07 16:23:01.72737+02,16.1,f,92,0.414,
5594,5,6150,car,,2026-05-07 16:22:45.799191+02,2026-05-07 16:22:59.96+02,14.16,f,81,0.512,
5593,5,6431,car,,2026-05-07 16:22:54.469367+02,2026-05-07 16:22:56.928337+02,2.46,f,15,0.332,
5601,5,6442,car,,2026-05-07 16:22:54.812983+02,2026-05-07 16:24:01.26516+02,66.45,f,250,0.495, [stream_end]
5598,5,6150,car,,2026-05-07 16:23:00.318561+02,2026-05-07 16:23:21.936735+02,21.62,f,110,0.524,
5597,5,6439,car,,2026-05-07 16:23:02.081152+02,2026-05-07 16:23:21.039933+02,18.96,f,95,0.428,
5596,5,6431,car,,2026-05-07 16:23:16.324402+02,2026-05-07 16:23:20.083376+02,3.76,f,21,0.329,
5600,5,6439,car,,2026-05-07 16:23:22.120333+02,2026-05-07 16:23:28.206158+02,6.09,f,34,0.425,
5602,5,6150,car,,2026-05-07 16:23:22.307437+02,2026-05-07 16:24:01.26516+02,38.96,f,108,0.526, [stream_end]
5599,5,6431,car,,2026-05-07 16:23:22.671532+02,2026-05-07 16:23:25.426795+02,2.76,f,16,0.344,
5603,5,6439,car,,2026-05-07 16:23:49.687891+02,2026-05-07 16:24:01.26516+02,11.58,f,70,0.451, [stream_end]
5610,5,4,car,,2026-05-07 19:06:44.857016+02,2026-05-07 19:10:44.249913+02,239.39,f,830,0.473,
5614,5,1,truck,,2026-05-07 19:06:44.857016+02,2026-05-07 19:13:29.810625+02,404.95,f,1321,0.797,
5633,5,2,car,,2026-05-07 19:06:44.857016+02,2026-05-07 19:18:13.207853+02,688.35,f,2141,0.738,
5787,5,3,car,,2026-05-07 19:06:44.857016+02,2026-05-07 19:40:43.743468+02,2038.89,f,7205,0.489,
5604,5,9,car,,2026-05-07 19:06:57.533421+02,2026-05-07 19:07:00.120688+02,2.59,f,19,0.36,
5605,5,9,car,,2026-05-07 19:07:30.618714+02,2026-05-07 19:07:32.93279+02,2.31,f,17,0.361,
5606,5,24,car,,2026-05-07 19:09:37.378816+02,2026-05-07 19:09:39.851641+02,2.47,f,17,0.361,
5607,5,38,car,,2026-05-07 19:10:26.796739+02,2026-05-07 19:10:29.434974+02,2.64,f,18,0.34,
5608,5,53,car,Kafasan L2,2026-05-07 19:10:26.796739+02,2026-05-07 19:10:30.231457+02,3.43,f,23,0.826,
5609,5,10,truck,,2026-05-07 19:10:34.909215+02,2026-05-07 19:10:37.586427+02,2.68,f,18,0.38,
5617,5,4,car,,2026-05-07 19:10:45.180882+02,2026-05-07 19:14:42.52076+02,237.34,f,667,0.478,
5611,5,77,truck,,2026-05-07 19:12:03.988652+02,2026-05-07 19:12:06.654366+02,2.67,f,18,0.317,
5612,5,77,truck,,2026-05-07 19:12:08.2133+02,2026-05-07 19:12:12.013377+02,3.8,f,25,0.323,
5613,5,118,car,Kafasan L3,2026-05-07 19:13:20.407453+02,2026-05-07 19:13:23.055185+02,2.65,f,18,0.823,lane_switch:Kafasan L3>Kafasan L2
5615,5,136,bus,Kafasan L2,2026-05-07 19:13:27.313338+02,2026-05-07 19:13:30.899555+02,3.59,f,24,0.851,lane_switch:Kafasan L2>Kafasan L1
5621,5,1,truck,,2026-05-07 19:13:31.859036+02,2026-05-07 19:16:11.992385+02,160.13,f,458,0.809,
5616,5,145,truck,,2026-05-07 19:13:33.417826+02,2026-05-07 19:14:02.993769+02,29.58,f,48,0.845,
5618,5,159,car,,2026-05-07 19:14:42.833857+02,2026-05-07 19:14:46.721985+02,3.89,f,26,0.452,
5623,5,4,car,,2026-05-07 19:14:47.95102+02,2026-05-07 19:16:13.253165+02,85.3,f,263,0.457,
5619,5,161,car,,2026-05-07 19:15:28.168936+02,2026-05-07 19:15:30.954715+02,2.79,f,19,0.347,
5620,5,171,car,Kafasan L2,2026-05-07 19:15:31.271815+02,2026-05-07 19:15:37.680878+02,6.41,f,43,0.845,
5622,5,183,truck,Kafasan L2,2026-05-07 19:16:09.450212+02,2026-05-07 19:16:12.942781+02,3.49,f,23,0.881,
5642,5,1,truck,,2026-05-07 19:16:12.627683+02,2026-05-07 19:20:25.461354+02,252.83,f,768,0.806,
5632,5,4,car,,2026-05-07 19:16:13.883307+02,2026-05-07 19:17:39.683613+02,85.8,f,267,0.465,
5624,5,187,truck,,2026-05-07 19:16:14.812337+02,2026-05-07 19:16:17.455082+02,2.64,f,18,0.459,
5625,5,178,truck,,2026-05-07 19:16:18.855204+02,2026-05-07 19:16:22.282089+02,3.43,f,23,0.318,
5626,5,178,truck,,2026-05-07 19:16:22.594373+02,2026-05-07 19:16:48.797798+02,26.2,f,26,0.309,
5627,5,189,car,,2026-05-07 19:16:49.116009+02,2026-05-07 19:16:51.417404+02,2.3,f,16,0.374,
5628,5,200,car,,2026-05-07 19:17:36.161573+02,2026-05-07 19:17:39.526533+02,3.36,f,23,0.334,
5629,5,201,truck,,2026-05-07 19:17:36.161573+02,2026-05-07 19:17:39.526533+02,3.36,f,23,0.318,
5630,5,198,car,Kafasan L3,2026-05-07 19:17:36.161573+02,2026-05-07 19:17:39.526533+02,3.36,f,23,0.845,
5631,5,199,car,,2026-05-07 19:17:36.161573+02,2026-05-07 19:17:39.526533+02,3.36,f,23,0.734,
5640,5,4,car,,2026-05-07 19:17:40.012268+02,2026-05-07 19:20:15.316288+02,155.3,f,425,0.45,
5653,5,2,car,,2026-05-07 19:18:13.51021+02,2026-05-07 19:27:03.625847+02,530.12,f,1330,0.739,
5634,5,200,car,,2026-05-07 19:18:19.894509+02,2026-05-07 19:18:56.584939+02,36.69,f,93,0.325,
5635,5,219,car,,2026-05-07 19:18:59.674133+02,2026-05-07 19:19:02.571217+02,2.9,f,20,0.347,
5636,5,223,car,Kafasan L2,2026-05-07 19:18:59.979819+02,2026-05-07 19:19:03.026104+02,3.05,f,21,0.798,
5637,5,234,bus,,2026-05-07 19:19:36.434352+02,2026-05-07 19:19:38.68052+02,2.25,f,16,0.387,
5638,5,232,car,Kafasan L2,2026-05-07 19:19:36.434352+02,2026-05-07 19:19:42.785416+02,6.35,f,43,0.879,
5639,5,233,car,,2026-05-07 19:19:36.434352+02,2026-05-07 19:19:42.785416+02,6.35,f,43,0.775,
5650,5,4,car,,2026-05-07 19:20:16.08363+02,2026-05-07 19:22:30.973621+02,134.89,f,431,0.461,
5641,5,242,car,,2026-05-07 19:20:18.181131+02,2026-05-07 19:20:22.405848+02,4.22,f,29,0.314,
5652,5,1,truck,,2026-05-07 19:20:25.767589+02,2026-05-07 19:26:52.646894+02,386.88,f,840,0.77,
5643,5,281,car,Kafasan L3,2026-05-07 19:21:07.27268+02,2026-05-07 19:21:09.59485+02,2.32,f,16,0.803,lane_switch:Kafasan L3>Kafasan L2
5644,5,282,car,,2026-05-07 19:21:09.744748+02,2026-05-07 19:21:12.486231+02,2.74,f,19,0.332,
5645,5,282,car,,2026-05-07 19:21:14.164037+02,2026-05-07 19:21:39.745091+02,25.58,f,20,0.35,
5646,5,286,car,Kafasan L2,2026-05-07 19:21:14.932439+02,2026-05-07 19:21:40.967518+02,26.04,f,23,0.8,
5647,5,289,car,Kafasan L3,2026-05-07 19:21:15.693679+02,2026-05-07 19:21:41.582409+02,25.89,f,22,0.812,
5648,5,296,car,,2026-05-07 19:21:47.957413+02,2026-05-07 19:21:50.541269+02,2.58,f,18,0.323,
5649,5,297,car,,2026-05-07 19:21:47.957413+02,2026-05-07 19:21:50.541269+02,2.58,f,18,0.323,
5666,5,4,car,,2026-05-07 19:22:31.295338+02,2026-05-07 19:30:28.522532+02,477.23,f,1369,0.467,
5651,5,320,car,,2026-05-07 19:23:13.254223+02,2026-05-07 19:23:16.877835+02,3.62,f,21,0.306,
5655,5,338,truck,,2026-05-07 19:26:48.57595+02,2026-05-07 19:27:44.52776+02,55.95,f,334,0.785,
5654,5,1,truck,,2026-05-07 19:26:54.557823+02,2026-05-07 19:27:40.651908+02,46.09,f,272,0.795,
5773,5,2,car,,2026-05-07 19:27:03.941377+02,2026-05-07 19:39:51.66367+02,767.72,f,3541,0.778,
5656,5,338,truck,,2026-05-07 19:27:45.337858+02,2026-05-07 19:27:47.623107+02,2.29,f,15,0.526,
5659,5,338,truck,,2026-05-07 19:27:48.425589+02,2026-05-07 19:28:28.880847+02,40.46,f,242,0.778,
5658,5,405,truck,,2026-05-07 19:27:51.510151+02,2026-05-07 19:28:25.402739+02,33.89,f,215,0.797,
5657,5,410,car,,2026-05-07 19:27:58.691442+02,2026-05-07 19:28:00.948668+02,2.26,f,15,0.356,
5664,5,338,truck,,2026-05-07 19:28:32.313616+02,2026-05-07 19:30:24.335699+02,112.02,f,278,0.698,
5660,5,405,truck,,2026-05-07 19:28:35.358963+02,2026-05-07 19:28:43.323636+02,7.96,f,51,0.736,
5661,5,405,truck,,2026-05-07 19:28:43.982985+02,2026-05-07 19:29:54.506689+02,70.52,f,67,0.671,
5662,5,405,truck,,2026-05-07 19:30:01.090981+02,2026-05-07 19:30:08.938077+02,7.85,f,51,0.736,
5663,5,405,truck,,2026-05-07 19:30:09.597982+02,2026-05-07 19:30:19.973588+02,10.38,f,67,0.671,
5665,5,405,truck,,2026-05-07 19:30:20.724331+02,2026-05-07 19:30:24.487431+02,3.76,f,24,0.727,
5668,5,338,truck,,2026-05-07 19:30:24.784373+02,2026-05-07 19:30:35.895683+02,11.11,f,69,0.636,
5667,5,405,truck,,2026-05-07 19:30:26.468007+02,2026-05-07 19:30:29.228702+02,2.76,f,18,0.557,
5718,5,4,car,,2026-05-07 19:30:28.855276+02,2026-05-07 19:35:20.018111+02,291.16,f,1495,0.477,
5669,5,525,car,Kafasan L3,2026-05-07 19:30:36.518314+02,2026-05-07 19:30:38.635891+02,2.12,f,15,0.79,lane_switch:Kafasan L3>Kafasan L2
5671,5,338,truck,,2026-05-07 19:30:36.666441+02,2026-05-07 19:30:51.765489+02,15.1,f,81,0.857,
5673,5,405,truck,,2026-05-07 19:30:36.817701+02,2026-05-07 19:31:26.459279+02,49.64,f,159,0.836,
5670,5,490,car,,2026-05-07 19:30:44.070974+02,2026-05-07 19:30:46.211468+02,2.14,f,15,0.344,
5672,5,338,truck,,2026-05-07 19:30:52.07405+02,2026-05-07 19:30:56.40474+02,4.33,f,29,0.668,
5683,5,405,truck,,2026-05-07 19:31:26.769592+02,2026-05-07 19:32:12.958503+02,46.19,f,288,0.819,
5674,5,561,car,,2026-05-07 19:31:37.837342+02,2026-05-07 19:31:42.66182+02,4.82,f,33,0.348,
5675,5,562,truck,,2026-05-07 19:31:37.837342+02,2026-05-07 19:31:42.66182+02,4.82,f,33,0.324,
5676,5,565,car,Kafasan L2,2026-05-07 19:31:45.441703+02,2026-05-07 19:31:47.559134+02,2.12,f,15,0.832,
5677,5,561,car,,2026-05-07 19:31:47.258101+02,2026-05-07 19:31:49.516331+02,2.26,f,16,0.356,
5678,5,569,car,Kafasan L3,2026-05-07 19:31:47.872271+02,2026-05-07 19:31:50.298078+02,2.43,f,17,0.817,lane_switch:Kafasan L3>Kafasan L2
5679,5,585,truck,,2026-05-07 19:31:51.846218+02,2026-05-07 19:31:58.85185+02,7.01,f,47,0.741,
5681,5,561,car,,2026-05-07 19:31:52.633682+02,2026-05-07 19:31:58.85185+02,6.22,f,42,0.355,
5680,5,587,truck,,2026-05-07 19:31:53.397167+02,2026-05-07 19:31:58.85185+02,5.45,f,37,0.43,
5682,5,588,truck,,2026-05-07 19:31:59.171128+02,2026-05-07 19:32:12.958503+02,13.79,f,76,0.702,
5684,5,602,car,Kafasan L2,2026-05-07 19:32:10.935753+02,2026-05-07 19:32:13.12763+02,2.19,f,15,0.704,
5687,5,588,truck,,2026-05-07 19:32:14.565006+02,2026-05-07 19:32:29.903847+02,15.34,f,100,0.642,
5685,5,405,truck,,2026-05-07 19:32:15.496441+02,2026-05-07 19:32:19.032346+02,3.54,f,24,0.708,
5686,5,405,truck,,2026-05-07 19:32:19.340453+02,2026-05-07 19:32:23.200187+02,3.86,f,26,0.577,
5688,5,654,car,Kafasan L3,2026-05-07 19:32:30.528958+02,2026-05-07 19:32:32.699706+02,2.17,f,15,0.799,lane_switch:Kafasan L3>Kafasan L2
5689,5,588,truck,,2026-05-07 19:32:30.528958+02,2026-05-07 19:32:48.170896+02,17.64,f,112,0.809,
5690,5,405,truck,,2026-05-07 19:32:30.528958+02,2026-05-07 19:32:55.899038+02,25.37,f,160,0.835,
5702,5,405,truck,,2026-05-07 19:32:56.218318+02,2026-05-07 19:33:45.63506+02,49.42,f,289,0.817,
5691,5,681,truck,,2026-05-07 19:33:00.046463+02,2026-05-07 19:33:02.273172+02,2.23,f,15,0.542,
5692,5,685,car,,2026-05-07 19:33:07.752963+02,2026-05-07 19:33:12.568772+02,4.82,f,32,0.347,
5693,5,687,truck,,2026-05-07 19:33:07.752963+02,2026-05-07 19:33:12.568772+02,4.82,f,32,0.323,
5694,5,689,car,Kafasan L3,2026-05-07 19:33:16.073677+02,2026-05-07 19:33:18.738968+02,2.67,f,17,0.828,lane_switch:Kafasan L3>Kafasan L2
5695,5,685,car,,2026-05-07 19:33:18.260546+02,2026-05-07 19:33:20.83233+02,2.57,f,17,0.348,
5696,5,693,car,Kafasan L3,2026-05-07 19:33:19.071474+02,2026-05-07 19:33:21.635494+02,2.56,f,17,0.822,lane_switch:Kafasan L3>Kafasan L2
5697,5,696,car,Kafasan L3,2026-05-07 19:33:19.71908+02,2026-05-07 19:33:21.956884+02,2.24,f,15,0.803,lane_switch:Kafasan L3>Kafasan L2
5698,5,705,bus,,2026-05-07 19:33:23.769306+02,2026-05-07 19:33:30.711289+02,6.94,f,44,0.768,
5700,5,685,car,,2026-05-07 19:33:23.926522+02,2026-05-07 19:33:30.711289+02,6.78,f,43,0.354,
5699,5,706,truck,,2026-05-07 19:33:24.738415+02,2026-05-07 19:33:30.711289+02,5.97,f,38,0.424,
5701,5,707,truck,,2026-05-07 19:33:31.035104+02,2026-05-07 19:33:45.63506+02,14.6,f,76,0.7,
5703,5,722,car,Kafasan L2,2026-05-07 19:33:43.519737+02,2026-05-07 19:33:45.804691+02,2.28,f,15,0.704,
5704,5,707,truck,,2026-05-07 19:33:47.275727+02,2026-05-07 19:33:52.003492+02,4.73,f,30,0.602,
5706,5,707,truck,,2026-05-07 19:33:52.338545+02,2026-05-07 19:33:56.390976+02,4.05,f,26,0.561,
5705,5,405,truck,,2026-05-07 19:33:52.98909+02,2026-05-07 19:33:55.252068+02,2.26,f,15,0.579,
5710,5,707,truck,,2026-05-07 19:33:56.715489+02,2026-05-07 19:34:09.383677+02,12.67,f,79,0.693,
5707,5,405,truck,,2026-05-07 19:33:59.322948+02,2026-05-07 19:34:01.950796+02,2.63,f,17,0.615,
5708,5,685,car,,2026-05-07 19:34:01.609262+02,2026-05-07 19:34:04.666342+02,3.06,f,20,0.364,
5711,5,405,truck,,2026-05-07 19:34:02.273994+02,2026-05-07 19:34:09.383677+02,7.11,f,45,0.739,
5709,5,756,car,Kafasan L2,2026-05-07 19:34:04.666342+02,2026-05-07 19:34:09.056136+02,4.39,f,28,0.788,
5712,5,707,truck,,2026-05-07 19:34:10.188978+02,2026-05-07 19:34:25.451758+02,15.26,f,82,0.65,
5714,5,405,truck,,2026-05-07 19:34:17.48409+02,2026-05-07 19:34:25.451758+02,7.97,f,38,0.586,
5713,5,764,car,,2026-05-07 19:34:22.883574+02,2026-05-07 19:34:25.451758+02,2.57,f,17,0.357,
5720,5,707,truck,,2026-05-07 19:34:26.418384+02,2026-05-07 19:35:46.183471+02,79.77,f,228,0.631,
5715,5,405,truck,,2026-05-07 19:34:28.077459+02,2026-05-07 19:34:31.297301+02,3.22,f,21,0.552,
5716,5,405,truck,,2026-05-07 19:34:32.747432+02,2026-05-07 19:34:40.382394+02,7.63,f,47,0.589,
5717,5,405,truck,,2026-05-07 19:35:04.75367+02,2026-05-07 19:35:16.481381+02,11.73,f,74,0.637,
5719,5,764,car,,2026-05-07 19:35:16.640456+02,2026-05-07 19:35:21.458105+02,4.82,f,31,0.336,
5721,5,405,truck,,2026-05-07 19:35:19.049569+02,2026-05-07 19:35:46.183471+02,27.13,f,35,0.685,
5723,5,4,car,,2026-05-07 19:35:20.339335+02,2026-05-07 19:35:59.454596+02,39.12,f,96,0.469,
5722,5,786,car,Kafasan L2,2026-05-07 19:35:21.458105+02,2026-05-07 19:35:46.358433+02,24.9,f,21,0.87,
5727,5,707,truck,,2026-05-07 19:35:47.006073+02,2026-05-07 19:36:09.493783+02,22.49,f,127,0.682,
5724,5,405,truck,,2026-05-07 19:35:50.79479+02,2026-05-07 19:36:02.142788+02,11.35,f,57,0.7,
5735,5,818,car,,2026-05-07 19:36:00.939533+02,2026-05-07 19:36:57.022415+02,56.08,f,345,0.47,
5725,5,800,car,,2026-05-07 19:36:01.821312+02,2026-05-07 19:36:04.822374+02,3,f,20,0.364,
5728,5,405,truck,,2026-05-07 19:36:02.45923+02,2026-05-07 19:36:09.493783+02,7.03,f,45,0.739,
5726,5,823,car,Kafasan L2,2026-05-07 19:36:04.822374+02,2026-05-07 19:36:09.167588+02,4.35,f,28,0.788,
5729,5,707,truck,,2026-05-07 19:36:10.28545+02,2026-05-07 19:36:23.456229+02,13.17,f,82,0.65,
5730,5,405,truck,,2026-05-07 19:36:17.468547+02,2026-05-07 19:36:23.456229+02,5.99,f,38,0.586,
5731,5,831,car,,2026-05-07 19:36:20.857365+02,2026-05-07 19:36:23.456229+02,2.6,f,17,0.357,
5737,5,707,truck,,2026-05-07 19:36:24.43008+02,2026-05-07 19:37:01.600392+02,37.17,f,228,0.631,
5732,5,405,truck,,2026-05-07 19:36:26.044978+02,2026-05-07 19:36:29.266255+02,3.22,f,21,0.552,
5733,5,405,truck,,2026-05-07 19:36:30.726149+02,2026-05-07 19:36:38.231197+02,7.51,f,47,0.589,
5734,5,405,truck,,2026-05-07 19:36:41.354968+02,2026-05-07 19:36:53.340715+02,11.99,f,74,0.637,
5736,5,831,car,,2026-05-07 19:36:53.504461+02,2026-05-07 19:36:58.502468+02,5,f,31,0.336,
5738,5,405,truck,,2026-05-07 19:36:56.03007+02,2026-05-07 19:37:01.600392+02,5.57,f,35,0.685,
5740,5,818,car,,2026-05-07 19:36:57.35011+02,2026-05-07 19:37:15.148072+02,17.8,f,96,0.469,
5739,5,853,car,Kafasan L2,2026-05-07 19:36:58.502468+02,2026-05-07 19:37:01.761287+02,3.26,f,21,0.87,
5743,5,707,truck,,2026-05-07 19:37:02.399167+02,2026-05-07 19:37:54.7258+02,52.33,f,170,0.689,
5742,5,405,truck,,2026-05-07 19:37:06.392802+02,2026-05-07 19:37:28.925528+02,22.53,f,125,0.723,
5741,5,885,car,,2026-05-07 19:37:16.637867+02,2026-05-07 19:37:27.125392+02,10.49,f,65,0.463,
5769,5,885,car,,2026-05-07 19:37:27.450378+02,2026-05-07 19:39:21.990029+02,114.54,f,555,0.46,
5745,5,405,truck,,2026-05-07 19:37:57.433065+02,2026-05-07 19:38:01.262755+02,3.83,f,25,0.606,
5749,5,707,truck,,2026-05-07 19:37:57.433065+02,2026-05-07 19:38:10.638511+02,13.21,f,82,0.644,
5744,5,899,car,,2026-05-07 19:37:59.046421+02,2026-05-07 19:38:01.262755+02,2.22,f,15,0.372,
5746,5,405,truck,,2026-05-07 19:38:01.621295+02,2026-05-07 19:38:05.475568+02,3.85,f,25,0.565,
5748,5,405,truck,,2026-05-07 19:38:05.96427+02,2026-05-07 19:38:10.303846+02,4.34,f,27,0.701,
5747,5,907,car,Kafasan L3,2026-05-07 19:38:07.12462+02,2026-05-07 19:38:09.972865+02,2.85,f,18,0.806,lane_switch:Kafasan L3>Kafasan L2
5751,5,707,truck,,2026-05-07 19:38:13.705795+02,2026-05-07 19:38:19.48089+02,5.78,f,38,0.608,
5752,5,914,truck,,2026-05-07 19:38:14.0297+02,2026-05-07 19:38:19.796492+02,5.77,f,38,0.628,
5750,5,928,car,Kafasan L3,2026-05-07 19:38:16.359979+02,2026-05-07 19:38:18.538798+02,2.18,f,15,0.829,lane_switch:Kafasan L3>Kafasan L2
5754,5,707,truck,,2026-05-07 19:38:20.104788+02,2026-05-07 19:38:27.593119+02,7.49,f,34,0.599,
5753,5,933,truck,,2026-05-07 19:38:21.539776+02,2026-05-07 19:38:25.123555+02,3.58,f,24,0.619,
5756,5,707,truck,,2026-05-07 19:38:31.560057+02,2026-05-07 19:38:36.999313+02,5.44,f,36,0.606,
5755,5,938,truck,,2026-05-07 19:38:32.022913+02,2026-05-07 19:38:35.776304+02,3.75,f,25,0.677,
5757,5,938,truck,,2026-05-07 19:38:39.712513+02,2026-05-07 19:38:43.462106+02,3.75,f,25,0.606,
5762,5,707,truck,,2026-05-07 19:38:39.712513+02,2026-05-07 19:38:52.379414+02,12.67,f,82,0.644,
5758,5,942,car,,2026-05-07 19:38:41.287033+02,2026-05-07 19:38:43.462106+02,2.18,f,15,0.372,
5759,5,938,truck,,2026-05-07 19:38:43.772586+02,2026-05-07 19:38:47.495831+02,3.72,f,25,0.565,
5761,5,938,truck,,2026-05-07 19:38:47.966361+02,2026-05-07 19:38:52.059887+02,4.09,f,27,0.701,
5760,5,950,car,Kafasan L3,2026-05-07 19:38:49.054244+02,2026-05-07 19:38:51.747131+02,2.69,f,18,0.806,lane_switch:Kafasan L3>Kafasan L2
5764,5,707,truck,,2026-05-07 19:38:55.337449+02,2026-05-07 19:39:01.125164+02,5.79,f,38,0.608,
5765,5,957,truck,,2026-05-07 19:38:55.638961+02,2026-05-07 19:39:01.440838+02,5.8,f,38,0.628,
5763,5,971,car,Kafasan L3,2026-05-07 19:38:58.009893+02,2026-05-07 19:39:00.177779+02,2.17,f,15,0.829,lane_switch:Kafasan L3>Kafasan L2
5767,5,707,truck,,2026-05-07 19:39:01.765373+02,2026-05-07 19:39:09.187304+02,7.42,f,34,0.599,
5766,5,976,truck,,2026-05-07 19:39:03.161601+02,2026-05-07 19:39:06.754698+02,3.59,f,24,0.619,
5770,5,707,truck,,2026-05-07 19:39:13.238036+02,2026-05-07 19:39:22.149294+02,8.91,f,57,0.602,
5768,5,981,truck,,2026-05-07 19:39:13.707301+02,2026-05-07 19:39:20.080951+02,6.37,f,41,0.663,
5771,5,987,car,Kafasan L3,2026-05-07 19:39:18.311337+02,2026-05-07 19:39:22.305841+02,3.99,f,26,0.81,lane_switch:Kafasan L3>Kafasan L2
5774,5,885,car,,2026-05-07 19:39:23.24763+02,2026-05-07 19:39:53.530774+02,30.28,f,47,0.436,
5772,5,707,truck,,2026-05-07 19:39:23.71959+02,2026-05-07 19:39:51.191991+02,27.47,f,29,0.552,
5858,5,2,car,,2026-05-07 19:39:51.975962+02,2026-05-07 19:45:06.078185+02,314.1,f,1247,0.765,
5775,5,707,truck,,2026-05-07 19:39:52.136344+02,2026-05-07 19:39:56.032485+02,3.9,f,26,0.51,
5776,5,885,car,,2026-05-07 19:39:54.003548+02,2026-05-07 19:39:59.614829+02,5.61,f,37,0.45,
5777,5,707,truck,,2026-05-07 19:39:57.426088+02,2026-05-07 19:40:00.236948+02,2.81,f,19,0.553,
5778,5,707,truck,,2026-05-07 19:40:00.552369+02,2026-05-07 19:40:03.097228+02,2.54,f,17,0.515,
5783,5,1021,car,,2026-05-07 19:40:00.7048+02,2026-05-07 19:40:34.932456+02,34.23,f,78,0.451,
5781,5,707,truck,,2026-05-07 19:40:03.569862+02,2026-05-07 19:40:09.048203+02,5.48,f,36,0.614,
5779,5,981,truck,,2026-05-07 19:40:04.050006+02,2026-05-07 19:40:07.018427+02,2.97,f,20,0.569,
5780,5,963,car,,2026-05-07 19:40:04.360937+02,2026-05-07 19:40:07.173315+02,2.81,f,19,0.387,
5782,5,707,truck,,2026-05-07 19:40:09.516356+02,2026-05-07 19:40:34.308847+02,24.79,f,18,0.549,
5784,5,707,truck,,2026-05-07 19:40:35.085727+02,2026-05-07 19:40:39.333983+02,4.25,f,28,0.535,
5789,5,1021,car,,2026-05-07 19:40:35.392014+02,2026-05-07 19:40:45.288074+02,9.9,f,64,0.452,
5786,5,707,truck,,2026-05-07 19:40:39.962758+02,2026-05-07 19:40:43.586347+02,3.62,f,24,0.593,
5785,5,981,truck,,2026-05-07 19:40:40.119668+02,2026-05-07 19:40:43.432336+02,3.31,f,22,0.73,
5788,5,1048,car,Kafasan L2,2026-05-07 19:40:42.806217+02,2026-05-07 19:40:44.978722+02,2.17,f,15,0.698,
5805,5,3,car,,2026-05-07 19:40:44.059718+02,2026-05-07 19:41:20.401356+02,36.34,f,218,0.467,
5790,5,707,truck,,2026-05-07 19:40:45.772252+02,2026-05-07 19:40:48.324602+02,2.55,f,17,0.61,
5791,5,981,truck,,2026-05-07 19:40:46.089782+02,2026-05-07 19:40:48.324602+02,2.23,f,15,0.788,
5792,5,1021,car,,2026-05-07 19:40:46.089782+02,2026-05-07 19:40:52.399324+02,6.31,f,26,0.416,
5793,5,707,truck,,2026-05-07 19:40:51.003159+02,2026-05-07 19:40:54.865923+02,3.86,f,26,0.51,
5794,5,1021,car,,2026-05-07 19:40:52.857023+02,2026-05-07 19:40:58.459099+02,5.6,f,37,0.45,
5795,5,707,truck,,2026-05-07 19:40:56.260253+02,2026-05-07 19:40:59.089582+02,2.83,f,19,0.553,
5796,5,707,truck,,2026-05-07 19:40:59.404179+02,2026-05-07 19:41:01.908379+02,2.5,f,17,0.515,
5801,5,1070,car,,2026-05-07 19:40:59.568313+02,2026-05-07 19:41:11.651706+02,12.08,f,78,0.451,
5799,5,707,truck,,2026-05-07 19:41:02.373836+02,2026-05-07 19:41:07.914455+02,5.54,f,36,0.614,
5797,5,981,truck,,2026-05-07 19:41:02.836066+02,2026-05-07 19:41:05.817558+02,2.98,f,20,0.569,
5798,5,1049,car,,2026-05-07 19:41:03.156067+02,2026-05-07 19:41:05.973805+02,2.82,f,19,0.387,
5800,5,707,truck,,2026-05-07 19:41:08.380895+02,2026-05-07 19:41:11.034087+02,2.65,f,18,0.549,
5802,5,707,truck,,2026-05-07 19:41:11.803258+02,2026-05-07 19:41:15.998945+02,4.2,f,28,0.535,
5807,5,1070,car,,2026-05-07 19:41:12.119515+02,2026-05-07 19:41:21.971583+02,9.85,f,64,0.452,
5804,5,707,truck,,2026-05-07 19:41:16.634369+02,2026-05-07 19:41:20.243152+02,3.61,f,24,0.593,
5803,5,981,truck,,2026-05-07 19:41:16.791401+02,2026-05-07 19:41:20.088241+02,3.3,f,22,0.73,
5806,5,1096,car,Kafasan L2,2026-05-07 19:41:19.460127+02,2026-05-07 19:41:21.651687+02,2.19,f,15,0.698,
5811,5,3,car,,2026-05-07 19:41:20.715064+02,2026-05-07 19:41:32.532151+02,11.82,f,62,0.448,
5808,5,707,truck,,2026-05-07 19:41:22.452787+02,2026-05-07 19:41:28.02399+02,5.57,f,22,0.619,
5809,5,981,truck,,2026-05-07 19:41:22.76104+02,2026-05-07 19:41:28.02399+02,5.26,f,20,0.702,
5812,5,1070,car,,2026-05-07 19:41:22.76104+02,2026-05-07 19:41:33.160922+02,10.4,f,53,0.418,
5810,5,707,truck,,2026-05-07 19:41:29.435759+02,2026-05-07 19:41:31.60942+02,2.17,f,15,0.532,
5813,5,3,car,,2026-05-07 19:41:33.953232+02,2026-05-07 19:41:37.075461+02,3.12,f,21,0.433,
5814,5,707,truck,,2026-05-07 19:41:36.451131+02,2026-05-07 19:41:38.659765+02,2.21,f,15,0.527,
5815,5,1120,car,,2026-05-07 19:41:37.233837+02,2026-05-07 19:41:40.406712+02,3.17,f,21,0.419,
5819,5,3,car,,2026-05-07 19:41:38.817716+02,2026-05-07 19:41:50.322567+02,11.5,f,74,0.458,
5816,5,707,truck,,2026-05-07 19:41:39.137084+02,2026-05-07 19:41:42.929551+02,3.79,f,25,0.527,
5817,5,1120,car,,2026-05-07 19:41:40.883937+02,2026-05-07 19:41:46.557389+02,5.67,f,37,0.452,
5818,5,707,truck,,2026-05-07 19:41:46.092674+02,2026-05-07 19:41:49.224393+02,3.13,f,21,0.558,
5824,5,1137,car,,2026-05-07 19:41:47.649112+02,2026-05-07 19:41:59.782467+02,12.13,f,78,0.452,
5822,5,707,truck,,2026-05-07 19:41:50.476518+02,2026-05-07 19:41:55.663726+02,5.19,f,34,0.613,
5833,5,3,car,,2026-05-07 19:41:50.938401+02,2026-05-07 19:42:20.866537+02,29.93,f,176,0.467,
5820,5,1130,truck,,2026-05-07 19:41:51.091912+02,2026-05-07 19:41:53.897465+02,2.81,f,19,0.563,
5821,5,1097,car,,2026-05-07 19:41:51.244859+02,2026-05-07 19:41:54.264268+02,3.02,f,20,0.385,
5823,5,707,truck,,2026-05-07 19:41:56.599197+02,2026-05-07 19:41:59.313012+02,2.71,f,18,0.554,
5825,5,707,truck,,2026-05-07 19:42:00.097455+02,2026-05-07 19:42:04.366224+02,4.27,f,28,0.529,
5829,5,1137,car,,2026-05-07 19:42:00.249539+02,2026-05-07 19:42:10.235414+02,9.99,f,64,0.456,
5826,5,1130,truck,,2026-05-07 19:42:05.007946+02,2026-05-07 19:42:08.363045+02,3.36,f,22,0.729,
5827,5,707,truck,,2026-05-07 19:42:05.007946+02,2026-05-07 19:42:09.451124+02,4.44,f,29,0.57,
5828,5,1152,car,Kafasan L3,2026-05-07 19:42:07.367615+02,2026-05-07 19:42:10.074+02,2.71,f,18,0.71,lane_switch:Kafasan L3>Kafasan L2
5831,5,707,truck,,2026-05-07 19:42:09.763793+02,2026-05-07 19:42:16.284097+02,6.52,f,28,0.601,
5830,5,1130,truck,,2026-05-07 19:42:11.186661+02,2026-05-07 19:42:16.284097+02,5.1,f,19,0.711,
5834,5,1159,car,,2026-05-07 19:42:17.076031+02,2026-05-07 19:42:21.499832+02,4.42,f,29,0.417,
5832,5,707,truck,,2026-05-07 19:42:17.70827+02,2026-05-07 19:42:19.923069+02,2.21,f,15,0.532,
5835,5,3,car,,2026-05-07 19:42:22.305051+02,2026-05-07 19:42:25.512937+02,3.21,f,21,0.433,
5836,5,707,truck,,2026-05-07 19:42:24.877673+02,2026-05-07 19:42:29.654888+02,4.78,f,31,0.508,
5837,5,1180,car,,2026-05-07 19:42:25.667305+02,2026-05-07 19:42:58.143722+02,32.48,f,61,0.42,
5838,5,3,car,,2026-05-07 19:42:27.264275+02,2026-05-07 19:43:01.220893+02,33.96,f,71,0.418,
5839,5,707,truck,,2026-05-07 19:42:59.375442+02,2026-05-07 19:43:03.116712+02,3.74,f,24,0.544,
5844,5,3,car,,2026-05-07 19:43:04.241721+02,2026-05-07 19:43:14.393641+02,10.15,f,66,0.438,
5843,5,1191,car,,2026-05-07 19:43:05.334878+02,2026-05-07 19:43:12.512286+02,7.18,f,47,0.397,
5842,5,707,truck,,2026-05-07 19:43:06.729961+02,2026-05-07 19:43:09.867562+02,3.14,f,21,0.584,
5841,5,1184,truck,,2026-05-07 19:43:06.892458+02,2026-05-07 19:43:09.867562+02,2.98,f,20,0.633,
5840,5,1205,car,Kafasan L3,2026-05-07 19:43:07.04869+02,2026-05-07 19:43:09.397431+02,2.35,f,16,0.83,lane_switch:Kafasan L3>Kafasan L2
5847,5,3,car,,2026-05-07 19:43:14.721669+02,2026-05-07 19:43:43.530896+02,28.81,f,45,0.433,
5845,5,981,truck,,2026-05-07 19:43:15.507032+02,2026-05-07 19:43:41.523148+02,26.02,f,27,0.609,
5848,5,707,truck,,2026-05-07 19:43:15.507032+02,2026-05-07 19:43:44.145603+02,28.64,f,44,0.591,
5846,5,1191,car,,2026-05-07 19:43:40.595439+02,2026-05-07 19:43:43.218041+02,2.62,f,18,0.417,
5851,5,3,car,,2026-05-07 19:43:43.989415+02,2026-05-07 19:43:54.453973+02,10.46,f,68,0.436,
5849,5,707,truck,,2026-05-07 19:43:44.451553+02,2026-05-07 19:43:49.138933+02,4.69,f,31,0.58,
5850,5,1191,car,,2026-05-07 19:43:44.907276+02,2026-05-07 19:43:51.505534+02,6.6,f,43,0.417,
5852,5,1191,car,,2026-05-07 19:43:51.814278+02,2026-05-07 19:44:23.373704+02,31.56,f,61,0.415,
5871,5,3,car,,2026-05-07 19:43:57.550107+02,2026-05-07 19:46:32.901719+02,155.35,f,293,0.442,
5855,5,707,truck,,2026-05-07 19:44:21.369164+02,2026-05-07 19:44:27.937437+02,6.57,f,43,0.575,
5853,5,981,truck,,2026-05-07 19:44:24.021993+02,2026-05-07 19:44:27.318907+02,3.3,f,22,0.668,
5854,5,1191,car,,2026-05-07 19:44:24.328424+02,2026-05-07 19:44:27.318907+02,2.99,f,20,0.423,
5856,5,1191,car,,2026-05-07 19:44:30.425779+02,2026-05-07 19:44:33.21696+02,2.79,f,19,0.425,
5857,5,707,truck,,2026-05-07 19:44:31.981719+02,2026-05-07 19:44:34.150301+02,2.17,f,15,0.53,
5862,5,1191,car,,2026-05-07 19:44:37.149719+02,2026-05-07 19:45:11.48412+02,34.33,f,79,0.455,
5859,5,707,truck,,2026-05-07 19:45:03.616488+02,2026-05-07 19:45:06.078185+02,2.46,f,17,0.387,
5860,5,1262,truck,,2026-05-07 19:45:03.616488+02,2026-05-07 19:45:06.078185+02,2.46,f,17,0.374,
5861,5,1266,car,,2026-05-07 19:45:06.386765+02,2026-05-07 19:45:10.550784+02,4.16,f,28,0.938,
5863,5,1249,truck,,2026-05-07 19:45:10.706873+02,2026-05-07 19:45:13.711099+02,3,f,20,0.601,
5864,5,707,truck,,2026-05-07 19:45:10.706873+02,2026-05-07 19:45:13.711099+02,3,f,20,0.629,
5865,5,1267,car,Kafasan L3,2026-05-07 19:45:10.864829+02,2026-05-07 19:45:14.327305+02,3.46,f,23,0.719,
5868,5,707,truck,,2026-05-07 19:45:14.019437+02,2026-05-07 19:45:18.957236+02,4.94,f,33,0.586,
5866,5,1249,truck,,2026-05-07 19:45:14.327305+02,2026-05-07 19:45:16.796225+02,2.47,f,17,0.577,
5867,5,1191,car,,2026-05-07 19:45:16.177451+02,2026-05-07 19:45:18.644235+02,2.47,f,17,0.402,
5870,5,1191,car,,2026-05-07 19:45:19.110228+02,2026-05-07 19:46:29.969391+02,70.86,f,36,0.399,
5869,5,707,truck,,2026-05-07 19:45:19.4362+02,2026-05-07 19:45:51.977819+02,32.54,f,17,0.592,
5872,5,707,truck,,2026-05-07 19:46:22.903066+02,2026-05-07 19:46:35.272784+02,12.37,f,47,0.56,
5873,5,1191,car,,2026-05-07 19:46:30.278721+02,2026-05-07 19:46:35.734696+02,5.46,f,36,0.386,
5874,5,3,car,,2026-05-07 19:46:33.991121+02,2026-05-07 19:46:38.875231+02,4.88,f,32,0.442,
5894,5,1297,car,,2026-05-07 19:46:36.192828+02,2026-05-07 19:47:37.671707+02,61.48,f,391,0.789,
5875,5,707,truck,,2026-05-07 19:46:36.982784+02,2026-05-07 19:46:40.634103+02,3.65,f,24,0.544,
5880,5,3,car,,2026-05-07 19:46:41.723631+02,2026-05-07 19:46:51.821831+02,10.1,f,66,0.438,
5879,5,1191,car,,2026-05-07 19:46:42.791328+02,2026-05-07 19:46:49.944515+02,7.15,f,47,0.397,
5877,5,707,truck,,2026-05-07 19:46:44.177647+02,2026-05-07 19:46:47.319709+02,3.14,f,21,0.584,
5878,5,1301,truck,,2026-05-07 19:46:44.331726+02,2026-05-07 19:46:47.319709+02,2.99,f,20,0.633,
5876,5,1315,car,Kafasan L3,2026-05-07 19:46:44.490554+02,2026-05-07 19:46:46.858408+02,2.37,f,16,0.83,lane_switch:Kafasan L3>Kafasan L2
5883,5,3,car,,2026-05-07 19:46:52.132625+02,2026-05-07 19:46:59.027088+02,6.89,f,45,0.433,
5881,5,1301,truck,,2026-05-07 19:46:52.905542+02,2026-05-07 19:46:56.975535+02,4.07,f,27,0.609,
5884,5,707,truck,,2026-05-07 19:46:52.905542+02,2026-05-07 19:46:59.688326+02,6.78,f,44,0.591,
5882,5,1191,car,,2026-05-07 19:46:56.044002+02,2026-05-07 19:46:58.717905+02,2.67,f,18,0.417,
5887,5,3,car,,2026-05-07 19:46:59.535025+02,2026-05-07 19:47:10.062157+02,10.53,f,68,0.436,
5885,5,707,truck,,2026-05-07 19:47:00.003622+02,2026-05-07 19:47:04.688615+02,4.68,f,31,0.58,
5886,5,1191,car,,2026-05-07 19:47:00.462735+02,2026-05-07 19:47:07.031586+02,6.57,f,43,0.417,
5888,5,1191,car,,2026-05-07 19:47:07.341571+02,2026-05-07 19:47:16.795727+02,9.45,f,61,0.415,
5906,5,3,car,,2026-05-07 19:47:13.185308+02,2026-05-07 19:47:58.02443+02,44.84,f,284,0.443,
5891,5,707,truck,,2026-05-07 19:47:14.77598+02,2026-05-07 19:47:21.430861+02,6.65,f,43,0.575,
5889,5,1301,truck,,2026-05-07 19:47:17.416838+02,2026-05-07 19:47:20.798141+02,3.38,f,22,0.668,
5890,5,1191,car,,2026-05-07 19:47:17.789538+02,2026-05-07 19:47:20.798141+02,3.01,f,20,0.423,
5892,5,1191,car,,2026-05-07 19:47:23.952368+02,2026-05-07 19:47:26.78531+02,2.83,f,19,0.425,
5893,5,707,truck,,2026-05-07 19:47:25.511714+02,2026-05-07 19:47:27.72054+02,2.21,f,15,0.53,
5898,5,1191,car,,2026-05-07 19:47:30.767904+02,2026-05-07 19:47:43.163073+02,12.4,f,79,0.455,
5895,5,707,truck,,2026-05-07 19:47:35.117464+02,2026-05-07 19:47:37.671707+02,2.55,f,17,0.387,
5896,5,1374,truck,,2026-05-07 19:47:35.117464+02,2026-05-07 19:47:37.671707+02,2.55,f,17,0.374,
5897,5,1378,car,,2026-05-07 19:47:37.989561+02,2026-05-07 19:47:42.203812+02,4.21,f,28,0.938,
5899,5,1361,truck,,2026-05-07 19:47:42.360474+02,2026-05-07 19:47:45.461848+02,3.1,f,20,0.601,
5900,5,707,truck,,2026-05-07 19:47:42.360474+02,2026-05-07 19:47:45.461848+02,3.1,f,20,0.629,
5901,5,1379,car,Kafasan L3,2026-05-07 19:47:42.524198+02,2026-05-07 19:47:46.079002+02,3.55,f,23,0.719,
5904,5,707,truck,,2026-05-07 19:47:45.77117+02,2026-05-07 19:47:50.762544+02,4.99,f,33,0.586,
5902,5,1361,truck,,2026-05-07 19:47:46.079002+02,2026-05-07 19:47:48.577728+02,2.5,f,17,0.577,
5903,5,1191,car,,2026-05-07 19:47:47.960425+02,2026-05-07 19:47:50.448116+02,2.49,f,17,0.402,
5909,5,1191,car,,2026-05-07 19:47:50.916353+02,2026-05-07 19:48:07.538504+02,16.62,f,106,0.419,
5905,5,707,truck,,2026-05-07 19:47:51.229005+02,2026-05-07 19:47:53.785224+02,2.56,f,17,0.592,
5908,5,3,car,,2026-05-07 19:48:00.248306+02,2026-05-07 19:48:04.541408+02,4.29,f,28,0.423,
5907,5,1401,truck,,2026-05-07 19:48:01.871527+02,2026-05-07 19:48:04.213668+02,2.34,f,16,0.427,
5913,5,1402,truck,,2026-05-07 19:48:04.699958+02,2026-05-07 19:48:20.914356+02,16.21,f,89,0.56,
5910,5,3,car,,2026-05-07 19:48:06.759862+02,2026-05-07 19:48:09.265658+02,2.51,f,17,0.421,
5911,5,1191,car,,2026-05-07 19:48:09.265658+02,2026-05-07 19:48:15.520063+02,6.25,f,26,0.393,
5912,5,3,car,,2026-05-07 19:48:09.896333+02,2026-05-07 19:48:18.526381+02,8.63,f,41,0.44,
5914,5,1191,car,,2026-05-07 19:48:15.835238+02,2026-05-07 19:48:21.547122+02,5.71,f,37,0.386,
5915,5,3,car,,2026-05-07 19:48:19.641907+02,2026-05-07 19:48:25.405997+02,5.76,f,37,0.448,
5916,5,1191,car,,2026-05-07 19:48:21.906835+02,2026-05-07 19:48:28.148387+02,6.24,f,40,0.391,
5917,5,1402,truck,,2026-05-07 19:48:25.246153+02,2026-05-07 19:48:28.466855+02,3.22,f,21,0.597,
5918,5,3,car,,2026-05-07 19:48:26.519346+02,2026-05-07 19:48:29.575296+02,3.06,f,20,0.416,
5919,5,1191,car,,2026-05-07 19:48:28.62451+02,2026-05-07 19:48:32.300681+02,3.68,f,24,0.389,
5920,5,3,car,,2026-05-07 19:48:31.979074+02,2026-05-07 19:48:34.875577+02,2.9,f,19,0.407,
5921,5,1191,car,,2026-05-07 19:48:33.273562+02,2026-05-07 19:48:36.007657+02,2.73,f,18,0.383,
5922,5,1402,truck,,2026-05-07 19:48:33.434122+02,2026-05-07 19:48:37.752297+02,4.32,f,28,0.548,
5923,5,3,car,,2026-05-07 19:48:36.007657+02,2026-05-07 19:48:40.182248+02,4.17,f,27,0.432,
5924,5,1191,car,,2026-05-07 19:48:38.744392+02,2026-05-07 19:48:43.236905+02,4.49,f,29,0.406,
5925,5,3,car,,2026-05-07 19:48:41.298462+02,2026-05-07 19:48:43.56095+02,2.26,f,15,0.395,
5926,5,1402,truck,,2026-05-07 19:48:44.686878+02,2026-05-07 19:48:48.736754+02,4.05,f,26,0.626,
5927,5,3,car,,2026-05-07 19:48:46.612897+02,2026-05-07 19:48:50.766932+02,4.15,f,26,0.413,
5928,5,1191,car,,2026-05-07 19:48:51.27784+02,2026-05-07 19:48:56.516149+02,5.24,f,18,0.4,
5929,5,1191,car,,2026-05-07 19:48:56.827227+02,2026-05-07 19:49:00.0267+02,3.2,f,21,0.388,
5930,5,3,car,,2026-05-07 19:48:56.983497+02,2026-05-07 19:49:01.773441+02,4.79,f,31,0.406,
5931,5,1191,car,,2026-05-07 19:49:00.344476+02,2026-05-07 19:49:03.203454+02,2.86,f,19,0.368,
5932,5,1402,truck,,2026-05-07 19:49:00.973034+02,2026-05-07 19:49:03.519485+02,2.55,f,17,0.539,
5933,5,1191,car,,2026-05-07 19:49:05.283267+02,2026-05-07 19:49:07.86295+02,2.58,f,17,0.37,
5934,5,1458,car,Kafasan L2,2026-05-07 19:49:06.25205+02,2026-05-07 19:49:10.970542+02,4.72,f,29,0.797,
5935,5,3,car,,2026-05-07 19:49:07.706036+02,2026-05-07 19:49:10.970542+02,3.26,f,20,0.437,
5937,5,1402,truck,,2026-05-07 19:49:07.706036+02,2026-05-07 19:49:16.042277+02,8.34,f,38,0.671,
5936,5,1361,truck,,2026-05-07 19:49:08.413101+02,2026-05-07 19:49:15.086867+02,6.67,f,28,0.666,
5938,5,1191,car,,2026-05-07 19:49:10.634531+02,2026-05-07 19:49:16.345779+02,5.71,f,23,0.372,
5940,5,1463,car,,2026-05-07 19:49:13.541777+02,2026-05-07 19:49:24.834641+02,11.29,f,71,0.917,
5939,5,1402,truck,,2026-05-07 19:49:16.502254+02,2026-05-07 19:49:22.758049+02,6.26,f,40,0.57,
5941,5,1402,truck,,2026-05-07 19:49:26.217465+02,2026-05-07 19:49:28.636988+02,2.42,f,15,0.585,
5943,5,3,car,,2026-05-07 19:49:27.23382+02,2026-05-07 19:49:37.955873+02,10.72,f,62,0.415,
5942,5,1191,car,,2026-05-07 19:49:30.462737+02,2026-05-07 19:49:33.011871+02,2.55,f,16,0.399,
5944,5,1191,car,,2026-05-07 19:49:35.80761+02,2026-05-07 19:49:39.548337+02,3.74,f,22,0.374,
5945,5,1402,truck,,2026-05-07 19:49:36.661221+02,2026-05-07 19:49:41.883364+02,5.22,f,29,0.622,
5947,5,3,car,,2026-05-07 19:49:38.838093+02,2026-05-07 19:49:44.947291+02,6.11,f,32,0.406,
5946,5,1191,car,,2026-05-07 19:49:39.897647+02,2026-05-07 19:49:43.318876+02,3.42,f,18,0.377,
5948,5,1191,car,,2026-05-07 19:49:44.368663+02,2026-05-07 19:49:47.613937+02,3.25,f,18,0.391,
5949,5,3,car,,2026-05-07 19:49:47.803781+02,2026-05-07 19:49:51.301919+02,3.5,f,21,0.41,
5950,5,1191,car,,2026-05-07 19:49:48.386847+02,2026-05-07 19:49:51.670496+02,3.28,f,20,0.388,
5951,5,1402,truck,,2026-05-07 19:49:53.187224+02,2026-05-07 19:49:56.210079+02,3.02,f,17,0.521,
5953,5,3,car,,2026-05-07 19:49:54.489591+02,2026-05-07 19:50:00.432929+02,5.94,f,33,0.413,
5952,5,1402,truck,,2026-05-07 19:49:57.638315+02,2026-05-07 19:50:00.432929+02,2.79,f,16,0.628,
5955,5,1510,car,Kafasan L2,2026-05-07 19:49:59.412205+02,2026-05-07 19:50:04.509744+02,5.1,f,29,0.802,
5954,5,3,car,,2026-05-07 19:50:01.008336+02,2026-05-07 19:50:04.509744+02,3.5,f,21,0.44,
5956,5,1361,truck,,2026-05-07 19:50:01.188126+02,2026-05-07 19:50:08.627528+02,7.44,f,32,0.658,
5957,5,1402,truck,,2026-05-07 19:50:01.188126+02,2026-05-07 19:50:09.547683+02,8.36,f,38,0.681,
5958,5,1191,car,,2026-05-07 19:50:04.011693+02,2026-05-07 19:50:09.845363+02,5.83,f,24,0.371,
5964,5,1513,car,,2026-05-07 19:50:07.122256+02,2026-05-07 19:50:42.046591+02,34.92,f,206,0.915,
5959,5,1402,truck,,2026-05-07 19:50:09.994378+02,2026-05-07 19:50:16.440226+02,6.45,f,40,0.57,
5960,5,1402,truck,,2026-05-07 19:50:18.839886+02,2026-05-07 19:50:22.874465+02,4.03,f,24,0.563,
5961,5,1191,car,,2026-05-07 19:50:19.889414+02,2026-05-07 19:50:24.939409+02,5.05,f,30,0.385,
5962,5,1402,truck,,2026-05-07 19:50:24.939409+02,2026-05-07 19:50:27.383431+02,2.44,f,15,0.604,
5966,5,1402,truck,,2026-05-07 19:50:36.392317+02,2026-05-07 19:50:44.619089+02,8.23,f,35,0.636,
5965,5,1361,truck,,2026-05-07 19:50:38.267199+02,2026-05-07 19:50:42.046591+02,3.78,f,22,0.714,
5963,5,1552,car,Kafasan L3,2026-05-07 19:50:38.60465+02,2026-05-07 19:50:42.046591+02,3.44,f,20,0.819,lane_switch:Kafasan L3>Kafasan L2
5968,5,1566,car,,2026-05-07 19:50:44.619089+02,2026-05-07 19:50:51.995204+02,7.38,f,48,0.935,
5967,5,1536,car,,2026-05-07 19:50:49.041096+02,2026-05-07 19:50:51.289401+02,2.25,f,15,0.389,
5971,5,1573,car,,2026-05-07 19:50:52.35746+02,2026-05-07 19:51:06.189051+02,13.83,f,81,0.914,
5972,5,1402,truck,,2026-05-07 19:51:00.779967+02,2026-05-07 19:51:08.794445+02,8.01,f,35,0.636,
5969,5,1361,truck,,2026-05-07 19:51:02.638257+02,2026-05-07 19:51:06.189051+02,3.55,f,22,0.714,
5970,5,1595,car,Kafasan L3,2026-05-07 19:51:02.963596+02,2026-05-07 19:51:06.189051+02,3.23,f,20,0.819,lane_switch:Kafasan L3>Kafasan L2
5976,5,1609,car,,2026-05-07 19:51:08.794445+02,2026-05-07 19:51:23.796232+02,15,f,93,0.936,
5973,5,1579,car,,2026-05-07 19:51:13.205692+02,2026-05-07 19:51:15.470379+02,2.26,f,15,0.389,
5974,5,3,car,,2026-05-07 19:51:14.44663+02,2026-05-07 19:51:17.027014+02,2.58,f,16,0.395,
5975,5,3,car,,2026-05-07 19:51:18.912492+02,2026-05-07 19:51:21.327305+02,2.41,f,15,0.425,
5977,5,1402,truck,,2026-05-07 19:51:20.818419+02,2026-05-07 19:51:23.965364+02,3.15,f,20,0.557,
5980,5,1631,car,,2026-05-07 19:51:24.129944+02,2026-05-07 19:51:37.96303+02,13.83,f,82,0.914,
5978,5,1579,car,,2026-05-07 19:51:29.630758+02,2026-05-07 19:51:32.632691+02,3,f,19,0.355,
5982,5,1402,truck,,2026-05-07 19:51:32.469605+02,2026-05-07 19:51:40.527556+02,8.06,f,35,0.659,
5979,5,1361,truck,,2026-05-07 19:51:34.160332+02,2026-05-07 19:51:37.96303+02,3.8,f,23,0.755,
5981,5,1647,car,Kafasan L2,2026-05-07 19:51:34.345833+02,2026-05-07 19:51:37.96303+02,3.62,f,22,0.818,
5983,5,3,car,,2026-05-07 19:51:35.94002+02,2026-05-07 19:51:40.527556+02,4.59,f,15,0.372,
6071,5,1656,car,,2026-05-07 19:51:40.527556+02,2026-05-07 20:18:57.803935+02,1637.28,f,7130,0.933, [stream_end]
5984,5,1579,car,,2026-05-07 19:51:45.006688+02,2026-05-07 19:51:47.212878+02,2.21,f,15,0.389,
5985,5,3,car,,2026-05-07 19:51:46.245625+02,2026-05-07 19:51:48.75183+02,2.51,f,16,0.395,
5986,5,3,car,,2026-05-07 19:51:50.632947+02,2026-05-07 19:51:53.090462+02,2.46,f,15,0.425,
5987,5,1402,truck,,2026-05-07 19:51:52.57068+02,2026-05-07 19:51:55.782244+02,3.21,f,20,0.556,
5988,5,3,car,,2026-05-07 19:51:56.312988+02,2026-05-07 19:51:59.448103+02,3.14,f,18,0.387,
5989,5,1402,truck,,2026-05-07 19:52:26.40692+02,2026-05-07 19:52:30.883961+02,4.48,f,29,0.639,
5992,5,1361,truck,,2026-05-07 19:52:26.40692+02,2026-05-07 19:52:32.534445+02,6.13,f,39,0.675,
5990,5,1696,car,Kafasan L3,2026-05-07 19:52:27.831676+02,2026-05-07 19:52:31.046487+02,3.21,f,21,0.835,
5991,5,3,car,,2026-05-07 19:52:29.430009+02,2026-05-07 19:52:32.372619+02,2.94,f,19,0.368,
5993,5,1711,truck,Kafasan L2,2026-05-07 19:52:30.38694+02,2026-05-07 19:52:35.432005+02,5.05,f,32,0.823,lane_switch:Kafasan L2>Kafasan L1>Kafasan L2>Kafasan L1>Kafasan L2
5994,5,1722,car,Kafasan L2,2026-05-07 19:52:33.502429+02,2026-05-07 19:52:36.421514+02,2.92,f,19,0.78,lane_switch:Kafasan L2>Kafasan L3
5995,5,1726,car,,2026-05-07 19:52:39.45045+02,2026-05-07 19:52:46.396243+02,6.95,f,31,0.376,
5996,5,1731,truck,,2026-05-07 19:52:52.809033+02,2026-05-07 19:52:57.124397+02,4.32,f,29,0.639,
5997,5,1760,car,Kafasan L3,2026-05-07 19:52:54.352936+02,2026-05-07 19:52:57.433378+02,3.08,f,21,0.831,
5998,5,3,car,,2026-05-07 19:52:55.737313+02,2026-05-07 19:52:58.229727+02,2.49,f,17,0.362,
5999,5,1775,truck,Kafasan L2,2026-05-07 19:52:56.660049+02,2026-05-07 19:53:01.31072+02,4.65,f,31,0.817,lane_switch:Kafasan L2>Kafasan L1>Kafasan L2
6000,5,1792,car,Kafasan L3,2026-05-07 19:52:59.446456+02,2026-05-07 19:53:02.534706+02,3.09,f,21,0.784,
6001,5,1726,car,,2026-05-07 19:53:05.13337+02,2026-05-07 19:53:12.090132+02,6.96,f,31,0.377,
6002,5,1794,truck,,2026-05-07 19:53:18.997004+02,2026-05-07 19:53:21.483912+02,2.49,f,17,0.566,
6003,5,1794,truck,,2026-05-07 19:53:25.15412+02,2026-05-07 19:53:29.495064+02,4.34,f,29,0.639,
6006,5,1800,truck,,2026-05-07 19:53:25.15412+02,2026-05-07 19:53:31.072754+02,5.92,f,39,0.675,
6004,5,1831,car,Kafasan L3,2026-05-07 19:53:26.537852+02,2026-05-07 19:53:29.649542+02,3.11,f,21,0.835,
6005,5,3,car,,2026-05-07 19:53:28.083249+02,2026-05-07 19:53:30.897953+02,2.81,f,19,0.368,
6007,5,1846,truck,Kafasan L2,2026-05-07 19:53:29.008811+02,2026-05-07 19:53:33.867424+02,4.86,f,32,0.823,lane_switch:Kafasan L2>Kafasan L1>Kafasan L2>Kafasan L1>Kafasan L2
6008,5,1857,car,Kafasan L2,2026-05-07 19:53:32.021793+02,2026-05-07 19:53:34.80576+02,2.78,f,19,0.78,lane_switch:Kafasan L2>Kafasan L3
6009,5,1861,car,,2026-05-07 19:53:37.560207+02,2026-05-07 19:53:44.425519+02,6.87,f,31,0.376,
6010,5,1866,truck,,2026-05-07 19:53:51.372232+02,2026-05-07 19:53:53.905308+02,2.53,f,17,0.566,
6011,5,1866,truck,,2026-05-07 19:54:30.971165+02,2026-05-07 19:54:35.019247+02,4.05,f,25,0.585,
6013,5,1918,car,Kafasan L3,2026-05-07 19:54:31.703326+02,2026-05-07 19:54:46.142496+02,14.44,f,76,0.863,
6012,5,3,car,,2026-05-07 19:54:32.92082+02,2026-05-07 19:54:35.844705+02,2.92,f,19,0.376,
6014,5,1866,truck,,2026-05-07 19:54:53.884981+02,2026-05-07 19:54:57.691072+02,3.81,f,25,0.585,
6016,5,1953,car,Kafasan L3,2026-05-07 19:54:54.493737+02,2026-05-07 19:55:15.506853+02,21.01,f,120,0.876,
6015,5,3,car,,2026-05-07 19:54:55.59999+02,2026-05-07 19:54:58.522496+02,2.92,f,19,0.376,
6018,5,1866,truck,,2026-05-07 19:55:23.912168+02,2026-05-07 19:55:28.694363+02,4.78,f,30,0.581,
6055,5,1988,car,Kafasan L3,2026-05-07 19:55:24.571492+02,2026-05-07 20:04:26.048992+02,541.48,f,2106,0.891,
6017,5,3,car,,2026-05-07 19:55:25.876113+02,2026-05-07 19:55:28.525943+02,2.65,f,17,0.376,
6019,5,2003,car,,2026-05-07 19:57:09.560141+02,2026-05-07 19:57:12.278698+02,2.72,f,19,0.346,
6020,5,1866,truck,,2026-05-07 19:57:41.461334+02,2026-05-07 19:57:43.893439+02,2.43,f,15,0.663,
6021,5,2119,car,Kafasan L3,2026-05-07 19:57:42.202482+02,2026-05-07 19:58:47.985704+02,65.78,f,34,0.807,lane_switch:Kafasan L3>Kafasan L2
6022,5,2135,car,Kafasan L3,2026-05-07 19:57:45.780509+02,2026-05-07 19:58:48.292507+02,62.51,f,15,0.65,
6023,5,1866,truck,,2026-05-07 19:59:05.942612+02,2026-05-07 19:59:08.110834+02,2.17,f,15,0.663,
6024,5,2160,car,Kafasan L3,2026-05-07 19:59:06.551792+02,2026-05-07 19:59:11.661174+02,5.11,f,34,0.807,lane_switch:Kafasan L3>Kafasan L2
6025,5,2176,car,Kafasan L3,2026-05-07 19:59:09.781464+02,2026-05-07 19:59:11.968457+02,2.19,f,15,0.65,
6026,5,2003,car,,2026-05-07 19:59:16.158157+02,2026-05-07 19:59:19.087802+02,2.93,f,20,0.493,
6027,5,2003,car,,2026-05-07 19:59:21.242889+02,2026-05-07 19:59:24.460386+02,3.22,f,22,0.464,
6028,5,1865,truck,,2026-05-07 19:59:28.464193+02,2026-05-07 19:59:35.432741+02,6.97,f,17,0.474,
6029,5,2003,car,,2026-05-07 19:59:44.463125+02,2026-05-07 19:59:47.414552+02,2.95,f,20,0.451,
6030,5,2199,truck,,2026-05-07 19:59:54.223717+02,2026-05-07 20:00:21.014701+02,26.79,f,29,0.497,
6031,5,2199,truck,,2026-05-07 20:00:27.140231+02,2026-05-07 20:00:29.852591+02,2.71,f,19,0.46,
6033,5,2231,truck,,2026-05-07 20:00:27.140231+02,2026-05-07 20:00:32.130869+02,4.99,f,34,0.576,
6032,5,2233,car,,2026-05-07 20:00:30.00385+02,2026-05-07 20:00:32.130869+02,2.13,f,15,0.45,
6034,5,2233,car,,2026-05-07 20:01:46.413202+02,2026-05-07 20:01:49.260304+02,2.85,f,20,0.493,
6035,5,2233,car,,2026-05-07 20:01:51.411451+02,2026-05-07 20:01:54.638764+02,3.23,f,22,0.464,
6036,5,2231,truck,,2026-05-07 20:01:58.630619+02,2026-05-07 20:02:01.086627+02,2.46,f,17,0.474,
6037,5,2233,car,,2026-05-07 20:02:10.118075+02,2026-05-07 20:02:12.9976+02,2.88,f,20,0.451,
6038,5,2271,truck,,2026-05-07 20:02:19.710166+02,2026-05-07 20:02:24.024642+02,4.31,f,29,0.497,
6039,5,2271,truck,,2026-05-07 20:02:30.190079+02,2026-05-07 20:02:32.925178+02,2.74,f,19,0.46,
6041,5,2303,truck,,2026-05-07 20:02:30.190079+02,2026-05-07 20:02:35.2115+02,5.02,f,34,0.576,
6040,5,2305,car,,2026-05-07 20:02:33.076818+02,2026-05-07 20:02:35.2115+02,2.13,f,15,0.45,
6042,5,2328,truck,,2026-05-07 20:02:44.941208+02,2026-05-07 20:02:47.823508+02,2.88,f,20,0.578,
6043,5,2271,truck,,2026-05-07 20:02:44.941208+02,2026-05-07 20:02:47.823508+02,2.88,f,20,0.617,
6044,5,2330,car,,2026-05-07 20:02:47.975459+02,2026-05-07 20:02:51.456452+02,3.48,f,24,0.557,
6045,5,2271,truck,,2026-05-07 20:02:48.43352+02,2026-05-07 20:02:51.456452+02,3.02,f,21,0.367,
6046,5,2271,truck,,2026-05-07 20:02:52.376523+02,2026-05-07 20:02:54.657293+02,2.28,f,16,0.588,
6050,5,2271,truck,,2026-05-07 20:02:54.971341+02,2026-05-07 20:03:12.800746+02,17.83,f,118,0.434,
6047,5,2351,car,,2026-05-07 20:02:59.738383+02,2026-05-07 20:03:08.38465+02,8.65,f,58,0.414,
6048,5,2328,truck,,2026-05-07 20:02:59.738383+02,2026-05-07 20:03:12.800746+02,13.06,f,87,0.664,
6049,5,2330,car,,2026-05-07 20:02:59.738383+02,2026-05-07 20:03:12.800746+02,13.06,f,87,0.605,
6051,5,2330,car,,2026-05-07 20:03:19.558375+02,2026-05-07 20:03:21.706544+02,2.15,f,15,0.428,
6054,5,2271,truck,,2026-05-07 20:03:21.407334+02,2026-05-07 20:03:32.219208+02,10.81,f,72,0.451,
6052,5,2374,truck,,2026-05-07 20:03:28.71167+02,2026-05-07 20:03:31.294431+02,2.58,f,18,0.324,
6053,5,2373,car,,2026-05-07 20:03:28.71167+02,2026-05-07 20:03:32.065328+02,3.35,f,23,0.512,
6063,5,1988,car,,2026-05-07 20:04:26.35848+02,2026-05-07 20:08:09.334159+02,222.98,f,706,0.874,
6056,5,2271,truck,,2026-05-07 20:04:30.632306+02,2026-05-07 20:04:33.078002+02,2.45,f,17,0.395,
6057,5,2271,truck,,2026-05-07 20:05:05.045119+02,2026-05-07 20:05:11.559937+02,6.51,f,44,0.588,
6059,5,2422,truck,,2026-05-07 20:05:05.045119+02,2026-05-07 20:05:11.559937+02,6.51,f,44,0.487,
6060,5,2423,car,,2026-05-07 20:05:05.045119+02,2026-05-07 20:05:11.559937+02,6.51,f,44,0.416,
6058,5,2453,car,,2026-05-07 20:05:05.1939+02,2026-05-07 20:05:11.559937+02,6.37,f,43,0.403,
6061,5,2472,car,,2026-05-07 20:05:47.213545+02,2026-05-07 20:05:53.215405+02,6,f,41,0.378,
6062,5,2474,truck,,2026-05-07 20:06:25.773232+02,2026-05-07 20:06:28.694518+02,2.92,f,20,0.472,
6072,5,1988,car,,2026-05-07 20:08:09.643577+02,2026-05-07 20:18:57.803935+02,648.16,f,3260,0.886, [stream_end]
6064,5,2527,truck,,2026-05-07 20:08:13.878434+02,2026-05-07 20:08:16.301375+02,2.42,f,17,0.395,
6066,5,2548,truck,,2026-05-07 20:08:25.560774+02,2026-05-07 20:08:32.013316+02,6.45,f,44,0.487,
6067,5,2549,car,,2026-05-07 20:08:25.560774+02,2026-05-07 20:08:32.013316+02,6.45,f,44,0.416,
6068,5,2527,truck,,2026-05-07 20:08:25.560774+02,2026-05-07 20:08:32.013316+02,6.45,f,44,0.588,
6065,5,2579,car,,2026-05-07 20:08:25.712056+02,2026-05-07 20:08:32.013316+02,6.3,f,43,0.403,
6069,5,2598,car,,2026-05-07 20:08:44.937097+02,2026-05-07 20:08:50.964614+02,6.03,f,41,0.378,
6070,5,2600,truck,,2026-05-07 20:09:00.826506+02,2026-05-07 20:09:03.736531+02,2.91,f,20,0.472,
6078,5,1,car,,2026-05-07 22:49:57.387438+02,2026-05-07 22:52:19.898902+02,142.51,f,533,0.927,
6079,5,2,car,,2026-05-07 22:49:57.387438+02,2026-05-07 22:52:19.898902+02,142.51,f,533,0.883,
6073,5,13,truck,,2026-05-07 22:50:23.722112+02,2026-05-07 22:50:26.569079+02,2.85,f,21,0.573,
6074,5,13,truck,,2026-05-07 22:50:51.071318+02,2026-05-07 22:50:53.923674+02,2.85,f,21,0.573,
6075,5,76,car,,2026-05-07 22:50:53.065788+02,2026-05-07 22:50:55.345314+02,2.28,f,17,0.409,
6076,5,96,truck,,2026-05-07 22:52:09.767883+02,2026-05-07 22:52:12.585844+02,2.82,f,21,0.573,
6077,5,76,car,,2026-05-07 22:52:11.734845+02,2026-05-07 22:52:14.027809+02,2.29,f,17,0.409,
6083,5,1,car,,2026-05-07 22:52:20.186738+02,2026-05-07 22:55:11.498745+02,171.31,f,616,0.906,
6084,5,2,car,,2026-05-07 22:52:20.186738+02,2026-05-07 22:55:11.498745+02,171.31,f,616,0.814,
6080,5,159,truck,,2026-05-07 22:52:53.986227+02,2026-05-07 22:52:58.642949+02,4.66,f,34,0.548,
6081,5,159,truck,,2026-05-07 22:53:02.907119+02,2026-05-07 22:53:30.20852+02,27.3,f,24,0.601,
6082,5,167,truck,,2026-05-07 22:53:03.048625+02,2026-05-07 22:53:30.20852+02,27.16,f,23,0.473,
6176,5,1,car,,2026-05-07 22:55:11.81595+02,2026-05-08 00:02:01.07805+02,4009.26,f,14425,0.921, [stream_end]
6177,5,2,car,,2026-05-07 22:55:11.81595+02,2026-05-08 00:02:01.07805+02,4009.26,f,14425,0.866, [stream_end]
6085,5,249,truck,,2026-05-07 22:55:38.874626+02,2026-05-07 22:55:43.684856+02,4.81,f,34,0.548,
6086,5,249,truck,,2026-05-07 22:55:48.046836+02,2026-05-07 22:55:51.41151+02,3.36,f,24,0.601,
6087,5,257,truck,,2026-05-07 22:55:48.19216+02,2026-05-07 22:55:51.41151+02,3.22,f,23,0.473,
6088,5,289,truck,,2026-05-07 22:57:49.007141+02,2026-05-07 22:57:55.230777+02,6.22,f,44,0.53,
6089,5,388,truck,,2026-05-07 22:59:12.187958+02,2026-05-07 22:59:18.304008+02,6.12,f,43,0.529,
6090,5,597,car,,2026-05-07 23:14:35.38471+02,2026-05-07 23:14:37.413669+02,2.03,f,15,0.419,
6091,5,693,car,,2026-05-07 23:15:06.94873+02,2026-05-07 23:15:09.035153+02,2.09,f,15,0.419,
6092,5,742,car,,2026-05-07 23:15:48.073287+02,2026-05-07 23:15:50.066024+02,1.99,f,15,0.411,
6093,5,742,car,,2026-05-07 23:17:02.954168+02,2026-05-07 23:17:04.957739+02,2,f,15,0.419,
6094,5,794,car,,2026-05-07 23:17:20.343448+02,2026-05-07 23:17:22.373991+02,2.03,f,15,0.411,
6095,5,544,truck,,2026-05-07 23:17:34.220025+02,2026-05-07 23:17:37.296798+02,3.08,f,22,0.507,
6096,5,849,car,,2026-05-07 23:18:02.004804+02,2026-05-07 23:18:04.263359+02,2.26,f,16,0.466,
6097,5,844,truck,,2026-05-07 23:18:27.275781+02,2026-05-07 23:18:29.337157+02,2.06,f,15,0.47,
6098,5,844,truck,,2026-05-07 23:18:30.221389+02,2026-05-07 23:18:34.369937+02,4.15,f,29,0.476,
6099,5,918,car,,2026-05-07 23:18:58.047113+02,2026-05-07 23:19:00.320466+02,2.27,f,16,0.466,
6100,5,941,car,,2026-05-07 23:21:05.584042+02,2026-05-07 23:21:07.911302+02,2.33,f,16,0.466,
6101,5,1006,truck,,2026-05-07 23:21:45.071993+02,2026-05-07 23:21:48.578245+02,3.51,f,24,0.484,
6102,5,1006,truck,,2026-05-07 23:21:55.727236+02,2026-05-07 23:21:58.241939+02,2.51,f,17,0.362,
6104,5,1006,truck,,2026-05-07 23:22:07.410106+02,2026-05-07 23:22:10.891279+02,3.48,f,24,0.402,
6103,5,1048,car,,2026-05-07 23:22:07.710678+02,2026-05-07 23:22:10.891279+02,3.18,f,22,0.525,
6105,5,1049,car,,2026-05-07 23:22:11.504691+02,2026-05-07 23:22:15.2735+02,3.77,f,26,0.314,
6106,5,1067,truck,,2026-05-07 23:22:54.107653+02,2026-05-07 23:22:56.854836+02,2.75,f,18,0.379,
6107,5,1080,truck,,2026-05-07 23:23:08.144825+02,2026-05-07 23:23:11.307125+02,3.16,f,22,0.412,
6108,5,1119,truck,,2026-05-07 23:23:44.844326+02,2026-05-07 23:23:48.722156+02,3.88,f,24,0.484,
6109,5,1119,truck,,2026-05-07 23:23:56.623179+02,2026-05-07 23:23:59.337381+02,2.71,f,17,0.362,
6111,5,1119,truck,,2026-05-07 23:24:09.159022+02,2026-05-07 23:24:13.110475+02,3.95,f,24,0.402,
6110,5,1161,car,,2026-05-07 23:24:09.468836+02,2026-05-07 23:24:13.110475+02,3.64,f,22,0.525,
6112,5,1162,car,,2026-05-07 23:24:13.732311+02,2026-05-07 23:24:17.820398+02,4.09,f,26,0.314,
6113,5,1180,truck,,2026-05-07 23:24:33.960544+02,2026-05-07 23:24:36.538548+02,2.58,f,18,0.379,
6114,5,1193,truck,,2026-05-07 23:24:48.164339+02,2026-05-07 23:24:51.42636+02,3.26,f,22,0.412,
6115,5,1431,car,,2026-05-07 23:28:41.47265+02,2026-05-07 23:28:43.59307+02,2.12,f,15,0.419,
6116,5,1196,car,,2026-05-07 23:29:57.675226+02,2026-05-07 23:29:59.741844+02,2.07,f,15,0.445,
6117,5,1537,car,,2026-05-07 23:30:28.068766+02,2026-05-07 23:30:30.1734+02,2.1,f,15,0.445,
6118,5,1193,truck,,2026-05-07 23:39:28.652554+02,2026-05-07 23:39:39.48072+02,10.83,f,28,0.434,
6119,5,2033,truck,,2026-05-07 23:40:22.896111+02,2026-05-07 23:40:25.691689+02,2.8,f,20,0.338,
6120,5,2033,truck,,2026-05-07 23:40:54.825836+02,2026-05-07 23:40:58.679813+02,3.85,f,28,0.434,
6121,5,2115,truck,,2026-05-07 23:41:18.190745+02,2026-05-07 23:41:20.906229+02,2.72,f,20,0.338,
6122,5,2154,car,,2026-05-07 23:42:19.860892+02,2026-05-07 23:42:22.265552+02,2.4,f,18,0.428,
6123,5,2154,car,,2026-05-07 23:42:36.812402+02,2026-05-07 23:42:39.244859+02,2.43,f,18,0.428,
6124,5,2120,car,,2026-05-07 23:43:47.521314+02,2026-05-07 23:43:49.877019+02,2.36,f,17,0.455,
6125,5,2120,car,,2026-05-07 23:46:21.266719+02,2026-05-07 23:46:23.347641+02,2.08,f,15,0.415,
6126,5,2368,car,,2026-05-07 23:46:49.085661+02,2026-05-07 23:46:51.156151+02,2.07,f,15,0.415,
6127,5,2115,truck,,2026-05-07 23:47:15.563615+02,2026-05-07 23:48:24.886038+02,69.32,f,16,0.454,
6128,5,2402,car,,2026-05-07 23:49:52.150775+02,2026-05-07 23:49:56.700751+02,4.55,f,17,0.515,
6129,5,2402,car,,2026-05-07 23:49:57.419467+02,2026-05-07 23:50:01.941956+02,4.52,f,17,0.515,
6130,5,2402,car,,2026-05-07 23:50:02.648079+02,2026-05-07 23:50:10.722381+02,8.07,f,42,0.498,
6131,5,2402,car,,2026-05-07 23:50:11.43115+02,2026-05-07 23:50:23.00881+02,11.58,f,66,0.501,
6132,5,2402,car,,2026-05-07 23:50:23.723676+02,2026-05-07 23:50:31.168015+02,7.44,f,52,0.496,
6133,5,2402,car,,2026-05-07 23:50:33.752813+02,2026-05-07 23:50:38.717404+02,4.96,f,20,0.482,
6134,5,2402,car,,2026-05-07 23:50:39.43513+02,2026-05-07 23:50:46.77017+02,7.34,f,52,0.496,
6135,5,2402,car,,2026-05-07 23:52:12.057236+02,2026-05-07 23:52:16.919874+02,4.86,f,35,0.489,
6136,5,2402,car,,2026-05-07 23:52:25.146923+02,2026-05-07 23:52:27.557528+02,2.41,f,18,0.415,
6137,5,2402,car,,2026-05-07 23:52:38.987758+02,2026-05-07 23:52:43.85618+02,4.87,f,35,0.489,
6138,5,2402,car,,2026-05-07 23:52:52.102134+02,2026-05-07 23:52:54.539531+02,2.44,f,18,0.415,
6139,5,2430,truck,,2026-05-07 23:53:00.155813+02,2026-05-07 23:53:03.472113+02,3.32,f,24,0.463,
6140,5,2402,car,,2026-05-07 23:54:18.344178+02,2026-05-07 23:54:20.732794+02,2.39,f,17,0.437,
6141,5,2402,car,,2026-05-07 23:54:37.77376+02,2026-05-07 23:54:40.140635+02,2.37,f,17,0.437,
6142,5,2402,car,,2026-05-07 23:54:42.873575+02,2026-05-07 23:55:45.491045+02,62.62,f,17,0.518,
6143,5,2402,car,,2026-05-07 23:56:03.385277+02,2026-05-07 23:56:05.684689+02,2.3,f,17,0.437,
6144,5,2402,car,,2026-05-07 23:56:08.287134+02,2026-05-07 23:56:10.633281+02,2.35,f,17,0.518,
6145,5,2402,car,,2026-05-07 23:56:10.936609+02,2026-05-07 23:56:13.692667+02,2.76,f,19,0.571,
6146,5,2402,car,,2026-05-07 23:56:18.106886+02,2026-05-07 23:56:22.627073+02,4.52,f,32,0.553,
6147,5,2402,car,,2026-05-07 23:56:46.845502+02,2026-05-07 23:56:48.913775+02,2.07,f,15,0.439,
6149,5,2402,car,,2026-05-07 23:57:22.163037+02,2026-05-07 23:57:25.265712+02,3.1,f,22,0.416,
6150,5,2430,truck,,2026-05-07 23:57:22.163037+02,2026-05-07 23:57:27.63255+02,5.47,f,38,0.361,
6148,5,2709,car,,2026-05-07 23:57:22.31102+02,2026-05-07 23:57:24.812416+02,2.5,f,18,0.349,
6151,5,2713,car,,2026-05-07 23:57:31.357516+02,2026-05-07 23:57:34.334113+02,2.98,f,21,0.475,
6152,5,2430,truck,,2026-05-07 23:57:59.047135+02,2026-05-07 23:58:05.961965+02,6.91,f,48,0.487,
6154,5,2713,car,,2026-05-07 23:58:01.11403+02,2026-05-07 23:58:08.913247+02,7.8,f,54,0.454,
6153,5,2726,car,,2026-05-07 23:58:06.260891+02,2026-05-07 23:58:08.765363+02,2.5,f,18,0.329,
6155,5,2713,car,,2026-05-07 23:58:10.706383+02,2026-05-07 23:58:12.92969+02,2.22,f,16,0.505,
6156,5,2713,car,,2026-05-07 23:58:40.643272+02,2026-05-07 23:58:46.075001+02,5.43,f,38,0.444,
6157,5,2713,car,,2026-05-07 23:58:47.853429+02,2026-05-07 23:58:53.537063+02,5.68,f,24,0.505,
6158,5,2713,car,,2026-05-07 23:58:53.828053+02,2026-05-07 23:58:57.067746+02,3.24,f,23,0.566,
6159,5,2713,car,,2026-05-07 23:59:01.567072+02,2026-05-07 23:59:06.172665+02,4.61,f,32,0.553,
6160,5,2713,car,,2026-05-07 23:59:24.392529+02,2026-05-07 23:59:26.489307+02,2.1,f,15,0.439,
6162,5,2713,car,,2026-05-07 23:59:36.766599+02,2026-05-07 23:59:39.904664+02,3.14,f,22,0.416,
6163,5,2732,truck,,2026-05-07 23:59:36.766599+02,2026-05-07 23:59:42.263147+02,5.5,f,38,0.361,
6161,5,2801,car,,2026-05-07 23:59:36.913577+02,2026-05-07 23:59:39.462667+02,2.55,f,18,0.349,
6164,5,2805,car,,2026-05-07 23:59:45.967801+02,2026-05-07 23:59:48.952654+02,2.98,f,21,0.475,
6165,5,2732,truck,,2026-05-07 23:59:50.456208+02,2026-05-07 23:59:57.425073+02,6.97,f,48,0.487,
6167,5,2805,car,,2026-05-07 23:59:52.526727+02,2026-05-08 00:00:00.389219+02,7.86,f,54,0.454,
6166,5,2818,car,,2026-05-07 23:59:57.723832+02,2026-05-08 00:00:00.240112+02,2.52,f,18,0.329,
6168,5,2805,car,,2026-05-08 00:00:02.178776+02,2026-05-08 00:00:04.443896+02,2.27,f,16,0.505,
6169,5,2805,car,,2026-05-08 00:00:08.888895+02,2026-05-08 00:00:14.41872+02,5.53,f,38,0.444,
6170,5,2805,car,,2026-05-08 00:00:16.192695+02,2026-05-08 00:00:21.881743+02,5.69,f,24,0.505,
6171,5,2805,car,,2026-05-08 00:00:24.584587+02,2026-05-08 00:00:26.693206+02,2.11,f,15,0.548,
6172,5,2805,car,,2026-05-08 00:00:26.993109+02,2026-05-08 00:01:01.840344+02,34.85,f,73,0.512,
6173,5,2805,car,,2026-05-08 00:01:02.148012+02,2026-05-08 00:01:12.367359+02,10.22,f,70,0.508,
6174,5,2805,car,,2026-05-08 00:01:28.656143+02,2026-05-08 00:01:30.734598+02,2.08,f,15,0.494,
6175,5,2805,car,,2026-05-08 00:01:42.287626+02,2026-05-08 00:01:44.410877+02,2.12,f,15,0.494,
6216,5,1,car,,2026-05-08 00:02:08.792407+02,2026-05-08 00:09:05.716559+02,416.92,f,2061,0.926, [stream_end]
6217,5,2,car,,2026-05-08 00:02:08.792407+02,2026-05-08 00:09:05.716559+02,416.92,f,2061,0.883, [stream_end]
6179,5,4,car,,2026-05-08 00:04:26.132177+02,2026-05-08 00:04:31.192723+02,5.06,f,30,0.497,
6178,5,18,truck,,2026-05-08 00:04:28.03101+02,2026-05-08 00:04:30.475085+02,2.44,f,15,0.494,
6180,5,136,car,Kafasan L2,2026-05-08 00:04:29.408242+02,2026-05-08 00:04:33.311509+02,3.9,f,23,0.765,
6181,5,4,car,,2026-05-08 00:04:31.550923+02,2026-05-08 00:04:36.037477+02,4.49,f,26,0.482,
6183,5,4,car,,2026-05-08 00:04:51.798397+02,2026-05-08 00:04:57.035222+02,5.24,f,30,0.497,
6182,5,18,truck,,2026-05-08 00:04:53.754031+02,2026-05-08 00:04:56.321382+02,2.57,f,15,0.494,
6184,5,164,car,Kafasan L2,2026-05-08 00:04:55.194509+02,2026-05-08 00:04:59.185698+02,3.99,f,23,0.765,
6185,5,4,car,,2026-05-08 00:04:57.394286+02,2026-05-08 00:05:01.856999+02,4.46,f,26,0.482,
6186,5,4,car,,2026-05-08 00:05:38.305313+02,2026-05-08 00:05:40.581715+02,2.28,f,15,0.46,
6187,5,4,car,,2026-05-08 00:05:40.934788+02,2026-05-08 00:05:46.381951+02,5.45,f,21,0.484,
6188,5,4,car,,2026-05-08 00:06:00.254939+02,2026-05-08 00:06:02.721497+02,2.47,f,15,0.46,
6189,5,4,car,,2026-05-08 00:06:03.07076+02,2026-05-08 00:06:08.613062+02,5.54,f,21,0.484,
6190,5,18,truck,,2026-05-08 00:06:28.188721+02,2026-05-08 00:06:30.362739+02,2.17,f,15,0.436,
6191,5,4,car,,2026-05-08 00:06:28.806128+02,2026-05-08 00:06:33.031524+02,4.23,f,28,0.475,
6192,5,18,truck,,2026-05-08 00:06:32.248664+02,2026-05-08 00:06:36.722083+02,4.47,f,15,0.487,
6193,5,4,car,,2026-05-08 00:06:33.357592+02,2026-05-08 00:06:38.220414+02,4.86,f,18,0.5,
6194,5,4,car,,2026-05-08 00:06:46.580328+02,2026-05-08 00:06:50.235479+02,3.66,f,16,0.427,
6195,5,4,car,,2026-05-08 00:06:53.960341+02,2026-05-08 00:06:57.036771+02,3.08,f,20,0.495,
6196,5,4,car,,2026-05-08 00:07:21.135895+02,2026-05-08 00:07:24.112669+02,2.98,f,18,0.492,
6197,5,4,car,,2026-05-08 00:07:24.908834+02,2026-05-08 00:07:31.548229+02,6.64,f,42,0.518,
6198,5,4,car,,2026-05-08 00:07:33.396283+02,2026-05-08 00:07:35.568181+02,2.17,f,15,0.47,
6199,5,4,car,,2026-05-08 00:07:40.545528+02,2026-05-08 00:07:43.043544+02,2.5,f,18,0.492,
6200,5,4,car,,2026-05-08 00:07:43.791025+02,2026-05-08 00:07:49.873477+02,6.08,f,42,0.518,
6201,5,4,car,,2026-05-08 00:07:51.67779+02,2026-05-08 00:07:53.790634+02,2.11,f,15,0.47,
6202,5,4,car,,2026-05-08 00:07:56.373562+02,2026-05-08 00:07:58.436174+02,2.06,f,15,0.462,
6203,5,18,truck,,2026-05-08 00:07:57.12356+02,2026-05-08 00:07:59.159626+02,2.04,f,15,0.46,
6204,5,211,car,,2026-05-08 00:07:58.138599+02,2026-05-08 00:08:00.639264+02,2.5,f,18,0.458,
6205,5,4,car,,2026-05-08 00:07:59.159626+02,2026-05-08 00:08:01.947797+02,2.79,f,20,0.528,
6206,5,4,car,,2026-05-08 00:08:05.638619+02,2026-05-08 00:08:08.180019+02,2.54,f,18,0.492,
6207,5,4,car,,2026-05-08 00:08:08.954003+02,2026-05-08 00:08:15.315637+02,6.36,f,42,0.518,
6208,5,4,car,,2026-05-08 00:08:17.188788+02,2026-05-08 00:08:19.377937+02,2.19,f,15,0.47,
6209,5,4,car,,2026-05-08 00:08:21.95548+02,2026-05-08 00:08:23.98987+02,2.03,f,15,0.462,
6210,5,18,truck,,2026-05-08 00:08:22.694861+02,2026-05-08 00:08:24.718526+02,2.02,f,15,0.46,
6211,5,211,car,,2026-05-08 00:08:23.703891+02,2026-05-08 00:08:26.226027+02,2.52,f,18,0.458,
6212,5,4,car,,2026-05-08 00:08:24.718526+02,2026-05-08 00:08:27.53902+02,2.82,f,20,0.528,
6213,5,4,car,,2026-05-08 00:08:35.234134+02,2026-05-08 00:08:37.927037+02,2.69,f,18,0.492,
6214,5,4,car,,2026-05-08 00:08:38.72549+02,2026-05-08 00:08:45.297727+02,6.57,f,42,0.518,
6215,5,4,car,,2026-05-08 00:08:47.244671+02,2026-05-08 00:08:49.519781+02,2.28,f,15,0.47,
6218,5,2,car,,2026-05-08 15:39:31.553808+02,2026-05-08 15:39:34.860334+02,3.31,f,22,0.312,
6364,5,1,car,,2026-05-08 15:39:31.553808+02,2026-05-08 16:30:53.276611+02,3081.72,f,7006,0.611,
6219,5,4,truck,,2026-05-08 15:39:39.554057+02,2026-05-08 15:39:42.598939+02,3.04,f,23,0.389,
6220,5,9,car,,2026-05-08 15:39:41.906325+02,2026-05-08 15:39:52.605454+02,10.7,f,79,0.335,
6221,5,13,truck,,2026-05-08 15:39:52.881525+02,2026-05-08 15:39:55.359092+02,2.48,f,19,0.387,
6222,5,13,truck,,2026-05-08 15:40:03.346177+02,2026-05-08 15:40:05.54955+02,2.2,f,17,0.476,
6223,5,9,car,,2026-05-08 15:40:07.752294+02,2026-05-08 15:40:09.950043+02,2.2,f,17,0.336,
6225,5,21,car,,2026-05-08 15:40:10.636769+02,2026-05-08 15:40:17.220124+02,6.58,f,49,0.325,
6226,5,9,car,,2026-05-08 15:40:10.636769+02,2026-05-08 15:40:19.955809+02,9.32,f,69,0.324,
6224,5,13,truck,,2026-05-08 15:40:12.430344+02,2026-05-08 15:40:15.853712+02,3.42,f,26,0.318,
6227,5,13,truck,,2026-05-08 15:40:20.792018+02,2026-05-08 15:40:23.39374+02,2.6,f,19,0.398,
6229,5,9,car,,2026-05-08 15:40:23.39374+02,2026-05-08 15:40:26.044673+02,2.65,f,20,0.366,
6228,5,27,car,Kafasan L3,2026-05-08 15:40:23.820374+02,2026-05-08 15:40:25.902151+02,2.08,f,16,0.759,lane_switch:Kafasan L3>Kafasan L2
6230,5,28,car,Kafasan L2,2026-05-08 15:40:24.099812+02,2026-05-08 15:40:27.300272+02,3.2,f,24,0.715,
6231,5,30,car,Kafasan L2,2026-05-08 15:40:28.274281+02,2026-05-08 15:40:31.98558+02,3.71,f,28,0.789,
6232,5,9,car,,2026-05-08 15:40:32.123283+02,2026-05-08 15:40:34.072426+02,1.95,f,15,0.362,
6233,5,59,car,,2026-05-08 15:41:40.464437+02,2026-05-08 15:41:51.449232+02,10.98,f,28,0.324,
6234,5,61,truck,,2026-05-08 15:57:50.278265+02,2026-05-08 16:00:27.189158+02,156.91,f,19,0.389,
6235,5,66,car,,2026-05-08 16:00:26.986551+02,2026-05-08 16:00:30.724393+02,3.74,f,27,0.325,
6236,5,61,truck,,2026-05-08 16:00:30.860219+02,2026-05-08 16:01:03.58676+02,32.73,f,20,0.401,
6237,5,73,car,,2026-05-08 16:01:11.76748+02,2026-05-08 16:01:14.794649+02,3.03,f,23,0.324,
6238,5,73,car,,2026-05-08 16:01:17.695961+02,2026-05-08 16:01:20.730308+02,3.03,f,23,0.337,
6239,5,78,car,,2026-05-08 16:01:21.008458+02,2026-05-08 16:01:25.437129+02,4.43,f,33,0.5,
6240,5,73,car,,2026-05-08 16:01:23.239774+02,2026-05-08 16:01:28.439208+02,5.2,f,38,0.327,
6241,5,73,car,,2026-05-08 16:01:33.181737+02,2026-05-08 16:01:35.713342+02,2.53,f,17,0.324,
6242,5,83,car,,2026-05-08 16:01:36.719919+02,2026-05-08 16:01:40.246192+02,3.53,f,24,0.338,
6243,5,73,car,,2026-05-08 16:01:40.385296+02,2026-05-08 16:01:45.848904+02,5.46,f,40,0.337,
6244,5,73,car,,2026-05-08 16:01:51.922962+02,2026-05-08 16:01:57.277819+02,5.35,f,39,0.333,
6245,5,73,car,,2026-05-08 16:02:07.625918+02,2026-05-08 16:02:10.024566+02,2.4,f,17,0.312,
6246,5,73,car,,2026-05-08 16:02:10.320434+02,2026-05-08 16:02:14.831663+02,4.51,f,30,0.31,
6247,5,73,car,,2026-05-08 16:02:30.311639+02,2026-05-08 16:02:35.974065+02,5.66,f,38,0.338,
6248,5,73,car,,2026-05-08 16:02:36.545657+02,2026-05-08 16:02:38.8744+02,2.33,f,17,0.303,
6249,5,102,car,,2026-05-08 16:02:51.246021+02,2026-05-08 16:02:54.566771+02,3.32,f,23,0.324,
6250,5,102,car,,2026-05-08 16:02:57.646915+02,2026-05-08 16:03:00.839712+02,3.19,f,23,0.337,
6251,5,107,car,,2026-05-08 16:03:01.127027+02,2026-05-08 16:03:05.758781+02,4.63,f,33,0.5,
6252,5,102,car,,2026-05-08 16:03:03.445764+02,2026-05-08 16:03:08.805319+02,5.36,f,38,0.327,
6253,5,102,car,,2026-05-08 16:03:13.298621+02,2026-05-08 16:03:15.683408+02,2.38,f,17,0.324,
6254,5,112,car,,2026-05-08 16:03:16.550548+02,2026-05-08 16:03:20.050015+02,3.5,f,24,0.338,
6255,5,102,car,,2026-05-08 16:03:20.204517+02,2026-05-08 16:03:26.014988+02,5.81,f,40,0.337,
6256,5,102,car,,2026-05-08 16:03:32.445557+02,2026-05-08 16:03:37.902401+02,5.46,f,39,0.333,
6257,5,102,car,,2026-05-08 16:03:47.889093+02,2026-05-08 16:03:50.131461+02,2.24,f,17,0.312,
6258,5,102,car,,2026-05-08 16:03:50.41494+02,2026-05-08 16:03:54.592043+02,4.18,f,30,0.31,
6259,5,102,car,,2026-05-08 16:04:01.897649+02,2026-05-08 16:04:07.719494+02,5.82,f,26,0.339,
6260,5,102,car,,2026-05-08 16:04:23.087649+02,2026-05-08 16:04:25.952067+02,2.86,f,21,0.332,
6261,5,102,car,,2026-05-08 16:04:55.947128+02,2026-05-08 16:04:59.279217+02,3.33,f,24,0.342,
6262,5,102,car,,2026-05-08 16:05:05.066714+02,2026-05-08 16:05:30.514743+02,25.45,f,16,0.361,
6263,5,102,car,,2026-05-08 16:05:36.649672+02,2026-05-08 16:05:39.382179+02,2.73,f,20,0.311,
6264,5,159,car,,2026-05-08 16:06:20.539846+02,2026-05-08 16:06:23.106013+02,2.57,f,19,0.38,
6265,5,161,car,Kafasan L2,2026-05-08 16:06:25.793113+02,2026-05-08 16:06:53.348539+02,27.56,f,25,0.702,
6266,5,212,car,Kafasan L3,2026-05-08 16:08:23.914133+02,2026-05-08 16:08:27.152849+02,3.24,f,24,0.779,
6268,5,229,car,Kafasan L2,2026-05-08 16:08:28.020189+02,2026-05-08 16:08:33.36376+02,5.34,f,39,0.922,
6267,5,234,car,,2026-05-08 16:08:28.163238+02,2026-05-08 16:08:33.36376+02,5.2,f,38,0.36,
6269,5,248,car,,2026-05-08 16:09:40.949004+02,2026-05-08 16:09:44.16513+02,3.22,f,24,0.342,
6270,5,250,truck,,2026-05-08 16:09:53.820797+02,2026-05-08 16:10:22.247492+02,28.43,f,31,0.321,
6271,5,262,car,,2026-05-08 16:11:03.959151+02,2026-05-08 16:11:09.823625+02,5.86,f,43,0.754,
6272,5,264,car,,2026-05-08 16:11:10.107832+02,2026-05-08 16:11:13.193811+02,3.09,f,23,0.322,
6273,5,265,car,Kafasan L2,2026-05-08 16:11:12.770449+02,2026-05-08 16:11:14.747682+02,1.98,f,15,0.728,
6275,5,276,car,Kafasan L3,2026-05-08 16:11:18.28488+02,2026-05-08 16:11:46.776837+02,28.49,f,32,0.748,
6274,5,264,car,,2026-05-08 16:11:19.409951+02,2026-05-08 16:11:46.776837+02,27.37,f,24,0.339,
6276,5,264,car,,2026-05-08 16:11:47.617742+02,2026-05-08 16:11:51.515014+02,3.9,f,29,0.324,
6277,5,264,car,,2026-05-08 16:12:00.48065+02,2026-05-08 16:12:29.334635+02,28.85,f,34,0.326,
6278,5,264,car,,2026-05-08 16:12:31.573959+02,2026-05-08 16:12:40.105839+02,8.53,f,62,0.325,
6279,5,264,car,,2026-05-08 16:12:43.630748+02,2026-05-08 16:13:10.692851+02,27.06,f,21,0.339,
6280,5,264,car,,2026-05-08 16:13:13.338691+02,2026-05-08 16:13:22.019011+02,8.68,f,63,0.333,
6281,5,288,car,,2026-05-08 16:13:15.573336+02,2026-05-08 16:13:22.716819+02,7.14,f,52,0.36,
6283,5,264,car,,2026-05-08 16:13:56.443494+02,2026-05-08 16:14:03.629703+02,7.19,f,52,0.357,
6282,5,325,car,,2026-05-08 16:13:58.131724+02,2026-05-08 16:14:03.348545+02,5.22,f,38,0.768,
6284,5,264,car,,2026-05-08 16:14:07.461397+02,2026-05-08 16:14:34.623867+02,27.16,f,23,0.334,
6285,5,264,car,,2026-05-08 16:14:37.300363+02,2026-05-08 16:14:40.435552+02,3.14,f,23,0.34,
6286,5,340,car,,2026-05-08 16:16:06.647401+02,2026-05-08 16:16:08.84493+02,2.2,f,16,0.391,
6287,5,355,car,,2026-05-08 16:16:42.084315+02,2026-05-08 16:16:47.015306+02,4.93,f,36,0.447,
6288,5,355,car,,2026-05-08 16:16:47.443151+02,2026-05-08 16:16:53.656253+02,6.21,f,45,0.453,
6291,5,355,car,,2026-05-08 16:16:54.370687+02,2026-05-08 16:17:29.725253+02,35.35,f,81,0.567,
6290,5,371,car,,2026-05-08 16:17:19.782613+02,2026-05-08 16:17:29.157336+02,9.37,f,68,0.38,
6289,5,394,car,,2026-05-08 16:17:20.624992+02,2026-05-08 16:17:27.050632+02,6.43,f,47,0.33,
6293,5,355,car,,2026-05-08 16:17:30.566456+02,2026-05-08 16:18:01.479823+02,30.91,f,49,0.46,
6292,5,404,car,Kafasan L3,2026-05-08 16:17:32.120658+02,2026-05-08 16:17:34.239038+02,2.12,f,16,0.771,lane_switch:Kafasan L3>Kafasan L2
6300,5,355,car,,2026-05-08 16:18:02.181472+02,2026-05-08 16:21:01.015357+02,178.83,f,585,0.434,
6294,5,412,car,,2026-05-08 16:18:50.440645+02,2026-05-08 16:18:52.396498+02,1.96,f,15,0.31,
6295,5,416,car,,2026-05-08 16:19:33.587559+02,2026-05-08 16:19:39.789861+02,6.2,f,45,0.323,
6297,5,414,car,,2026-05-08 16:19:34.013302+02,2026-05-08 16:20:07.01648+02,33,f,64,0.358,
6296,5,419,car,Kafasan L2,2026-05-08 16:19:35.711005+02,2026-05-08 16:20:07.01648+02,31.31,f,52,0.537,
6298,5,416,car,,2026-05-08 16:20:07.297449+02,2026-05-08 16:20:09.278059+02,1.98,f,15,0.321,
6299,5,416,car,,2026-05-08 16:20:19.339858+02,2026-05-08 16:21:00.14661+02,40.81,f,121,0.323,
6302,5,437,car,Kafasan L2,2026-05-08 16:20:56.88392+02,2026-05-08 16:21:04.009637+02,7.13,f,51,0.816,lane_switch:Kafasan L2>Kafasan L3
6301,5,355,car,,2026-05-08 16:21:01.303756+02,2026-05-08 16:21:03.298009+02,1.99,f,15,0.452,
6344,5,355,car,,2026-05-08 16:21:04.722301+02,2026-05-08 16:28:28.079078+02,443.36,f,1311,0.498,
6303,5,416,car,,2026-05-08 16:23:10.294758+02,2026-05-08 16:23:13.612723+02,3.32,f,24,0.33,
6304,5,445,car,,2026-05-08 16:23:11.737132+02,2026-05-08 16:23:15.371915+02,3.63,f,26,0.353,
6305,5,416,car,,2026-05-08 16:23:16.658921+02,2026-05-08 16:23:18.990484+02,2.33,f,17,0.34,
6307,5,445,car,,2026-05-08 16:23:20.001153+02,2026-05-08 16:23:22.151579+02,2.15,f,16,0.368,
6306,5,416,car,,2026-05-08 16:23:20.145753+02,2026-05-08 16:23:22.151579+02,2.01,f,15,0.343,
6308,5,416,car,,2026-05-08 16:23:30.335348+02,2026-05-08 16:23:33.060077+02,2.72,f,20,0.324,
6309,5,445,car,,2026-05-08 16:23:31.768361+02,2026-05-08 16:23:33.7823+02,2.01,f,15,0.347,
6310,5,416,car,,2026-05-08 16:23:35.780367+02,2026-05-08 16:23:38.066916+02,2.29,f,17,0.332,
6312,5,445,car,,2026-05-08 16:23:41.080716+02,2026-05-08 16:23:45.535352+02,4.45,f,32,0.362,
6311,5,416,car,,2026-05-08 16:23:41.36713+02,2026-05-08 16:23:43.948822+02,2.58,f,19,0.346,
6313,5,416,car,,2026-05-08 16:23:46.827641+02,2026-05-08 16:23:49.259847+02,2.43,f,18,0.336,
6314,5,445,car,,2026-05-08 16:23:50.266901+02,2026-05-08 16:23:52.553583+02,2.29,f,17,0.365,
6315,5,416,car,,2026-05-08 16:24:00.414465+02,2026-05-08 16:24:03.149111+02,2.73,f,20,0.324,
6316,5,445,car,,2026-05-08 16:24:01.85112+02,2026-05-08 16:24:03.867259+02,2.02,f,15,0.347,
6317,5,416,car,,2026-05-08 16:24:05.902997+02,2026-05-08 16:24:08.203169+02,2.3,f,17,0.332,
6319,5,445,car,,2026-05-08 16:24:11.304753+02,2026-05-08 16:24:42.678445+02,31.37,f,48,0.365,
6318,5,416,car,,2026-05-08 16:24:11.584993+02,2026-05-08 16:24:40.806325+02,29.22,f,33,0.353,
6320,5,416,car,,2026-05-08 16:24:44.544975+02,2026-05-08 16:24:47.845519+02,3.3,f,24,0.345,
6321,5,461,car,Kafasan L3,2026-05-08 16:24:49.865661+02,2026-05-08 16:24:53.477744+02,3.61,f,26,0.782,lane_switch:Kafasan L3>Kafasan L2
6322,5,416,car,,2026-05-08 16:24:51.313111+02,2026-05-08 16:24:54.06131+02,2.75,f,20,0.363,
6323,5,466,car,Kafasan L3,2026-05-08 16:25:24.015819+02,2026-05-08 16:25:26.763828+02,2.75,f,20,0.737,lane_switch:Kafasan L3>Kafasan L2
6325,5,416,car,,2026-05-08 16:25:24.881+02,2026-05-08 16:25:30.380184+02,5.5,f,39,0.364,
6324,5,469,car,Kafasan L3,2026-05-08 16:25:26.905458+02,2026-05-08 16:25:29.795745+02,2.89,f,21,0.741,lane_switch:Kafasan L3>Kafasan L2
6326,5,416,car,,2026-05-08 16:25:30.956413+02,2026-05-08 16:25:33.250985+02,2.29,f,17,0.343,
6327,5,416,car,,2026-05-08 16:25:34.545405+02,2026-05-08 16:25:41.398471+02,6.85,f,33,0.345,
6328,5,416,car,,2026-05-08 16:25:45.72967+02,2026-05-08 16:25:49.027872+02,3.3,f,24,0.345,
6329,5,490,car,Kafasan L3,2026-05-08 16:25:51.055092+02,2026-05-08 16:25:54.669951+02,3.61,f,26,0.782,lane_switch:Kafasan L3>Kafasan L2
6330,5,416,car,,2026-05-08 16:25:52.504268+02,2026-05-08 16:25:55.254849+02,2.75,f,20,0.363,
6331,5,495,car,Kafasan L3,2026-05-08 16:26:01.48055+02,2026-05-08 16:26:04.245727+02,2.77,f,20,0.737,lane_switch:Kafasan L3>Kafasan L2
6333,5,416,car,,2026-05-08 16:26:02.357076+02,2026-05-08 16:26:07.894209+02,5.54,f,39,0.364,
6332,5,498,car,Kafasan L3,2026-05-08 16:26:04.391941+02,2026-05-08 16:26:07.306479+02,2.91,f,21,0.741,lane_switch:Kafasan L3>Kafasan L2
6334,5,416,car,,2026-05-08 16:26:08.500942+02,2026-05-08 16:26:10.917594+02,2.42,f,17,0.343,
6335,5,416,car,,2026-05-08 16:26:12.219344+02,2026-05-08 16:26:19.091378+02,6.87,f,33,0.345,
6336,5,416,car,,2026-05-08 16:26:22.274363+02,2026-05-08 16:26:26.488812+02,4.21,f,30,0.344,
6337,5,416,car,,2026-05-08 16:26:27.07276+02,2026-05-08 16:26:29.397181+02,2.32,f,17,0.331,
6338,5,416,car,,2026-05-08 16:26:31.000793+02,2026-05-08 16:27:44.857179+02,73.86,f,44,0.345,
6339,5,416,car,,2026-05-08 16:27:48.008112+02,2026-05-08 16:27:52.16144+02,4.15,f,30,0.344,
6340,5,416,car,,2026-05-08 16:27:52.73409+02,2026-05-08 16:27:55.023973+02,2.29,f,17,0.331,
6341,5,416,car,,2026-05-08 16:27:56.602216+02,2026-05-08 16:28:02.03563+02,5.43,f,39,0.339,
6342,5,416,car,,2026-05-08 16:28:02.324309+02,2026-05-08 16:28:12.397659+02,10.07,f,71,0.355,
6343,5,416,car,,2026-05-08 16:28:15.595777+02,2026-05-08 16:28:24.929048+02,9.33,f,19,0.333,
6346,5,355,car,,2026-05-08 16:28:28.938205+02,2026-05-08 16:28:34.413914+02,5.48,f,39,0.477,
6345,5,416,car,,2026-05-08 16:28:29.648226+02,2026-05-08 16:28:31.668998+02,2.02,f,15,0.324,
6349,5,539,car,,2026-05-08 16:28:35.286735+02,2026-05-08 16:28:51.489569+02,16.2,f,98,0.365,
6347,5,547,car,Kafasan L3,2026-05-08 16:28:35.429733+02,2026-05-08 16:28:37.864704+02,2.43,f,18,0.78,lane_switch:Kafasan L3>Kafasan L2
6353,5,355,car,,2026-05-08 16:28:36.002853+02,2026-05-08 16:29:15.415548+02,39.41,f,257,0.475,
6348,5,505,car,,2026-05-08 16:28:40.277551+02,2026-05-08 16:28:44.438898+02,4.16,f,30,0.355,
6350,5,539,car,,2026-05-08 16:28:52.939682+02,2026-05-08 16:28:55.886182+02,2.95,f,21,0.34,
6351,5,539,car,,2026-05-08 16:28:56.178669+02,2026-05-08 16:29:06.334564+02,10.16,f,71,0.355,
6352,5,539,car,,2026-05-08 16:29:09.609854+02,2026-05-08 16:29:12.232204+02,2.62,f,19,0.333,
6355,5,355,car,,2026-05-08 16:29:16.280803+02,2026-05-08 16:29:21.801236+02,5.52,f,39,0.477,
6354,5,539,car,,2026-05-08 16:29:17.007171+02,2026-05-08 16:29:19.038643+02,2.03,f,15,0.324,
6358,5,573,car,,2026-05-08 16:29:22.685152+02,2026-05-08 16:29:38.966859+02,16.28,f,98,0.365,
6356,5,581,car,Kafasan L3,2026-05-08 16:29:22.831152+02,2026-05-08 16:29:25.29272+02,2.46,f,18,0.78,lane_switch:Kafasan L3>Kafasan L2
6367,5,355,car,,2026-05-08 16:29:23.413491+02,2026-05-08 16:31:04.97254+02,101.56,f,355,0.519,
6357,5,505,car,,2026-05-08 16:29:27.69688+02,2026-05-08 16:29:31.845006+02,4.15,f,30,0.355,
6360,5,573,car,,2026-05-08 16:29:40.420669+02,2026-05-08 16:30:09.628906+02,29.21,f,33,0.337,
6359,5,505,car,,2026-05-08 16:29:42.447851+02,2026-05-08 16:29:44.474807+02,2.03,f,15,0.342,
6361,5,573,car,,2026-05-08 16:30:10.493093+02,2026-05-08 16:30:18.815844+02,8.32,f,58,0.337,
6362,5,505,car,,2026-05-08 16:30:19.25091+02,2026-05-08 16:30:21.545579+02,2.29,f,17,0.326,
6363,5,573,car,,2026-05-08 16:30:23.571199+02,2026-05-08 16:30:26.904684+02,3.33,f,24,0.359,
6366,5,505,car,,2026-05-08 16:30:24.147799+02,2026-05-08 16:30:55.989211+02,31.84,f,58,0.349,
6365,5,573,car,,2026-05-08 16:30:52.410506+02,2026-05-08 16:30:54.558625+02,2.15,f,16,0.345,
6373,5,1,car,,2026-05-08 16:30:53.706312+02,2026-05-08 16:31:34.224787+02,40.52,f,265,0.617,
6369,5,505,car,,2026-05-08 16:30:56.284952+02,2026-05-08 16:31:09.806353+02,13.52,f,79,0.355,
6368,5,573,car,,2026-05-08 16:31:00.277855+02,2026-05-08 16:31:08.751237+02,8.47,f,44,0.348,
6376,5,355,car,,2026-05-08 16:31:07.840559+02,2026-05-08 16:31:46.119848+02,38.28,f,264,0.527,
6370,5,573,car,,2026-05-08 16:31:15.057801+02,2026-05-08 16:31:23.312921+02,8.26,f,58,0.337,
6371,5,505,car,,2026-05-08 16:31:23.751679+02,2026-05-08 16:31:26.077518+02,2.33,f,17,0.326,
6372,5,573,car,,2026-05-08 16:31:28.107855+02,2026-05-08 16:31:31.447701+02,3.34,f,24,0.359,
6375,5,505,car,,2026-05-08 16:31:28.69178+02,2026-05-08 16:31:36.972532+02,8.28,f,58,0.349,
6374,5,573,car,,2026-05-08 16:31:33.352639+02,2026-05-08 16:31:35.530077+02,2.18,f,16,0.345,
6433,5,1,car,,2026-05-08 16:31:34.659025+02,2026-05-08 16:38:54.358227+02,439.7,f,2032,0.609,
6381,5,505,car,,2026-05-08 16:31:37.273462+02,2026-05-08 16:32:16.019422+02,38.75,f,178,0.35,
6377,5,573,car,,2026-05-08 16:31:41.354461+02,2026-05-08 16:31:56.010806+02,14.66,f,58,0.351,
6378,5,573,car,,2026-05-08 16:31:56.448111+02,2026-05-08 16:32:01.689579+02,5.24,f,22,0.344,
6379,5,573,car,,2026-05-08 16:32:02.12672+02,2026-05-08 16:32:07.390925+02,5.26,f,22,0.344,
6380,5,573,car,,2026-05-08 16:32:07.830899+02,2026-05-08 16:32:13.117872+02,5.29,f,22,0.344,
6382,5,355,car,,2026-05-08 16:32:11.667131+02,2026-05-08 16:32:17.042509+02,5.38,f,38,0.484,
6383,5,573,car,,2026-05-08 16:32:16.31333+02,2026-05-08 16:32:22.3504+02,6.04,f,27,0.343,
6384,5,505,car,,2026-05-08 16:32:19.459422+02,2026-05-08 16:32:25.246609+02,5.79,f,41,0.337,
6385,5,355,car,,2026-05-08 16:32:20.904685+02,2026-05-08 16:32:26.277599+02,5.37,f,38,0.484,
6386,5,573,car,,2026-05-08 16:32:25.537792+02,2026-05-08 16:32:31.577661+02,6.04,f,27,0.343,
6387,5,505,car,,2026-05-08 16:32:28.683341+02,2026-05-08 16:32:34.488813+02,5.81,f,41,0.337,
6389,5,355,car,,2026-05-08 16:32:30.129462+02,2026-05-08 16:32:39.204129+02,9.07,f,63,0.481,
6388,5,573,car,,2026-05-08 16:32:34.782618+02,2026-05-08 16:32:37.868069+02,3.09,f,22,0.323,
6390,5,573,car,,2026-05-08 16:32:38.612524+02,2026-05-08 16:32:44.506704+02,5.89,f,26,0.343,
6391,5,505,car,,2026-05-08 16:32:39.055245+02,2026-05-08 16:32:47.403543+02,8.35,f,43,0.337,
6394,5,355,car,,2026-05-08 16:32:43.051836+02,2026-05-08 16:32:55.517926+02,12.47,f,87,0.474,
6392,5,573,car,,2026-05-08 16:32:47.693595+02,2026-05-08 16:32:50.734622+02,3.04,f,22,0.323,
6393,5,573,car,,2026-05-08 16:32:51.458759+02,2026-05-08 16:32:54.79469+02,3.34,f,24,0.345,
6395,5,573,car,,2026-05-08 16:32:57.97334+02,2026-05-08 16:33:00.901604+02,2.93,f,21,0.345,
6396,5,505,car,,2026-05-08 16:32:57.97334+02,2026-05-08 16:33:03.82579+02,5.85,f,41,0.337,
6404,5,355,car,,2026-05-08 16:32:59.435386+02,2026-05-08 16:33:30.245614+02,30.81,f,180,0.482,
6397,5,573,car,,2026-05-08 16:33:04.121022+02,2026-05-08 16:33:07.182624+02,3.06,f,22,0.323,
6398,5,573,car,,2026-05-08 16:33:07.913704+02,2026-05-08 16:33:11.288349+02,3.37,f,24,0.345,
6399,5,573,car,,2026-05-08 16:33:12.152329+02,2026-05-08 16:33:14.338271+02,2.19,f,16,0.329,
6400,5,505,car,,2026-05-08 16:33:16.672477+02,2026-05-08 16:33:22.299229+02,5.63,f,24,0.34,
6401,5,573,car,,2026-05-08 16:33:16.818158+02,2026-05-08 16:33:23.335928+02,6.52,f,30,0.338,
6402,5,505,car,,2026-05-08 16:33:23.48348+02,2026-05-08 16:33:29.202911+02,5.72,f,24,0.34,
6403,5,573,car,,2026-05-08 16:33:23.634364+02,2026-05-08 16:33:29.800413+02,6.17,f,27,0.34,
6405,5,634,truck,Kafasan L2,2026-05-08 16:33:29.652573+02,2026-05-08 16:33:33.037544+02,3.38,f,24,0.73,lane_switch:Kafasan L2>Kafasan L1
6408,5,355,car,,2026-05-08 16:33:30.68993+02,2026-05-08 16:33:40.332649+02,9.64,f,51,0.492,
6407,5,573,car,,2026-05-08 16:33:32.594444+02,2026-05-08 16:33:39.891887+02,7.3,f,35,0.342,
6406,5,505,car,,2026-05-08 16:33:33.480434+02,2026-05-08 16:33:39.303375+02,5.82,f,25,0.34,
6410,5,690,truck,Kafasan L2,2026-05-08 16:33:39.891887+02,2026-05-08 16:33:44.020273+02,4.13,f,29,0.749,lane_switch:Kafasan L2>Kafasan L1>Kafasan L2>Kafasan L1
6409,5,355,car,,2026-05-08 16:33:40.779412+02,2026-05-08 16:33:43.423367+02,2.64,f,19,0.474,
6413,5,355,car,,2026-05-08 16:33:43.871744+02,2026-05-08 16:33:53.604805+02,9.73,f,50,0.468,
6412,5,720,car,,2026-05-08 16:33:46.358805+02,2026-05-08 16:33:53.135554+02,6.78,f,30,0.338,
6411,5,721,car,,2026-05-08 16:33:46.654686+02,2026-05-08 16:33:52.497245+02,5.84,f,24,0.341,
6415,5,742,truck,Kafasan L2,2026-05-08 16:33:53.135554+02,2026-05-08 16:33:57.538117+02,4.4,f,29,0.749,lane_switch:Kafasan L2>Kafasan L1>Kafasan L2>Kafasan L1
6414,5,355,car,,2026-05-08 16:33:54.082157+02,2026-05-08 16:33:56.904464+02,2.82,f,19,0.474,
6418,5,355,car,,2026-05-08 16:33:57.377166+02,2026-05-08 16:34:12.479691+02,15.1,f,82,0.461,
6416,5,776,car,,2026-05-08 16:34:05.358327+02,2026-05-08 16:34:11.390987+02,6.03,f,24,0.34,
6417,5,774,car,,2026-05-08 16:34:05.507993+02,2026-05-08 16:34:12.020909+02,6.51,f,27,0.34,
6420,5,800,truck,Kafasan L2,2026-05-08 16:34:12.020909+02,2026-05-08 16:34:16.429314+02,4.41,f,29,0.749,lane_switch:Kafasan L2>Kafasan L1>Kafasan L2>Kafasan L1
6419,5,355,car,,2026-05-08 16:34:12.963492+02,2026-05-08 16:34:15.799356+02,2.84,f,19,0.474,
6423,5,355,car,,2026-05-08 16:34:16.272814+02,2026-05-08 16:35:07.197291+02,50.92,f,182,0.451,
6421,5,845,car,Kafasan L2,2026-05-08 16:35:01.192585+02,2026-05-08 16:35:03.335591+02,2.14,f,15,0.787,
6422,5,852,car,Kafasan L2,2026-05-08 16:35:01.957056+02,2026-05-08 16:35:04.574271+02,2.62,f,18,0.779,
6426,5,355,car,,2026-05-08 16:35:08.111981+02,2026-05-08 16:36:05.352161+02,57.24,f,214,0.457,
6424,5,893,car,Kafasan L2,2026-05-08 16:35:59.662913+02,2026-05-08 16:36:01.696654+02,2.03,f,15,0.787,
6425,5,900,car,Kafasan L2,2026-05-08 16:36:00.388423+02,2026-05-08 16:36:02.86573+02,2.48,f,18,0.779,
6430,5,355,car,,2026-05-08 16:36:06.227215+02,2026-05-08 16:36:55.60674+02,49.38,f,310,0.456,
6427,5,946,car,Kafasan L2,2026-05-08 16:36:49.757034+02,2026-05-08 16:36:51.848057+02,2.09,f,15,0.8,
6428,5,952,car,Kafasan L2,2026-05-08 16:36:50.675832+02,2026-05-08 16:36:53.031683+02,2.36,f,17,0.784,
6429,5,933,car,,2026-05-08 16:36:51.997383+02,2026-05-08 16:36:54.145457+02,2.15,f,15,0.355,
6432,5,355,car,,2026-05-08 16:36:56.657907+02,2026-05-08 16:38:54.213211+02,117.56,f,444,0.474,
6431,5,974,car,,2026-05-08 16:37:56.49694+02,2026-05-08 16:37:58.812609+02,2.32,f,17,0.343,
6435,5,355,car,,2026-05-08 16:38:55.812469+02,2026-05-08 16:39:38.980983+02,43.17,f,276,0.495,
6436,5,1,car,,2026-05-08 16:38:55.812469+02,2026-05-08 16:39:39.127608+02,43.32,f,277,0.593,
6434,5,974,car,,2026-05-08 16:39:04.035881+02,2026-05-08 16:39:06.650614+02,2.61,f,19,0.346,
6443,5,355,car,,2026-05-08 16:39:40.686974+02,2026-05-08 16:41:05.686306+02,85,f,256,0.479,
6457,5,1,car,,2026-05-08 16:39:40.686974+02,2026-05-08 16:42:43.050923+02,182.36,f,729,0.56,
6437,5,974,car,,2026-05-08 16:39:51.713613+02,2026-05-08 16:39:53.740184+02,2.03,f,15,0.339,
6438,5,1017,car,,2026-05-08 16:40:28.940265+02,2026-05-08 16:40:31.247326+02,2.31,f,17,0.348,
6439,5,1017,car,,2026-05-08 16:40:34.120153+02,2026-05-08 16:40:37.285613+02,3.17,f,23,0.366,
6440,5,1042,car,Kafasan L3,2026-05-08 16:40:35.412105+02,2026-05-08 16:41:02.122686+02,26.71,f,21,0.755,lane_switch:Kafasan L3>Kafasan L2
6441,5,1047,car,Kafasan L3,2026-05-08 16:40:36.710588+02,2026-05-08 16:41:03.255239+02,26.54,f,20,0.762,lane_switch:Kafasan L3>Kafasan L2
6442,5,1049,car,Kafasan L2,2026-05-08 16:41:01.835563+02,2026-05-08 16:41:05.394189+02,3.56,f,26,0.759,
6445,5,1059,truck,Kafasan L1,2026-05-08 16:41:06.404204+02,2026-05-08 16:41:09.695317+02,3.29,f,24,0.696,lane_switch:Kafasan L1>Kafasan L2>Kafasan L1
6444,5,355,car,,2026-05-08 16:41:06.548861+02,2026-05-08 16:41:09.257789+02,2.71,f,20,0.503,
6452,5,355,car,,2026-05-08 16:41:09.979197+02,2026-05-08 16:41:46.234064+02,36.25,f,237,0.47,
6446,5,1076,car,Kafasan L3,2026-05-08 16:41:11.556847+02,2026-05-08 16:41:13.846406+02,2.29,f,17,0.77,lane_switch:Kafasan L3>Kafasan L2>Kafasan L3
6447,5,1017,car,,2026-05-08 16:41:33.23133+02,2026-05-08 16:41:35.54088+02,2.31,f,17,0.348,
6448,5,1017,car,,2026-05-08 16:41:38.417247+02,2026-05-08 16:41:41.591171+02,3.17,f,23,0.366,
6449,5,1111,car,Kafasan L3,2026-05-08 16:41:39.724753+02,2026-05-08 16:41:42.60263+02,2.88,f,21,0.755,lane_switch:Kafasan L3>Kafasan L2
6450,5,1116,car,Kafasan L3,2026-05-08 16:41:41.020263+02,2026-05-08 16:41:43.764724+02,2.74,f,20,0.762,lane_switch:Kafasan L3>Kafasan L2
6451,5,1118,car,Kafasan L2,2026-05-08 16:41:42.316273+02,2026-05-08 16:41:45.937745+02,3.62,f,26,0.759,
6454,5,1128,truck,Kafasan L1,2026-05-08 16:41:46.951895+02,2026-05-08 16:41:50.283407+02,3.33,f,24,0.696,lane_switch:Kafasan L1>Kafasan L2>Kafasan L1
6453,5,355,car,,2026-05-08 16:41:47.096615+02,2026-05-08 16:41:49.843532+02,2.75,f,20,0.503,
6458,5,355,car,,2026-05-08 16:41:50.576255+02,2026-05-08 16:42:43.340832+02,52.76,f,180,0.487,
6455,5,1145,car,Kafasan L3,2026-05-08 16:41:52.16256+02,2026-05-08 16:41:54.470559+02,2.31,f,17,0.77,lane_switch:Kafasan L3>Kafasan L2>Kafasan L3
6459,5,1164,truck,Kafasan L1,2026-05-08 16:42:11.420448+02,2026-05-08 16:42:43.920434+02,32.5,f,55,0.849,lane_switch:Kafasan L1>Kafasan L2>Kafasan L1
6456,5,1169,truck,,2026-05-08 16:42:13.451961+02,2026-05-08 16:42:40.615129+02,27.16,f,18,0.569,
6460,5,1175,car,Kafasan L3,2026-05-08 16:42:14.619658+02,2026-05-08 16:42:44.500005+02,29.88,f,37,0.776,
6461,5,1183,bus,Kafasan L2,2026-05-08 16:42:42.620272+02,2026-05-08 16:42:45.935581+02,3.32,f,24,0.811,lane_switch:Kafasan L2>Kafasan L1>Kafasan L2>Kafasan L1
6469,5,1191,car,,2026-05-08 16:42:45.077687+02,2026-05-08 16:45:07.401364+02,142.32,f,362,0.578,
6470,5,355,car,,2026-05-08 16:42:46.655245+02,2026-05-08 16:45:07.695764+02,141.04,f,353,0.484,
6462,5,1017,car,,2026-05-08 16:42:48.801272+02,2026-05-08 16:42:51.39366+02,2.59,f,19,0.344,
6463,5,1017,car,,2026-05-08 16:42:58.024405+02,2026-05-08 16:43:24.185829+02,26.16,f,18,0.323,
6464,5,1017,car,,2026-05-08 16:43:28.609816+02,2026-05-08 16:43:31.743172+02,3.13,f,23,0.331,
6465,5,1017,car,,2026-05-08 16:43:33.892571+02,2026-05-08 16:43:36.05472+02,2.16,f,16,0.343,
6466,5,1210,car,,2026-05-08 16:43:34.03794+02,2026-05-08 16:43:36.91603+02,2.88,f,21,0.348,
6467,5,1210,car,,2026-05-08 16:43:38.786174+02,2026-05-08 16:44:41.292924+02,62.51,f,17,0.359,
6471,5,1220,truck,Kafasan L1,2026-05-08 16:45:00.446792+02,2026-05-08 16:45:08.290285+02,7.84,f,55,0.849,lane_switch:Kafasan L1>Kafasan L2>Kafasan L1
6468,5,1225,truck,,2026-05-08 16:45:02.457913+02,2026-05-08 16:45:04.92868+02,2.47,f,18,0.569,
6472,5,1231,car,Kafasan L3,2026-05-08 16:45:03.617261+02,2026-05-08 16:45:08.880814+02,5.26,f,37,0.776,
6473,5,1239,bus,Kafasan L2,2026-05-08 16:45:06.954062+02,2026-05-08 16:45:10.342143+02,3.39,f,24,0.811,lane_switch:Kafasan L2>Kafasan L1>Kafasan L2>Kafasan L1
6615,5,1247,car,,2026-05-08 16:45:09.473378+02,2026-05-08 17:04:26.406618+02,1156.93,f,4856,0.603,
6485,5,355,car,,2026-05-08 16:45:11.079082+02,2026-05-08 16:46:16.458235+02,65.38,f,416,0.49,
6474,5,1017,car,,2026-05-08 16:45:13.245728+02,2026-05-08 16:45:15.852594+02,2.61,f,19,0.344,
6475,5,1017,car,,2026-05-08 16:45:22.538157+02,2026-05-08 16:45:25.020643+02,2.48,f,18,0.323,
6476,5,1017,car,,2026-05-08 16:45:29.545808+02,2026-05-08 16:45:32.744934+02,3.2,f,23,0.331,
6477,5,1017,car,,2026-05-08 16:45:34.934678+02,2026-05-08 16:45:37.104211+02,2.17,f,16,0.343,
6478,5,1266,car,,2026-05-08 16:45:35.08264+02,2026-05-08 16:45:37.97751+02,2.89,f,21,0.348,
6479,5,1266,car,,2026-05-08 16:45:39.877698+02,2026-05-08 16:45:42.231576+02,2.35,f,17,0.359,
6480,5,1266,car,,2026-05-08 16:45:53.019874+02,2026-05-08 16:45:56.356933+02,3.34,f,21,0.367,
6481,5,1277,truck,Kafasan L2,2026-05-08 16:46:03.794001+02,2026-05-08 16:46:08.405919+02,4.61,f,32,0.714,
6482,5,1017,car,,2026-05-08 16:46:04.985038+02,2026-05-08 16:46:09.14895+02,4.16,f,29,0.326,
6484,5,1266,car,,2026-05-08 16:46:10.635851+02,2026-05-08 16:46:14.357289+02,3.72,f,26,0.342,
6486,5,1285,car,Kafasan L2,2026-05-08 16:46:11.531477+02,2026-05-08 16:46:16.606435+02,5.07,f,35,0.831,lane_switch:Kafasan L2>Kafasan L3
6483,5,1017,car,,2026-05-08 16:46:11.679657+02,2026-05-08 16:46:13.91741+02,2.24,f,16,0.331,
6487,5,1017,car,,2026-05-08 16:46:17.205277+02,2026-05-08 16:46:22.829876+02,5.62,f,24,0.345,
6495,5,355,car,,2026-05-08 16:46:17.205277+02,2026-05-08 16:47:09.166689+02,51.96,f,172,0.514,
6488,5,1017,car,,2026-05-08 16:46:24.898661+02,2026-05-08 16:46:27.689613+02,2.79,f,20,0.352,
6489,5,1266,car,,2026-05-08 16:46:25.634633+02,2026-05-08 16:46:27.837176+02,2.2,f,16,0.357,
6490,5,1266,car,,2026-05-08 16:46:28.140327+02,2026-05-08 16:46:31.706474+02,3.57,f,25,0.386,
6491,5,1017,car,,2026-05-08 16:46:28.432688+02,2026-05-08 16:46:31.853557+02,3.42,f,24,0.338,
6492,5,1296,car,Kafasan L3,2026-05-08 16:46:28.877917+02,2026-05-08 16:46:32.15795+02,3.28,f,23,0.721,
6493,5,1017,car,,2026-05-08 16:46:32.759302+02,2026-05-08 16:46:34.858685+02,2.1,f,15,0.349,
6494,5,1266,car,,2026-05-08 16:46:32.759302+02,2026-05-08 16:46:37.837654+02,5.08,f,35,0.353,
6519,5,355,car,,2026-05-08 16:47:09.470124+02,2026-05-08 16:51:55.412013+02,285.94,f,862,0.514,
6496,5,1266,car,,2026-05-08 16:47:47.696757+02,2026-05-08 16:47:50.239685+02,2.54,f,15,0.351,
6497,5,1314,car,Kafasan L2,2026-05-08 16:47:48.788612+02,2026-05-08 16:47:51.662678+02,2.87,f,17,0.735,
6498,5,1266,car,,2026-05-08 16:47:53.425733+02,2026-05-08 16:47:55.768822+02,2.34,f,16,0.333,
6499,5,1266,car,,2026-05-08 16:48:29.714962+02,2026-05-08 16:48:31.915663+02,2.2,f,16,0.339,
6500,5,1324,car,,2026-05-08 16:48:32.648747+02,2026-05-08 16:48:35.146413+02,2.5,f,18,0.326,
6501,5,1266,car,,2026-05-08 16:48:36.913448+02,2026-05-08 16:48:41.624825+02,4.71,f,33,0.352,
6502,5,1324,car,,2026-05-08 16:48:39.420754+02,2026-05-08 16:48:43.990105+02,4.57,f,32,0.328,
6503,5,1266,car,,2026-05-08 16:48:43.257729+02,2026-05-08 16:49:08.757475+02,25.5,f,15,0.377,
6504,5,1266,car,,2026-05-08 16:49:11.297023+02,2026-05-08 16:49:15.905004+02,4.61,f,32,0.36,
6505,5,1266,car,,2026-05-08 16:49:16.935249+02,2026-05-08 16:49:19.364534+02,2.43,f,17,0.35,
6507,5,1266,car,,2026-05-08 16:49:20.241381+02,2026-05-08 16:49:53.440698+02,33.2,f,70,0.346,
6506,5,1324,car,,2026-05-08 16:49:21.268772+02,2026-05-08 16:49:51.974049+02,30.71,f,53,0.328,
6508,5,1266,car,,2026-05-08 16:49:55.653507+02,2026-05-08 16:50:00.058594+02,4.41,f,31,0.359,
6509,5,1324,car,,2026-05-08 16:49:58.589552+02,2026-05-08 16:50:01.082401+02,2.49,f,18,0.333,
6510,5,1324,car,,2026-05-08 16:50:05.779454+02,2026-05-08 16:51:09.524063+02,63.74,f,25,0.397,
6511,5,1266,car,,2026-05-08 16:50:05.779454+02,2026-05-08 16:51:16.985884+02,71.21,f,35,0.365,
6512,5,1266,car,,2026-05-08 16:51:17.571621+02,2026-05-08 16:51:22.038511+02,4.47,f,32,0.36,
6513,5,1266,car,,2026-05-08 16:51:23.049537+02,2026-05-08 16:51:25.371819+02,2.32,f,17,0.35,
6515,5,1266,car,,2026-05-08 16:51:26.237238+02,2026-05-08 16:51:36.280463+02,10.04,f,70,0.346,
6514,5,1324,car,,2026-05-08 16:51:27.262749+02,2026-05-08 16:51:34.817735+02,7.55,f,53,0.328,
6516,5,1266,car,,2026-05-08 16:51:38.48443+02,2026-05-08 16:51:42.900127+02,4.42,f,31,0.359,
6517,5,1324,car,,2026-05-08 16:51:41.438502+02,2026-05-08 16:51:43.946333+02,2.51,f,18,0.333,
6518,5,1266,car,,2026-05-08 16:51:48.521953+02,2026-05-08 16:51:52.617769+02,4.1,f,29,0.378,
6520,5,1324,car,,2026-05-08 16:51:48.521953+02,2026-05-08 16:51:55.412013+02,6.89,f,48,0.368,
6528,5,355,car,,2026-05-08 16:51:56.001552+02,2026-05-08 16:52:23.343582+02,27.34,f,186,0.521,
6521,5,1266,car,,2026-05-08 16:51:57.187034+02,2026-05-08 16:51:59.248653+02,2.06,f,15,0.357,
6522,5,1266,car,,2026-05-08 16:52:00.282657+02,2026-05-08 16:52:06.17408+02,5.89,f,41,0.364,
6523,5,1324,car,,2026-05-08 16:52:04.114332+02,2026-05-08 16:52:06.17408+02,2.06,f,15,0.344,
6525,5,1266,car,,2026-05-08 16:52:09.131156+02,2026-05-08 16:52:16.435402+02,7.3,f,50,0.338,
6524,5,1324,car,,2026-05-08 16:52:09.280585+02,2026-05-08 16:52:16.289984+02,7.01,f,48,0.314,
6526,5,1324,car,,2026-05-08 16:52:18.343852+02,2026-05-08 16:52:22.756067+02,4.41,f,31,0.324,
6527,5,1377,car,Kafasan L2,2026-05-08 16:52:19.969755+02,2026-05-08 16:52:23.343582+02,3.37,f,24,0.816,
6529,5,355,car,,2026-05-08 16:52:24.079432+02,2026-05-08 16:52:31.011775+02,6.93,f,48,0.467,
6530,5,1383,car,Kafasan L2,2026-05-08 16:52:28.041253+02,2026-05-08 16:52:35.428594+02,7.39,f,51,0.919,lane_switch:Kafasan L2>Kafasan L3
6541,5,355,car,,2026-05-08 16:52:31.309648+02,2026-05-08 16:53:38.673097+02,67.36,f,267,0.513,
6532,5,1382,car,,2026-05-08 16:52:33.523269+02,2026-05-08 16:52:37.634664+02,4.11,f,29,0.38,
6531,5,1324,car,,2026-05-08 16:52:35.137535+02,2026-05-08 16:52:37.634664+02,2.5,f,18,0.326,
6533,5,1324,car,,2026-05-08 16:52:40.727769+02,2026-05-08 16:52:42.790427+02,2.06,f,15,0.346,
6534,5,1324,car,,2026-05-08 16:52:51.712661+02,2026-05-08 16:52:56.789402+02,5.08,f,36,0.326,
6535,5,1382,car,,2026-05-08 16:52:52.437936+02,2026-05-08 16:52:57.525382+02,5.09,f,36,0.331,
6537,5,1324,car,,2026-05-08 16:53:03.258499+02,2026-05-08 16:53:07.356996+02,4.1,f,29,0.346,
6538,5,1382,car,,2026-05-08 16:53:03.258499+02,2026-05-08 16:53:34.31218+02,31.05,f,53,0.34,
6536,5,1409,car,Kafasan L2,2026-05-08 16:53:03.406177+02,2026-05-08 16:53:07.356996+02,3.95,f,28,0.612,
6540,5,1410,car,Kafasan L2,2026-05-08 16:53:34.605561+02,2026-05-08 16:53:38.082571+02,3.48,f,25,0.705,
6539,5,1382,car,,2026-05-08 16:53:35.038613+02,2026-05-08 16:53:37.930663+02,2.89,f,21,0.341,
6542,5,1416,car,Kafasan L2,2026-05-08 16:53:35.906632+02,2026-05-08 16:53:39.265813+02,3.36,f,24,0.741,
6552,5,355,car,,2026-05-08 16:53:38.972984+02,2026-05-08 16:56:00.24332+02,141.27,f,463,0.505,
6544,5,1324,car,,2026-05-08 16:53:39.412852+02,2026-05-08 16:53:44.362685+02,4.95,f,35,0.364,
6545,5,1382,car,,2026-05-08 16:53:40.142166+02,2026-05-08 16:53:44.950888+02,4.81,f,34,0.34,
6543,5,1426,car,,2026-05-08 16:53:40.286011+02,2026-05-08 16:53:42.750225+02,2.46,f,18,0.594,
6546,5,1430,car,,2026-05-08 16:54:57.702752+02,2026-05-08 16:55:02.634198+02,4.93,f,33,0.327,
6547,5,1430,car,,2026-05-08 16:55:09.384227+02,2026-05-08 16:55:12.81011+02,3.43,f,23,0.335,
6548,5,1430,car,,2026-05-08 16:55:13.690007+02,2026-05-08 16:55:39.233028+02,25.54,f,20,0.345,
6549,5,1447,car,,2026-05-08 16:55:47.650154+02,2026-05-08 16:55:50.646093+02,3,f,19,0.349,
6551,5,1447,car,,2026-05-08 16:55:52.336159+02,2026-05-08 16:55:58.28297+02,5.95,f,25,0.348,
6550,5,1450,car,,2026-05-08 16:55:52.641693+02,2026-05-08 16:55:55.525191+02,2.88,f,20,0.357,
6553,5,1460,car,Kafasan L2,2026-05-08 16:55:58.433146+02,2026-05-08 16:56:04.850756+02,6.42,f,43,0.924,lane_switch:Kafasan L2>Kafasan L3
6564,5,355,car,,2026-05-08 16:56:00.546017+02,2026-05-08 16:56:40.367027+02,39.82,f,267,0.513,
6554,5,1450,car,,2026-05-08 16:56:02.845077+02,2026-05-08 16:56:07.097052+02,4.25,f,29,0.38,
6555,5,1447,car,,2026-05-08 16:56:04.540101+02,2026-05-08 16:56:07.097052+02,2.56,f,18,0.326,
6556,5,1447,car,,2026-05-08 16:56:10.206272+02,2026-05-08 16:56:12.276165+02,2.07,f,15,0.346,
6557,5,1447,car,,2026-05-08 16:56:16.388556+02,2026-05-08 16:56:21.587554+02,5.2,f,36,0.326,
6558,5,1450,car,,2026-05-08 16:56:17.126814+02,2026-05-08 16:56:22.345743+02,5.22,f,36,0.331,
6560,5,1447,car,,2026-05-08 16:56:28.086489+02,2026-05-08 16:56:32.252782+02,4.17,f,29,0.346,
6561,5,1450,car,,2026-05-08 16:56:28.086489+02,2026-05-08 16:56:35.823531+02,7.74,f,53,0.34,
6559,5,1477,car,Kafasan L2,2026-05-08 16:56:28.231046+02,2026-05-08 16:56:32.252782+02,4.02,f,28,0.612,
6563,5,1478,car,Kafasan L2,2026-05-08 16:56:36.120146+02,2026-05-08 16:56:39.766386+02,3.65,f,25,0.705,
6562,5,1450,car,,2026-05-08 16:56:36.559739+02,2026-05-08 16:56:39.621353+02,3.06,f,21,0.341,
6565,5,1484,car,Kafasan L2,2026-05-08 16:56:37.501079+02,2026-05-08 16:56:40.990012+02,3.49,f,24,0.741,
6585,5,355,car,,2026-05-08 16:56:40.663815+02,2026-05-08 17:00:42.523315+02,241.86,f,1086,0.507,
6567,5,1447,car,,2026-05-08 16:56:41.144444+02,2026-05-08 16:56:46.341222+02,5.2,f,35,0.364,
6568,5,1450,car,,2026-05-08 16:56:41.928566+02,2026-05-08 16:56:46.929828+02,5,f,34,0.34,
6566,5,1494,car,,2026-05-08 16:56:42.103965+02,2026-05-08 16:56:44.666062+02,2.56,f,18,0.594,
6569,5,1498,car,,2026-05-08 16:57:13.283082+02,2026-05-08 16:57:17.999746+02,4.72,f,33,0.327,
6570,5,1498,car,,2026-05-08 16:57:24.636691+02,2026-05-08 16:57:27.889002+02,3.25,f,23,0.335,
6571,5,1498,car,,2026-05-08 16:57:28.769273+02,2026-05-08 16:57:31.577049+02,2.81,f,20,0.345,
6572,5,1515,car,,2026-05-08 16:57:39.809227+02,2026-05-08 16:57:42.773553+02,2.96,f,19,0.349,
6574,5,1515,car,,2026-05-08 16:57:44.578288+02,2026-05-08 16:57:48.245177+02,3.67,f,24,0.348,
6573,5,1518,car,,2026-05-08 16:57:44.901381+02,2026-05-08 16:57:47.933408+02,3.03,f,20,0.357,
6575,5,1538,car,Kafasan L2,2026-05-08 16:58:11.672811+02,2026-05-08 16:58:14.716219+02,3.04,f,18,0.718,
6576,5,1515,car,,2026-05-08 16:58:11.86575+02,2026-05-08 16:58:14.716219+02,2.85,f,17,0.334,
6577,5,1534,car,,2026-05-08 16:58:25.49582+02,2026-05-08 16:58:29.640586+02,4.14,f,24,0.348,
6578,5,1534,car,,2026-05-08 16:59:50.637015+02,2026-05-08 16:59:54.047912+02,3.41,f,24,0.348,
6579,5,1534,car,,2026-05-08 17:00:03.599223+02,2026-05-08 17:00:07.174641+02,3.58,f,24,0.349,
6580,5,1547,car,,2026-05-08 17:00:08.067873+02,2026-05-08 17:00:11.468461+02,3.4,f,24,0.323,
6581,5,1547,car,,2026-05-08 17:00:31.833443+02,2026-05-08 17:00:34.022933+02,2.19,f,16,0.331,
6582,5,1534,car,,2026-05-08 17:00:33.149349+02,2026-05-08 17:00:36.229509+02,3.08,f,22,0.355,
6583,5,1547,car,,2026-05-08 17:00:34.90511+02,2026-05-08 17:00:37.126133+02,2.22,f,16,0.356,
6584,5,1534,car,,2026-05-08 17:00:37.731409+02,2026-05-08 17:00:40.414013+02,2.68,f,19,0.349,
6587,5,1547,car,,2026-05-08 17:00:37.731409+02,2026-05-08 17:01:07.2156+02,29.48,f,42,0.347,
6586,5,1534,car,,2026-05-08 17:00:41.18482+02,2026-05-08 17:01:06.618199+02,25.43,f,15,0.338,
6591,5,355,car,,2026-05-08 17:01:08.253512+02,2026-05-08 17:01:56.316963+02,48.06,f,169,0.52,
6588,5,1589,car,,2026-05-08 17:01:23.263659+02,2026-05-08 17:01:48.457434+02,25.19,f,15,0.328,
6590,5,1589,car,,2026-05-08 17:01:49.205523+02,2026-05-08 17:01:52.786033+02,3.58,f,25,0.346,
6589,5,1592,car,,2026-05-08 17:01:50.722202+02,2026-05-08 17:01:52.786033+02,2.06,f,15,0.334,
6592,5,355,car,,2026-05-08 17:01:57.207362+02,2026-05-08 17:01:59.291008+02,2.08,f,15,0.473,
6596,5,355,car,,2026-05-08 17:01:59.593558+02,2026-05-08 17:02:17.102202+02,17.51,f,101,0.535,
6593,5,1589,car,,2026-05-08 17:02:00.926637+02,2026-05-08 17:02:03.587899+02,2.66,f,19,0.364,
6595,5,1589,car,,2026-05-08 17:02:06.59126+02,2026-05-08 17:02:16.796824+02,10.21,f,52,0.344,
6594,5,1592,car,,2026-05-08 17:02:07.677312+02,2026-05-08 17:02:11.570032+02,3.89,f,26,0.343,
6603,5,355,car,,2026-05-08 17:02:18.769796+02,2026-05-08 17:03:00.800957+02,42.03,f,271,0.501,
6597,5,1589,car,,2026-05-08 17:02:25.549782+02,2026-05-08 17:02:27.80491+02,2.26,f,16,0.365,
6598,5,1592,car,,2026-05-08 17:02:29.914174+02,2026-05-08 17:02:32.123053+02,2.21,f,15,0.326,
6599,5,1592,car,,2026-05-08 17:02:49.417498+02,2026-05-08 17:02:52.079669+02,2.66,f,18,0.327,
6600,5,1630,car,,2026-05-08 17:02:51.006457+02,2026-05-08 17:02:54.206558+02,3.2,f,22,0.35,
6601,5,1592,car,,2026-05-08 17:02:52.854226+02,2026-05-08 17:02:55.117031+02,2.26,f,16,0.352,
6602,5,1630,car,,2026-05-08 17:02:55.563231+02,2026-05-08 17:02:58.479526+02,2.92,f,20,0.346,
6604,5,1592,car,,2026-05-08 17:02:55.865788+02,2026-05-08 17:03:02.065802+02,6.2,f,41,0.346,
6607,5,355,car,,2026-05-08 17:03:03.322053+02,2026-05-08 17:03:29.466979+02,26.14,f,169,0.518,
6605,5,1652,car,,2026-05-08 17:03:04.686767+02,2026-05-08 17:03:07.409146+02,2.72,f,19,0.331,
6606,5,1652,car,,2026-05-08 17:03:21.928947+02,2026-05-08 17:03:25.63166+02,3.7,f,25,0.346,
6608,5,1652,car,,2026-05-08 17:03:28.317531+02,2026-05-08 17:03:31.45972+02,3.14,f,20,0.329,
6612,5,355,car,,2026-05-08 17:03:30.419737+02,2026-05-08 17:03:52.8747+02,22.45,f,117,0.527,
6609,5,1652,car,,2026-05-08 17:03:34.540039+02,2026-05-08 17:03:37.92405+02,3.38,f,20,0.361,
6611,5,1652,car,,2026-05-08 17:03:41.323187+02,2026-05-08 17:03:52.541233+02,11.22,f,53,0.344,
6610,5,1655,car,,2026-05-08 17:03:42.519806+02,2026-05-08 17:03:47.019742+02,4.5,f,27,0.342,
6616,5,355,car,,2026-05-08 17:03:54.670979+02,2026-05-08 17:04:26.591846+02,31.92,f,160,0.493,
6614,5,1689,car,Kafasan L2,2026-05-08 17:04:20.404959+02,2026-05-08 17:04:25.82059+02,5.42,f,29,0.72,
6613,5,1655,car,,2026-05-08 17:04:22.65252+02,2026-05-08 17:04:25.404799+02,2.75,f,15,0.373,
6649,5,1247,car,,2026-05-08 17:04:26.78061+02,2026-05-08 17:10:38.587548+02,371.81,f,1248,0.568, [stream_end]
6630,5,355,car,,2026-05-08 17:04:27.401175+02,2026-05-08 17:07:29.206062+02,181.8,f,598,0.507,
6617,5,1652,car,,2026-05-08 17:04:31.946821+02,2026-05-08 17:04:34.485141+02,2.54,f,15,0.33,
6618,5,1652,car,,2026-05-08 17:04:40.573357+02,2026-05-08 17:04:43.989709+02,3.42,f,21,0.357,
6619,5,1655,car,,2026-05-08 17:04:41.620529+02,2026-05-08 17:04:43.989709+02,2.37,f,15,0.35,
6620,5,1652,car,,2026-05-08 17:04:54.90487+02,2026-05-08 17:04:57.965962+02,3.06,f,19,0.357,
6621,5,1655,car,,2026-05-08 17:04:54.90487+02,2026-05-08 17:05:20.848058+02,25.94,f,35,0.34,
6622,5,1652,car,,2026-05-08 17:05:24.585365+02,2026-05-08 17:05:26.954542+02,2.37,f,17,0.33,
6623,5,1652,car,,2026-05-08 17:05:29.768345+02,2026-05-08 17:05:33.741996+02,3.97,f,27,0.332,
6624,5,1652,car,,2026-05-08 17:06:49.778206+02,2026-05-08 17:06:52.334579+02,2.56,f,17,0.33,
6625,5,1652,car,,2026-05-08 17:06:55.174924+02,2026-05-08 17:06:59.134699+02,3.96,f,27,0.332,
6626,5,1652,car,,2026-05-08 17:07:11.679565+02,2026-05-08 17:07:14.428393+02,2.75,f,19,0.335,
6627,5,1652,car,,2026-05-08 17:07:16.112875+02,2026-05-08 17:07:18.903883+02,2.79,f,19,0.343,
6628,5,1734,car,,2026-05-08 17:07:21.325641+02,2026-05-08 17:07:27.051336+02,5.73,f,39,0.311,
6629,5,1736,car,,2026-05-08 17:07:23.745876+02,2026-05-08 17:07:29.206062+02,5.46,f,37,0.346,
6642,5,355,car,,2026-05-08 17:07:30.30781+02,2026-05-08 17:09:55.834943+02,145.53,f,508,0.496,
6631,5,1736,car,,2026-05-08 17:07:34.786556+02,2026-05-08 17:07:37.337737+02,2.55,f,18,0.334,
6632,5,1736,car,,2026-05-08 17:07:39.112362+02,2026-05-08 17:07:43.491858+02,4.38,f,29,0.323,
6633,5,1743,car,,2026-05-08 17:07:52.534804+02,2026-05-08 17:07:56.605153+02,4.07,f,28,0.377,
6634,5,1745,car,Kafasan L2,2026-05-08 17:08:00.47726+02,2026-05-08 17:08:27.323704+02,26.85,f,26,0.815,
6636,5,1743,car,,2026-05-08 17:08:30.041092+02,2026-05-08 17:08:36.046876+02,6.01,f,39,0.363,
6635,5,1740,car,,2026-05-08 17:08:33.054436+02,2026-05-08 17:08:36.046876+02,2.99,f,20,0.344,
6637,5,1759,truck,Kafasan L2,2026-05-08 17:08:40.740376+02,2026-05-08 17:09:09.421714+02,28.68,f,42,0.847,
6638,5,1743,car,,2026-05-08 17:08:43.514205+02,2026-05-08 17:09:12.281223+02,28.77,f,43,0.328,
6639,5,1763,car,,2026-05-08 17:09:49.39261+02,2026-05-08 17:09:53.381035+02,3.99,f,28,0.759,
6640,5,1765,car,,2026-05-08 17:09:49.39261+02,2026-05-08 17:09:53.381035+02,3.99,f,28,0.368,
6641,5,1764,car,,2026-05-08 17:09:49.39261+02,2026-05-08 17:09:53.53663+02,4.14,f,29,0.375,
6648,5,355,car,,2026-05-08 17:09:56.277625+02,2026-05-08 17:10:37.844475+02,41.57,f,126,0.47,
6643,5,1765,car,,2026-05-08 17:10:00.109937+02,2026-05-08 17:10:02.309069+02,2.2,f,16,0.306,
6645,5,1764,car,,2026-05-08 17:10:00.109937+02,2026-05-08 17:10:05.690795+02,5.58,f,38,0.34,
6644,5,1768,car,,2026-05-08 17:10:00.255916+02,2026-05-08 17:10:04.241733+02,3.99,f,28,0.751,
6646,5,1765,car,,2026-05-08 17:10:05.196209+02,2026-05-08 17:10:30.635021+02,25.44,f,17,0.311,
6647,5,1764,car,,2026-05-08 17:10:06.05148+02,2026-05-08 17:10:31.795292+02,25.74,f,20,0.314,
6659,5,4,car,,2026-05-08 18:46:14.111942+02,2026-05-08 18:47:33.045719+02,78.93,f,543,0.464,
6674,5,1,car,,2026-05-08 18:46:14.111942+02,2026-05-08 19:46:08.641955+02,3594.53,f,1193,0.874,
6676,5,3,car,,2026-05-08 18:46:14.111942+02,2026-05-08 19:46:08.641955+02,3594.53,f,1193,0.579,
6650,5,5,truck,,2026-05-08 18:46:15.830636+02,2026-05-08 18:46:19.125219+02,3.29,f,24,0.359,
6651,5,6,car,,2026-05-08 18:46:15.830636+02,2026-05-08 18:46:19.125219+02,3.29,f,24,0.325,
6652,5,16,car,Kafasan L2,2026-05-08 18:46:39.88042+02,2026-05-08 18:46:42.56761+02,2.69,f,20,0.705,
6653,5,15,car,,2026-05-08 18:46:42.56761+02,2026-05-08 18:46:44.578147+02,2.01,f,15,0.346,
6654,5,17,truck,,2026-05-08 18:46:47.271336+02,2026-05-08 18:46:49.521009+02,2.25,f,17,0.34,
6655,5,34,car,Kafasan L2,2026-05-08 18:46:51.503822+02,2026-05-08 18:46:54.596562+02,3.09,f,23,0.677,
6656,5,17,truck,,2026-05-08 18:46:52.215335+02,2026-05-08 18:46:55.299221+02,3.08,f,23,0.319,
6657,5,17,truck,,2026-05-08 18:47:11.83738+02,2026-05-08 18:47:13.808642+02,1.97,f,15,0.505,
6658,5,44,car,Kafasan L3,2026-05-08 18:47:15.509786+02,2026-05-08 18:47:18.61427+02,3.1,f,23,0.716,lane_switch:Kafasan L3>Kafasan L2
6660,5,35,car,,2026-05-08 18:47:33.896799+02,2026-05-08 18:47:41.259552+02,7.36,f,53,0.319,
6661,5,4,car,,2026-05-08 18:47:33.896799+02,2026-05-08 18:47:44.41127+02,10.51,f,75,0.468,
6677,5,4,car,,2026-05-08 18:47:47.964853+02,2026-05-08 19:46:08.641955+02,3500.68,f,546,0.473,
6662,5,35,car,,2026-05-08 18:47:53.41394+02,2026-05-08 18:48:02.658942+02,9.25,f,66,0.34,
6663,5,67,truck,,2026-05-08 18:47:54.136905+02,2026-05-08 18:48:02.658942+02,8.52,f,61,0.392,
6665,5,86,car,,2026-05-08 18:47:55.270925+02,2026-05-08 18:48:02.658942+02,7.39,f,53,0.321,
6664,5,93,car,Kafasan L2,2026-05-08 18:47:55.412674+02,2026-05-08 18:48:02.658942+02,7.25,f,52,0.795,
6666,5,35,car,,2026-05-08 18:48:02.94602+02,2026-05-08 18:48:06.226556+02,3.28,f,24,0.325,
6667,5,67,truck,,2026-05-08 18:48:02.94602+02,2026-05-08 18:48:06.226556+02,3.28,f,24,0.359,
6668,5,102,car,Kafasan L2,2026-05-08 18:48:27.249746+02,2026-05-08 18:48:30.012898+02,2.76,f,20,0.705,
6669,5,101,car,,2026-05-08 18:48:30.012898+02,2026-05-08 18:48:32.116285+02,2.1,f,15,0.346,
6670,5,103,truck,,2026-05-08 18:48:34.814252+02,2026-05-08 18:48:37.103071+02,2.29,f,17,0.34,
6671,5,120,car,Kafasan L2,2026-05-08 19:00:02.806714+02,2026-05-08 19:00:06.218398+02,3.41,f,23,0.677,
6672,5,103,truck,,2026-05-08 19:00:03.512576+02,2026-05-08 19:00:07.48066+02,3.97,f,23,0.319,
6673,5,103,truck,,2026-05-08 19:30:20.528044+02,2026-05-08 19:30:23.38121+02,2.85,f,15,0.505,
6675,5,130,car,Kafasan L3,2026-05-08 19:30:25.926782+02,2026-05-08 19:46:08.641955+02,942.72,f,19,0.712,lane_switch:Kafasan L3>Kafasan L2
6767,5,1,car,,2026-05-09 14:48:04.759947+02,2026-05-09 14:57:48.486751+02,583.73,f,1872,0.931, [stream_end]
6682,5,3,car,,2026-05-09 14:48:04.759947+02,2026-05-09 14:48:33.193967+02,28.43,f,201,0.419,
6691,5,4,car,,2026-05-09 14:48:04.759947+02,2026-05-09 14:49:04.557382+02,59.8,f,420,0.399,
6693,5,2,car,,2026-05-09 14:48:04.759947+02,2026-05-09 14:49:14.214891+02,69.45,f,488,0.468,
6678,5,5,car,,2026-05-09 14:48:08.12856+02,2026-05-09 14:48:15.496468+02,7.37,f,53,0.402,
6679,5,5,car,,2026-05-09 14:48:16.918556+02,2026-05-09 14:48:19.586001+02,2.67,f,20,0.363,
6680,5,5,car,,2026-05-09 14:48:22.443561+02,2026-05-09 14:48:24.704236+02,2.26,f,17,0.35,
6681,5,5,car,,2026-05-09 14:48:26.256202+02,2026-05-09 14:48:28.512455+02,2.26,f,17,0.306,
6683,5,42,car,Kafasan L1,2026-05-09 14:48:30.076748+02,2026-05-09 14:48:34.626393+02,4.55,f,33,0.635,
6686,5,3,car,,2026-05-09 14:48:33.477882+02,2026-05-09 14:48:45.836768+02,12.36,f,88,0.377,
6685,5,42,car,Kafasan L1,2026-05-09 14:48:34.914628+02,2026-05-09 14:48:44.686813+02,9.77,f,70,0.629,
6684,5,5,car,,2026-05-09 14:48:39.568977+02,2026-05-09 14:48:43.537984+02,3.97,f,29,0.331,
6687,5,42,car,Kafasan L1,2026-05-09 14:48:44.976733+02,2026-05-09 14:48:49.602313+02,4.63,f,33,0.573,
6705,5,3,car,,2026-05-09 14:48:46.71084+02,2026-05-09 14:50:31.076068+02,104.37,f,396,0.436,
6688,5,56,car,,2026-05-09 14:48:51.323774+02,2026-05-09 14:48:57.591449+02,6.27,f,44,0.404,
6689,5,5,car,,2026-05-09 14:48:51.323774+02,2026-05-09 14:48:57.591449+02,6.27,f,44,0.321,
6692,5,42,car,Kafasan L1,2026-05-09 14:48:51.472229+02,2026-05-09 14:49:05.843341+02,14.37,f,101,0.612,
6690,5,5,car,,2026-05-09 14:48:58.299593+02,2026-05-09 14:49:01.848629+02,3.55,f,26,0.356,
6696,5,4,car,,2026-05-09 14:49:04.991386+02,2026-05-09 14:49:41.261612+02,36.27,f,87,0.425,
6694,5,5,car,,2026-05-09 14:49:05.984315+02,2026-05-09 14:49:14.929753+02,8.95,f,64,0.335,
6697,5,42,car,Kafasan L1,2026-05-09 14:49:06.128379+02,2026-05-09 14:49:41.690847+02,35.56,f,82,0.525,
6695,5,2,car,,2026-05-09 14:49:14.644817+02,2026-05-09 14:49:40.973994+02,26.33,f,17,0.445,
6701,5,5,car,,2026-05-09 14:49:39.255499+02,2026-05-09 14:49:54.398014+02,15.14,f,107,0.36,
6703,5,2,car,,2026-05-09 14:49:43.124649+02,2026-05-09 14:50:26.066093+02,42.94,f,135,0.418,
6707,5,4,car,,2026-05-09 14:49:44.566413+02,2026-05-09 14:50:33.065046+02,48.5,f,174,0.413,
6700,5,42,truck,Kafasan L1,2026-05-09 14:49:44.851716+02,2026-05-09 14:49:52.680719+02,7.83,f,56,0.465,
6698,5,94,car,,2026-05-09 14:49:49.385626+02,2026-05-09 14:49:51.95893+02,2.57,f,19,0.372,
6699,5,95,car,,2026-05-09 14:49:49.385626+02,2026-05-09 14:49:51.95893+02,2.57,f,19,0.312,
6702,5,42,car,Kafasan L1,2026-05-09 14:49:53.825521+02,2026-05-09 14:49:56.831055+02,3.01,f,22,0.612,
6706,5,5,car,,2026-05-09 14:49:54.682022+02,2026-05-09 14:50:31.076068+02,36.39,f,89,0.387,
6704,5,42,car,Kafasan L1,2026-05-09 14:50:20.952017+02,2026-05-09 14:50:28.361497+02,7.41,f,53,0.548,
6715,5,2,car,,2026-05-09 14:50:27.356366+02,2026-05-09 14:51:18.869678+02,51.51,f,195,0.379,
6708,5,42,car,Kafasan L1,2026-05-09 14:50:28.646887+02,2026-05-09 14:50:33.631091+02,4.98,f,36,0.53,
6711,5,5,car,,2026-05-09 14:50:31.649281+02,2026-05-09 14:51:05.202471+02,33.55,f,69,0.362,
6712,5,3,car,,2026-05-09 14:50:31.934552+02,2026-05-09 14:51:05.344739+02,33.41,f,68,0.449,
6710,5,115,car,Kafasan L1,2026-05-09 14:50:33.349408+02,2026-05-09 14:51:05.202471+02,31.85,f,57,0.656,
6709,5,4,car,,2026-05-09 14:50:33.775565+02,2026-05-09 14:50:38.43777+02,4.66,f,34,0.481,
6713,5,4,car,,2026-05-09 14:51:05.344739+02,2026-05-09 14:51:08.492596+02,3.15,f,23,0.425,
6728,5,3,car,,2026-05-09 14:51:08.784345+02,2026-05-09 14:53:17.888775+02,129.1,f,403,0.428,
6722,5,4,car,,2026-05-09 14:51:08.784345+02,2026-05-09 14:52:37.85549+02,89.07,f,291,0.416,
6714,5,134,car,Kafasan L2,2026-05-09 14:51:11.639065+02,2026-05-09 14:51:14.75262+02,3.11,f,23,0.64,
6716,5,133,car,,2026-05-09 14:51:15.036635+02,2026-05-09 14:51:19.29453+02,4.26,f,31,0.325,
6720,5,2,car,,2026-05-09 14:51:19.29453+02,2026-05-09 14:52:32.159584+02,72.87,f,177,0.393,
6724,5,137,car,,2026-05-09 14:51:46.62694+02,2026-05-09 14:53:15.568778+02,88.94,f,289,0.396,
6717,5,139,car,Kafasan L2,2026-05-09 14:51:55.415288+02,2026-05-09 14:51:57.981011+02,2.57,f,19,0.669,
6718,5,140,car,,2026-05-09 14:51:55.415288+02,2026-05-09 14:51:57.981011+02,2.57,f,19,0.306,
6719,5,144,car,Kafasan L2,2026-05-09 14:52:28.328438+02,2026-05-09 14:52:32.159584+02,3.83,f,28,0.831,
6721,5,140,car,,2026-05-09 14:52:32.303382+02,2026-05-09 14:52:36.137301+02,3.83,f,28,0.315,
6725,5,4,car,,2026-05-09 14:52:42.721525+02,2026-05-09 14:53:15.568778+02,32.85,f,63,0.327,
6727,5,2,car,,2026-05-09 14:52:43.427376+02,2026-05-09 14:53:15.85796+02,32.43,f,60,0.382,
6723,5,148,car,,2026-05-09 14:52:43.571003+02,2026-05-09 14:53:12.121115+02,28.55,f,33,0.334,
6726,5,150,car,,2026-05-09 14:53:12.413176+02,2026-05-09 14:53:15.568778+02,3.16,f,23,0.313,
6729,5,137,car,,2026-05-09 14:53:16.439675+02,2026-05-09 14:53:20.500755+02,4.06,f,29,0.397,
6738,5,4,car,,2026-05-09 14:53:17.163431+02,2026-05-09 14:54:32.226283+02,75.06,f,193,0.416,
6730,5,3,car,,2026-05-09 14:53:18.178545+02,2026-05-09 14:53:20.500755+02,2.32,f,17,0.434,
6735,5,2,car,,2026-05-09 14:53:19.777718+02,2026-05-09 14:54:06.268629+02,46.49,f,160,0.398,
6732,5,137,car,,2026-05-09 14:53:21.227916+02,2026-05-09 14:53:53.232626+02,32,f,59,0.347,
6731,5,3,car,,2026-05-09 14:53:21.227916+02,2026-05-09 14:53:52.513504+02,31.29,f,54,0.41,
6733,5,154,car,Kafasan L3,2026-05-09 14:53:53.959582+02,2026-05-09 14:53:56.840528+02,2.88,f,21,0.798,lane_switch:Kafasan L3>Kafasan L2>Kafasan L3
6736,5,3,car,,2026-05-09 14:53:57.13311+02,2026-05-09 14:54:32.082755+02,34.95,f,79,0.454,
6734,5,137,car,,2026-05-09 14:53:57.565735+02,2026-05-09 14:53:59.57196+02,2.01,f,15,0.394,
6737,5,137,car,,2026-05-09 14:54:00.293104+02,2026-05-09 14:54:32.226283+02,31.93,f,58,0.351,
6743,5,2,car,,2026-05-09 14:54:32.371853+02,2026-05-09 14:54:47.551166+02,15.18,f,107,0.401,
6744,5,4,car,,2026-05-09 14:54:32.665186+02,2026-05-09 14:55:19.095979+02,46.43,f,115,0.382,
6739,5,137,car,,2026-05-09 14:54:32.953309+02,2026-05-09 14:54:35.683191+02,2.73,f,20,0.373,
6740,5,3,car,,2026-05-09 14:54:33.239003+02,2026-05-09 14:54:35.683191+02,2.44,f,18,0.396,
6746,5,3,car,,2026-05-09 14:54:36.553305+02,2026-05-09 14:55:50.063837+02,73.51,f,94,0.436,
6742,5,137,car,,2026-05-09 14:54:36.553305+02,2026-05-09 14:54:44.962686+02,8.41,f,60,0.342,
6741,5,170,car,Kafasan L2,2026-05-09 14:54:42.24737+02,2026-05-09 14:54:44.67509+02,2.43,f,18,0.815,
6745,5,137,car,,2026-05-09 14:54:46.832551+02,2026-05-09 14:55:50.063837+02,63.23,f,22,0.37,
6747,5,2,car,,2026-05-09 14:55:49.77657+02,2026-05-09 14:56:57.313647+02,67.54,f,37,0.382,
6748,5,4,car,,2026-05-09 14:56:52.74684+02,2026-05-09 14:56:59.460084+02,6.71,f,48,0.428,
6754,5,3,car,,2026-05-09 14:56:52.890097+02,2026-05-09 14:57:14.70493+02,21.81,f,153,0.393,
6749,5,173,car,,2026-05-09 14:56:57.025695+02,2026-05-09 14:56:59.460084+02,2.43,f,18,0.341,
6759,5,4,car,,2026-05-09 14:56:59.749474+02,2026-05-09 14:57:23.503427+02,23.75,f,166,0.421,
6750,5,180,car,,2026-05-09 14:57:00.041256+02,2026-05-09 14:57:05.052813+02,5.01,f,36,0.416,
6751,5,180,car,,2026-05-09 14:57:05.772281+02,2026-05-09 14:57:10.535761+02,4.76,f,34,0.412,
6752,5,173,car,,2026-05-09 14:57:08.633871+02,2026-05-09 14:57:11.9737+02,3.34,f,24,0.369,
6753,5,180,car,,2026-05-09 14:57:12.11542+02,2026-05-09 14:57:14.411711+02,2.3,f,17,0.458,
6757,5,3,car,,2026-05-09 14:57:16.293843+02,2026-05-09 14:57:22.496724+02,6.2,f,44,0.426,
6755,5,180,car,,2026-05-09 14:57:16.293843+02,2026-05-09 14:57:19.453095+02,3.16,f,23,0.401,
6756,5,173,car,,2026-05-09 14:57:17.013395+02,2026-05-09 14:57:20.757709+02,3.74,f,27,0.353,
6758,5,180,car,,2026-05-09 14:57:19.745841+02,2026-05-09 14:57:22.496724+02,2.75,f,20,0.403,
6760,5,180,car,,2026-05-09 14:57:24.371464+02,2026-05-09 14:57:26.827315+02,2.46,f,18,0.349,
6765,5,4,car,,2026-05-09 14:57:26.107284+02,2026-05-09 14:57:46.438704+02,20.33,f,125,0.412,
6761,5,3,car,,2026-05-09 14:57:26.107284+02,2026-05-09 14:57:29.28765+02,3.18,f,23,0.384,
6768,5,3,car,,2026-05-09 14:57:29.581389+02,2026-05-09 14:57:48.486751+02,18.91,f,115,0.441, [stream_end]
6762,5,180,car,,2026-05-09 14:57:31.45346+02,2026-05-09 14:57:37.663144+02,6.21,f,44,0.433,
6764,5,208,car,,2026-05-09 14:57:34.784849+02,2026-05-09 14:57:45.529735+02,10.74,f,59,0.374,
6763,5,215,car,,2026-05-09 14:57:35.790582+02,2026-05-09 14:57:38.524343+02,2.73,f,20,0.341,
6766,5,180,car,,2026-05-09 14:57:38.096052+02,2026-05-09 14:57:47.322074+02,9.23,f,48,0.382,
6770,5,1,car,,2026-05-09 20:27:09.403355+02,2026-05-09 20:27:19.653133+02,10.25,f,73,0.717,
6769,5,2,car,,2026-05-09 20:27:13.841219+02,2026-05-09 20:27:16.187757+02,2.35,f,17,0.423,
6771,5,2,car,,2026-05-09 20:27:17.190021+02,2026-05-09 20:27:19.653133+02,2.46,f,18,0.41,
6772,5,1,car,,2026-05-09 20:27:19.949066+02,2026-05-09 20:27:26.664485+02,6.72,f,49,0.695,
6773,5,35,car,,2026-05-09 20:27:29.579536+02,2026-05-09 20:27:34.045199+02,4.47,f,17,0.732,
6774,5,35,car,,2026-05-09 20:27:36.016268+02,2026-05-09 20:28:15.369826+02,39.35,f,102,0.701,
6775,5,35,car,,2026-05-09 20:28:18.751838+02,2026-05-09 20:28:23.753276+02,5,f,37,0.734,
6776,5,35,car,,2026-05-09 20:28:24.731192+02,2026-05-09 20:28:27.096011+02,2.36,f,18,0.813,
6778,5,35,car,,2026-05-09 20:28:28.849984+02,2026-05-09 20:28:35.038685+02,6.19,f,27,0.644,
6777,5,2,car,,2026-05-09 20:28:31.998409+02,2026-05-09 20:28:34.031899+02,2.03,f,15,0.401,
6779,5,113,car,,2026-05-09 20:28:40.245547+02,2026-05-09 20:28:44.073125+02,3.83,f,28,0.754,
6780,5,113,car,,2026-05-09 20:28:45.044586+02,2026-05-09 20:28:47.403683+02,2.36,f,18,0.813,
6782,5,113,car,,2026-05-09 20:28:49.075616+02,2026-05-09 20:28:58.88491+02,9.81,f,54,0.688,
6781,5,2,car,,2026-05-09 20:28:52.177251+02,2026-05-09 20:28:54.16958+02,1.99,f,15,0.401,
6783,5,113,car,,2026-05-09 20:29:02.311635+02,2026-05-09 20:29:07.568772+02,5.26,f,37,0.734,
6784,5,113,car,,2026-05-09 20:29:08.60207+02,2026-05-09 20:29:11.295724+02,2.69,f,18,0.813,
6786,5,113,car,,2026-05-09 20:29:13.020606+02,2026-05-09 20:29:28.319984+02,15.3,f,91,0.698,
6785,5,2,car,,2026-05-09 20:29:16.165384+02,2026-05-09 20:29:18.184595+02,2.02,f,15,0.401,
6787,5,113,car,,2026-05-09 20:29:33.063861+02,2026-05-09 20:29:38.21501+02,5.15,f,37,0.734,
6788,5,113,car,,2026-05-09 20:29:39.238985+02,2026-05-09 20:29:41.628707+02,2.39,f,18,0.813,
6789,5,113,car,,2026-05-09 20:30:11.467894+02,2026-05-09 20:30:13.554982+02,2.09,f,16,0.696,
6790,5,113,car,,2026-05-09 20:30:20.319528+02,2026-05-09 20:30:22.418887+02,2.1,f,16,0.696,
6791,5,113,car,,2026-05-09 20:30:29.150777+02,2026-05-09 20:30:31.249078+02,2.1,f,16,0.696,
6792,5,113,car,,2026-05-09 20:30:31.531884+02,2026-05-09 20:30:35.576611+02,4.04,f,30,0.616,
6793,5,113,car,,2026-05-09 20:30:41.338423+02,2026-05-09 20:30:43.488374+02,2.15,f,16,0.696,
6794,5,113,car,,2026-05-09 20:30:43.777235+02,2026-05-09 20:30:51.422446+02,7.65,f,54,0.647,
6795,5,113,car,,2026-05-09 20:30:57.036269+02,2026-05-09 20:30:59.146986+02,2.11,f,16,0.696,
6796,5,113,car,,2026-05-09 20:30:59.427136+02,2026-05-09 20:31:08.356356+02,8.93,f,63,0.651,
6797,5,113,car,,2026-05-09 20:31:35.619377+02,2026-05-09 20:31:39.431605+02,3.81,f,28,0.738,
6798,5,113,car,,2026-05-09 20:31:39.731858+02,2026-05-09 20:31:46.541842+02,6.81,f,47,0.76,
6799,5,113,car,,2026-05-09 20:31:46.865127+02,2026-05-09 20:31:54.152412+02,7.29,f,51,0.737,
6800,5,381,car,,2026-05-09 20:31:54.152412+02,2026-05-09 20:31:59.243844+02,5.09,f,21,0.736,
6801,5,381,car,,2026-05-09 20:31:59.527332+02,2026-05-09 20:32:11.198126+02,11.67,f,81,0.737,
6802,5,381,car,,2026-05-09 20:32:11.485642+02,2026-05-09 20:32:18.757946+02,7.27,f,51,0.737,
6803,5,400,car,,2026-05-09 20:32:18.757946+02,2026-05-09 20:32:23.908839+02,5.15,f,21,0.736,
6804,5,400,car,,2026-05-09 20:32:24.203846+02,2026-05-09 20:32:29.045342+02,4.84,f,33,0.676,
6805,5,400,car,,2026-05-09 20:32:29.618034+02,2026-05-09 20:32:32.507429+02,2.89,f,21,0.765,
6806,5,400,car,,2026-05-09 20:32:32.797172+02,2026-05-09 20:32:39.448869+02,6.65,f,47,0.76,
6807,5,400,car,,2026-05-09 20:32:39.736444+02,2026-05-09 20:32:47.272429+02,7.54,f,51,0.737,
6808,5,428,car,,2026-05-09 20:32:47.272429+02,2026-05-09 20:32:52.531149+02,5.26,f,21,0.736,
6809,5,428,car,,2026-05-09 20:32:52.835658+02,2026-05-09 20:32:55.948448+02,3.11,f,22,0.647, [stream_end]
