1,1,2026-04-28 12:24:01.580212 +00:00,5,1,0,0,0,1,"{""Bogorodica L1"": {""total"": 1, ""by_type"": {""truck"": 1}}, ""Bogorodica L2"": {""total"": 0, ""by_type"": {}}, ""Bogorodica L3"": {""total"": 0, ""by_type"": {}}, ""Bogorodica L4"": {""total"": 0, ""by_type"": {}}, ""Bogorodica L5"": {""total"": 0, ""by_type"": {}}}",1.5
2,1,2026-04-28 12:29:01.803728 +00:00,5,2,0,0,0,2,"{""Bogorodica L1"": {""total"": 2, ""by_type"": {""truck"": 2}}, ""Bogorodica L2"": {""total"": 0, ""by_type"": {}}, ""Bogorodica L3"": {""total"": 0, ""by_type"": {}}, ""Bogorodica L4"": {""total"": 0, ""by_type"": {}}, ""Bogorodica L5"": {""total"": 0, ""by_type"": {}}}",2.5
3,1,2026-04-28 12:34:02.058987 +00:00,5,2,0,0,0,2,"{""Bogorodica L1"": {""total"": 2, ""by_type"": {""truck"": 2}}, ""Bogorodica L2"": {""total"": 0, ""by_type"": {}}, ""Bogorodica L3"": {""total"": 0, ""by_type"": {}}, ""Bogorodica L4"": {""total"": 0, ""by_type"": {}}, ""Bogorodica L5"": {""total"": 0, ""by_type"": {}}}",2.5
4,1,2026-04-28 12:39:02.340013 +00:00,5,2,0,0,0,2,"{""Bogorodica L1"": {""total"": 2, ""by_type"": {""truck"": 2}}, ""Bogorodica L2"": {""total"": 0, ""by_type"": {}}, ""Bogorodica L3"": {""total"": 0, ""by_type"": {}}, ""Bogorodica L4"": {""total"": 0, ""by_type"": {}}, ""Bogorodica L5"": {""total"": 0, ""by_type"": {}}}",2
5,1,2026-04-28 12:44:02.350256 +00:00,5,0,0,0,0,0,"{""Bogorodica L1"": {""total"": 0, ""by_type"": {}}, ""Bogorodica L2"": {""total"": 0, ""by_type"": {}}, ""Bogorodica L3"": {""total"": 0, ""by_type"": {}}, ""Bogorodica L4"": {""total"": 0, ""by_type"": {}}, ""Bogorodica L5"": {""total"": 0, ""by_type"": {}}}",2
6,1,2026-04-28 12:49:02.386132 +00:00,5,0,0,0,0,0,"{""Bogorodica L1"": {""total"": 0, ""by_type"": {}}, ""Bogorodica L2"": {""total"": 0, ""by_type"": {}}, ""Bogorodica L3"": {""total"": 0, ""by_type"": {}}, ""Bogorodica L4"": {""total"": 0, ""by_type"": {}}, ""Bogorodica L5"": {""total"": 0, ""by_type"": {}}}",3
7,1,2026-04-28 12:54:02.480209 +00:00,5,5,2,0,0,3,"{""Bogorodica L1"": {""total"": 3, ""by_type"": {""truck"": 3}}, ""Bogorodica L2"": {""total"": 0, ""by_type"": {}}, ""Bogorodica L3"": {""total"": 0, ""by_type"": {}}, ""Bogorodica L4"": {""total"": 0, ""by_type"": {}}, ""Bogorodica L5"": {""total"": 2, ""by_type"": {""car"": 2}}}",3
8,1,2026-04-28 12:59:07.352729 +00:00,5,0,0,0,0,0,"{""Bogorodica L1"": {""total"": 0, ""by_type"": {}}, ""Bogorodica L2"": {""total"": 0, ""by_type"": {}}, ""Bogorodica L3"": {""total"": 0, ""by_type"": {}}, ""Bogorodica L4"": {""total"": 0, ""by_type"": {}}, ""Bogorodica L5"": {""total"": 0, ""by_type"": {}}}",0.5
9,1,2026-04-28 13:04:07.628673 +00:00,5,0,0,0,0,0,"{""Bogorodica L1"": {""total"": 0, ""by_type"": {}}, ""Bogorodica L2"": {""total"": 0, ""by_type"": {}}, ""Bogorodica L3"": {""total"": 0, ""by_type"": {}}, ""Bogorodica L4"": {""total"": 0, ""by_type"": {}}, ""Bogorodica L5"": {""total"": 0, ""by_type"": {}}}",3
10,1,2026-04-28 13:09:09.397077 +00:00,5,0,0,0,0,0,"{""Bogorodica L1"": {""total"": 0, ""by_type"": {}}, ""Bogorodica L2"": {""total"": 0, ""by_type"": {}}, ""Bogorodica L3"": {""total"": 0, ""by_type"": {}}, ""Bogorodica L4"": {""total"": 0, ""by_type"": {}}, ""Bogorodica L5"": {""total"": 0, ""by_type"": {}}}",0.5
11,1,2026-04-28 13:14:09.664497 +00:00,5,1,0,0,0,1,"{""Bogorodica L1"": {""total"": 0, ""by_type"": {}}, ""Bogorodica L2"": {""total"": 0, ""by_type"": {}}, ""Bogorodica L3"": {""total"": 0, ""by_type"": {}}, ""Bogorodica L4"": {""total"": 0, ""by_type"": {}}, ""Bogorodica L5"": {""total"": 1, ""by_type"": {""truck"": 1}}}",3
12,1,2026-04-28 13:19:09.825489 +00:00,5,0,0,0,0,0,"{""Bogorodica L1"": {""total"": 0, ""by_type"": {}}, ""Bogorodica L2"": {""total"": 0, ""by_type"": {}}, ""Bogorodica L3"": {""total"": 0, ""by_type"": {}}, ""Bogorodica L4"": {""total"": 0, ""by_type"": {}}, ""Bogorodica L5"": {""total"": 0, ""by_type"": {}}}",2.5
13,1,2026-04-28 13:24:10.211384 +00:00,5,1,0,0,0,1,"{""Bogorodica L1"": {""total"": 1, ""by_type"": {""truck"": 1}}, ""Bogorodica L2"": {""total"": 0, ""by_type"": {}}, ""Bogorodica L3"": {""total"": 0, ""by_type"": {}}, ""Bogorodica L4"": {""total"": 0, ""by_type"": {}}, ""Bogorodica L5"": {""total"": 0, ""by_type"": {}}}",3
14,1,2026-04-28 13:29:10.575176 +00:00,5,2,0,0,0,2,"{""Bogorodica L1"": {""total"": 2, ""by_type"": {""truck"": 2}}, ""Bogorodica L2"": {""total"": 0, ""by_type"": {}}, ""Bogorodica L3"": {""total"": 0, ""by_type"": {}}, ""Bogorodica L4"": {""total"": 0, ""by_type"": {}}, ""Bogorodica L5"": {""total"": 0, ""by_type"": {}}}",2.5
15,1,2026-04-28 13:34:10.882241 +00:00,5,2,1,0,0,1,"{""Bogorodica L1"": {""total"": 1, ""by_type"": {""truck"": 1}}, ""Bogorodica L2"": {""total"": 0, ""by_type"": {}}, ""Bogorodica L3"": {""total"": 0, ""by_type"": {}}, ""Bogorodica L4"": {""total"": 0, ""by_type"": {}}, ""Bogorodica L5"": {""total"": 1, ""by_type"": {""car"": 1}}}",2.5
16,1,2026-04-28 13:39:11.073650 +00:00,5,5,1,0,0,4,"{""Bogorodica L1"": {""total"": 4, ""by_type"": {""truck"": 4}}, ""Bogorodica L2"": {""total"": 0, ""by_type"": {}}, ""Bogorodica L3"": {""total"": 0, ""by_type"": {}}, ""Bogorodica L4"": {""total"": 0, ""by_type"": {}}, ""Bogorodica L5"": {""total"": 1, ""by_type"": {""car"": 1}}}",1.5
17,1,2026-04-28 13:44:11.411081 +00:00,5,3,0,0,0,3,"{""Bogorodica L1"": {""total"": 3, ""by_type"": {""truck"": 3}}, ""Bogorodica L2"": {""total"": 0, ""by_type"": {}}, ""Bogorodica L3"": {""total"": 0, ""by_type"": {}}, ""Bogorodica L4"": {""total"": 0, ""by_type"": {}}, ""Bogorodica L5"": {""total"": 0, ""by_type"": {}}}",2.5
18,1,2026-04-28 13:49:11.588478 +00:00,5,3,0,0,0,3,"{""Bogorodica L1"": {""total"": 3, ""by_type"": {""truck"": 3}}, ""Bogorodica L2"": {""total"": 0, ""by_type"": {}}, ""Bogorodica L3"": {""total"": 0, ""by_type"": {}}, ""Bogorodica L4"": {""total"": 0, ""by_type"": {}}, ""Bogorodica L5"": {""total"": 0, ""by_type"": {}}}",2.5
19,1,2026-04-28 13:54:11.795728 +00:00,5,3,0,0,0,3,"{""Bogorodica L1"": {""total"": 3, ""by_type"": {""truck"": 3}}, ""Bogorodica L2"": {""total"": 0, ""by_type"": {}}, ""Bogorodica L3"": {""total"": 0, ""by_type"": {}}, ""Bogorodica L4"": {""total"": 0, ""by_type"": {}}, ""Bogorodica L5"": {""total"": 0, ""by_type"": {}}}",3
20,1,2026-04-28 13:59:11.981937 +00:00,5,0,0,0,0,0,"{""Bogorodica L1"": {""total"": 0, ""by_type"": {}}, ""Bogorodica L2"": {""total"": 0, ""by_type"": {}}, ""Bogorodica L3"": {""total"": 0, ""by_type"": {}}, ""Bogorodica L4"": {""total"": 0, ""by_type"": {}}, ""Bogorodica L5"": {""total"": 0, ""by_type"": {}}}",2.5
21,1,2026-04-28 14:04:12.046909 +00:00,5,3,0,0,0,3,"{""Bogorodica L1"": {""total"": 3, ""by_type"": {""truck"": 3}}, ""Bogorodica L2"": {""total"": 0, ""by_type"": {}}, ""Bogorodica L3"": {""total"": 0, ""by_type"": {}}, ""Bogorodica L4"": {""total"": 0, ""by_type"": {}}, ""Bogorodica L5"": {""total"": 0, ""by_type"": {}}}",2.5
22,1,2026-04-28 14:09:12.105891 +00:00,5,2,0,0,0,2,"{""Bogorodica L1"": {""total"": 2, ""by_type"": {""truck"": 2}}, ""Bogorodica L2"": {""total"": 0, ""by_type"": {}}, ""Bogorodica L3"": {""total"": 0, ""by_type"": {}}, ""Bogorodica L4"": {""total"": 0, ""by_type"": {}}, ""Bogorodica L5"": {""total"": 0, ""by_type"": {}}}",2.5
23,1,2026-04-28 14:14:12.208127 +00:00,5,2,0,0,0,2,"{""Bogorodica L1"": {""total"": 2, ""by_type"": {""truck"": 2}}, ""Bogorodica L2"": {""total"": 0, ""by_type"": {}}, ""Bogorodica L3"": {""total"": 0, ""by_type"": {}}, ""Bogorodica L4"": {""total"": 0, ""by_type"": {}}, ""Bogorodica L5"": {""total"": 0, ""by_type"": {}}}",3
24,1,2026-04-28 14:19:13.659945 +00:00,5,1,0,0,0,1,"{""Bogorodica L1"": {""total"": 1, ""by_type"": {""truck"": 1}}, ""Bogorodica L2"": {""total"": 0, ""by_type"": {}}, ""Bogorodica L3"": {""total"": 0, ""by_type"": {}}, ""Bogorodica L4"": {""total"": 0, ""by_type"": {}}, ""Bogorodica L5"": {""total"": 0, ""by_type"": {}}}",0.5
25,1,2026-04-28 14:24:13.984543 +00:00,5,5,1,0,0,4,"{""Bogorodica L1"": {""total"": 4, ""by_type"": {""truck"": 4}}, ""Bogorodica L2"": {""total"": 0, ""by_type"": {}}, ""Bogorodica L3"": {""total"": 0, ""by_type"": {}}, ""Bogorodica L4"": {""total"": 0, ""by_type"": {}}, ""Bogorodica L5"": {""total"": 1, ""by_type"": {""car"": 1}}}",3
26,1,2026-04-28 14:29:14.239265 +00:00,5,4,1,0,0,3,"{""Bogorodica L1"": {""total"": 3, ""by_type"": {""truck"": 3}}, ""Bogorodica L2"": {""total"": 0, ""by_type"": {}}, ""Bogorodica L3"": {""total"": 0, ""by_type"": {}}, ""Bogorodica L4"": {""total"": 0, ""by_type"": {}}, ""Bogorodica L5"": {""total"": 1, ""by_type"": {""car"": 1}}}",3
27,1,2026-04-28 14:34:14.279283 +00:00,5,1,1,0,0,0,"{""Bogorodica L1"": {""total"": 0, ""by_type"": {}}, ""Bogorodica L2"": {""total"": 0, ""by_type"": {}}, ""Bogorodica L3"": {""total"": 0, ""by_type"": {}}, ""Bogorodica L4"": {""total"": 0, ""by_type"": {}}, ""Bogorodica L5"": {""total"": 1, ""by_type"": {""car"": 1}}}",3
28,1,2026-04-28 14:39:14.409919 +00:00,5,2,0,0,0,2,"{""Bogorodica L1"": {""total"": 2, ""by_type"": {""truck"": 2}}, ""Bogorodica L2"": {""total"": 0, ""by_type"": {}}, ""Bogorodica L3"": {""total"": 0, ""by_type"": {}}, ""Bogorodica L4"": {""total"": 0, ""by_type"": {}}, ""Bogorodica L5"": {""total"": 0, ""by_type"": {}}}",3
29,1,2026-04-28 14:44:14.508383 +00:00,5,6,2,0,0,4,"{""Bogorodica L1"": {""total"": 4, ""by_type"": {""truck"": 4}}, ""Bogorodica L2"": {""total"": 0, ""by_type"": {}}, ""Bogorodica L3"": {""total"": 0, ""by_type"": {}}, ""Bogorodica L4"": {""total"": 0, ""by_type"": {}}, ""Bogorodica L5"": {""total"": 2, ""by_type"": {""car"": 2}}}",3
30,1,2026-04-28 14:49:14.809735 +00:00,5,2,1,0,0,1,"{""Bogorodica L1"": {""total"": 1, ""by_type"": {""truck"": 1}}, ""Bogorodica L2"": {""total"": 0, ""by_type"": {}}, ""Bogorodica L3"": {""total"": 0, ""by_type"": {}}, ""Bogorodica L4"": {""total"": 0, ""by_type"": {}}, ""Bogorodica L5"": {""total"": 1, ""by_type"": {""car"": 1}}}",3
31,1,2026-04-28 14:54:14.908240 +00:00,5,1,0,0,0,1,"{""Bogorodica L1"": {""total"": 1, ""by_type"": {""truck"": 1}}, ""Bogorodica L2"": {""total"": 0, ""by_type"": {}}, ""Bogorodica L3"": {""total"": 0, ""by_type"": {}}, ""Bogorodica L4"": {""total"": 0, ""by_type"": {}}, ""Bogorodica L5"": {""total"": 0, ""by_type"": {}}}",3
32,1,2026-04-28 14:59:15.218350 +00:00,5,3,0,0,0,3,"{""Bogorodica L1"": {""total"": 3, ""by_type"": {""truck"": 3}}, ""Bogorodica L2"": {""total"": 0, ""by_type"": {}}, ""Bogorodica L3"": {""total"": 0, ""by_type"": {}}, ""Bogorodica L4"": {""total"": 0, ""by_type"": {}}, ""Bogorodica L5"": {""total"": 0, ""by_type"": {}}}",3
33,1,2026-04-28 15:04:15.419472 +00:00,5,4,0,0,0,4,"{""Bogorodica L1"": {""total"": 4, ""by_type"": {""truck"": 4}}, ""Bogorodica L2"": {""total"": 0, ""by_type"": {}}, ""Bogorodica L3"": {""total"": 0, ""by_type"": {}}, ""Bogorodica L4"": {""total"": 0, ""by_type"": {}}, ""Bogorodica L5"": {""total"": 0, ""by_type"": {}}}",3
34,1,2026-04-28 15:09:15.721363 +00:00,5,6,2,0,0,4,"{""Bogorodica L1"": {""total"": 4, ""by_type"": {""truck"": 4}}, ""Bogorodica L2"": {""total"": 0, ""by_type"": {}}, ""Bogorodica L3"": {""total"": 0, ""by_type"": {}}, ""Bogorodica L4"": {""total"": 0, ""by_type"": {}}, ""Bogorodica L5"": {""total"": 2, ""by_type"": {""car"": 2}}}",3
35,1,2026-04-28 15:14:15.890247 +00:00,5,3,0,0,0,3,"{""Bogorodica L1"": {""total"": 3, ""by_type"": {""truck"": 3}}, ""Bogorodica L2"": {""total"": 0, ""by_type"": {}}, ""Bogorodica L3"": {""total"": 0, ""by_type"": {}}, ""Bogorodica L4"": {""total"": 0, ""by_type"": {}}, ""Bogorodica L5"": {""total"": 0, ""by_type"": {}}}",3
36,1,2026-04-28 15:19:15.988009 +00:00,5,3,0,0,0,3,"{""Bogorodica L1"": {""total"": 3, ""by_type"": {""truck"": 3}}, ""Bogorodica L2"": {""total"": 0, ""by_type"": {}}, ""Bogorodica L3"": {""total"": 0, ""by_type"": {}}, ""Bogorodica L4"": {""total"": 0, ""by_type"": {}}, ""Bogorodica L5"": {""total"": 0, ""by_type"": {}}}",3
37,1,2026-04-28 15:24:16.037717 +00:00,5,3,0,0,0,3,"{""Bogorodica L1"": {""total"": 3, ""by_type"": {""truck"": 3}}, ""Bogorodica L2"": {""total"": 0, ""by_type"": {}}, ""Bogorodica L3"": {""total"": 0, ""by_type"": {}}, ""Bogorodica L4"": {""total"": 0, ""by_type"": {}}, ""Bogorodica L5"": {""total"": 0, ""by_type"": {}}}",3
38,1,2026-04-28 15:29:16.315116 +00:00,5,2,0,0,0,2,"{""Bogorodica L1"": {""total"": 2, ""by_type"": {""truck"": 2}}, ""Bogorodica L2"": {""total"": 0, ""by_type"": {}}, ""Bogorodica L3"": {""total"": 0, ""by_type"": {}}, ""Bogorodica L4"": {""total"": 0, ""by_type"": {}}, ""Bogorodica L5"": {""total"": 0, ""by_type"": {}}}",3
39,1,2026-04-28 15:34:16.388486 +00:00,5,0,0,0,0,0,"{""Bogorodica L1"": {""total"": 0, ""by_type"": {}}, ""Bogorodica L2"": {""total"": 0, ""by_type"": {}}, ""Bogorodica L3"": {""total"": 0, ""by_type"": {}}, ""Bogorodica L4"": {""total"": 0, ""by_type"": {}}, ""Bogorodica L5"": {""total"": 0, ""by_type"": {}}}",3
40,1,2026-04-28 15:39:16.737838 +00:00,5,3,0,0,0,3,"{""Bogorodica L1"": {""total"": 3, ""by_type"": {""truck"": 3}}, ""Bogorodica L2"": {""total"": 0, ""by_type"": {}}, ""Bogorodica L3"": {""total"": 0, ""by_type"": {}}, ""Bogorodica L4"": {""total"": 0, ""by_type"": {}}, ""Bogorodica L5"": {""total"": 0, ""by_type"": {}}}",3
41,1,2026-04-28 15:44:16.814684 +00:00,5,4,1,0,0,3,"{""Bogorodica L1"": {""total"": 3, ""by_type"": {""truck"": 3}}, ""Bogorodica L2"": {""total"": 0, ""by_type"": {}}, ""Bogorodica L3"": {""total"": 0, ""by_type"": {}}, ""Bogorodica L4"": {""total"": 0, ""by_type"": {}}, ""Bogorodica L5"": {""total"": 1, ""by_type"": {""car"": 1}}}",3
42,1,2026-04-28 15:49:16.958208 +00:00,5,4,2,0,0,2,"{""Bogorodica L1"": {""total"": 2, ""by_type"": {""truck"": 2}}, ""Bogorodica L2"": {""total"": 0, ""by_type"": {}}, ""Bogorodica L3"": {""total"": 0, ""by_type"": {}}, ""Bogorodica L4"": {""total"": 1, ""by_type"": {""car"": 1}}, ""Bogorodica L5"": {""total"": 1, ""by_type"": {""car"": 1}}}",3
43,1,2026-04-28 15:54:17.100017 +00:00,5,3,0,0,1,2,"{""Bogorodica L1"": {""total"": 2, ""by_type"": {""truck"": 2}}, ""Bogorodica L2"": {""total"": 1, ""by_type"": {""bus"": 1}}, ""Bogorodica L3"": {""total"": 0, ""by_type"": {}}, ""Bogorodica L4"": {""total"": 0, ""by_type"": {}}, ""Bogorodica L5"": {""total"": 0, ""by_type"": {}}}",3
44,1,2026-04-28 15:59:17.198161 +00:00,5,5,1,0,0,4,"{""Bogorodica L1"": {""total"": 3, ""by_type"": {""truck"": 3}}, ""Bogorodica L2"": {""total"": 0, ""by_type"": {}}, ""Bogorodica L3"": {""total"": 0, ""by_type"": {}}, ""Bogorodica L4"": {""total"": 0, ""by_type"": {}}, ""Bogorodica L5"": {""total"": 2, ""by_type"": {""car"": 1, ""truck"": 1}}}",3
45,1,2026-04-28 16:04:17.547624 +00:00,5,3,0,0,0,3,"{""Bogorodica L1"": {""total"": 3, ""by_type"": {""truck"": 3}}, ""Bogorodica L2"": {""total"": 0, ""by_type"": {}}, ""Bogorodica L3"": {""total"": 0, ""by_type"": {}}, ""Bogorodica L4"": {""total"": 0, ""by_type"": {}}, ""Bogorodica L5"": {""total"": 0, ""by_type"": {}}}",3
46,1,2026-04-28 16:09:17.879717 +00:00,5,1,0,0,0,1,"{""Bogorodica L1"": {""total"": 1, ""by_type"": {""truck"": 1}}, ""Bogorodica L2"": {""total"": 0, ""by_type"": {}}, ""Bogorodica L3"": {""total"": 0, ""by_type"": {}}, ""Bogorodica L4"": {""total"": 0, ""by_type"": {}}, ""Bogorodica L5"": {""total"": 0, ""by_type"": {}}}",3
47,1,2026-04-28 16:14:18.237846 +00:00,5,4,2,0,0,2,"{""Bogorodica L1"": {""total"": 2, ""by_type"": {""truck"": 2}}, ""Bogorodica L2"": {""total"": 0, ""by_type"": {}}, ""Bogorodica L3"": {""total"": 0, ""by_type"": {}}, ""Bogorodica L4"": {""total"": 0, ""by_type"": {}}, ""Bogorodica L5"": {""total"": 2, ""by_type"": {""car"": 2}}}",3
48,1,2026-04-28 16:19:18.428917 +00:00,5,4,1,0,0,3,"{""Bogorodica L1"": {""total"": 3, ""by_type"": {""truck"": 3}}, ""Bogorodica L2"": {""total"": 0, ""by_type"": {}}, ""Bogorodica L3"": {""total"": 0, ""by_type"": {}}, ""Bogorodica L4"": {""total"": 0, ""by_type"": {}}, ""Bogorodica L5"": {""total"": 1, ""by_type"": {""car"": 1}}}",3
49,1,2026-04-28 16:24:18.743490 +00:00,5,4,0,0,0,4,"{""Bogorodica L1"": {""total"": 4, ""by_type"": {""truck"": 4}}, ""Bogorodica L2"": {""total"": 0, ""by_type"": {}}, ""Bogorodica L3"": {""total"": 0, ""by_type"": {}}, ""Bogorodica L4"": {""total"": 0, ""by_type"": {}}, ""Bogorodica L5"": {""total"": 0, ""by_type"": {}}}",3
50,1,2026-04-28 16:29:18.958614 +00:00,5,4,0,0,0,4,"{""Bogorodica L1"": {""total"": 4, ""by_type"": {""truck"": 4}}, ""Bogorodica L2"": {""total"": 0, ""by_type"": {}}, ""Bogorodica L3"": {""total"": 0, ""by_type"": {}}, ""Bogorodica L4"": {""total"": 0, ""by_type"": {}}, ""Bogorodica L5"": {""total"": 0, ""by_type"": {}}}",3
51,1,2026-04-28 16:34:19.223647 +00:00,5,4,0,0,0,4,"{""Bogorodica L1"": {""total"": 4, ""by_type"": {""truck"": 4}}, ""Bogorodica L2"": {""total"": 0, ""by_type"": {}}, ""Bogorodica L3"": {""total"": 0, ""by_type"": {}}, ""Bogorodica L4"": {""total"": 0, ""by_type"": {}}, ""Bogorodica L5"": {""total"": 0, ""by_type"": {}}}",3
52,1,2026-04-28 16:39:19.449510 +00:00,5,2,1,0,0,1,"{""Bogorodica L1"": {""total"": 1, ""by_type"": {""truck"": 1}}, ""Bogorodica L2"": {""total"": 0, ""by_type"": {}}, ""Bogorodica L3"": {""total"": 0, ""by_type"": {}}, ""Bogorodica L4"": {""total"": 0, ""by_type"": {}}, ""Bogorodica L5"": {""total"": 1, ""by_type"": {""car"": 1}}}",3
53,1,2026-04-28 16:44:19.466328 +00:00,5,3,0,0,0,3,"{""Bogorodica L1"": {""total"": 3, ""by_type"": {""truck"": 3}}, ""Bogorodica L2"": {""total"": 0, ""by_type"": {}}, ""Bogorodica L3"": {""total"": 0, ""by_type"": {}}, ""Bogorodica L4"": {""total"": 0, ""by_type"": {}}, ""Bogorodica L5"": {""total"": 0, ""by_type"": {}}}",3
54,1,2026-04-28 16:49:19.526652 +00:00,5,9,7,0,0,2,"{""Bogorodica L1"": {""total"": 2, ""by_type"": {""truck"": 2}}, ""Bogorodica L2"": {""total"": 0, ""by_type"": {}}, ""Bogorodica L3"": {""total"": 0, ""by_type"": {}}, ""Bogorodica L4"": {""total"": 3, ""by_type"": {""car"": 3}}, ""Bogorodica L5"": {""total"": 4, ""by_type"": {""car"": 4}}}",3
55,1,2026-04-28 16:54:19.717270 +00:00,5,3,0,0,0,3,"{""Bogorodica L1"": {""total"": 3, ""by_type"": {""truck"": 3}}, ""Bogorodica L2"": {""total"": 0, ""by_type"": {}}, ""Bogorodica L3"": {""total"": 0, ""by_type"": {}}, ""Bogorodica L4"": {""total"": 0, ""by_type"": {}}, ""Bogorodica L5"": {""total"": 0, ""by_type"": {}}}",3
56,1,2026-04-28 16:59:20.008171 +00:00,5,2,1,0,0,1,"{""Bogorodica L1"": {""total"": 1, ""by_type"": {""truck"": 1}}, ""Bogorodica L2"": {""total"": 0, ""by_type"": {}}, ""Bogorodica L3"": {""total"": 0, ""by_type"": {}}, ""Bogorodica L4"": {""total"": 0, ""by_type"": {}}, ""Bogorodica L5"": {""total"": 1, ""by_type"": {""car"": 1}}}",3
57,1,2026-04-28 17:04:20.313025 +00:00,5,3,0,0,0,3,"{""Bogorodica L1"": {""total"": 3, ""by_type"": {""truck"": 3}}, ""Bogorodica L2"": {""total"": 0, ""by_type"": {}}, ""Bogorodica L3"": {""total"": 0, ""by_type"": {}}, ""Bogorodica L4"": {""total"": 0, ""by_type"": {}}, ""Bogorodica L5"": {""total"": 0, ""by_type"": {}}}",3
58,1,2026-04-28 17:09:20.387299 +00:00,5,2,0,0,1,1,"{""Bogorodica L1"": {""total"": 1, ""by_type"": {""truck"": 1}}, ""Bogorodica L2"": {""total"": 1, ""by_type"": {""bus"": 1}}, ""Bogorodica L3"": {""total"": 0, ""by_type"": {}}, ""Bogorodica L4"": {""total"": 0, ""by_type"": {}}, ""Bogorodica L5"": {""total"": 0, ""by_type"": {}}}",3
59,1,2026-04-28 17:14:20.635935 +00:00,5,8,2,0,4,2,"{""Bogorodica L1"": {""total"": 5, ""by_type"": {""bus"": 3, ""truck"": 2}}, ""Bogorodica L2"": {""total"": 1, ""by_type"": {""bus"": 1}}, ""Bogorodica L3"": {""total"": 0, ""by_type"": {}}, ""Bogorodica L4"": {""total"": 0, ""by_type"": {}}, ""Bogorodica L5"": {""total"": 2, ""by_type"": {""car"": 2}}}",3
60,1,2026-04-28 17:19:20.952054 +00:00,5,9,2,0,5,2,"{""Bogorodica L1"": {""total"": 5, ""by_type"": {""bus"": 3, ""truck"": 2}}, ""Bogorodica L2"": {""total"": 2, ""by_type"": {""bus"": 2}}, ""Bogorodica L3"": {""total"": 0, ""by_type"": {}}, ""Bogorodica L4"": {""total"": 0, ""by_type"": {}}, ""Bogorodica L5"": {""total"": 2, ""by_type"": {""car"": 2}}}",3
61,1,2026-04-28 17:24:20.963574 +00:00,5,2,1,0,1,0,"{""Bogorodica L1"": {""total"": 0, ""by_type"": {}}, ""Bogorodica L2"": {""total"": 2, ""by_type"": {""bus"": 1, ""car"": 1}}, ""Bogorodica L3"": {""total"": 0, ""by_type"": {}}, ""Bogorodica L4"": {""total"": 0, ""by_type"": {}}, ""Bogorodica L5"": {""total"": 0, ""by_type"": {}}}",3
62,1,2026-04-28 17:29:21.264040 +00:00,5,3,1,0,0,2,"{""Bogorodica L1"": {""total"": 2, ""by_type"": {""truck"": 2}}, ""Bogorodica L2"": {""total"": 0, ""by_type"": {}}, ""Bogorodica L3"": {""total"": 0, ""by_type"": {}}, ""Bogorodica L4"": {""total"": 1, ""by_type"": {""car"": 1}}, ""Bogorodica L5"": {""total"": 0, ""by_type"": {}}}",3
63,1,2026-04-28 17:34:21.438995 +00:00,5,1,0,0,1,0,"{""Bogorodica L1"": {""total"": 0, ""by_type"": {}}, ""Bogorodica L2"": {""total"": 1, ""by_type"": {""bus"": 1}}, ""Bogorodica L3"": {""total"": 0, ""by_type"": {}}, ""Bogorodica L4"": {""total"": 0, ""by_type"": {}}, ""Bogorodica L5"": {""total"": 0, ""by_type"": {}}}",3
64,1,2026-04-28 17:39:21.468618 +00:00,5,0,0,0,0,0,"{""Bogorodica L1"": {""total"": 0, ""by_type"": {}}, ""Bogorodica L2"": {""total"": 0, ""by_type"": {}}, ""Bogorodica L3"": {""total"": 0, ""by_type"": {}}, ""Bogorodica L4"": {""total"": 0, ""by_type"": {}}, ""Bogorodica L5"": {""total"": 0, ""by_type"": {}}}",3
65,1,2026-04-28 17:44:21.691077 +00:00,5,3,1,0,0,2,"{""Bogorodica L1"": {""total"": 2, ""by_type"": {""truck"": 2}}, ""Bogorodica L2"": {""total"": 0, ""by_type"": {}}, ""Bogorodica L3"": {""total"": 0, ""by_type"": {}}, ""Bogorodica L4"": {""total"": 0, ""by_type"": {}}, ""Bogorodica L5"": {""total"": 1, ""by_type"": {""car"": 1}}}",3
66,1,2026-04-28 17:49:22.023806 +00:00,5,0,0,0,0,0,"{""Bogorodica L1"": {""total"": 0, ""by_type"": {}}, ""Bogorodica L2"": {""total"": 0, ""by_type"": {}}, ""Bogorodica L3"": {""total"": 0, ""by_type"": {}}, ""Bogorodica L4"": {""total"": 0, ""by_type"": {}}, ""Bogorodica L5"": {""total"": 0, ""by_type"": {}}}",3
67,1,2026-04-28 17:54:22.251989 +00:00,5,2,0,0,0,2,"{""Bogorodica L1"": {""total"": 2, ""by_type"": {""truck"": 2}}, ""Bogorodica L2"": {""total"": 0, ""by_type"": {}}, ""Bogorodica L3"": {""total"": 0, ""by_type"": {}}, ""Bogorodica L4"": {""total"": 0, ""by_type"": {}}, ""Bogorodica L5"": {""total"": 0, ""by_type"": {}}}",3
68,1,2026-04-28 17:59:22.610286 +00:00,5,2,0,0,0,2,"{""Bogorodica L1"": {""total"": 2, ""by_type"": {""truck"": 2}}, ""Bogorodica L2"": {""total"": 0, ""by_type"": {}}, ""Bogorodica L3"": {""total"": 0, ""by_type"": {}}, ""Bogorodica L4"": {""total"": 0, ""by_type"": {}}, ""Bogorodica L5"": {""total"": 0, ""by_type"": {}}}",3
69,1,2026-04-28 18:04:22.655630 +00:00,5,3,1,0,0,2,"{""Bogorodica L1"": {""total"": 2, ""by_type"": {""truck"": 2}}, ""Bogorodica L2"": {""total"": 0, ""by_type"": {}}, ""Bogorodica L3"": {""total"": 0, ""by_type"": {}}, ""Bogorodica L4"": {""total"": 0, ""by_type"": {}}, ""Bogorodica L5"": {""total"": 1, ""by_type"": {""car"": 1}}}",3
70,1,2026-04-28 18:09:23.010447 +00:00,5,0,0,0,0,0,"{""Bogorodica L1"": {""total"": 0, ""by_type"": {}}, ""Bogorodica L2"": {""total"": 0, ""by_type"": {}}, ""Bogorodica L3"": {""total"": 0, ""by_type"": {}}, ""Bogorodica L4"": {""total"": 0, ""by_type"": {}}, ""Bogorodica L5"": {""total"": 0, ""by_type"": {}}}",3
71,1,2026-04-28 18:14:23.057051 +00:00,5,2,1,0,0,1,"{""Bogorodica L1"": {""total"": 1, ""by_type"": {""truck"": 1}}, ""Bogorodica L2"": {""total"": 0, ""by_type"": {}}, ""Bogorodica L3"": {""total"": 0, ""by_type"": {}}, ""Bogorodica L4"": {""total"": 1, ""by_type"": {""car"": 1}}, ""Bogorodica L5"": {""total"": 0, ""by_type"": {}}}",3
72,1,2026-04-28 18:19:23.123481 +00:00,5,2,0,0,0,2,"{""Bogorodica L1"": {""total"": 2, ""by_type"": {""truck"": 2}}, ""Bogorodica L2"": {""total"": 0, ""by_type"": {}}, ""Bogorodica L3"": {""total"": 0, ""by_type"": {}}, ""Bogorodica L4"": {""total"": 0, ""by_type"": {}}, ""Bogorodica L5"": {""total"": 0, ""by_type"": {}}}",3
73,1,2026-04-28 18:24:23.169618 +00:00,5,7,4,0,0,3,"{""Bogorodica L1"": {""total"": 3, ""by_type"": {""truck"": 3}}, ""Bogorodica L2"": {""total"": 0, ""by_type"": {}}, ""Bogorodica L3"": {""total"": 0, ""by_type"": {}}, ""Bogorodica L4"": {""total"": 1, ""by_type"": {""car"": 1}}, ""Bogorodica L5"": {""total"": 3, ""by_type"": {""car"": 3}}}",3
74,1,2026-04-28 18:29:23.470583 +00:00,5,1,0,0,0,1,"{""Bogorodica L1"": {""total"": 1, ""by_type"": {""truck"": 1}}, ""Bogorodica L2"": {""total"": 0, ""by_type"": {}}, ""Bogorodica L3"": {""total"": 0, ""by_type"": {}}, ""Bogorodica L4"": {""total"": 0, ""by_type"": {}}, ""Bogorodica L5"": {""total"": 0, ""by_type"": {}}}",3
75,1,2026-04-28 18:34:23.634985 +00:00,5,4,1,0,0,3,"{""Bogorodica L1"": {""total"": 3, ""by_type"": {""truck"": 3}}, ""Bogorodica L2"": {""total"": 0, ""by_type"": {}}, ""Bogorodica L3"": {""total"": 0, ""by_type"": {}}, ""Bogorodica L4"": {""total"": 0, ""by_type"": {}}, ""Bogorodica L5"": {""total"": 1, ""by_type"": {""car"": 1}}}",3
76,1,2026-04-28 18:39:23.907672 +00:00,5,2,0,0,0,2,"{""Bogorodica L1"": {""total"": 2, ""by_type"": {""truck"": 2}}, ""Bogorodica L2"": {""total"": 0, ""by_type"": {}}, ""Bogorodica L3"": {""total"": 0, ""by_type"": {}}, ""Bogorodica L4"": {""total"": 0, ""by_type"": {}}, ""Bogorodica L5"": {""total"": 0, ""by_type"": {}}}",3
77,1,2026-04-28 18:44:24.048019 +00:00,5,4,0,0,0,4,"{""Bogorodica L1"": {""total"": 4, ""by_type"": {""truck"": 4}}, ""Bogorodica L2"": {""total"": 0, ""by_type"": {}}, ""Bogorodica L3"": {""total"": 0, ""by_type"": {}}, ""Bogorodica L4"": {""total"": 0, ""by_type"": {}}, ""Bogorodica L5"": {""total"": 0, ""by_type"": {}}}",3
78,1,2026-04-28 18:49:24.053365 +00:00,5,1,0,0,0,1,"{""Bogorodica L1"": {""total"": 1, ""by_type"": {""truck"": 1}}, ""Bogorodica L2"": {""total"": 0, ""by_type"": {}}, ""Bogorodica L3"": {""total"": 0, ""by_type"": {}}, ""Bogorodica L4"": {""total"": 0, ""by_type"": {}}, ""Bogorodica L5"": {""total"": 0, ""by_type"": {}}}",3
79,1,2026-04-28 18:54:24.058279 +00:00,5,3,1,0,0,2,"{""Bogorodica L1"": {""total"": 2, ""by_type"": {""truck"": 2}}, ""Bogorodica L2"": {""total"": 0, ""by_type"": {}}, ""Bogorodica L3"": {""total"": 0, ""by_type"": {}}, ""Bogorodica L4"": {""total"": 0, ""by_type"": {}}, ""Bogorodica L5"": {""total"": 1, ""by_type"": {""car"": 1}}}",3
80,1,2026-04-28 18:59:55.288492 +00:00,5,2,0,0,0,2,"{""Bogorodica L1"": {""total"": 2, ""by_type"": {""truck"": 2}}, ""Bogorodica L2"": {""total"": 0, ""by_type"": {}}, ""Bogorodica L3"": {""total"": 0, ""by_type"": {}}, ""Bogorodica L4"": {""total"": 0, ""by_type"": {}}, ""Bogorodica L5"": {""total"": 0, ""by_type"": {}}}",2.5
81,1,2026-04-28 19:04:55.663039 +00:00,5,3,0,0,0,3,"{""Bogorodica L1"": {""total"": 3, ""by_type"": {""truck"": 3}}, ""Bogorodica L2"": {""total"": 0, ""by_type"": {}}, ""Bogorodica L3"": {""total"": 0, ""by_type"": {}}, ""Bogorodica L4"": {""total"": 0, ""by_type"": {}}, ""Bogorodica L5"": {""total"": 0, ""by_type"": {}}}",3
82,1,2026-04-28 19:09:55.865413 +00:00,5,2,0,0,0,2,"{""Bogorodica L1"": {""total"": 2, ""by_type"": {""truck"": 2}}, ""Bogorodica L2"": {""total"": 0, ""by_type"": {}}, ""Bogorodica L3"": {""total"": 0, ""by_type"": {}}, ""Bogorodica L4"": {""total"": 0, ""by_type"": {}}, ""Bogorodica L5"": {""total"": 0, ""by_type"": {}}}",3
83,1,2026-04-28 19:14:55.984914 +00:00,5,3,0,0,0,3,"{""Bogorodica L1"": {""total"": 3, ""by_type"": {""truck"": 3}}, ""Bogorodica L2"": {""total"": 0, ""by_type"": {}}, ""Bogorodica L3"": {""total"": 0, ""by_type"": {}}, ""Bogorodica L4"": {""total"": 0, ""by_type"": {}}, ""Bogorodica L5"": {""total"": 0, ""by_type"": {}}}",3
84,1,2026-04-28 19:19:56.312528 +00:00,5,2,0,0,1,1,"{""Bogorodica L1"": {""total"": 1, ""by_type"": {""truck"": 1}}, ""Bogorodica L2"": {""total"": 1, ""by_type"": {""bus"": 1}}, ""Bogorodica L3"": {""total"": 0, ""by_type"": {}}, ""Bogorodica L4"": {""total"": 0, ""by_type"": {}}, ""Bogorodica L5"": {""total"": 0, ""by_type"": {}}}",3
85,1,2026-04-28 19:24:56.373387 +00:00,5,2,1,0,0,1,"{""Bogorodica L1"": {""total"": 2, ""by_type"": {""car"": 1, ""truck"": 1}}, ""Bogorodica L2"": {""total"": 0, ""by_type"": {}}, ""Bogorodica L3"": {""total"": 0, ""by_type"": {}}, ""Bogorodica L4"": {""total"": 0, ""by_type"": {}}, ""Bogorodica L5"": {""total"": 0, ""by_type"": {}}}",3
86,1,2026-04-28 19:29:56.519340 +00:00,5,2,1,0,0,1,"{""Bogorodica L1"": {""total"": 1, ""by_type"": {""truck"": 1}}, ""Bogorodica L2"": {""total"": 0, ""by_type"": {}}, ""Bogorodica L3"": {""total"": 0, ""by_type"": {}}, ""Bogorodica L4"": {""total"": 0, ""by_type"": {}}, ""Bogorodica L5"": {""total"": 1, ""by_type"": {""car"": 1}}}",3
87,1,2026-04-28 19:34:56.861070 +00:00,5,5,3,0,0,2,"{""Bogorodica L1"": {""total"": 2, ""by_type"": {""truck"": 2}}, ""Bogorodica L2"": {""total"": 0, ""by_type"": {}}, ""Bogorodica L3"": {""total"": 0, ""by_type"": {}}, ""Bogorodica L4"": {""total"": 0, ""by_type"": {}}, ""Bogorodica L5"": {""total"": 3, ""by_type"": {""car"": 3}}}",3
88,1,2026-04-28 19:39:56.917555 +00:00,5,1,0,0,0,1,"{""Bogorodica L1"": {""total"": 1, ""by_type"": {""truck"": 1}}, ""Bogorodica L2"": {""total"": 0, ""by_type"": {}}, ""Bogorodica L3"": {""total"": 0, ""by_type"": {}}, ""Bogorodica L4"": {""total"": 0, ""by_type"": {}}, ""Bogorodica L5"": {""total"": 0, ""by_type"": {}}}",3
89,1,2026-04-28 19:44:57.054863 +00:00,5,4,0,0,0,4,"{""Bogorodica L1"": {""total"": 4, ""by_type"": {""truck"": 4}}, ""Bogorodica L2"": {""total"": 0, ""by_type"": {}}, ""Bogorodica L3"": {""total"": 0, ""by_type"": {}}, ""Bogorodica L4"": {""total"": 0, ""by_type"": {}}, ""Bogorodica L5"": {""total"": 0, ""by_type"": {}}}",3
90,1,2026-04-28 19:49:57.138701 +00:00,5,1,0,0,0,1,"{""Bogorodica L1"": {""total"": 1, ""by_type"": {""truck"": 1}}, ""Bogorodica L2"": {""total"": 0, ""by_type"": {}}, ""Bogorodica L3"": {""total"": 0, ""by_type"": {}}, ""Bogorodica L4"": {""total"": 0, ""by_type"": {}}, ""Bogorodica L5"": {""total"": 0, ""by_type"": {}}}",3
91,1,2026-04-28 19:54:57.201685 +00:00,5,2,0,0,0,2,"{""Bogorodica L1"": {""total"": 2, ""by_type"": {""truck"": 2}}, ""Bogorodica L2"": {""total"": 0, ""by_type"": {}}, ""Bogorodica L3"": {""total"": 0, ""by_type"": {}}, ""Bogorodica L4"": {""total"": 0, ""by_type"": {}}, ""Bogorodica L5"": {""total"": 0, ""by_type"": {}}}",3
92,1,2026-04-28 19:59:57.376624 +00:00,5,5,5,0,0,0,"{""Bogorodica L1"": {""total"": 0, ""by_type"": {}}, ""Bogorodica L2"": {""total"": 0, ""by_type"": {}}, ""Bogorodica L3"": {""total"": 0, ""by_type"": {}}, ""Bogorodica L4"": {""total"": 0, ""by_type"": {}}, ""Bogorodica L5"": {""total"": 5, ""by_type"": {""car"": 5}}}",3
93,1,2026-04-28 20:04:57.516928 +00:00,5,3,2,0,0,1,"{""Bogorodica L1"": {""total"": 1, ""by_type"": {""truck"": 1}}, ""Bogorodica L2"": {""total"": 0, ""by_type"": {}}, ""Bogorodica L3"": {""total"": 0, ""by_type"": {}}, ""Bogorodica L4"": {""total"": 1, ""by_type"": {""car"": 1}}, ""Bogorodica L5"": {""total"": 1, ""by_type"": {""car"": 1}}}",3
94,1,2026-04-28 20:09:57.844922 +00:00,5,2,1,0,0,1,"{""Bogorodica L1"": {""total"": 1, ""by_type"": {""truck"": 1}}, ""Bogorodica L2"": {""total"": 0, ""by_type"": {}}, ""Bogorodica L3"": {""total"": 0, ""by_type"": {}}, ""Bogorodica L4"": {""total"": 0, ""by_type"": {}}, ""Bogorodica L5"": {""total"": 1, ""by_type"": {""car"": 1}}}",3
95,1,2026-04-28 20:14:58.071731 +00:00,5,1,0,0,0,1,"{""Bogorodica L1"": {""total"": 1, ""by_type"": {""truck"": 1}}, ""Bogorodica L2"": {""total"": 0, ""by_type"": {}}, ""Bogorodica L3"": {""total"": 0, ""by_type"": {}}, ""Bogorodica L4"": {""total"": 0, ""by_type"": {}}, ""Bogorodica L5"": {""total"": 0, ""by_type"": {}}}",3
96,1,2026-04-28 20:19:58.324207 +00:00,5,1,0,0,0,1,"{""Bogorodica L1"": {""total"": 1, ""by_type"": {""truck"": 1}}, ""Bogorodica L2"": {""total"": 0, ""by_type"": {}}, ""Bogorodica L3"": {""total"": 0, ""by_type"": {}}, ""Bogorodica L4"": {""total"": 0, ""by_type"": {}}, ""Bogorodica L5"": {""total"": 0, ""by_type"": {}}}",3
97,1,2026-04-28 20:24:58.361595 +00:00,5,1,1,0,0,0,"{""Bogorodica L1"": {""total"": 0, ""by_type"": {}}, ""Bogorodica L2"": {""total"": 0, ""by_type"": {}}, ""Bogorodica L3"": {""total"": 0, ""by_type"": {}}, ""Bogorodica L4"": {""total"": 0, ""by_type"": {}}, ""Bogorodica L5"": {""total"": 1, ""by_type"": {""car"": 1}}}",3
98,1,2026-04-28 20:29:58.618107 +00:00,5,0,0,0,0,0,"{""Bogorodica L1"": {""total"": 0, ""by_type"": {}}, ""Bogorodica L2"": {""total"": 0, ""by_type"": {}}, ""Bogorodica L3"": {""total"": 0, ""by_type"": {}}, ""Bogorodica L4"": {""total"": 0, ""by_type"": {}}, ""Bogorodica L5"": {""total"": 0, ""by_type"": {}}}",3
99,1,2026-04-28 20:34:58.901191 +00:00,5,0,0,0,0,0,"{""Bogorodica L1"": {""total"": 0, ""by_type"": {}}, ""Bogorodica L2"": {""total"": 0, ""by_type"": {}}, ""Bogorodica L3"": {""total"": 0, ""by_type"": {}}, ""Bogorodica L4"": {""total"": 0, ""by_type"": {}}, ""Bogorodica L5"": {""total"": 0, ""by_type"": {}}}",3
100,1,2026-04-28 20:39:59.197273 +00:00,5,1,1,0,0,0,"{""Bogorodica L1"": {""total"": 1, ""by_type"": {""car"": 1}}, ""Bogorodica L2"": {""total"": 0, ""by_type"": {}}, ""Bogorodica L3"": {""total"": 0, ""by_type"": {}}, ""Bogorodica L4"": {""total"": 0, ""by_type"": {}}, ""Bogorodica L5"": {""total"": 0, ""by_type"": {}}}",3
101,1,2026-04-28 20:44:59.351511 +00:00,5,0,0,0,0,0,"{""Bogorodica L1"": {""total"": 0, ""by_type"": {}}, ""Bogorodica L2"": {""total"": 0, ""by_type"": {}}, ""Bogorodica L3"": {""total"": 0, ""by_type"": {}}, ""Bogorodica L4"": {""total"": 0, ""by_type"": {}}, ""Bogorodica L5"": {""total"": 0, ""by_type"": {}}}",3
102,1,2026-04-28 20:49:59.414797 +00:00,5,2,0,0,0,2,"{""Bogorodica L1"": {""total"": 2, ""by_type"": {""truck"": 2}}, ""Bogorodica L2"": {""total"": 0, ""by_type"": {}}, ""Bogorodica L3"": {""total"": 0, ""by_type"": {}}, ""Bogorodica L4"": {""total"": 0, ""by_type"": {}}, ""Bogorodica L5"": {""total"": 0, ""by_type"": {}}}",3
103,1,2026-04-28 20:54:59.732404 +00:00,5,2,0,0,0,2,"{""Bogorodica L1"": {""total"": 2, ""by_type"": {""truck"": 2}}, ""Bogorodica L2"": {""total"": 0, ""by_type"": {}}, ""Bogorodica L3"": {""total"": 0, ""by_type"": {}}, ""Bogorodica L4"": {""total"": 0, ""by_type"": {}}, ""Bogorodica L5"": {""total"": 0, ""by_type"": {}}}",3
104,1,2026-04-28 20:59:59.921651 +00:00,5,0,0,0,0,0,"{""Bogorodica L1"": {""total"": 0, ""by_type"": {}}, ""Bogorodica L2"": {""total"": 0, ""by_type"": {}}, ""Bogorodica L3"": {""total"": 0, ""by_type"": {}}, ""Bogorodica L4"": {""total"": 0, ""by_type"": {}}, ""Bogorodica L5"": {""total"": 0, ""by_type"": {}}}",3
105,1,2026-04-28 21:04:59.995617 +00:00,5,0,0,0,0,0,"{""Bogorodica L1"": {""total"": 0, ""by_type"": {}}, ""Bogorodica L2"": {""total"": 0, ""by_type"": {}}, ""Bogorodica L3"": {""total"": 0, ""by_type"": {}}, ""Bogorodica L4"": {""total"": 0, ""by_type"": {}}, ""Bogorodica L5"": {""total"": 0, ""by_type"": {}}}",3
106,1,2026-04-28 21:10:00.199356 +00:00,5,0,0,0,0,0,"{""Bogorodica L1"": {""total"": 0, ""by_type"": {}}, ""Bogorodica L2"": {""total"": 0, ""by_type"": {}}, ""Bogorodica L3"": {""total"": 0, ""by_type"": {}}, ""Bogorodica L4"": {""total"": 0, ""by_type"": {}}, ""Bogorodica L5"": {""total"": 0, ""by_type"": {}}}",3
107,1,2026-04-28 21:15:00.547147 +00:00,5,3,0,0,0,3,"{""Bogorodica L1"": {""total"": 3, ""by_type"": {""truck"": 3}}, ""Bogorodica L2"": {""total"": 0, ""by_type"": {}}, ""Bogorodica L3"": {""total"": 0, ""by_type"": {}}, ""Bogorodica L4"": {""total"": 0, ""by_type"": {}}, ""Bogorodica L5"": {""total"": 0, ""by_type"": {}}}",3
108,1,2026-04-28 21:20:00.873710 +00:00,5,3,0,0,0,3,"{""Bogorodica L1"": {""total"": 3, ""by_type"": {""truck"": 3}}, ""Bogorodica L2"": {""total"": 0, ""by_type"": {}}, ""Bogorodica L3"": {""total"": 0, ""by_type"": {}}, ""Bogorodica L4"": {""total"": 0, ""by_type"": {}}, ""Bogorodica L5"": {""total"": 0, ""by_type"": {}}}",3
109,1,2026-04-28 21:25:00.996388 +00:00,5,2,0,0,0,2,"{""Bogorodica L1"": {""total"": 2, ""by_type"": {""truck"": 2}}, ""Bogorodica L2"": {""total"": 0, ""by_type"": {}}, ""Bogorodica L3"": {""total"": 0, ""by_type"": {}}, ""Bogorodica L4"": {""total"": 0, ""by_type"": {}}, ""Bogorodica L5"": {""total"": 0, ""by_type"": {}}}",3
110,1,2026-04-28 21:30:01.296999 +00:00,5,1,0,0,0,1,"{""Bogorodica L1"": {""total"": 1, ""by_type"": {""truck"": 1}}, ""Bogorodica L2"": {""total"": 0, ""by_type"": {}}, ""Bogorodica L3"": {""total"": 0, ""by_type"": {}}, ""Bogorodica L4"": {""total"": 0, ""by_type"": {}}, ""Bogorodica L5"": {""total"": 0, ""by_type"": {}}}",3
111,1,2026-04-28 21:35:01.334607 +00:00,5,3,0,0,0,3,"{""Bogorodica L1"": {""total"": 3, ""by_type"": {""truck"": 3}}, ""Bogorodica L2"": {""total"": 0, ""by_type"": {}}, ""Bogorodica L3"": {""total"": 0, ""by_type"": {}}, ""Bogorodica L4"": {""total"": 0, ""by_type"": {}}, ""Bogorodica L5"": {""total"": 0, ""by_type"": {}}}",3
112,1,2026-04-28 21:40:01.629206 +00:00,5,0,0,0,0,0,"{""Bogorodica L1"": {""total"": 0, ""by_type"": {}}, ""Bogorodica L2"": {""total"": 0, ""by_type"": {}}, ""Bogorodica L3"": {""total"": 0, ""by_type"": {}}, ""Bogorodica L4"": {""total"": 0, ""by_type"": {}}, ""Bogorodica L5"": {""total"": 0, ""by_type"": {}}}",3
113,1,2026-04-28 21:45:01.722396 +00:00,5,2,0,0,0,2,"{""Bogorodica L1"": {""total"": 2, ""by_type"": {""truck"": 2}}, ""Bogorodica L2"": {""total"": 0, ""by_type"": {}}, ""Bogorodica L3"": {""total"": 0, ""by_type"": {}}, ""Bogorodica L4"": {""total"": 0, ""by_type"": {}}, ""Bogorodica L5"": {""total"": 0, ""by_type"": {}}}",3
114,1,2026-04-28 21:50:01.890831 +00:00,5,1,0,0,0,1,"{""Bogorodica L1"": {""total"": 1, ""by_type"": {""truck"": 1}}, ""Bogorodica L2"": {""total"": 0, ""by_type"": {}}, ""Bogorodica L3"": {""total"": 0, ""by_type"": {}}, ""Bogorodica L4"": {""total"": 0, ""by_type"": {}}, ""Bogorodica L5"": {""total"": 0, ""by_type"": {}}}",3
115,1,2026-04-28 21:55:01.996721 +00:00,5,1,0,0,1,0,"{""Bogorodica L1"": {""total"": 0, ""by_type"": {}}, ""Bogorodica L2"": {""total"": 1, ""by_type"": {""bus"": 1}}, ""Bogorodica L3"": {""total"": 0, ""by_type"": {}}, ""Bogorodica L4"": {""total"": 0, ""by_type"": {}}, ""Bogorodica L5"": {""total"": 0, ""by_type"": {}}}",3
116,1,2026-04-28 22:00:02.278643 +00:00,5,0,0,0,0,0,"{""Bogorodica L1"": {""total"": 0, ""by_type"": {}}, ""Bogorodica L2"": {""total"": 0, ""by_type"": {}}, ""Bogorodica L3"": {""total"": 0, ""by_type"": {}}, ""Bogorodica L4"": {""total"": 0, ""by_type"": {}}, ""Bogorodica L5"": {""total"": 0, ""by_type"": {}}}",3
117,1,2026-04-28 22:05:02.544507 +00:00,5,0,0,0,0,0,"{""Bogorodica L1"": {""total"": 0, ""by_type"": {}}, ""Bogorodica L2"": {""total"": 0, ""by_type"": {}}, ""Bogorodica L3"": {""total"": 0, ""by_type"": {}}, ""Bogorodica L4"": {""total"": 0, ""by_type"": {}}, ""Bogorodica L5"": {""total"": 0, ""by_type"": {}}}",3
118,1,2026-04-28 22:10:02.887220 +00:00,5,0,0,0,0,0,"{""Bogorodica L1"": {""total"": 0, ""by_type"": {}}, ""Bogorodica L2"": {""total"": 0, ""by_type"": {}}, ""Bogorodica L3"": {""total"": 0, ""by_type"": {}}, ""Bogorodica L4"": {""total"": 0, ""by_type"": {}}, ""Bogorodica L5"": {""total"": 0, ""by_type"": {}}}",2.5
119,1,2026-04-28 22:15:03.034274 +00:00,5,0,0,0,0,0,"{""Bogorodica L1"": {""total"": 0, ""by_type"": {}}, ""Bogorodica L2"": {""total"": 0, ""by_type"": {}}, ""Bogorodica L3"": {""total"": 0, ""by_type"": {}}, ""Bogorodica L4"": {""total"": 0, ""by_type"": {}}, ""Bogorodica L5"": {""total"": 0, ""by_type"": {}}}",3
120,1,2026-04-28 22:20:03.096812 +00:00,5,1,1,0,0,0,"{""Bogorodica L1"": {""total"": 1, ""by_type"": {""car"": 1}}, ""Bogorodica L2"": {""total"": 0, ""by_type"": {}}, ""Bogorodica L3"": {""total"": 0, ""by_type"": {}}, ""Bogorodica L4"": {""total"": 0, ""by_type"": {}}, ""Bogorodica L5"": {""total"": 0, ""by_type"": {}}}",3
121,1,2026-04-28 22:25:03.187746 +00:00,5,0,0,0,0,0,"{""Bogorodica L1"": {""total"": 0, ""by_type"": {}}, ""Bogorodica L2"": {""total"": 0, ""by_type"": {}}, ""Bogorodica L3"": {""total"": 0, ""by_type"": {}}, ""Bogorodica L4"": {""total"": 0, ""by_type"": {}}, ""Bogorodica L5"": {""total"": 0, ""by_type"": {}}}",3
122,1,2026-04-28 22:30:03.387581 +00:00,5,0,0,0,0,0,"{""Bogorodica L1"": {""total"": 0, ""by_type"": {}}, ""Bogorodica L2"": {""total"": 0, ""by_type"": {}}, ""Bogorodica L3"": {""total"": 0, ""by_type"": {}}, ""Bogorodica L4"": {""total"": 0, ""by_type"": {}}, ""Bogorodica L5"": {""total"": 0, ""by_type"": {}}}",3
123,1,2026-04-28 22:35:03.710726 +00:00,5,1,1,0,0,0,"{""Bogorodica L1"": {""total"": 0, ""by_type"": {}}, ""Bogorodica L2"": {""total"": 0, ""by_type"": {}}, ""Bogorodica L3"": {""total"": 0, ""by_type"": {}}, ""Bogorodica L4"": {""total"": 0, ""by_type"": {}}, ""Bogorodica L5"": {""total"": 1, ""by_type"": {""car"": 1}}}",3
124,1,2026-04-28 22:40:03.777346 +00:00,5,0,0,0,0,0,"{""Bogorodica L1"": {""total"": 0, ""by_type"": {}}, ""Bogorodica L2"": {""total"": 0, ""by_type"": {}}, ""Bogorodica L3"": {""total"": 0, ""by_type"": {}}, ""Bogorodica L4"": {""total"": 0, ""by_type"": {}}, ""Bogorodica L5"": {""total"": 0, ""by_type"": {}}}",3
125,1,2026-04-28 22:45:04.130555 +00:00,5,1,1,0,0,0,"{""Bogorodica L1"": {""total"": 1, ""by_type"": {""car"": 1}}, ""Bogorodica L2"": {""total"": 0, ""by_type"": {}}, ""Bogorodica L3"": {""total"": 0, ""by_type"": {}}, ""Bogorodica L4"": {""total"": 0, ""by_type"": {}}, ""Bogorodica L5"": {""total"": 0, ""by_type"": {}}}",3
126,1,2026-04-28 22:50:04.365286 +00:00,5,0,0,0,0,0,"{""Bogorodica L1"": {""total"": 0, ""by_type"": {}}, ""Bogorodica L2"": {""total"": 0, ""by_type"": {}}, ""Bogorodica L3"": {""total"": 0, ""by_type"": {}}, ""Bogorodica L4"": {""total"": 0, ""by_type"": {}}, ""Bogorodica L5"": {""total"": 0, ""by_type"": {}}}",3
127,1,2026-04-28 22:55:04.384871 +00:00,5,0,0,0,0,0,"{""Bogorodica L1"": {""total"": 0, ""by_type"": {}}, ""Bogorodica L2"": {""total"": 0, ""by_type"": {}}, ""Bogorodica L3"": {""total"": 0, ""by_type"": {}}, ""Bogorodica L4"": {""total"": 0, ""by_type"": {}}, ""Bogorodica L5"": {""total"": 0, ""by_type"": {}}}",3
128,1,2026-04-28 23:00:21.922656 +00:00,5,1,0,0,0,1,"{""Bogorodica L1"": {""total"": 1, ""by_type"": {""truck"": 1}}, ""Bogorodica L2"": {""total"": 0, ""by_type"": {}}, ""Bogorodica L3"": {""total"": 0, ""by_type"": {}}, ""Bogorodica L4"": {""total"": 0, ""by_type"": {}}, ""Bogorodica L5"": {""total"": 0, ""by_type"": {}}}",0.5
129,1,2026-04-28 23:05:21.988601 +00:00,5,1,0,0,0,1,"{""Bogorodica L1"": {""total"": 1, ""by_type"": {""truck"": 1}}, ""Bogorodica L2"": {""total"": 0, ""by_type"": {}}, ""Bogorodica L3"": {""total"": 0, ""by_type"": {}}, ""Bogorodica L4"": {""total"": 0, ""by_type"": {}}, ""Bogorodica L5"": {""total"": 0, ""by_type"": {}}}",3
130,1,2026-04-28 23:10:22.202322 +00:00,5,1,0,0,0,1,"{""Bogorodica L1"": {""total"": 1, ""by_type"": {""truck"": 1}}, ""Bogorodica L2"": {""total"": 0, ""by_type"": {}}, ""Bogorodica L3"": {""total"": 0, ""by_type"": {}}, ""Bogorodica L4"": {""total"": 0, ""by_type"": {}}, ""Bogorodica L5"": {""total"": 0, ""by_type"": {}}}",3
131,1,2026-04-28 23:15:22.490040 +00:00,5,3,1,0,0,2,"{""Bogorodica L1"": {""total"": 2, ""by_type"": {""truck"": 2}}, ""Bogorodica L2"": {""total"": 0, ""by_type"": {}}, ""Bogorodica L3"": {""total"": 0, ""by_type"": {}}, ""Bogorodica L4"": {""total"": 0, ""by_type"": {}}, ""Bogorodica L5"": {""total"": 1, ""by_type"": {""car"": 1}}}",3
132,1,2026-04-28 23:20:22.508344 +00:00,5,2,0,0,0,2,"{""Bogorodica L1"": {""total"": 2, ""by_type"": {""truck"": 2}}, ""Bogorodica L2"": {""total"": 0, ""by_type"": {}}, ""Bogorodica L3"": {""total"": 0, ""by_type"": {}}, ""Bogorodica L4"": {""total"": 0, ""by_type"": {}}, ""Bogorodica L5"": {""total"": 0, ""by_type"": {}}}",3
133,1,2026-04-28 23:25:22.684828 +00:00,5,1,0,0,0,1,"{""Bogorodica L1"": {""total"": 1, ""by_type"": {""truck"": 1}}, ""Bogorodica L2"": {""total"": 0, ""by_type"": {}}, ""Bogorodica L3"": {""total"": 0, ""by_type"": {}}, ""Bogorodica L4"": {""total"": 0, ""by_type"": {}}, ""Bogorodica L5"": {""total"": 0, ""by_type"": {}}}",3
134,1,2026-04-28 23:30:22.777231 +00:00,5,1,0,0,0,1,"{""Bogorodica L1"": {""total"": 1, ""by_type"": {""truck"": 1}}, ""Bogorodica L2"": {""total"": 0, ""by_type"": {}}, ""Bogorodica L3"": {""total"": 0, ""by_type"": {}}, ""Bogorodica L4"": {""total"": 0, ""by_type"": {}}, ""Bogorodica L5"": {""total"": 0, ""by_type"": {}}}",3
135,1,2026-04-28 23:35:23.113087 +00:00,5,3,1,0,0,2,"{""Bogorodica L1"": {""total"": 3, ""by_type"": {""car"": 1, ""truck"": 2}}, ""Bogorodica L2"": {""total"": 0, ""by_type"": {}}, ""Bogorodica L3"": {""total"": 0, ""by_type"": {}}, ""Bogorodica L4"": {""total"": 0, ""by_type"": {}}, ""Bogorodica L5"": {""total"": 0, ""by_type"": {}}}",3
136,1,2026-04-28 23:40:23.465676 +00:00,5,2,0,0,0,2,"{""Bogorodica L1"": {""total"": 2, ""by_type"": {""truck"": 2}}, ""Bogorodica L2"": {""total"": 0, ""by_type"": {}}, ""Bogorodica L3"": {""total"": 0, ""by_type"": {}}, ""Bogorodica L4"": {""total"": 0, ""by_type"": {}}, ""Bogorodica L5"": {""total"": 0, ""by_type"": {}}}",3
137,1,2026-04-28 23:45:23.566027 +00:00,5,1,0,0,0,1,"{""Bogorodica L1"": {""total"": 1, ""by_type"": {""truck"": 1}}, ""Bogorodica L2"": {""total"": 0, ""by_type"": {}}, ""Bogorodica L3"": {""total"": 0, ""by_type"": {}}, ""Bogorodica L4"": {""total"": 0, ""by_type"": {}}, ""Bogorodica L5"": {""total"": 0, ""by_type"": {}}}",3
138,1,2026-04-28 23:50:23.774849 +00:00,5,2,0,0,0,2,"{""Bogorodica L1"": {""total"": 2, ""by_type"": {""truck"": 2}}, ""Bogorodica L2"": {""total"": 0, ""by_type"": {}}, ""Bogorodica L3"": {""total"": 0, ""by_type"": {}}, ""Bogorodica L4"": {""total"": 0, ""by_type"": {}}, ""Bogorodica L5"": {""total"": 0, ""by_type"": {}}}",3
139,1,2026-04-28 23:55:24.006090 +00:00,5,2,0,0,0,2,"{""Bogorodica L1"": {""total"": 2, ""by_type"": {""truck"": 2}}, ""Bogorodica L2"": {""total"": 0, ""by_type"": {}}, ""Bogorodica L3"": {""total"": 0, ""by_type"": {}}, ""Bogorodica L4"": {""total"": 0, ""by_type"": {}}, ""Bogorodica L5"": {""total"": 0, ""by_type"": {}}}",3
140,1,2026-04-29 00:00:24.323944 +00:00,5,2,0,0,0,2,"{""Bogorodica L1"": {""total"": 2, ""by_type"": {""truck"": 2}}, ""Bogorodica L2"": {""total"": 0, ""by_type"": {}}, ""Bogorodica L3"": {""total"": 0, ""by_type"": {}}, ""Bogorodica L4"": {""total"": 0, ""by_type"": {}}, ""Bogorodica L5"": {""total"": 0, ""by_type"": {}}}",3
141,1,2026-04-29 00:05:24.587439 +00:00,5,2,0,0,0,2,"{""Bogorodica L1"": {""total"": 2, ""by_type"": {""truck"": 2}}, ""Bogorodica L2"": {""total"": 0, ""by_type"": {}}, ""Bogorodica L3"": {""total"": 0, ""by_type"": {}}, ""Bogorodica L4"": {""total"": 0, ""by_type"": {}}, ""Bogorodica L5"": {""total"": 0, ""by_type"": {}}}",3
142,1,2026-04-29 00:10:24.636098 +00:00,5,2,2,0,0,0,"{""Bogorodica L1"": {""total"": 1, ""by_type"": {""car"": 1}}, ""Bogorodica L2"": {""total"": 1, ""by_type"": {""car"": 1}}, ""Bogorodica L3"": {""total"": 0, ""by_type"": {}}, ""Bogorodica L4"": {""total"": 0, ""by_type"": {}}, ""Bogorodica L5"": {""total"": 0, ""by_type"": {}}}",3
143,1,2026-04-29 00:15:24.661719 +00:00,5,3,0,0,0,3,"{""Bogorodica L1"": {""total"": 3, ""by_type"": {""truck"": 3}}, ""Bogorodica L2"": {""total"": 0, ""by_type"": {}}, ""Bogorodica L3"": {""total"": 0, ""by_type"": {}}, ""Bogorodica L4"": {""total"": 0, ""by_type"": {}}, ""Bogorodica L5"": {""total"": 0, ""by_type"": {}}}",2.5
144,1,2026-04-29 00:20:25.038810 +00:00,5,3,0,0,0,3,"{""Bogorodica L1"": {""total"": 3, ""by_type"": {""truck"": 3}}, ""Bogorodica L2"": {""total"": 0, ""by_type"": {}}, ""Bogorodica L3"": {""total"": 0, ""by_type"": {}}, ""Bogorodica L4"": {""total"": 0, ""by_type"": {}}, ""Bogorodica L5"": {""total"": 0, ""by_type"": {}}}",3
145,1,2026-04-29 00:25:25.399741 +00:00,5,1,0,0,0,1,"{""Bogorodica L1"": {""total"": 1, ""by_type"": {""truck"": 1}}, ""Bogorodica L2"": {""total"": 0, ""by_type"": {}}, ""Bogorodica L3"": {""total"": 0, ""by_type"": {}}, ""Bogorodica L4"": {""total"": 0, ""by_type"": {}}, ""Bogorodica L5"": {""total"": 0, ""by_type"": {}}}",3
146,1,2026-04-29 00:30:25.488391 +00:00,5,2,1,0,1,0,"{""Bogorodica L1"": {""total"": 0, ""by_type"": {}}, ""Bogorodica L2"": {""total"": 2, ""by_type"": {""bus"": 1, ""car"": 1}}, ""Bogorodica L3"": {""total"": 0, ""by_type"": {}}, ""Bogorodica L4"": {""total"": 0, ""by_type"": {}}, ""Bogorodica L5"": {""total"": 0, ""by_type"": {}}}",3
147,1,2026-04-29 00:35:25.633420 +00:00,5,3,1,0,2,0,"{""Bogorodica L1"": {""total"": 1, ""by_type"": {""bus"": 1}}, ""Bogorodica L2"": {""total"": 2, ""by_type"": {""bus"": 1, ""car"": 1}}, ""Bogorodica L3"": {""total"": 0, ""by_type"": {}}, ""Bogorodica L4"": {""total"": 0, ""by_type"": {}}, ""Bogorodica L5"": {""total"": 0, ""by_type"": {}}}",3
148,1,2026-04-29 00:40:25.816072 +00:00,5,1,0,0,0,1,"{""Bogorodica L1"": {""total"": 1, ""by_type"": {""truck"": 1}}, ""Bogorodica L2"": {""total"": 0, ""by_type"": {}}, ""Bogorodica L3"": {""total"": 0, ""by_type"": {}}, ""Bogorodica L4"": {""total"": 0, ""by_type"": {}}, ""Bogorodica L5"": {""total"": 0, ""by_type"": {}}}",3
149,1,2026-04-29 00:45:25.999739 +00:00,5,2,0,0,1,1,"{""Bogorodica L1"": {""total"": 1, ""by_type"": {""truck"": 1}}, ""Bogorodica L2"": {""total"": 1, ""by_type"": {""bus"": 1}}, ""Bogorodica L3"": {""total"": 0, ""by_type"": {}}, ""Bogorodica L4"": {""total"": 0, ""by_type"": {}}, ""Bogorodica L5"": {""total"": 0, ""by_type"": {}}}",3
150,1,2026-04-29 00:50:26.245625 +00:00,5,2,0,0,1,1,"{""Bogorodica L1"": {""total"": 1, ""by_type"": {""truck"": 1}}, ""Bogorodica L2"": {""total"": 1, ""by_type"": {""bus"": 1}}, ""Bogorodica L3"": {""total"": 0, ""by_type"": {}}, ""Bogorodica L4"": {""total"": 0, ""by_type"": {}}, ""Bogorodica L5"": {""total"": 0, ""by_type"": {}}}",3
151,1,2026-04-29 00:55:26.388287 +00:00,5,1,0,0,1,0,"{""Bogorodica L1"": {""total"": 0, ""by_type"": {}}, ""Bogorodica L2"": {""total"": 1, ""by_type"": {""bus"": 1}}, ""Bogorodica L3"": {""total"": 0, ""by_type"": {}}, ""Bogorodica L4"": {""total"": 0, ""by_type"": {}}, ""Bogorodica L5"": {""total"": 0, ""by_type"": {}}}",3
152,1,2026-04-29 01:00:29.352372 +00:00,5,2,0,0,0,2,"{""Bogorodica L1"": {""total"": 2, ""by_type"": {""truck"": 2}}, ""Bogorodica L2"": {""total"": 0, ""by_type"": {}}, ""Bogorodica L3"": {""total"": 0, ""by_type"": {}}, ""Bogorodica L4"": {""total"": 0, ""by_type"": {}}, ""Bogorodica L5"": {""total"": 0, ""by_type"": {}}}",0.5
153,1,2026-04-29 01:05:29.570028 +00:00,5,2,0,0,0,2,"{""Bogorodica L1"": {""total"": 2, ""by_type"": {""truck"": 2}}, ""Bogorodica L2"": {""total"": 0, ""by_type"": {}}, ""Bogorodica L3"": {""total"": 0, ""by_type"": {}}, ""Bogorodica L4"": {""total"": 0, ""by_type"": {}}, ""Bogorodica L5"": {""total"": 0, ""by_type"": {}}}",3
154,1,2026-04-29 01:10:29.929379 +00:00,5,3,0,0,0,3,"{""Bogorodica L1"": {""total"": 3, ""by_type"": {""truck"": 3}}, ""Bogorodica L2"": {""total"": 0, ""by_type"": {}}, ""Bogorodica L3"": {""total"": 0, ""by_type"": {}}, ""Bogorodica L4"": {""total"": 0, ""by_type"": {}}, ""Bogorodica L5"": {""total"": 0, ""by_type"": {}}}",3
155,1,2026-04-29 01:15:29.962173 +00:00,5,3,1,0,0,2,"{""Bogorodica L1"": {""total"": 3, ""by_type"": {""car"": 1, ""truck"": 2}}, ""Bogorodica L2"": {""total"": 0, ""by_type"": {}}, ""Bogorodica L3"": {""total"": 0, ""by_type"": {}}, ""Bogorodica L4"": {""total"": 0, ""by_type"": {}}, ""Bogorodica L5"": {""total"": 0, ""by_type"": {}}}",3
156,1,2026-04-29 01:20:30.269190 +00:00,5,5,1,0,0,4,"{""Bogorodica L1"": {""total"": 5, ""by_type"": {""car"": 1, ""truck"": 4}}, ""Bogorodica L2"": {""total"": 0, ""by_type"": {}}, ""Bogorodica L3"": {""total"": 0, ""by_type"": {}}, ""Bogorodica L4"": {""total"": 0, ""by_type"": {}}, ""Bogorodica L5"": {""total"": 0, ""by_type"": {}}}",3
157,1,2026-04-29 01:25:30.329919 +00:00,5,3,0,0,0,3,"{""Bogorodica L1"": {""total"": 3, ""by_type"": {""truck"": 3}}, ""Bogorodica L2"": {""total"": 0, ""by_type"": {}}, ""Bogorodica L3"": {""total"": 0, ""by_type"": {}}, ""Bogorodica L4"": {""total"": 0, ""by_type"": {}}, ""Bogorodica L5"": {""total"": 0, ""by_type"": {}}}",3
158,1,2026-04-29 01:30:30.337581 +00:00,5,3,0,0,0,3,"{""Bogorodica L1"": {""total"": 3, ""by_type"": {""truck"": 3}}, ""Bogorodica L2"": {""total"": 0, ""by_type"": {}}, ""Bogorodica L3"": {""total"": 0, ""by_type"": {}}, ""Bogorodica L4"": {""total"": 0, ""by_type"": {}}, ""Bogorodica L5"": {""total"": 0, ""by_type"": {}}}",3
159,1,2026-04-29 01:35:30.659101 +00:00,5,3,0,0,0,3,"{""Bogorodica L1"": {""total"": 3, ""by_type"": {""truck"": 3}}, ""Bogorodica L2"": {""total"": 0, ""by_type"": {}}, ""Bogorodica L3"": {""total"": 0, ""by_type"": {}}, ""Bogorodica L4"": {""total"": 0, ""by_type"": {}}, ""Bogorodica L5"": {""total"": 0, ""by_type"": {}}}",3
160,1,2026-04-29 01:40:30.799025 +00:00,5,1,0,0,0,1,"{""Bogorodica L1"": {""total"": 1, ""by_type"": {""truck"": 1}}, ""Bogorodica L2"": {""total"": 0, ""by_type"": {}}, ""Bogorodica L3"": {""total"": 0, ""by_type"": {}}, ""Bogorodica L4"": {""total"": 0, ""by_type"": {}}, ""Bogorodica L5"": {""total"": 0, ""by_type"": {}}}",3
161,1,2026-04-29 01:45:30.903094 +00:00,5,4,0,0,0,4,"{""Bogorodica L1"": {""total"": 4, ""by_type"": {""truck"": 4}}, ""Bogorodica L2"": {""total"": 0, ""by_type"": {}}, ""Bogorodica L3"": {""total"": 0, ""by_type"": {}}, ""Bogorodica L4"": {""total"": 0, ""by_type"": {}}, ""Bogorodica L5"": {""total"": 0, ""by_type"": {}}}",3
162,1,2026-04-29 01:50:30.918224 +00:00,5,3,1,0,0,2,"{""Bogorodica L1"": {""total"": 3, ""by_type"": {""car"": 1, ""truck"": 2}}, ""Bogorodica L2"": {""total"": 0, ""by_type"": {}}, ""Bogorodica L3"": {""total"": 0, ""by_type"": {}}, ""Bogorodica L4"": {""total"": 0, ""by_type"": {}}, ""Bogorodica L5"": {""total"": 0, ""by_type"": {}}}",3
163,1,2026-04-29 01:55:31.253710 +00:00,5,3,0,0,0,3,"{""Bogorodica L1"": {""total"": 3, ""by_type"": {""truck"": 3}}, ""Bogorodica L2"": {""total"": 0, ""by_type"": {}}, ""Bogorodica L3"": {""total"": 0, ""by_type"": {}}, ""Bogorodica L4"": {""total"": 0, ""by_type"": {}}, ""Bogorodica L5"": {""total"": 0, ""by_type"": {}}}",3
164,1,2026-04-29 02:00:31.316353 +00:00,5,3,1,0,0,2,"{""Bogorodica L1"": {""total"": 2, ""by_type"": {""truck"": 2}}, ""Bogorodica L2"": {""total"": 0, ""by_type"": {}}, ""Bogorodica L3"": {""total"": 0, ""by_type"": {}}, ""Bogorodica L4"": {""total"": 0, ""by_type"": {}}, ""Bogorodica L5"": {""total"": 1, ""by_type"": {""car"": 1}}}",3
165,1,2026-04-29 02:05:31.392937 +00:00,5,0,0,0,0,0,"{""Bogorodica L1"": {""total"": 0, ""by_type"": {}}, ""Bogorodica L2"": {""total"": 0, ""by_type"": {}}, ""Bogorodica L3"": {""total"": 0, ""by_type"": {}}, ""Bogorodica L4"": {""total"": 0, ""by_type"": {}}, ""Bogorodica L5"": {""total"": 0, ""by_type"": {}}}",3
166,1,2026-04-29 02:10:31.716639 +00:00,5,2,0,0,0,2,"{""Bogorodica L1"": {""total"": 2, ""by_type"": {""truck"": 2}}, ""Bogorodica L2"": {""total"": 0, ""by_type"": {}}, ""Bogorodica L3"": {""total"": 0, ""by_type"": {}}, ""Bogorodica L4"": {""total"": 0, ""by_type"": {}}, ""Bogorodica L5"": {""total"": 0, ""by_type"": {}}}",3
167,1,2026-04-29 02:15:31.782114 +00:00,5,2,0,0,0,2,"{""Bogorodica L1"": {""total"": 2, ""by_type"": {""truck"": 2}}, ""Bogorodica L2"": {""total"": 0, ""by_type"": {}}, ""Bogorodica L3"": {""total"": 0, ""by_type"": {}}, ""Bogorodica L4"": {""total"": 0, ""by_type"": {}}, ""Bogorodica L5"": {""total"": 0, ""by_type"": {}}}",3
168,1,2026-04-29 02:20:32.072698 +00:00,5,2,0,0,0,2,"{""Bogorodica L1"": {""total"": 2, ""by_type"": {""truck"": 2}}, ""Bogorodica L2"": {""total"": 0, ""by_type"": {}}, ""Bogorodica L3"": {""total"": 0, ""by_type"": {}}, ""Bogorodica L4"": {""total"": 0, ""by_type"": {}}, ""Bogorodica L5"": {""total"": 0, ""by_type"": {}}}",3
169,1,2026-04-29 02:25:32.270327 +00:00,5,3,0,0,0,3,"{""Bogorodica L1"": {""total"": 3, ""by_type"": {""truck"": 3}}, ""Bogorodica L2"": {""total"": 0, ""by_type"": {}}, ""Bogorodica L3"": {""total"": 0, ""by_type"": {}}, ""Bogorodica L4"": {""total"": 0, ""by_type"": {}}, ""Bogorodica L5"": {""total"": 0, ""by_type"": {}}}",3
170,1,2026-04-29 02:30:47.179534 +00:00,5,3,0,0,0,3,"{""Bogorodica L1"": {""total"": 3, ""by_type"": {""truck"": 3}}, ""Bogorodica L2"": {""total"": 0, ""by_type"": {}}, ""Bogorodica L3"": {""total"": 0, ""by_type"": {}}, ""Bogorodica L4"": {""total"": 0, ""by_type"": {}}, ""Bogorodica L5"": {""total"": 0, ""by_type"": {}}}",0.5
171,1,2026-04-29 02:35:47.399865 +00:00,5,3,0,0,0,3,"{""Bogorodica L1"": {""total"": 3, ""by_type"": {""truck"": 3}}, ""Bogorodica L2"": {""total"": 0, ""by_type"": {}}, ""Bogorodica L3"": {""total"": 0, ""by_type"": {}}, ""Bogorodica L4"": {""total"": 0, ""by_type"": {}}, ""Bogorodica L5"": {""total"": 0, ""by_type"": {}}}",3
172,1,2026-04-29 02:40:47.529320 +00:00,5,1,0,0,0,1,"{""Bogorodica L1"": {""total"": 1, ""by_type"": {""truck"": 1}}, ""Bogorodica L2"": {""total"": 0, ""by_type"": {}}, ""Bogorodica L3"": {""total"": 0, ""by_type"": {}}, ""Bogorodica L4"": {""total"": 0, ""by_type"": {}}, ""Bogorodica L5"": {""total"": 0, ""by_type"": {}}}",3
173,1,2026-04-29 02:45:47.712130 +00:00,5,2,0,0,0,2,"{""Bogorodica L1"": {""total"": 2, ""by_type"": {""truck"": 2}}, ""Bogorodica L2"": {""total"": 0, ""by_type"": {}}, ""Bogorodica L3"": {""total"": 0, ""by_type"": {}}, ""Bogorodica L4"": {""total"": 0, ""by_type"": {}}, ""Bogorodica L5"": {""total"": 0, ""by_type"": {}}}",3
174,1,2026-04-29 02:50:47.748047 +00:00,5,3,1,0,0,2,"{""Bogorodica L1"": {""total"": 3, ""by_type"": {""car"": 1, ""truck"": 2}}, ""Bogorodica L2"": {""total"": 0, ""by_type"": {}}, ""Bogorodica L3"": {""total"": 0, ""by_type"": {}}, ""Bogorodica L4"": {""total"": 0, ""by_type"": {}}, ""Bogorodica L5"": {""total"": 0, ""by_type"": {}}}",3
175,1,2026-04-29 02:55:47.840971 +00:00,5,3,0,0,0,3,"{""Bogorodica L1"": {""total"": 3, ""by_type"": {""truck"": 3}}, ""Bogorodica L2"": {""total"": 0, ""by_type"": {}}, ""Bogorodica L3"": {""total"": 0, ""by_type"": {}}, ""Bogorodica L4"": {""total"": 0, ""by_type"": {}}, ""Bogorodica L5"": {""total"": 0, ""by_type"": {}}}",3
176,1,2026-04-29 03:01:01.404537 +00:00,5,3,0,0,0,3,"{""Bogorodica L1"": {""total"": 3, ""by_type"": {""truck"": 3}}, ""Bogorodica L2"": {""total"": 0, ""by_type"": {}}, ""Bogorodica L3"": {""total"": 0, ""by_type"": {}}, ""Bogorodica L4"": {""total"": 0, ""by_type"": {}}, ""Bogorodica L5"": {""total"": 0, ""by_type"": {}}}",0.5
177,1,2026-04-29 03:06:01.466203 +00:00,5,4,0,0,0,4,"{""Bogorodica L1"": {""total"": 4, ""by_type"": {""truck"": 4}}, ""Bogorodica L2"": {""total"": 0, ""by_type"": {}}, ""Bogorodica L3"": {""total"": 0, ""by_type"": {}}, ""Bogorodica L4"": {""total"": 0, ""by_type"": {}}, ""Bogorodica L5"": {""total"": 0, ""by_type"": {}}}",3
178,1,2026-04-29 03:11:01.823437 +00:00,5,4,0,0,0,4,"{""Bogorodica L1"": {""total"": 4, ""by_type"": {""truck"": 4}}, ""Bogorodica L2"": {""total"": 0, ""by_type"": {}}, ""Bogorodica L3"": {""total"": 0, ""by_type"": {}}, ""Bogorodica L4"": {""total"": 0, ""by_type"": {}}, ""Bogorodica L5"": {""total"": 0, ""by_type"": {}}}",3
179,1,2026-04-29 03:16:02.102868 +00:00,5,4,0,0,0,4,"{""Bogorodica L1"": {""total"": 4, ""by_type"": {""truck"": 4}}, ""Bogorodica L2"": {""total"": 0, ""by_type"": {}}, ""Bogorodica L3"": {""total"": 0, ""by_type"": {}}, ""Bogorodica L4"": {""total"": 0, ""by_type"": {}}, ""Bogorodica L5"": {""total"": 0, ""by_type"": {}}}",3
180,1,2026-04-29 03:21:02.288040 +00:00,5,4,0,0,0,4,"{""Bogorodica L1"": {""total"": 4, ""by_type"": {""truck"": 4}}, ""Bogorodica L2"": {""total"": 0, ""by_type"": {}}, ""Bogorodica L3"": {""total"": 0, ""by_type"": {}}, ""Bogorodica L4"": {""total"": 0, ""by_type"": {}}, ""Bogorodica L5"": {""total"": 0, ""by_type"": {}}}",3
181,1,2026-04-29 03:26:02.519401 +00:00,5,3,0,0,0,3,"{""Bogorodica L1"": {""total"": 3, ""by_type"": {""truck"": 3}}, ""Bogorodica L2"": {""total"": 0, ""by_type"": {}}, ""Bogorodica L3"": {""total"": 0, ""by_type"": {}}, ""Bogorodica L4"": {""total"": 0, ""by_type"": {}}, ""Bogorodica L5"": {""total"": 0, ""by_type"": {}}}",3
182,1,2026-04-29 03:31:02.743406 +00:00,5,0,0,0,0,0,"{""Bogorodica L1"": {""total"": 0, ""by_type"": {}}, ""Bogorodica L2"": {""total"": 0, ""by_type"": {}}, ""Bogorodica L3"": {""total"": 0, ""by_type"": {}}, ""Bogorodica L4"": {""total"": 0, ""by_type"": {}}, ""Bogorodica L5"": {""total"": 0, ""by_type"": {}}}",3
183,1,2026-04-29 03:36:02.920973 +00:00,5,3,0,0,0,3,"{""Bogorodica L1"": {""total"": 3, ""by_type"": {""truck"": 3}}, ""Bogorodica L2"": {""total"": 0, ""by_type"": {}}, ""Bogorodica L3"": {""total"": 0, ""by_type"": {}}, ""Bogorodica L4"": {""total"": 0, ""by_type"": {}}, ""Bogorodica L5"": {""total"": 0, ""by_type"": {}}}",3
184,1,2026-04-29 03:41:03.245143 +00:00,5,3,0,0,0,3,"{""Bogorodica L1"": {""total"": 3, ""by_type"": {""truck"": 3}}, ""Bogorodica L2"": {""total"": 0, ""by_type"": {}}, ""Bogorodica L3"": {""total"": 0, ""by_type"": {}}, ""Bogorodica L4"": {""total"": 0, ""by_type"": {}}, ""Bogorodica L5"": {""total"": 0, ""by_type"": {}}}",3
185,1,2026-04-29 03:46:03.324501 +00:00,5,6,3,0,0,3,"{""Bogorodica L1"": {""total"": 3, ""by_type"": {""truck"": 3}}, ""Bogorodica L2"": {""total"": 0, ""by_type"": {}}, ""Bogorodica L3"": {""total"": 0, ""by_type"": {}}, ""Bogorodica L4"": {""total"": 3, ""by_type"": {""car"": 3}}, ""Bogorodica L5"": {""total"": 0, ""by_type"": {}}}",3
186,1,2026-04-29 03:51:03.589090 +00:00,5,1,0,0,0,1,"{""Bogorodica L1"": {""total"": 1, ""by_type"": {""truck"": 1}}, ""Bogorodica L2"": {""total"": 0, ""by_type"": {}}, ""Bogorodica L3"": {""total"": 0, ""by_type"": {}}, ""Bogorodica L4"": {""total"": 0, ""by_type"": {}}, ""Bogorodica L5"": {""total"": 0, ""by_type"": {}}}",3
187,1,2026-04-29 03:56:03.781686 +00:00,5,3,1,0,0,2,"{""Bogorodica L1"": {""total"": 3, ""by_type"": {""car"": 1, ""truck"": 2}}, ""Bogorodica L2"": {""total"": 0, ""by_type"": {}}, ""Bogorodica L3"": {""total"": 0, ""by_type"": {}}, ""Bogorodica L4"": {""total"": 0, ""by_type"": {}}, ""Bogorodica L5"": {""total"": 0, ""by_type"": {}}}",3
188,1,2026-04-29 04:01:03.996572 +00:00,5,2,0,0,0,2,"{""Bogorodica L1"": {""total"": 2, ""by_type"": {""truck"": 2}}, ""Bogorodica L2"": {""total"": 0, ""by_type"": {}}, ""Bogorodica L3"": {""total"": 0, ""by_type"": {}}, ""Bogorodica L4"": {""total"": 0, ""by_type"": {}}, ""Bogorodica L5"": {""total"": 0, ""by_type"": {}}}",3
189,1,2026-04-29 04:06:04.035200 +00:00,5,4,0,0,1,3,"{""Bogorodica L1"": {""total"": 4, ""by_type"": {""bus"": 1, ""truck"": 3}}, ""Bogorodica L2"": {""total"": 0, ""by_type"": {}}, ""Bogorodica L3"": {""total"": 0, ""by_type"": {}}, ""Bogorodica L4"": {""total"": 0, ""by_type"": {}}, ""Bogorodica L5"": {""total"": 0, ""by_type"": {}}}",3
190,1,2026-04-29 04:11:04.257231 +00:00,5,1,0,0,0,1,"{""Bogorodica L1"": {""total"": 1, ""by_type"": {""truck"": 1}}, ""Bogorodica L2"": {""total"": 0, ""by_type"": {}}, ""Bogorodica L3"": {""total"": 0, ""by_type"": {}}, ""Bogorodica L4"": {""total"": 0, ""by_type"": {}}, ""Bogorodica L5"": {""total"": 0, ""by_type"": {}}}",3
191,1,2026-04-29 04:16:04.353003 +00:00,5,2,0,0,0,2,"{""Bogorodica L1"": {""total"": 2, ""by_type"": {""truck"": 2}}, ""Bogorodica L2"": {""total"": 0, ""by_type"": {}}, ""Bogorodica L3"": {""total"": 0, ""by_type"": {}}, ""Bogorodica L4"": {""total"": 0, ""by_type"": {}}, ""Bogorodica L5"": {""total"": 0, ""by_type"": {}}}",3
192,1,2026-04-29 04:21:04.507228 +00:00,5,2,0,0,1,1,"{""Bogorodica L1"": {""total"": 1, ""by_type"": {""truck"": 1}}, ""Bogorodica L2"": {""total"": 1, ""by_type"": {""bus"": 1}}, ""Bogorodica L3"": {""total"": 0, ""by_type"": {}}, ""Bogorodica L4"": {""total"": 0, ""by_type"": {}}, ""Bogorodica L5"": {""total"": 0, ""by_type"": {}}}",3
193,1,2026-04-29 04:26:04.873567 +00:00,5,1,0,0,0,1,"{""Bogorodica L1"": {""total"": 1, ""by_type"": {""truck"": 1}}, ""Bogorodica L2"": {""total"": 0, ""by_type"": {}}, ""Bogorodica L3"": {""total"": 0, ""by_type"": {}}, ""Bogorodica L4"": {""total"": 0, ""by_type"": {}}, ""Bogorodica L5"": {""total"": 0, ""by_type"": {}}}",3
194,1,2026-04-29 04:31:04.961159 +00:00,5,0,0,0,0,0,"{""Bogorodica L1"": {""total"": 0, ""by_type"": {}}, ""Bogorodica L2"": {""total"": 0, ""by_type"": {}}, ""Bogorodica L3"": {""total"": 0, ""by_type"": {}}, ""Bogorodica L4"": {""total"": 0, ""by_type"": {}}, ""Bogorodica L5"": {""total"": 0, ""by_type"": {}}}",3
195,1,2026-04-29 04:36:05.096668 +00:00,5,3,0,0,0,3,"{""Bogorodica L1"": {""total"": 3, ""by_type"": {""truck"": 3}}, ""Bogorodica L2"": {""total"": 0, ""by_type"": {}}, ""Bogorodica L3"": {""total"": 0, ""by_type"": {}}, ""Bogorodica L4"": {""total"": 0, ""by_type"": {}}, ""Bogorodica L5"": {""total"": 0, ""by_type"": {}}}",3
196,1,2026-04-29 04:41:05.282921 +00:00,5,4,1,0,0,3,"{""Bogorodica L1"": {""total"": 3, ""by_type"": {""truck"": 3}}, ""Bogorodica L2"": {""total"": 0, ""by_type"": {}}, ""Bogorodica L3"": {""total"": 0, ""by_type"": {}}, ""Bogorodica L4"": {""total"": 1, ""by_type"": {""car"": 1}}, ""Bogorodica L5"": {""total"": 0, ""by_type"": {}}}",3
197,1,2026-04-29 04:46:05.634028 +00:00,5,4,1,0,0,3,"{""Bogorodica L1"": {""total"": 3, ""by_type"": {""truck"": 3}}, ""Bogorodica L2"": {""total"": 0, ""by_type"": {}}, ""Bogorodica L3"": {""total"": 0, ""by_type"": {}}, ""Bogorodica L4"": {""total"": 0, ""by_type"": {}}, ""Bogorodica L5"": {""total"": 1, ""by_type"": {""car"": 1}}}",3
198,1,2026-04-29 04:51:05.774889 +00:00,5,5,5,0,0,0,"{""Bogorodica L1"": {""total"": 0, ""by_type"": {}}, ""Bogorodica L2"": {""total"": 0, ""by_type"": {}}, ""Bogorodica L3"": {""total"": 0, ""by_type"": {}}, ""Bogorodica L4"": {""total"": 5, ""by_type"": {""car"": 5}}, ""Bogorodica L5"": {""total"": 0, ""by_type"": {}}}",3
199,1,2026-04-29 04:56:06.132737 +00:00,5,5,3,0,0,2,"{""Bogorodica L1"": {""total"": 2, ""by_type"": {""truck"": 2}}, ""Bogorodica L2"": {""total"": 0, ""by_type"": {}}, ""Bogorodica L3"": {""total"": 0, ""by_type"": {}}, ""Bogorodica L4"": {""total"": 3, ""by_type"": {""car"": 3}}, ""Bogorodica L5"": {""total"": 0, ""by_type"": {}}}",3
200,1,2026-04-29 05:01:06.468478 +00:00,5,6,2,0,0,4,"{""Bogorodica L1"": {""total"": 4, ""by_type"": {""truck"": 4}}, ""Bogorodica L2"": {""total"": 0, ""by_type"": {}}, ""Bogorodica L3"": {""total"": 0, ""by_type"": {}}, ""Bogorodica L4"": {""total"": 0, ""by_type"": {}}, ""Bogorodica L5"": {""total"": 2, ""by_type"": {""car"": 2}}}",3
201,1,2026-04-29 05:06:06.756678 +00:00,5,9,6,0,0,3,"{""Bogorodica L1"": {""total"": 2, ""by_type"": {""truck"": 2}}, ""Bogorodica L2"": {""total"": 0, ""by_type"": {}}, ""Bogorodica L3"": {""total"": 0, ""by_type"": {}}, ""Bogorodica L4"": {""total"": 6, ""by_type"": {""car"": 5, ""truck"": 1}}, ""Bogorodica L5"": {""total"": 1, ""by_type"": {""car"": 1}}}",3
202,1,2026-04-29 05:11:07.079094 +00:00,5,6,1,0,0,5,"{""Bogorodica L1"": {""total"": 5, ""by_type"": {""truck"": 5}}, ""Bogorodica L2"": {""total"": 0, ""by_type"": {}}, ""Bogorodica L3"": {""total"": 0, ""by_type"": {}}, ""Bogorodica L4"": {""total"": 0, ""by_type"": {}}, ""Bogorodica L5"": {""total"": 1, ""by_type"": {""car"": 1}}}",3
203,1,2026-04-29 05:16:07.220105 +00:00,5,2,0,0,0,2,"{""Bogorodica L1"": {""total"": 2, ""by_type"": {""truck"": 2}}, ""Bogorodica L2"": {""total"": 0, ""by_type"": {}}, ""Bogorodica L3"": {""total"": 0, ""by_type"": {}}, ""Bogorodica L4"": {""total"": 0, ""by_type"": {}}, ""Bogorodica L5"": {""total"": 0, ""by_type"": {}}}",3
204,1,2026-04-29 05:21:07.378870 +00:00,5,1,0,0,0,1,"{""Bogorodica L1"": {""total"": 1, ""by_type"": {""truck"": 1}}, ""Bogorodica L2"": {""total"": 0, ""by_type"": {}}, ""Bogorodica L3"": {""total"": 0, ""by_type"": {}}, ""Bogorodica L4"": {""total"": 0, ""by_type"": {}}, ""Bogorodica L5"": {""total"": 0, ""by_type"": {}}}",3
205,1,2026-04-29 05:26:07.704237 +00:00,5,5,0,0,0,5,"{""Bogorodica L1"": {""total"": 5, ""by_type"": {""truck"": 5}}, ""Bogorodica L2"": {""total"": 0, ""by_type"": {}}, ""Bogorodica L3"": {""total"": 0, ""by_type"": {}}, ""Bogorodica L4"": {""total"": 0, ""by_type"": {}}, ""Bogorodica L5"": {""total"": 0, ""by_type"": {}}}",3
206,1,2026-04-29 05:31:08.050458 +00:00,5,3,0,0,0,3,"{""Bogorodica L1"": {""total"": 3, ""by_type"": {""truck"": 3}}, ""Bogorodica L2"": {""total"": 0, ""by_type"": {}}, ""Bogorodica L3"": {""total"": 0, ""by_type"": {}}, ""Bogorodica L4"": {""total"": 0, ""by_type"": {}}, ""Bogorodica L5"": {""total"": 0, ""by_type"": {}}}",2.5
207,1,2026-04-29 05:36:08.287250 +00:00,5,5,1,0,0,4,"{""Bogorodica L1"": {""total"": 5, ""by_type"": {""car"": 1, ""truck"": 4}}, ""Bogorodica L2"": {""total"": 0, ""by_type"": {}}, ""Bogorodica L3"": {""total"": 0, ""by_type"": {}}, ""Bogorodica L4"": {""total"": 0, ""by_type"": {}}, ""Bogorodica L5"": {""total"": 0, ""by_type"": {}}}",3
208,1,2026-04-29 05:41:08.290178 +00:00,5,3,0,0,0,3,"{""Bogorodica L1"": {""total"": 3, ""by_type"": {""truck"": 3}}, ""Bogorodica L2"": {""total"": 0, ""by_type"": {}}, ""Bogorodica L3"": {""total"": 0, ""by_type"": {}}, ""Bogorodica L4"": {""total"": 0, ""by_type"": {}}, ""Bogorodica L5"": {""total"": 0, ""by_type"": {}}}",3
209,1,2026-04-29 05:46:08.459429 +00:00,5,2,0,0,0,2,"{""Bogorodica L1"": {""total"": 2, ""by_type"": {""truck"": 2}}, ""Bogorodica L2"": {""total"": 0, ""by_type"": {}}, ""Bogorodica L3"": {""total"": 0, ""by_type"": {}}, ""Bogorodica L4"": {""total"": 0, ""by_type"": {}}, ""Bogorodica L5"": {""total"": 0, ""by_type"": {}}}",3
210,1,2026-04-29 05:51:08.718455 +00:00,5,2,0,0,0,2,"{""Bogorodica L1"": {""total"": 2, ""by_type"": {""truck"": 2}}, ""Bogorodica L2"": {""total"": 0, ""by_type"": {}}, ""Bogorodica L3"": {""total"": 0, ""by_type"": {}}, ""Bogorodica L4"": {""total"": 0, ""by_type"": {}}, ""Bogorodica L5"": {""total"": 0, ""by_type"": {}}}",3
211,1,2026-04-29 05:56:08.792656 +00:00,5,4,0,0,0,4,"{""Bogorodica L1"": {""total"": 4, ""by_type"": {""truck"": 4}}, ""Bogorodica L2"": {""total"": 0, ""by_type"": {}}, ""Bogorodica L3"": {""total"": 0, ""by_type"": {}}, ""Bogorodica L4"": {""total"": 0, ""by_type"": {}}, ""Bogorodica L5"": {""total"": 0, ""by_type"": {}}}",3
212,1,2026-04-29 06:01:08.814903 +00:00,5,6,3,0,0,3,"{""Bogorodica L1"": {""total"": 2, ""by_type"": {""truck"": 2}}, ""Bogorodica L2"": {""total"": 1, ""by_type"": {""truck"": 1}}, ""Bogorodica L3"": {""total"": 0, ""by_type"": {}}, ""Bogorodica L4"": {""total"": 1, ""by_type"": {""car"": 1}}, ""Bogorodica L5"": {""total"": 2, ""by_type"": {""car"": 2}}}",3
213,1,2026-04-29 06:06:08.910486 +00:00,5,1,0,0,0,1,"{""Bogorodica L1"": {""total"": 1, ""by_type"": {""truck"": 1}}, ""Bogorodica L2"": {""total"": 0, ""by_type"": {}}, ""Bogorodica L3"": {""total"": 0, ""by_type"": {}}, ""Bogorodica L4"": {""total"": 0, ""by_type"": {}}, ""Bogorodica L5"": {""total"": 0, ""by_type"": {}}}",3
214,1,2026-04-29 06:11:09.163802 +00:00,5,5,0,0,0,5,"{""Bogorodica L1"": {""total"": 3, ""by_type"": {""truck"": 3}}, ""Bogorodica L2"": {""total"": 2, ""by_type"": {""truck"": 2}}, ""Bogorodica L3"": {""total"": 0, ""by_type"": {}}, ""Bogorodica L4"": {""total"": 0, ""by_type"": {}}, ""Bogorodica L5"": {""total"": 0, ""by_type"": {}}}",3
215,1,2026-04-29 06:16:09.336797 +00:00,5,2,0,0,0,2,"{""Bogorodica L1"": {""total"": 2, ""by_type"": {""truck"": 2}}, ""Bogorodica L2"": {""total"": 0, ""by_type"": {}}, ""Bogorodica L3"": {""total"": 0, ""by_type"": {}}, ""Bogorodica L4"": {""total"": 0, ""by_type"": {}}, ""Bogorodica L5"": {""total"": 0, ""by_type"": {}}}",2.5
216,1,2026-04-29 06:21:09.629143 +00:00,5,1,0,0,0,1,"{""Bogorodica L1"": {""total"": 0, ""by_type"": {}}, ""Bogorodica L2"": {""total"": 1, ""by_type"": {""truck"": 1}}, ""Bogorodica L3"": {""total"": 0, ""by_type"": {}}, ""Bogorodica L4"": {""total"": 0, ""by_type"": {}}, ""Bogorodica L5"": {""total"": 0, ""by_type"": {}}}",3
496,1,2026-04-30 18:46:38.313124 +00:00,5,0,0,0,0,0,"{""Bogorodica L1"": {""total"": 0, ""by_type"": {}}, ""Bogorodica L2"": {""total"": 0, ""by_type"": {}}, ""Bogorodica L3"": {""total"": 0, ""by_type"": {}}, ""Bogorodica L4"": {""total"": 0, ""by_type"": {}}, ""Bogorodica L5"": {""total"": 0, ""by_type"": {}}}",3
217,1,2026-04-29 06:26:09.836432 +00:00,5,3,0,0,0,3,"{""Bogorodica L1"": {""total"": 3, ""by_type"": {""truck"": 3}}, ""Bogorodica L2"": {""total"": 0, ""by_type"": {}}, ""Bogorodica L3"": {""total"": 0, ""by_type"": {}}, ""Bogorodica L4"": {""total"": 0, ""by_type"": {}}, ""Bogorodica L5"": {""total"": 0, ""by_type"": {}}}",3
218,1,2026-04-29 06:31:09.930634 +00:00,5,6,1,0,0,5,"{""Bogorodica L1"": {""total"": 5, ""by_type"": {""truck"": 5}}, ""Bogorodica L2"": {""total"": 0, ""by_type"": {}}, ""Bogorodica L3"": {""total"": 0, ""by_type"": {}}, ""Bogorodica L4"": {""total"": 1, ""by_type"": {""car"": 1}}, ""Bogorodica L5"": {""total"": 0, ""by_type"": {}}}",3
219,1,2026-04-29 06:39:47.196864 +00:00,5,4,0,0,0,4,"{""Bogorodica L1"": {""total"": 4, ""by_type"": {""truck"": 4}}, ""Bogorodica L2"": {""total"": 0, ""by_type"": {}}, ""Bogorodica L3"": {""total"": 0, ""by_type"": {}}, ""Bogorodica L4"": {""total"": 0, ""by_type"": {}}, ""Bogorodica L5"": {""total"": 0, ""by_type"": {}}}",2.5
220,1,2026-04-29 06:44:47.529397 +00:00,5,3,1,0,0,2,"{""Bogorodica L1"": {""total"": 2, ""by_type"": {""truck"": 2}}, ""Bogorodica L2"": {""total"": 0, ""by_type"": {}}, ""Bogorodica L3"": {""total"": 0, ""by_type"": {}}, ""Bogorodica L4"": {""total"": 0, ""by_type"": {}}, ""Bogorodica L5"": {""total"": 1, ""by_type"": {""car"": 1}}}",3
221,1,2026-04-29 06:49:47.905938 +00:00,5,0,0,0,0,0,"{""Bogorodica L1"": {""total"": 0, ""by_type"": {}}, ""Bogorodica L2"": {""total"": 0, ""by_type"": {}}, ""Bogorodica L3"": {""total"": 0, ""by_type"": {}}, ""Bogorodica L4"": {""total"": 0, ""by_type"": {}}, ""Bogorodica L5"": {""total"": 0, ""by_type"": {}}}",2.5
222,1,2026-04-29 06:54:48.054056 +00:00,5,0,0,0,0,0,"{""Bogorodica L1"": {""total"": 0, ""by_type"": {}}, ""Bogorodica L2"": {""total"": 0, ""by_type"": {}}, ""Bogorodica L3"": {""total"": 0, ""by_type"": {}}, ""Bogorodica L4"": {""total"": 0, ""by_type"": {}}, ""Bogorodica L5"": {""total"": 0, ""by_type"": {}}}",2.5
223,1,2026-04-29 06:59:48.137590 +00:00,5,0,0,0,0,0,"{""Bogorodica L1"": {""total"": 0, ""by_type"": {}}, ""Bogorodica L2"": {""total"": 0, ""by_type"": {}}, ""Bogorodica L3"": {""total"": 0, ""by_type"": {}}, ""Bogorodica L4"": {""total"": 0, ""by_type"": {}}, ""Bogorodica L5"": {""total"": 0, ""by_type"": {}}}",3
224,1,2026-04-29 07:04:48.380598 +00:00,5,1,0,0,0,1,"{""Bogorodica L1"": {""total"": 1, ""by_type"": {""truck"": 1}}, ""Bogorodica L2"": {""total"": 0, ""by_type"": {}}, ""Bogorodica L3"": {""total"": 0, ""by_type"": {}}, ""Bogorodica L4"": {""total"": 0, ""by_type"": {}}, ""Bogorodica L5"": {""total"": 0, ""by_type"": {}}}",3
225,1,2026-04-29 07:09:49.164844 +00:00,5,2,0,0,0,2,"{""Bogorodica L1"": {""total"": 2, ""by_type"": {""truck"": 2}}, ""Bogorodica L2"": {""total"": 0, ""by_type"": {}}, ""Bogorodica L3"": {""total"": 0, ""by_type"": {}}, ""Bogorodica L4"": {""total"": 0, ""by_type"": {}}, ""Bogorodica L5"": {""total"": 0, ""by_type"": {}}}",1.5
226,1,2026-04-29 07:14:49.566106 +00:00,5,0,0,0,0,0,"{""Bogorodica L1"": {""total"": 0, ""by_type"": {}}, ""Bogorodica L2"": {""total"": 0, ""by_type"": {}}, ""Bogorodica L3"": {""total"": 0, ""by_type"": {}}, ""Bogorodica L4"": {""total"": 0, ""by_type"": {}}, ""Bogorodica L5"": {""total"": 0, ""by_type"": {}}}",2
227,1,2026-04-29 07:19:50.203298 +00:00,5,0,0,0,0,0,"{""Bogorodica L1"": {""total"": 0, ""by_type"": {}}, ""Bogorodica L2"": {""total"": 0, ""by_type"": {}}, ""Bogorodica L3"": {""total"": 0, ""by_type"": {}}, ""Bogorodica L4"": {""total"": 0, ""by_type"": {}}, ""Bogorodica L5"": {""total"": 0, ""by_type"": {}}}",1.5
228,1,2026-04-29 07:24:50.607623 +00:00,5,0,0,0,0,0,"{""Bogorodica L1"": {""total"": 0, ""by_type"": {}}, ""Bogorodica L2"": {""total"": 0, ""by_type"": {}}, ""Bogorodica L3"": {""total"": 0, ""by_type"": {}}, ""Bogorodica L4"": {""total"": 0, ""by_type"": {}}, ""Bogorodica L5"": {""total"": 0, ""by_type"": {}}}",2
229,1,2026-04-29 07:29:51.740583 +00:00,5,0,0,0,0,0,"{""Bogorodica L1"": {""total"": 0, ""by_type"": {}}, ""Bogorodica L2"": {""total"": 0, ""by_type"": {}}, ""Bogorodica L3"": {""total"": 0, ""by_type"": {}}, ""Bogorodica L4"": {""total"": 0, ""by_type"": {}}, ""Bogorodica L5"": {""total"": 0, ""by_type"": {}}}",1.5
230,1,2026-04-29 07:34:54.988315 +00:00,5,4,1,0,0,3,"{""Bogorodica L1"": {""total"": 3, ""by_type"": {""truck"": 3}}, ""Bogorodica L2"": {""total"": 0, ""by_type"": {}}, ""Bogorodica L3"": {""total"": 0, ""by_type"": {}}, ""Bogorodica L4"": {""total"": 0, ""by_type"": {}}, ""Bogorodica L5"": {""total"": 1, ""by_type"": {""car"": 1}}}",0.5
231,1,2026-04-29 07:39:55.040625 +00:00,5,3,1,0,0,2,"{""Bogorodica L1"": {""total"": 2, ""by_type"": {""truck"": 2}}, ""Bogorodica L2"": {""total"": 0, ""by_type"": {}}, ""Bogorodica L3"": {""total"": 0, ""by_type"": {}}, ""Bogorodica L4"": {""total"": 1, ""by_type"": {""car"": 1}}, ""Bogorodica L5"": {""total"": 0, ""by_type"": {}}}",2.5
232,1,2026-04-29 07:44:55.168947 +00:00,5,0,0,0,0,0,"{""Bogorodica L1"": {""total"": 0, ""by_type"": {}}, ""Bogorodica L2"": {""total"": 0, ""by_type"": {}}, ""Bogorodica L3"": {""total"": 0, ""by_type"": {}}, ""Bogorodica L4"": {""total"": 0, ""by_type"": {}}, ""Bogorodica L5"": {""total"": 0, ""by_type"": {}}}",2.5
233,1,2026-04-29 07:49:55.475668 +00:00,5,4,1,0,0,3,"{""Bogorodica L1"": {""total"": 3, ""by_type"": {""truck"": 3}}, ""Bogorodica L2"": {""total"": 0, ""by_type"": {}}, ""Bogorodica L3"": {""total"": 0, ""by_type"": {}}, ""Bogorodica L4"": {""total"": 0, ""by_type"": {}}, ""Bogorodica L5"": {""total"": 1, ""by_type"": {""car"": 1}}}",3
234,1,2026-04-29 07:54:55.535413 +00:00,5,0,0,0,0,0,"{""Bogorodica L1"": {""total"": 0, ""by_type"": {}}, ""Bogorodica L2"": {""total"": 0, ""by_type"": {}}, ""Bogorodica L3"": {""total"": 0, ""by_type"": {}}, ""Bogorodica L4"": {""total"": 0, ""by_type"": {}}, ""Bogorodica L5"": {""total"": 0, ""by_type"": {}}}",2
235,1,2026-04-29 07:59:55.842305 +00:00,5,1,0,0,0,1,"{""Bogorodica L1"": {""total"": 1, ""by_type"": {""truck"": 1}}, ""Bogorodica L2"": {""total"": 0, ""by_type"": {}}, ""Bogorodica L3"": {""total"": 0, ""by_type"": {}}, ""Bogorodica L4"": {""total"": 0, ""by_type"": {}}, ""Bogorodica L5"": {""total"": 0, ""by_type"": {}}}",2.5
236,1,2026-04-29 08:04:56.181517 +00:00,5,1,0,0,0,1,"{""Bogorodica L1"": {""total"": 0, ""by_type"": {}}, ""Bogorodica L2"": {""total"": 0, ""by_type"": {}}, ""Bogorodica L3"": {""total"": 0, ""by_type"": {}}, ""Bogorodica L4"": {""total"": 1, ""by_type"": {""truck"": 1}}, ""Bogorodica L5"": {""total"": 0, ""by_type"": {}}}",2.5
237,1,2026-04-29 08:09:56.545706 +00:00,5,0,0,0,0,0,"{""Bogorodica L1"": {""total"": 0, ""by_type"": {}}, ""Bogorodica L2"": {""total"": 0, ""by_type"": {}}, ""Bogorodica L3"": {""total"": 0, ""by_type"": {}}, ""Bogorodica L4"": {""total"": 0, ""by_type"": {}}, ""Bogorodica L5"": {""total"": 0, ""by_type"": {}}}",2
238,1,2026-04-29 08:14:56.780786 +00:00,5,2,1,0,0,1,"{""Bogorodica L1"": {""total"": 1, ""by_type"": {""truck"": 1}}, ""Bogorodica L2"": {""total"": 0, ""by_type"": {}}, ""Bogorodica L3"": {""total"": 0, ""by_type"": {}}, ""Bogorodica L4"": {""total"": 1, ""by_type"": {""car"": 1}}, ""Bogorodica L5"": {""total"": 0, ""by_type"": {}}}",3
239,1,2026-04-29 08:19:56.980361 +00:00,5,0,0,0,0,0,"{""Bogorodica L1"": {""total"": 0, ""by_type"": {}}, ""Bogorodica L2"": {""total"": 0, ""by_type"": {}}, ""Bogorodica L3"": {""total"": 0, ""by_type"": {}}, ""Bogorodica L4"": {""total"": 0, ""by_type"": {}}, ""Bogorodica L5"": {""total"": 0, ""by_type"": {}}}",2.5
240,1,2026-04-29 08:24:57.348190 +00:00,5,0,0,0,0,0,"{""Bogorodica L1"": {""total"": 0, ""by_type"": {}}, ""Bogorodica L2"": {""total"": 0, ""by_type"": {}}, ""Bogorodica L3"": {""total"": 0, ""by_type"": {}}, ""Bogorodica L4"": {""total"": 0, ""by_type"": {}}, ""Bogorodica L5"": {""total"": 0, ""by_type"": {}}}",3
241,1,2026-04-29 08:29:57.700781 +00:00,5,1,1,0,0,0,"{""Bogorodica L1"": {""total"": 0, ""by_type"": {}}, ""Bogorodica L2"": {""total"": 0, ""by_type"": {}}, ""Bogorodica L3"": {""total"": 0, ""by_type"": {}}, ""Bogorodica L4"": {""total"": 0, ""by_type"": {}}, ""Bogorodica L5"": {""total"": 1, ""by_type"": {""car"": 1}}}",2
242,1,2026-04-29 08:34:58.082501 +00:00,5,0,0,0,0,0,"{""Bogorodica L1"": {""total"": 0, ""by_type"": {}}, ""Bogorodica L2"": {""total"": 0, ""by_type"": {}}, ""Bogorodica L3"": {""total"": 0, ""by_type"": {}}, ""Bogorodica L4"": {""total"": 0, ""by_type"": {}}, ""Bogorodica L5"": {""total"": 0, ""by_type"": {}}}",2
243,1,2026-04-29 08:39:58.516125 +00:00,5,0,0,0,0,0,"{""Bogorodica L1"": {""total"": 0, ""by_type"": {}}, ""Bogorodica L2"": {""total"": 0, ""by_type"": {}}, ""Bogorodica L3"": {""total"": 0, ""by_type"": {}}, ""Bogorodica L4"": {""total"": 0, ""by_type"": {}}, ""Bogorodica L5"": {""total"": 0, ""by_type"": {}}}",2.5
244,1,2026-04-29 08:44:58.934791 +00:00,5,0,0,0,0,0,"{""Bogorodica L1"": {""total"": 0, ""by_type"": {}}, ""Bogorodica L2"": {""total"": 0, ""by_type"": {}}, ""Bogorodica L3"": {""total"": 0, ""by_type"": {}}, ""Bogorodica L4"": {""total"": 0, ""by_type"": {}}, ""Bogorodica L5"": {""total"": 0, ""by_type"": {}}}",2.5
245,1,2026-04-29 08:49:58.942468 +00:00,5,0,0,0,0,0,"{""Bogorodica L1"": {""total"": 0, ""by_type"": {}}, ""Bogorodica L2"": {""total"": 0, ""by_type"": {}}, ""Bogorodica L3"": {""total"": 0, ""by_type"": {}}, ""Bogorodica L4"": {""total"": 0, ""by_type"": {}}, ""Bogorodica L5"": {""total"": 0, ""by_type"": {}}}",2.5
246,1,2026-04-29 08:55:00.355922 +00:00,5,1,0,0,0,1,"{""Bogorodica L1"": {""total"": 1, ""by_type"": {""truck"": 1}}, ""Bogorodica L2"": {""total"": 0, ""by_type"": {}}, ""Bogorodica L3"": {""total"": 0, ""by_type"": {}}, ""Bogorodica L4"": {""total"": 0, ""by_type"": {}}, ""Bogorodica L5"": {""total"": 0, ""by_type"": {}}}",0.5
247,1,2026-04-29 09:00:00.401163 +00:00,5,0,0,0,0,0,"{""Bogorodica L1"": {""total"": 0, ""by_type"": {}}, ""Bogorodica L2"": {""total"": 0, ""by_type"": {}}, ""Bogorodica L3"": {""total"": 0, ""by_type"": {}}, ""Bogorodica L4"": {""total"": 0, ""by_type"": {}}, ""Bogorodica L5"": {""total"": 0, ""by_type"": {}}}",2.5
248,1,2026-04-29 09:05:00.608043 +00:00,5,3,2,0,1,0,"{""Bogorodica L1"": {""total"": 0, ""by_type"": {}}, ""Bogorodica L2"": {""total"": 2, ""by_type"": {""bus"": 1, ""car"": 1}}, ""Bogorodica L3"": {""total"": 0, ""by_type"": {}}, ""Bogorodica L4"": {""total"": 0, ""by_type"": {}}, ""Bogorodica L5"": {""total"": 1, ""by_type"": {""car"": 1}}}",3
249,1,2026-04-29 09:10:00.852911 +00:00,5,2,0,0,2,0,"{""Bogorodica L1"": {""total"": 0, ""by_type"": {}}, ""Bogorodica L2"": {""total"": 2, ""by_type"": {""bus"": 2}}, ""Bogorodica L3"": {""total"": 0, ""by_type"": {}}, ""Bogorodica L4"": {""total"": 0, ""by_type"": {}}, ""Bogorodica L5"": {""total"": 0, ""by_type"": {}}}",3
250,1,2026-04-29 09:15:01.154358 +00:00,5,3,2,0,1,0,"{""Bogorodica L1"": {""total"": 0, ""by_type"": {}}, ""Bogorodica L2"": {""total"": 1, ""by_type"": {""bus"": 1}}, ""Bogorodica L3"": {""total"": 0, ""by_type"": {}}, ""Bogorodica L4"": {""total"": 0, ""by_type"": {}}, ""Bogorodica L5"": {""total"": 2, ""by_type"": {""car"": 2}}}",3
251,1,2026-04-29 09:20:01.181545 +00:00,5,5,2,0,1,2,"{""Bogorodica L1"": {""total"": 1, ""by_type"": {""truck"": 1}}, ""Bogorodica L2"": {""total"": 1, ""by_type"": {""bus"": 1}}, ""Bogorodica L3"": {""total"": 0, ""by_type"": {}}, ""Bogorodica L4"": {""total"": 0, ""by_type"": {}}, ""Bogorodica L5"": {""total"": 3, ""by_type"": {""car"": 2, ""truck"": 1}}}",3
252,1,2026-04-29 09:25:01.741496 +00:00,5,7,6,0,0,1,"{""Bogorodica L1"": {""total"": 0, ""by_type"": {}}, ""Bogorodica L2"": {""total"": 0, ""by_type"": {}}, ""Bogorodica L3"": {""total"": 0, ""by_type"": {}}, ""Bogorodica L4"": {""total"": 2, ""by_type"": {""car"": 2}}, ""Bogorodica L5"": {""total"": 5, ""by_type"": {""car"": 4, ""truck"": 1}}}",2
253,1,2026-04-29 09:30:01.779633 +00:00,5,11,9,0,0,2,"{""Bogorodica L1"": {""total"": 1, ""by_type"": {""truck"": 1}}, ""Bogorodica L2"": {""total"": 0, ""by_type"": {}}, ""Bogorodica L3"": {""total"": 0, ""by_type"": {}}, ""Bogorodica L4"": {""total"": 5, ""by_type"": {""car"": 4, ""truck"": 1}}, ""Bogorodica L5"": {""total"": 5, ""by_type"": {""car"": 5}}}",2.5
254,1,2026-04-29 09:35:02.994040 +00:00,5,9,9,0,0,0,"{""Bogorodica L1"": {""total"": 0, ""by_type"": {}}, ""Bogorodica L2"": {""total"": 0, ""by_type"": {}}, ""Bogorodica L3"": {""total"": 0, ""by_type"": {}}, ""Bogorodica L4"": {""total"": 4, ""by_type"": {""car"": 4}}, ""Bogorodica L5"": {""total"": 5, ""by_type"": {""car"": 5}}}",1.5
255,1,2026-04-29 09:40:03.430941 +00:00,5,8,8,0,0,0,"{""Bogorodica L1"": {""total"": 0, ""by_type"": {}}, ""Bogorodica L2"": {""total"": 0, ""by_type"": {}}, ""Bogorodica L3"": {""total"": 0, ""by_type"": {}}, ""Bogorodica L4"": {""total"": 3, ""by_type"": {""car"": 3}}, ""Bogorodica L5"": {""total"": 5, ""by_type"": {""car"": 5}}}",2
256,1,2026-04-29 09:45:03.482521 +00:00,5,1,1,0,0,0,"{""Bogorodica L1"": {""total"": 0, ""by_type"": {}}, ""Bogorodica L2"": {""total"": 0, ""by_type"": {}}, ""Bogorodica L3"": {""total"": 0, ""by_type"": {}}, ""Bogorodica L4"": {""total"": 1, ""by_type"": {""car"": 1}}, ""Bogorodica L5"": {""total"": 0, ""by_type"": {}}}",2.5
257,1,2026-04-29 09:50:03.767586 +00:00,5,2,0,0,0,2,"{""Bogorodica L1"": {""total"": 2, ""by_type"": {""truck"": 2}}, ""Bogorodica L2"": {""total"": 0, ""by_type"": {}}, ""Bogorodica L3"": {""total"": 0, ""by_type"": {}}, ""Bogorodica L4"": {""total"": 0, ""by_type"": {}}, ""Bogorodica L5"": {""total"": 0, ""by_type"": {}}}",2.5
258,1,2026-04-29 09:55:04.033695 +00:00,5,1,0,0,0,1,"{""Bogorodica L1"": {""total"": 0, ""by_type"": {}}, ""Bogorodica L2"": {""total"": 1, ""by_type"": {""truck"": 1}}, ""Bogorodica L3"": {""total"": 0, ""by_type"": {}}, ""Bogorodica L4"": {""total"": 0, ""by_type"": {}}, ""Bogorodica L5"": {""total"": 0, ""by_type"": {}}}",3
259,1,2026-04-29 10:00:04.136800 +00:00,5,2,1,0,0,1,"{""Bogorodica L1"": {""total"": 1, ""by_type"": {""truck"": 1}}, ""Bogorodica L2"": {""total"": 0, ""by_type"": {}}, ""Bogorodica L3"": {""total"": 0, ""by_type"": {}}, ""Bogorodica L4"": {""total"": 0, ""by_type"": {}}, ""Bogorodica L5"": {""total"": 1, ""by_type"": {""car"": 1}}}",3
260,1,2026-04-29 10:05:04.364611 +00:00,5,1,0,0,1,0,"{""Bogorodica L1"": {""total"": 1, ""by_type"": {""bus"": 1}}, ""Bogorodica L2"": {""total"": 0, ""by_type"": {}}, ""Bogorodica L3"": {""total"": 0, ""by_type"": {}}, ""Bogorodica L4"": {""total"": 0, ""by_type"": {}}, ""Bogorodica L5"": {""total"": 0, ""by_type"": {}}}",3
261,1,2026-04-29 10:10:05.754126 +00:00,5,2,0,0,1,1,"{""Bogorodica L1"": {""total"": 1, ""by_type"": {""truck"": 1}}, ""Bogorodica L2"": {""total"": 1, ""by_type"": {""bus"": 1}}, ""Bogorodica L3"": {""total"": 0, ""by_type"": {}}, ""Bogorodica L4"": {""total"": 0, ""by_type"": {}}, ""Bogorodica L5"": {""total"": 0, ""by_type"": {}}}",3
262,1,2026-04-29 10:15:06.054638 +00:00,5,1,1,0,0,0,"{""Bogorodica L1"": {""total"": 0, ""by_type"": {}}, ""Bogorodica L2"": {""total"": 0, ""by_type"": {}}, ""Bogorodica L3"": {""total"": 0, ""by_type"": {}}, ""Bogorodica L4"": {""total"": 0, ""by_type"": {}}, ""Bogorodica L5"": {""total"": 1, ""by_type"": {""car"": 1}}}",3
263,1,2026-04-29 10:20:06.428528 +00:00,5,2,1,0,0,1,"{""Bogorodica L1"": {""total"": 1, ""by_type"": {""truck"": 1}}, ""Bogorodica L2"": {""total"": 0, ""by_type"": {}}, ""Bogorodica L3"": {""total"": 0, ""by_type"": {}}, ""Bogorodica L4"": {""total"": 0, ""by_type"": {}}, ""Bogorodica L5"": {""total"": 1, ""by_type"": {""car"": 1}}}",2.5
264,1,2026-04-29 10:25:06.610161 +00:00,5,3,0,0,0,3,"{""Bogorodica L1"": {""total"": 3, ""by_type"": {""truck"": 3}}, ""Bogorodica L2"": {""total"": 0, ""by_type"": {}}, ""Bogorodica L3"": {""total"": 0, ""by_type"": {}}, ""Bogorodica L4"": {""total"": 0, ""by_type"": {}}, ""Bogorodica L5"": {""total"": 0, ""by_type"": {}}}",2.5
265,1,2026-04-29 10:30:06.634356 +00:00,5,2,0,0,0,2,"{""Bogorodica L1"": {""total"": 2, ""by_type"": {""truck"": 2}}, ""Bogorodica L2"": {""total"": 0, ""by_type"": {}}, ""Bogorodica L3"": {""total"": 0, ""by_type"": {}}, ""Bogorodica L4"": {""total"": 0, ""by_type"": {}}, ""Bogorodica L5"": {""total"": 0, ""by_type"": {}}}",2.5
266,1,2026-04-29 10:35:06.951903 +00:00,5,1,0,0,0,1,"{""Bogorodica L1"": {""total"": 0, ""by_type"": {}}, ""Bogorodica L2"": {""total"": 0, ""by_type"": {}}, ""Bogorodica L3"": {""total"": 0, ""by_type"": {}}, ""Bogorodica L4"": {""total"": 0, ""by_type"": {}}, ""Bogorodica L5"": {""total"": 1, ""by_type"": {""truck"": 1}}}",2
267,1,2026-04-29 10:40:06.998831 +00:00,5,1,1,0,0,0,"{""Bogorodica L1"": {""total"": 0, ""by_type"": {}}, ""Bogorodica L2"": {""total"": 0, ""by_type"": {}}, ""Bogorodica L3"": {""total"": 0, ""by_type"": {}}, ""Bogorodica L4"": {""total"": 0, ""by_type"": {}}, ""Bogorodica L5"": {""total"": 1, ""by_type"": {""car"": 1}}}",2
268,1,2026-04-29 10:45:07.177470 +00:00,5,4,2,0,0,2,"{""Bogorodica L1"": {""total"": 1, ""by_type"": {""truck"": 1}}, ""Bogorodica L2"": {""total"": 0, ""by_type"": {}}, ""Bogorodica L3"": {""total"": 0, ""by_type"": {}}, ""Bogorodica L4"": {""total"": 1, ""by_type"": {""truck"": 1}}, ""Bogorodica L5"": {""total"": 2, ""by_type"": {""car"": 2}}}",2.5
269,1,2026-04-29 10:50:07.517861 +00:00,5,3,1,0,0,2,"{""Bogorodica L1"": {""total"": 2, ""by_type"": {""truck"": 2}}, ""Bogorodica L2"": {""total"": 0, ""by_type"": {}}, ""Bogorodica L3"": {""total"": 0, ""by_type"": {}}, ""Bogorodica L4"": {""total"": 1, ""by_type"": {""car"": 1}}, ""Bogorodica L5"": {""total"": 0, ""by_type"": {}}}",3
270,1,2026-04-29 10:55:07.697292 +00:00,5,1,0,0,0,1,"{""Bogorodica L1"": {""total"": 1, ""by_type"": {""truck"": 1}}, ""Bogorodica L2"": {""total"": 0, ""by_type"": {}}, ""Bogorodica L3"": {""total"": 0, ""by_type"": {}}, ""Bogorodica L4"": {""total"": 0, ""by_type"": {}}, ""Bogorodica L5"": {""total"": 0, ""by_type"": {}}}",2.5
271,1,2026-04-29 11:00:07.964404 +00:00,5,2,0,0,0,2,"{""Bogorodica L1"": {""total"": 2, ""by_type"": {""truck"": 2}}, ""Bogorodica L2"": {""total"": 0, ""by_type"": {}}, ""Bogorodica L3"": {""total"": 0, ""by_type"": {}}, ""Bogorodica L4"": {""total"": 0, ""by_type"": {}}, ""Bogorodica L5"": {""total"": 0, ""by_type"": {}}}",2.5
272,1,2026-04-29 11:05:21.028275 +00:00,5,3,1,0,0,2,"{""Bogorodica L1"": {""total"": 2, ""by_type"": {""truck"": 2}}, ""Bogorodica L2"": {""total"": 0, ""by_type"": {}}, ""Bogorodica L3"": {""total"": 0, ""by_type"": {}}, ""Bogorodica L4"": {""total"": 0, ""by_type"": {}}, ""Bogorodica L5"": {""total"": 1, ""by_type"": {""car"": 1}}}",2.5
273,1,2026-04-29 11:10:21.411007 +00:00,5,3,2,0,0,1,"{""Bogorodica L1"": {""total"": 1, ""by_type"": {""truck"": 1}}, ""Bogorodica L2"": {""total"": 0, ""by_type"": {}}, ""Bogorodica L3"": {""total"": 0, ""by_type"": {}}, ""Bogorodica L4"": {""total"": 0, ""by_type"": {}}, ""Bogorodica L5"": {""total"": 2, ""by_type"": {""car"": 2}}}",2.5
274,1,2026-04-29 11:15:21.525044 +00:00,5,2,0,0,0,2,"{""Bogorodica L1"": {""total"": 2, ""by_type"": {""truck"": 2}}, ""Bogorodica L2"": {""total"": 0, ""by_type"": {}}, ""Bogorodica L3"": {""total"": 0, ""by_type"": {}}, ""Bogorodica L4"": {""total"": 0, ""by_type"": {}}, ""Bogorodica L5"": {""total"": 0, ""by_type"": {}}}",3
275,1,2026-04-29 11:20:21.812909 +00:00,5,1,0,0,0,1,"{""Bogorodica L1"": {""total"": 1, ""by_type"": {""truck"": 1}}, ""Bogorodica L2"": {""total"": 0, ""by_type"": {}}, ""Bogorodica L3"": {""total"": 0, ""by_type"": {}}, ""Bogorodica L4"": {""total"": 0, ""by_type"": {}}, ""Bogorodica L5"": {""total"": 0, ""by_type"": {}}}",2
276,1,2026-04-29 11:25:22.287840 +00:00,5,2,1,0,0,1,"{""Bogorodica L1"": {""total"": 1, ""by_type"": {""truck"": 1}}, ""Bogorodica L2"": {""total"": 0, ""by_type"": {}}, ""Bogorodica L3"": {""total"": 0, ""by_type"": {}}, ""Bogorodica L4"": {""total"": 0, ""by_type"": {}}, ""Bogorodica L5"": {""total"": 1, ""by_type"": {""car"": 1}}}",2
277,1,2026-04-29 11:30:22.782421 +00:00,5,5,1,0,0,4,"{""Bogorodica L1"": {""total"": 3, ""by_type"": {""truck"": 3}}, ""Bogorodica L2"": {""total"": 0, ""by_type"": {}}, ""Bogorodica L3"": {""total"": 0, ""by_type"": {}}, ""Bogorodica L4"": {""total"": 0, ""by_type"": {}}, ""Bogorodica L5"": {""total"": 2, ""by_type"": {""car"": 1, ""truck"": 1}}}",1.5
278,1,2026-04-29 11:35:22.889705 +00:00,5,10,7,0,0,3,"{""Bogorodica L1"": {""total"": 2, ""by_type"": {""truck"": 2}}, ""Bogorodica L2"": {""total"": 0, ""by_type"": {}}, ""Bogorodica L3"": {""total"": 0, ""by_type"": {}}, ""Bogorodica L4"": {""total"": 1, ""by_type"": {""car"": 1}}, ""Bogorodica L5"": {""total"": 7, ""by_type"": {""car"": 6, ""truck"": 1}}}",2.5
279,1,2026-04-29 11:40:23.222159 +00:00,5,6,4,0,0,2,"{""Bogorodica L1"": {""total"": 2, ""by_type"": {""truck"": 2}}, ""Bogorodica L2"": {""total"": 0, ""by_type"": {}}, ""Bogorodica L3"": {""total"": 0, ""by_type"": {}}, ""Bogorodica L4"": {""total"": 2, ""by_type"": {""car"": 2}}, ""Bogorodica L5"": {""total"": 2, ""by_type"": {""car"": 2}}}",2.5
280,1,2026-04-29 11:45:23.919719 +00:00,5,2,1,0,0,1,"{""Bogorodica L1"": {""total"": 1, ""by_type"": {""truck"": 1}}, ""Bogorodica L2"": {""total"": 0, ""by_type"": {}}, ""Bogorodica L3"": {""total"": 0, ""by_type"": {}}, ""Bogorodica L4"": {""total"": 1, ""by_type"": {""car"": 1}}, ""Bogorodica L5"": {""total"": 0, ""by_type"": {}}}",2
281,1,2026-04-29 11:50:23.966643 +00:00,5,0,0,0,0,0,"{""Bogorodica L1"": {""total"": 0, ""by_type"": {}}, ""Bogorodica L2"": {""total"": 0, ""by_type"": {}}, ""Bogorodica L3"": {""total"": 0, ""by_type"": {}}, ""Bogorodica L4"": {""total"": 0, ""by_type"": {}}, ""Bogorodica L5"": {""total"": 0, ""by_type"": {}}}",2.5
282,1,2026-04-29 11:55:24.548347 +00:00,5,1,0,0,0,1,"{""Bogorodica L1"": {""total"": 1, ""by_type"": {""truck"": 1}}, ""Bogorodica L2"": {""total"": 0, ""by_type"": {}}, ""Bogorodica L3"": {""total"": 0, ""by_type"": {}}, ""Bogorodica L4"": {""total"": 0, ""by_type"": {}}, ""Bogorodica L5"": {""total"": 0, ""by_type"": {}}}",1.5
283,1,2026-04-29 12:00:24.670966 +00:00,5,4,3,1,0,0,"{""Bogorodica L1"": {""total"": 0, ""by_type"": {}}, ""Bogorodica L2"": {""total"": 0, ""by_type"": {}}, ""Bogorodica L3"": {""total"": 0, ""by_type"": {}}, ""Bogorodica L4"": {""total"": 0, ""by_type"": {}}, ""Bogorodica L5"": {""total"": 4, ""by_type"": {""car"": 3, ""motorcycle"": 1}}}",2.5
284,1,2026-04-29 12:05:24.930861 +00:00,5,4,4,0,0,0,"{""Bogorodica L1"": {""total"": 0, ""by_type"": {}}, ""Bogorodica L2"": {""total"": 0, ""by_type"": {}}, ""Bogorodica L3"": {""total"": 0, ""by_type"": {}}, ""Bogorodica L4"": {""total"": 0, ""by_type"": {}}, ""Bogorodica L5"": {""total"": 4, ""by_type"": {""car"": 4}}}",2
285,1,2026-04-29 12:10:25.381763 +00:00,5,7,7,0,0,0,"{""Bogorodica L1"": {""total"": 0, ""by_type"": {}}, ""Bogorodica L2"": {""total"": 0, ""by_type"": {}}, ""Bogorodica L3"": {""total"": 0, ""by_type"": {}}, ""Bogorodica L4"": {""total"": 0, ""by_type"": {}}, ""Bogorodica L5"": {""total"": 7, ""by_type"": {""car"": 7}}}",2.5
286,1,2026-04-29 12:15:25.586426 +00:00,5,2,0,0,0,2,"{""Bogorodica L1"": {""total"": 2, ""by_type"": {""truck"": 2}}, ""Bogorodica L2"": {""total"": 0, ""by_type"": {}}, ""Bogorodica L3"": {""total"": 0, ""by_type"": {}}, ""Bogorodica L4"": {""total"": 0, ""by_type"": {}}, ""Bogorodica L5"": {""total"": 0, ""by_type"": {}}}",2.5
287,1,2026-04-29 12:20:25.824917 +00:00,5,0,0,0,0,0,"{""Bogorodica L1"": {""total"": 0, ""by_type"": {}}, ""Bogorodica L2"": {""total"": 0, ""by_type"": {}}, ""Bogorodica L3"": {""total"": 0, ""by_type"": {}}, ""Bogorodica L4"": {""total"": 0, ""by_type"": {}}, ""Bogorodica L5"": {""total"": 0, ""by_type"": {}}}",3
288,1,2026-04-29 12:25:26.134157 +00:00,5,2,2,0,0,0,"{""Bogorodica L1"": {""total"": 0, ""by_type"": {}}, ""Bogorodica L2"": {""total"": 0, ""by_type"": {}}, ""Bogorodica L3"": {""total"": 0, ""by_type"": {}}, ""Bogorodica L4"": {""total"": 0, ""by_type"": {}}, ""Bogorodica L5"": {""total"": 2, ""by_type"": {""car"": 2}}}",2
289,1,2026-04-29 12:30:26.260731 +00:00,5,8,6,0,0,2,"{""Bogorodica L1"": {""total"": 0, ""by_type"": {}}, ""Bogorodica L2"": {""total"": 0, ""by_type"": {}}, ""Bogorodica L3"": {""total"": 0, ""by_type"": {}}, ""Bogorodica L4"": {""total"": 0, ""by_type"": {}}, ""Bogorodica L5"": {""total"": 8, ""by_type"": {""car"": 6, ""truck"": 2}}}",2
290,1,2026-04-29 12:35:26.291706 +00:00,5,7,6,0,0,1,"{""Bogorodica L1"": {""total"": 0, ""by_type"": {}}, ""Bogorodica L2"": {""total"": 0, ""by_type"": {}}, ""Bogorodica L3"": {""total"": 0, ""by_type"": {}}, ""Bogorodica L4"": {""total"": 0, ""by_type"": {}}, ""Bogorodica L5"": {""total"": 7, ""by_type"": {""car"": 6, ""truck"": 1}}}",2.5
291,1,2026-04-29 12:40:26.341032 +00:00,5,1,0,0,0,1,"{""Bogorodica L1"": {""total"": 0, ""by_type"": {}}, ""Bogorodica L2"": {""total"": 0, ""by_type"": {}}, ""Bogorodica L3"": {""total"": 0, ""by_type"": {}}, ""Bogorodica L4"": {""total"": 0, ""by_type"": {}}, ""Bogorodica L5"": {""total"": 1, ""by_type"": {""truck"": 1}}}",2
292,1,2026-04-29 12:45:26.568758 +00:00,5,0,0,0,0,0,"{""Bogorodica L1"": {""total"": 0, ""by_type"": {}}, ""Bogorodica L2"": {""total"": 0, ""by_type"": {}}, ""Bogorodica L3"": {""total"": 0, ""by_type"": {}}, ""Bogorodica L4"": {""total"": 0, ""by_type"": {}}, ""Bogorodica L5"": {""total"": 0, ""by_type"": {}}}",2
293,1,2026-04-29 12:50:26.611799 +00:00,5,1,1,0,0,0,"{""Bogorodica L1"": {""total"": 0, ""by_type"": {}}, ""Bogorodica L2"": {""total"": 0, ""by_type"": {}}, ""Bogorodica L3"": {""total"": 0, ""by_type"": {}}, ""Bogorodica L4"": {""total"": 0, ""by_type"": {}}, ""Bogorodica L5"": {""total"": 1, ""by_type"": {""car"": 1}}}",2
294,1,2026-04-29 12:55:27.064204 +00:00,5,3,2,0,0,1,"{""Bogorodica L1"": {""total"": 1, ""by_type"": {""truck"": 1}}, ""Bogorodica L2"": {""total"": 0, ""by_type"": {}}, ""Bogorodica L3"": {""total"": 0, ""by_type"": {}}, ""Bogorodica L4"": {""total"": 0, ""by_type"": {}}, ""Bogorodica L5"": {""total"": 2, ""by_type"": {""car"": 2}}}",2
295,1,2026-04-29 13:00:27.194801 +00:00,5,7,4,0,1,2,"{""Bogorodica L1"": {""total"": 1, ""by_type"": {""truck"": 1}}, ""Bogorodica L2"": {""total"": 1, ""by_type"": {""bus"": 1}}, ""Bogorodica L3"": {""total"": 0, ""by_type"": {}}, ""Bogorodica L4"": {""total"": 0, ""by_type"": {}}, ""Bogorodica L5"": {""total"": 5, ""by_type"": {""car"": 4, ""truck"": 1}}}",2.5
296,1,2026-04-29 13:05:27.455004 +00:00,5,1,0,0,0,1,"{""Bogorodica L1"": {""total"": 1, ""by_type"": {""truck"": 1}}, ""Bogorodica L2"": {""total"": 0, ""by_type"": {}}, ""Bogorodica L3"": {""total"": 0, ""by_type"": {}}, ""Bogorodica L4"": {""total"": 0, ""by_type"": {}}, ""Bogorodica L5"": {""total"": 0, ""by_type"": {}}}",3
297,1,2026-04-29 13:10:27.959829 +00:00,5,4,2,0,0,2,"{""Bogorodica L1"": {""total"": 2, ""by_type"": {""truck"": 2}}, ""Bogorodica L2"": {""total"": 0, ""by_type"": {}}, ""Bogorodica L3"": {""total"": 0, ""by_type"": {}}, ""Bogorodica L4"": {""total"": 0, ""by_type"": {}}, ""Bogorodica L5"": {""total"": 2, ""by_type"": {""car"": 2}}}",2
298,1,2026-04-29 13:15:28.274132 +00:00,5,3,0,0,0,3,"{""Bogorodica L1"": {""total"": 3, ""by_type"": {""truck"": 3}}, ""Bogorodica L2"": {""total"": 0, ""by_type"": {}}, ""Bogorodica L3"": {""total"": 0, ""by_type"": {}}, ""Bogorodica L4"": {""total"": 0, ""by_type"": {}}, ""Bogorodica L5"": {""total"": 0, ""by_type"": {}}}",2
299,1,2026-04-29 13:20:28.366075 +00:00,5,6,3,0,0,3,"{""Bogorodica L1"": {""total"": 2, ""by_type"": {""truck"": 2}}, ""Bogorodica L2"": {""total"": 0, ""by_type"": {}}, ""Bogorodica L3"": {""total"": 0, ""by_type"": {}}, ""Bogorodica L4"": {""total"": 0, ""by_type"": {}}, ""Bogorodica L5"": {""total"": 4, ""by_type"": {""car"": 3, ""truck"": 1}}}",2
300,1,2026-04-29 13:25:28.424372 +00:00,5,1,0,0,0,1,"{""Bogorodica L1"": {""total"": 1, ""by_type"": {""truck"": 1}}, ""Bogorodica L2"": {""total"": 0, ""by_type"": {}}, ""Bogorodica L3"": {""total"": 0, ""by_type"": {}}, ""Bogorodica L4"": {""total"": 0, ""by_type"": {}}, ""Bogorodica L5"": {""total"": 0, ""by_type"": {}}}",2
301,1,2026-04-29 13:30:28.638985 +00:00,5,2,0,0,0,2,"{""Bogorodica L1"": {""total"": 2, ""by_type"": {""truck"": 2}}, ""Bogorodica L2"": {""total"": 0, ""by_type"": {}}, ""Bogorodica L3"": {""total"": 0, ""by_type"": {}}, ""Bogorodica L4"": {""total"": 0, ""by_type"": {}}, ""Bogorodica L5"": {""total"": 0, ""by_type"": {}}}",3
302,1,2026-04-29 13:35:28.898056 +00:00,5,3,2,0,0,1,"{""Bogorodica L1"": {""total"": 0, ""by_type"": {}}, ""Bogorodica L2"": {""total"": 0, ""by_type"": {}}, ""Bogorodica L3"": {""total"": 0, ""by_type"": {}}, ""Bogorodica L4"": {""total"": 0, ""by_type"": {}}, ""Bogorodica L5"": {""total"": 3, ""by_type"": {""car"": 2, ""truck"": 1}}}",3
303,1,2026-04-29 13:40:29.049661 +00:00,5,2,1,0,0,1,"{""Bogorodica L1"": {""total"": 1, ""by_type"": {""truck"": 1}}, ""Bogorodica L2"": {""total"": 0, ""by_type"": {}}, ""Bogorodica L3"": {""total"": 0, ""by_type"": {}}, ""Bogorodica L4"": {""total"": 0, ""by_type"": {}}, ""Bogorodica L5"": {""total"": 1, ""by_type"": {""car"": 1}}}",3
304,1,2026-04-29 13:45:29.248644 +00:00,5,5,2,0,0,3,"{""Bogorodica L1"": {""total"": 3, ""by_type"": {""truck"": 3}}, ""Bogorodica L2"": {""total"": 0, ""by_type"": {}}, ""Bogorodica L3"": {""total"": 0, ""by_type"": {}}, ""Bogorodica L4"": {""total"": 0, ""by_type"": {}}, ""Bogorodica L5"": {""total"": 2, ""by_type"": {""car"": 2}}}",3
305,1,2026-04-29 13:50:29.315790 +00:00,5,1,0,0,0,1,"{""Bogorodica L1"": {""total"": 1, ""by_type"": {""truck"": 1}}, ""Bogorodica L2"": {""total"": 0, ""by_type"": {}}, ""Bogorodica L3"": {""total"": 0, ""by_type"": {}}, ""Bogorodica L4"": {""total"": 0, ""by_type"": {}}, ""Bogorodica L5"": {""total"": 0, ""by_type"": {}}}",3
306,1,2026-04-29 13:55:29.651213 +00:00,5,1,1,0,0,0,"{""Bogorodica L1"": {""total"": 0, ""by_type"": {}}, ""Bogorodica L2"": {""total"": 0, ""by_type"": {}}, ""Bogorodica L3"": {""total"": 0, ""by_type"": {}}, ""Bogorodica L4"": {""total"": 1, ""by_type"": {""car"": 1}}, ""Bogorodica L5"": {""total"": 0, ""by_type"": {}}}",3
307,1,2026-04-29 14:00:39.000385 +00:00,5,2,0,0,0,2,"{""Bogorodica L1"": {""total"": 2, ""by_type"": {""truck"": 2}}, ""Bogorodica L2"": {""total"": 0, ""by_type"": {}}, ""Bogorodica L3"": {""total"": 0, ""by_type"": {}}, ""Bogorodica L4"": {""total"": 0, ""by_type"": {}}, ""Bogorodica L5"": {""total"": 0, ""by_type"": {}}}",0.5
308,1,2026-04-29 14:05:39.836142 +00:00,5,2,0,0,0,2,"{""Bogorodica L1"": {""total"": 2, ""by_type"": {""truck"": 2}}, ""Bogorodica L2"": {""total"": 0, ""by_type"": {}}, ""Bogorodica L3"": {""total"": 0, ""by_type"": {}}, ""Bogorodica L4"": {""total"": 0, ""by_type"": {}}, ""Bogorodica L5"": {""total"": 0, ""by_type"": {}}}",3
309,1,2026-04-29 14:10:39.970606 +00:00,5,7,4,0,0,3,"{""Bogorodica L1"": {""total"": 3, ""by_type"": {""truck"": 3}}, ""Bogorodica L2"": {""total"": 0, ""by_type"": {}}, ""Bogorodica L3"": {""total"": 0, ""by_type"": {}}, ""Bogorodica L4"": {""total"": 0, ""by_type"": {}}, ""Bogorodica L5"": {""total"": 4, ""by_type"": {""car"": 4}}}",3
310,1,2026-04-29 14:15:40.346424 +00:00,5,1,1,0,0,0,"{""Bogorodica L1"": {""total"": 0, ""by_type"": {}}, ""Bogorodica L2"": {""total"": 0, ""by_type"": {}}, ""Bogorodica L3"": {""total"": 0, ""by_type"": {}}, ""Bogorodica L4"": {""total"": 1, ""by_type"": {""car"": 1}}, ""Bogorodica L5"": {""total"": 0, ""by_type"": {}}}",3
311,1,2026-04-29 14:20:40.397347 +00:00,5,0,0,0,0,0,"{""Bogorodica L1"": {""total"": 0, ""by_type"": {}}, ""Bogorodica L2"": {""total"": 0, ""by_type"": {}}, ""Bogorodica L3"": {""total"": 0, ""by_type"": {}}, ""Bogorodica L4"": {""total"": 0, ""by_type"": {}}, ""Bogorodica L5"": {""total"": 0, ""by_type"": {}}}",3
312,1,2026-04-29 14:25:40.672945 +00:00,5,2,0,0,0,2,"{""Bogorodica L1"": {""total"": 2, ""by_type"": {""truck"": 2}}, ""Bogorodica L2"": {""total"": 0, ""by_type"": {}}, ""Bogorodica L3"": {""total"": 0, ""by_type"": {}}, ""Bogorodica L4"": {""total"": 0, ""by_type"": {}}, ""Bogorodica L5"": {""total"": 0, ""by_type"": {}}}",3
313,1,2026-04-29 14:30:40.978332 +00:00,5,3,0,0,0,3,"{""Bogorodica L1"": {""total"": 3, ""by_type"": {""truck"": 3}}, ""Bogorodica L2"": {""total"": 0, ""by_type"": {}}, ""Bogorodica L3"": {""total"": 0, ""by_type"": {}}, ""Bogorodica L4"": {""total"": 0, ""by_type"": {}}, ""Bogorodica L5"": {""total"": 0, ""by_type"": {}}}",3
314,1,2026-04-29 14:35:41.049649 +00:00,5,1,0,0,0,1,"{""Bogorodica L1"": {""total"": 1, ""by_type"": {""truck"": 1}}, ""Bogorodica L2"": {""total"": 0, ""by_type"": {}}, ""Bogorodica L3"": {""total"": 0, ""by_type"": {}}, ""Bogorodica L4"": {""total"": 0, ""by_type"": {}}, ""Bogorodica L5"": {""total"": 0, ""by_type"": {}}}",3
315,1,2026-04-29 14:40:41.428935 +00:00,5,4,1,0,0,3,"{""Bogorodica L1"": {""total"": 3, ""by_type"": {""truck"": 3}}, ""Bogorodica L2"": {""total"": 0, ""by_type"": {}}, ""Bogorodica L3"": {""total"": 0, ""by_type"": {}}, ""Bogorodica L4"": {""total"": 0, ""by_type"": {}}, ""Bogorodica L5"": {""total"": 1, ""by_type"": {""car"": 1}}}",3
316,1,2026-04-29 14:45:41.800377 +00:00,5,7,5,0,0,2,"{""Bogorodica L1"": {""total"": 2, ""by_type"": {""truck"": 2}}, ""Bogorodica L2"": {""total"": 0, ""by_type"": {}}, ""Bogorodica L3"": {""total"": 0, ""by_type"": {}}, ""Bogorodica L4"": {""total"": 0, ""by_type"": {}}, ""Bogorodica L5"": {""total"": 5, ""by_type"": {""car"": 5}}}",3
317,1,2026-04-29 14:50:41.996445 +00:00,5,1,0,0,0,1,"{""Bogorodica L1"": {""total"": 1, ""by_type"": {""truck"": 1}}, ""Bogorodica L2"": {""total"": 0, ""by_type"": {}}, ""Bogorodica L3"": {""total"": 0, ""by_type"": {}}, ""Bogorodica L4"": {""total"": 0, ""by_type"": {}}, ""Bogorodica L5"": {""total"": 0, ""by_type"": {}}}",3
318,1,2026-04-29 14:55:42.312101 +00:00,5,1,1,0,0,0,"{""Bogorodica L1"": {""total"": 0, ""by_type"": {}}, ""Bogorodica L2"": {""total"": 0, ""by_type"": {}}, ""Bogorodica L3"": {""total"": 0, ""by_type"": {}}, ""Bogorodica L4"": {""total"": 1, ""by_type"": {""car"": 1}}, ""Bogorodica L5"": {""total"": 0, ""by_type"": {}}}",3
319,1,2026-04-29 15:00:42.415880 +00:00,5,6,2,0,0,4,"{""Bogorodica L1"": {""total"": 4, ""by_type"": {""truck"": 4}}, ""Bogorodica L2"": {""total"": 0, ""by_type"": {}}, ""Bogorodica L3"": {""total"": 0, ""by_type"": {}}, ""Bogorodica L4"": {""total"": 0, ""by_type"": {}}, ""Bogorodica L5"": {""total"": 2, ""by_type"": {""car"": 2}}}",3
320,1,2026-04-29 15:05:42.771519 +00:00,5,7,2,0,0,5,"{""Bogorodica L1"": {""total"": 4, ""by_type"": {""truck"": 4}}, ""Bogorodica L2"": {""total"": 0, ""by_type"": {}}, ""Bogorodica L3"": {""total"": 0, ""by_type"": {}}, ""Bogorodica L4"": {""total"": 0, ""by_type"": {}}, ""Bogorodica L5"": {""total"": 3, ""by_type"": {""car"": 2, ""truck"": 1}}}",3
321,1,2026-04-29 15:10:42.848483 +00:00,5,13,10,0,0,3,"{""Bogorodica L1"": {""total"": 3, ""by_type"": {""truck"": 3}}, ""Bogorodica L2"": {""total"": 0, ""by_type"": {}}, ""Bogorodica L3"": {""total"": 0, ""by_type"": {}}, ""Bogorodica L4"": {""total"": 4, ""by_type"": {""car"": 4}}, ""Bogorodica L5"": {""total"": 6, ""by_type"": {""car"": 6}}}",3
322,1,2026-04-29 15:15:43.220566 +00:00,5,9,4,0,0,5,"{""Bogorodica L1"": {""total"": 2, ""by_type"": {""truck"": 2}}, ""Bogorodica L2"": {""total"": 0, ""by_type"": {}}, ""Bogorodica L3"": {""total"": 0, ""by_type"": {}}, ""Bogorodica L4"": {""total"": 4, ""by_type"": {""car"": 2, ""truck"": 2}}, ""Bogorodica L5"": {""total"": 3, ""by_type"": {""car"": 2, ""truck"": 1}}}",3
323,1,2026-04-29 15:20:43.505270 +00:00,5,2,2,0,0,0,"{""Bogorodica L1"": {""total"": 0, ""by_type"": {}}, ""Bogorodica L2"": {""total"": 0, ""by_type"": {}}, ""Bogorodica L3"": {""total"": 0, ""by_type"": {}}, ""Bogorodica L4"": {""total"": 1, ""by_type"": {""car"": 1}}, ""Bogorodica L5"": {""total"": 1, ""by_type"": {""car"": 1}}}",3
724,1,2026-05-01 13:47:22.067227 +00:00,5,0,0,0,0,0,"{""Bogorodica L1"": {""total"": 0, ""by_type"": {}}, ""Bogorodica L2"": {""total"": 0, ""by_type"": {}}, ""Bogorodica L3"": {""total"": 0, ""by_type"": {}}, ""Bogorodica L4"": {""total"": 0, ""by_type"": {}}, ""Bogorodica L5"": {""total"": 0, ""by_type"": {}}}",3
324,1,2026-04-29 15:25:43.563464 +00:00,5,1,0,0,0,1,"{""Bogorodica L1"": {""total"": 1, ""by_type"": {""truck"": 1}}, ""Bogorodica L2"": {""total"": 0, ""by_type"": {}}, ""Bogorodica L3"": {""total"": 0, ""by_type"": {}}, ""Bogorodica L4"": {""total"": 0, ""by_type"": {}}, ""Bogorodica L5"": {""total"": 0, ""by_type"": {}}}",3
325,1,2026-04-29 15:30:51.964488 +00:00,5,1,0,0,0,1,"{""Bogorodica L1"": {""total"": 1, ""by_type"": {""truck"": 1}}, ""Bogorodica L2"": {""total"": 0, ""by_type"": {}}, ""Bogorodica L3"": {""total"": 0, ""by_type"": {}}, ""Bogorodica L4"": {""total"": 0, ""by_type"": {}}, ""Bogorodica L5"": {""total"": 0, ""by_type"": {}}}",2.5
326,1,2026-04-29 15:35:52.000507 +00:00,5,0,0,0,0,0,"{""Bogorodica L1"": {""total"": 0, ""by_type"": {}}, ""Bogorodica L2"": {""total"": 0, ""by_type"": {}}, ""Bogorodica L3"": {""total"": 0, ""by_type"": {}}, ""Bogorodica L4"": {""total"": 0, ""by_type"": {}}, ""Bogorodica L5"": {""total"": 0, ""by_type"": {}}}",3
327,1,2026-04-29 15:40:52.145563 +00:00,5,1,1,0,0,0,"{""Bogorodica L1"": {""total"": 0, ""by_type"": {}}, ""Bogorodica L2"": {""total"": 0, ""by_type"": {}}, ""Bogorodica L3"": {""total"": 0, ""by_type"": {}}, ""Bogorodica L4"": {""total"": 0, ""by_type"": {}}, ""Bogorodica L5"": {""total"": 1, ""by_type"": {""car"": 1}}}",3
328,1,2026-04-29 15:45:52.377321 +00:00,5,2,1,0,1,0,"{""Bogorodica L1"": {""total"": 0, ""by_type"": {}}, ""Bogorodica L2"": {""total"": 1, ""by_type"": {""bus"": 1}}, ""Bogorodica L3"": {""total"": 0, ""by_type"": {}}, ""Bogorodica L4"": {""total"": 0, ""by_type"": {}}, ""Bogorodica L5"": {""total"": 1, ""by_type"": {""car"": 1}}}",3
329,1,2026-04-29 15:50:52.737241 +00:00,5,6,5,0,0,1,"{""Bogorodica L1"": {""total"": 1, ""by_type"": {""truck"": 1}}, ""Bogorodica L2"": {""total"": 0, ""by_type"": {}}, ""Bogorodica L3"": {""total"": 0, ""by_type"": {}}, ""Bogorodica L4"": {""total"": 1, ""by_type"": {""car"": 1}}, ""Bogorodica L5"": {""total"": 4, ""by_type"": {""car"": 4}}}",3
330,1,2026-04-29 15:55:52.845184 +00:00,5,6,0,0,1,5,"{""Bogorodica L1"": {""total"": 5, ""by_type"": {""truck"": 5}}, ""Bogorodica L2"": {""total"": 1, ""by_type"": {""bus"": 1}}, ""Bogorodica L3"": {""total"": 0, ""by_type"": {}}, ""Bogorodica L4"": {""total"": 0, ""by_type"": {}}, ""Bogorodica L5"": {""total"": 0, ""by_type"": {}}}",2.5
331,1,2026-04-29 16:00:52.867031 +00:00,5,3,0,0,2,1,"{""Bogorodica L1"": {""total"": 1, ""by_type"": {""truck"": 1}}, ""Bogorodica L2"": {""total"": 2, ""by_type"": {""bus"": 2}}, ""Bogorodica L3"": {""total"": 0, ""by_type"": {}}, ""Bogorodica L4"": {""total"": 0, ""by_type"": {}}, ""Bogorodica L5"": {""total"": 0, ""by_type"": {}}}",3
332,1,2026-04-29 16:05:53.003983 +00:00,5,3,1,0,1,1,"{""Bogorodica L1"": {""total"": 1, ""by_type"": {""truck"": 1}}, ""Bogorodica L2"": {""total"": 2, ""by_type"": {""bus"": 1, ""car"": 1}}, ""Bogorodica L3"": {""total"": 0, ""by_type"": {}}, ""Bogorodica L4"": {""total"": 0, ""by_type"": {}}, ""Bogorodica L5"": {""total"": 0, ""by_type"": {}}}",3
333,1,2026-04-29 16:10:53.224750 +00:00,5,1,0,0,0,1,"{""Bogorodica L1"": {""total"": 1, ""by_type"": {""truck"": 1}}, ""Bogorodica L2"": {""total"": 0, ""by_type"": {}}, ""Bogorodica L3"": {""total"": 0, ""by_type"": {}}, ""Bogorodica L4"": {""total"": 0, ""by_type"": {}}, ""Bogorodica L5"": {""total"": 0, ""by_type"": {}}}",3
334,1,2026-04-29 16:15:53.587193 +00:00,5,1,0,0,0,1,"{""Bogorodica L1"": {""total"": 1, ""by_type"": {""truck"": 1}}, ""Bogorodica L2"": {""total"": 0, ""by_type"": {}}, ""Bogorodica L3"": {""total"": 0, ""by_type"": {}}, ""Bogorodica L4"": {""total"": 0, ""by_type"": {}}, ""Bogorodica L5"": {""total"": 0, ""by_type"": {}}}",3
335,1,2026-04-29 16:20:53.621460 +00:00,5,2,1,0,0,1,"{""Bogorodica L1"": {""total"": 1, ""by_type"": {""truck"": 1}}, ""Bogorodica L2"": {""total"": 0, ""by_type"": {}}, ""Bogorodica L3"": {""total"": 0, ""by_type"": {}}, ""Bogorodica L4"": {""total"": 0, ""by_type"": {}}, ""Bogorodica L5"": {""total"": 1, ""by_type"": {""car"": 1}}}",3
336,1,2026-04-29 16:25:53.805683 +00:00,5,3,0,0,0,3,"{""Bogorodica L1"": {""total"": 3, ""by_type"": {""truck"": 3}}, ""Bogorodica L2"": {""total"": 0, ""by_type"": {}}, ""Bogorodica L3"": {""total"": 0, ""by_type"": {}}, ""Bogorodica L4"": {""total"": 0, ""by_type"": {}}, ""Bogorodica L5"": {""total"": 0, ""by_type"": {}}}",3
337,1,2026-04-29 16:30:54.126613 +00:00,5,3,1,0,0,2,"{""Bogorodica L1"": {""total"": 2, ""by_type"": {""truck"": 2}}, ""Bogorodica L2"": {""total"": 0, ""by_type"": {}}, ""Bogorodica L3"": {""total"": 0, ""by_type"": {}}, ""Bogorodica L4"": {""total"": 1, ""by_type"": {""car"": 1}}, ""Bogorodica L5"": {""total"": 0, ""by_type"": {}}}",3
338,1,2026-04-29 16:35:54.175402 +00:00,5,3,0,0,0,3,"{""Bogorodica L1"": {""total"": 3, ""by_type"": {""truck"": 3}}, ""Bogorodica L2"": {""total"": 0, ""by_type"": {}}, ""Bogorodica L3"": {""total"": 0, ""by_type"": {}}, ""Bogorodica L4"": {""total"": 0, ""by_type"": {}}, ""Bogorodica L5"": {""total"": 0, ""by_type"": {}}}",3
339,1,2026-04-29 16:40:54.323496 +00:00,5,1,0,0,0,1,"{""Bogorodica L1"": {""total"": 1, ""by_type"": {""truck"": 1}}, ""Bogorodica L2"": {""total"": 0, ""by_type"": {}}, ""Bogorodica L3"": {""total"": 0, ""by_type"": {}}, ""Bogorodica L4"": {""total"": 0, ""by_type"": {}}, ""Bogorodica L5"": {""total"": 0, ""by_type"": {}}}",3
340,1,2026-04-29 16:45:54.354107 +00:00,5,3,2,0,0,1,"{""Bogorodica L1"": {""total"": 1, ""by_type"": {""truck"": 1}}, ""Bogorodica L2"": {""total"": 0, ""by_type"": {}}, ""Bogorodica L3"": {""total"": 0, ""by_type"": {}}, ""Bogorodica L4"": {""total"": 1, ""by_type"": {""car"": 1}}, ""Bogorodica L5"": {""total"": 1, ""by_type"": {""car"": 1}}}",3
341,1,2026-04-29 16:50:54.471062 +00:00,5,0,0,0,0,0,"{""Bogorodica L1"": {""total"": 0, ""by_type"": {}}, ""Bogorodica L2"": {""total"": 0, ""by_type"": {}}, ""Bogorodica L3"": {""total"": 0, ""by_type"": {}}, ""Bogorodica L4"": {""total"": 0, ""by_type"": {}}, ""Bogorodica L5"": {""total"": 0, ""by_type"": {}}}",3
342,1,2026-04-29 16:55:54.505431 +00:00,5,2,0,0,0,2,"{""Bogorodica L1"": {""total"": 2, ""by_type"": {""truck"": 2}}, ""Bogorodica L2"": {""total"": 0, ""by_type"": {}}, ""Bogorodica L3"": {""total"": 0, ""by_type"": {}}, ""Bogorodica L4"": {""total"": 0, ""by_type"": {}}, ""Bogorodica L5"": {""total"": 0, ""by_type"": {}}}",3
343,1,2026-04-29 17:00:54.717220 +00:00,5,3,1,0,0,2,"{""Bogorodica L1"": {""total"": 1, ""by_type"": {""truck"": 1}}, ""Bogorodica L2"": {""total"": 0, ""by_type"": {}}, ""Bogorodica L3"": {""total"": 0, ""by_type"": {}}, ""Bogorodica L4"": {""total"": 0, ""by_type"": {}}, ""Bogorodica L5"": {""total"": 2, ""by_type"": {""car"": 1, ""truck"": 1}}}",3
344,1,2026-04-29 17:05:55.010921 +00:00,5,1,1,0,0,0,"{""Bogorodica L1"": {""total"": 0, ""by_type"": {}}, ""Bogorodica L2"": {""total"": 0, ""by_type"": {}}, ""Bogorodica L3"": {""total"": 0, ""by_type"": {}}, ""Bogorodica L4"": {""total"": 0, ""by_type"": {}}, ""Bogorodica L5"": {""total"": 1, ""by_type"": {""car"": 1}}}",3
345,1,2026-04-29 17:10:55.351452 +00:00,5,0,0,0,0,0,"{""Bogorodica L1"": {""total"": 0, ""by_type"": {}}, ""Bogorodica L2"": {""total"": 0, ""by_type"": {}}, ""Bogorodica L3"": {""total"": 0, ""by_type"": {}}, ""Bogorodica L4"": {""total"": 0, ""by_type"": {}}, ""Bogorodica L5"": {""total"": 0, ""by_type"": {}}}",3
346,1,2026-04-29 17:15:55.619295 +00:00,5,3,1,0,0,2,"{""Bogorodica L1"": {""total"": 2, ""by_type"": {""truck"": 2}}, ""Bogorodica L2"": {""total"": 0, ""by_type"": {}}, ""Bogorodica L3"": {""total"": 0, ""by_type"": {}}, ""Bogorodica L4"": {""total"": 1, ""by_type"": {""car"": 1}}, ""Bogorodica L5"": {""total"": 0, ""by_type"": {}}}",2.5
347,1,2026-04-29 17:20:55.796785 +00:00,5,1,0,0,0,1,"{""Bogorodica L1"": {""total"": 1, ""by_type"": {""truck"": 1}}, ""Bogorodica L2"": {""total"": 0, ""by_type"": {}}, ""Bogorodica L3"": {""total"": 0, ""by_type"": {}}, ""Bogorodica L4"": {""total"": 0, ""by_type"": {}}, ""Bogorodica L5"": {""total"": 0, ""by_type"": {}}}",3
348,1,2026-04-29 17:25:55.834703 +00:00,5,1,0,0,0,1,"{""Bogorodica L1"": {""total"": 1, ""by_type"": {""truck"": 1}}, ""Bogorodica L2"": {""total"": 0, ""by_type"": {}}, ""Bogorodica L3"": {""total"": 0, ""by_type"": {}}, ""Bogorodica L4"": {""total"": 0, ""by_type"": {}}, ""Bogorodica L5"": {""total"": 0, ""by_type"": {}}}",3
349,1,2026-04-29 17:30:56.171375 +00:00,5,2,1,0,0,1,"{""Bogorodica L1"": {""total"": 1, ""by_type"": {""truck"": 1}}, ""Bogorodica L2"": {""total"": 0, ""by_type"": {}}, ""Bogorodica L3"": {""total"": 0, ""by_type"": {}}, ""Bogorodica L4"": {""total"": 1, ""by_type"": {""car"": 1}}, ""Bogorodica L5"": {""total"": 0, ""by_type"": {}}}",3
350,1,2026-04-30 06:34:20.887616 +00:00,5,16,14,0,0,2,"{""Bogorodica L1"": {""total"": 1, ""by_type"": {""truck"": 1}}, ""Bogorodica L2"": {""total"": 0, ""by_type"": {}}, ""Bogorodica L3"": {""total"": 5, ""by_type"": {""car"": 5}}, ""Bogorodica L4"": {""total"": 5, ""by_type"": {""car"": 5}}, ""Bogorodica L5"": {""total"": 5, ""by_type"": {""car"": 4, ""truck"": 1}}}",2.5
351,1,2026-04-30 06:39:21.041162 +00:00,5,17,15,0,0,2,"{""Bogorodica L1"": {""total"": 1, ""by_type"": {""truck"": 1}}, ""Bogorodica L2"": {""total"": 0, ""by_type"": {}}, ""Bogorodica L3"": {""total"": 4, ""by_type"": {""car"": 4}}, ""Bogorodica L4"": {""total"": 4, ""by_type"": {""car"": 4}}, ""Bogorodica L5"": {""total"": 8, ""by_type"": {""car"": 7, ""truck"": 1}}}",2.5
352,1,2026-04-30 06:44:21.216228 +00:00,5,16,14,0,0,2,"{""Bogorodica L1"": {""total"": 1, ""by_type"": {""truck"": 1}}, ""Bogorodica L2"": {""total"": 0, ""by_type"": {}}, ""Bogorodica L3"": {""total"": 5, ""by_type"": {""car"": 4, ""truck"": 1}}, ""Bogorodica L4"": {""total"": 5, ""by_type"": {""car"": 5}}, ""Bogorodica L5"": {""total"": 5, ""by_type"": {""car"": 5}}}",3
353,1,2026-04-30 06:49:21.220555 +00:00,5,18,16,0,0,2,"{""Bogorodica L1"": {""total"": 1, ""by_type"": {""truck"": 1}}, ""Bogorodica L2"": {""total"": 0, ""by_type"": {}}, ""Bogorodica L3"": {""total"": 5, ""by_type"": {""car"": 5}}, ""Bogorodica L4"": {""total"": 5, ""by_type"": {""car"": 5}}, ""Bogorodica L5"": {""total"": 7, ""by_type"": {""car"": 6, ""truck"": 1}}}",3
354,1,2026-04-30 06:54:21.370322 +00:00,5,18,17,0,0,1,"{""Bogorodica L1"": {""total"": 1, ""by_type"": {""truck"": 1}}, ""Bogorodica L2"": {""total"": 0, ""by_type"": {}}, ""Bogorodica L3"": {""total"": 5, ""by_type"": {""car"": 5}}, ""Bogorodica L4"": {""total"": 6, ""by_type"": {""car"": 6}}, ""Bogorodica L5"": {""total"": 6, ""by_type"": {""car"": 6}}}",3
355,1,2026-04-30 06:59:21.523288 +00:00,5,16,12,0,0,4,"{""Bogorodica L1"": {""total"": 1, ""by_type"": {""truck"": 1}}, ""Bogorodica L2"": {""total"": 0, ""by_type"": {}}, ""Bogorodica L3"": {""total"": 5, ""by_type"": {""car"": 5}}, ""Bogorodica L4"": {""total"": 7, ""by_type"": {""car"": 5, ""truck"": 2}}, ""Bogorodica L5"": {""total"": 3, ""by_type"": {""car"": 2, ""truck"": 1}}}",2.5
356,1,2026-04-30 07:04:30.932346 +00:00,5,14,12,0,0,2,"{""Bogorodica L1"": {""total"": 0, ""by_type"": {}}, ""Bogorodica L2"": {""total"": 0, ""by_type"": {}}, ""Bogorodica L3"": {""total"": 5, ""by_type"": {""car"": 5}}, ""Bogorodica L4"": {""total"": 6, ""by_type"": {""car"": 5, ""truck"": 1}}, ""Bogorodica L5"": {""total"": 3, ""by_type"": {""car"": 2, ""truck"": 1}}}",2
357,1,2026-04-30 07:09:30.982391 +00:00,5,16,16,0,0,0,"{""Bogorodica L1"": {""total"": 0, ""by_type"": {}}, ""Bogorodica L2"": {""total"": 0, ""by_type"": {}}, ""Bogorodica L3"": {""total"": 6, ""by_type"": {""car"": 6}}, ""Bogorodica L4"": {""total"": 5, ""by_type"": {""car"": 5}}, ""Bogorodica L5"": {""total"": 5, ""by_type"": {""car"": 5}}}",2
743,1,2026-05-01 15:22:25.350990 +00:00,5,0,0,0,0,0,"{""Bogorodica L1"": {""total"": 0, ""by_type"": {}}, ""Bogorodica L2"": {""total"": 0, ""by_type"": {}}, ""Bogorodica L3"": {""total"": 0, ""by_type"": {}}, ""Bogorodica L4"": {""total"": 0, ""by_type"": {}}, ""Bogorodica L5"": {""total"": 0, ""by_type"": {}}}",3
358,1,2026-04-30 07:14:31.384111 +00:00,5,11,11,0,0,0,"{""Bogorodica L1"": {""total"": 0, ""by_type"": {}}, ""Bogorodica L2"": {""total"": 0, ""by_type"": {}}, ""Bogorodica L3"": {""total"": 2, ""by_type"": {""car"": 2}}, ""Bogorodica L4"": {""total"": 6, ""by_type"": {""car"": 6}}, ""Bogorodica L5"": {""total"": 3, ""by_type"": {""car"": 3}}}",2.5
359,1,2026-04-30 07:19:31.747871 +00:00,5,16,13,0,0,3,"{""Bogorodica L1"": {""total"": 1, ""by_type"": {""truck"": 1}}, ""Bogorodica L2"": {""total"": 0, ""by_type"": {}}, ""Bogorodica L3"": {""total"": 5, ""by_type"": {""car"": 4, ""truck"": 1}}, ""Bogorodica L4"": {""total"": 5, ""by_type"": {""car"": 4, ""truck"": 1}}, ""Bogorodica L5"": {""total"": 5, ""by_type"": {""car"": 5}}}",2.5
360,1,2026-04-30 07:24:31.856714 +00:00,5,16,14,0,0,2,"{""Bogorodica L1"": {""total"": 1, ""by_type"": {""truck"": 1}}, ""Bogorodica L2"": {""total"": 0, ""by_type"": {}}, ""Bogorodica L3"": {""total"": 6, ""by_type"": {""car"": 6}}, ""Bogorodica L4"": {""total"": 6, ""by_type"": {""car"": 5, ""truck"": 1}}, ""Bogorodica L5"": {""total"": 3, ""by_type"": {""car"": 3}}}",2.5
361,1,2026-04-30 07:29:32.198106 +00:00,5,14,10,0,0,4,"{""Bogorodica L1"": {""total"": 1, ""by_type"": {""truck"": 1}}, ""Bogorodica L2"": {""total"": 0, ""by_type"": {}}, ""Bogorodica L3"": {""total"": 5, ""by_type"": {""car"": 3, ""truck"": 2}}, ""Bogorodica L4"": {""total"": 4, ""by_type"": {""car"": 3, ""truck"": 1}}, ""Bogorodica L5"": {""total"": 4, ""by_type"": {""car"": 4}}}",2.5
362,1,2026-04-30 07:34:32.212507 +00:00,5,18,15,0,0,3,"{""Bogorodica L1"": {""total"": 0, ""by_type"": {}}, ""Bogorodica L2"": {""total"": 0, ""by_type"": {}}, ""Bogorodica L3"": {""total"": 8, ""by_type"": {""car"": 5, ""truck"": 3}}, ""Bogorodica L4"": {""total"": 5, ""by_type"": {""car"": 5}}, ""Bogorodica L5"": {""total"": 5, ""by_type"": {""car"": 5}}}",2.5
363,1,2026-04-30 07:39:32.645876 +00:00,5,17,15,0,0,2,"{""Bogorodica L1"": {""total"": 1, ""by_type"": {""truck"": 1}}, ""Bogorodica L2"": {""total"": 0, ""by_type"": {}}, ""Bogorodica L3"": {""total"": 6, ""by_type"": {""car"": 5, ""truck"": 1}}, ""Bogorodica L4"": {""total"": 5, ""by_type"": {""car"": 5}}, ""Bogorodica L5"": {""total"": 5, ""by_type"": {""car"": 5}}}",2.5
364,1,2026-04-30 07:44:33.206685 +00:00,5,19,15,0,0,4,"{""Bogorodica L1"": {""total"": 2, ""by_type"": {""truck"": 2}}, ""Bogorodica L2"": {""total"": 0, ""by_type"": {}}, ""Bogorodica L3"": {""total"": 6, ""by_type"": {""car"": 4, ""truck"": 2}}, ""Bogorodica L4"": {""total"": 6, ""by_type"": {""car"": 6}}, ""Bogorodica L5"": {""total"": 5, ""by_type"": {""car"": 5}}}",2
365,1,2026-04-30 07:49:33.734951 +00:00,5,16,15,0,0,1,"{""Bogorodica L1"": {""total"": 0, ""by_type"": {}}, ""Bogorodica L2"": {""total"": 1, ""by_type"": {""car"": 1}}, ""Bogorodica L3"": {""total"": 6, ""by_type"": {""car"": 5, ""truck"": 1}}, ""Bogorodica L4"": {""total"": 5, ""by_type"": {""car"": 5}}, ""Bogorodica L5"": {""total"": 4, ""by_type"": {""car"": 4}}}",2
366,1,2026-04-30 07:54:33.926895 +00:00,5,17,17,0,0,0,"{""Bogorodica L1"": {""total"": 0, ""by_type"": {}}, ""Bogorodica L2"": {""total"": 1, ""by_type"": {""car"": 1}}, ""Bogorodica L3"": {""total"": 4, ""by_type"": {""car"": 4}}, ""Bogorodica L4"": {""total"": 6, ""by_type"": {""car"": 6}}, ""Bogorodica L5"": {""total"": 6, ""by_type"": {""car"": 6}}}",2.5
367,1,2026-04-30 07:59:34.155268 +00:00,5,5,4,0,0,1,"{""Bogorodica L1"": {""total"": 0, ""by_type"": {}}, ""Bogorodica L2"": {""total"": 0, ""by_type"": {}}, ""Bogorodica L3"": {""total"": 3, ""by_type"": {""car"": 3}}, ""Bogorodica L4"": {""total"": 2, ""by_type"": {""car"": 1, ""truck"": 1}}, ""Bogorodica L5"": {""total"": 0, ""by_type"": {}}}",3
368,1,2026-04-30 08:04:34.441334 +00:00,5,5,5,0,0,0,"{""Bogorodica L1"": {""total"": 0, ""by_type"": {}}, ""Bogorodica L2"": {""total"": 0, ""by_type"": {}}, ""Bogorodica L3"": {""total"": 0, ""by_type"": {}}, ""Bogorodica L4"": {""total"": 2, ""by_type"": {""car"": 2}}, ""Bogorodica L5"": {""total"": 3, ""by_type"": {""car"": 3}}}",2.5
369,1,2026-04-30 08:09:34.804385 +00:00,5,10,9,0,0,1,"{""Bogorodica L1"": {""total"": 1, ""by_type"": {""truck"": 1}}, ""Bogorodica L2"": {""total"": 0, ""by_type"": {}}, ""Bogorodica L3"": {""total"": 2, ""by_type"": {""car"": 2}}, ""Bogorodica L4"": {""total"": 2, ""by_type"": {""car"": 2}}, ""Bogorodica L5"": {""total"": 5, ""by_type"": {""car"": 5}}}",2.5
370,1,2026-04-30 08:14:34.958467 +00:00,5,2,2,0,0,0,"{""Bogorodica L1"": {""total"": 0, ""by_type"": {}}, ""Bogorodica L2"": {""total"": 0, ""by_type"": {}}, ""Bogorodica L3"": {""total"": 1, ""by_type"": {""car"": 1}}, ""Bogorodica L4"": {""total"": 1, ""by_type"": {""car"": 1}}, ""Bogorodica L5"": {""total"": 0, ""by_type"": {}}}",2.5
371,1,2026-04-30 08:19:34.967733 +00:00,5,5,2,0,0,3,"{""Bogorodica L1"": {""total"": 4, ""by_type"": {""car"": 1, ""truck"": 3}}, ""Bogorodica L2"": {""total"": 0, ""by_type"": {}}, ""Bogorodica L3"": {""total"": 0, ""by_type"": {}}, ""Bogorodica L4"": {""total"": 1, ""by_type"": {""car"": 1}}, ""Bogorodica L5"": {""total"": 0, ""by_type"": {}}}",2
372,1,2026-04-30 08:24:35.071230 +00:00,5,3,2,0,0,1,"{""Bogorodica L1"": {""total"": 3, ""by_type"": {""car"": 2, ""truck"": 1}}, ""Bogorodica L2"": {""total"": 0, ""by_type"": {}}, ""Bogorodica L3"": {""total"": 0, ""by_type"": {}}, ""Bogorodica L4"": {""total"": 0, ""by_type"": {}}, ""Bogorodica L5"": {""total"": 0, ""by_type"": {}}}",2.5
373,1,2026-04-30 08:29:35.198633 +00:00,5,6,3,0,0,3,"{""Bogorodica L1"": {""total"": 5, ""by_type"": {""car"": 2, ""truck"": 3}}, ""Bogorodica L2"": {""total"": 0, ""by_type"": {}}, ""Bogorodica L3"": {""total"": 0, ""by_type"": {}}, ""Bogorodica L4"": {""total"": 0, ""by_type"": {}}, ""Bogorodica L5"": {""total"": 1, ""by_type"": {""car"": 1}}}",2
374,1,2026-04-30 08:34:35.609545 +00:00,5,7,4,0,0,3,"{""Bogorodica L1"": {""total"": 2, ""by_type"": {""truck"": 2}}, ""Bogorodica L2"": {""total"": 1, ""by_type"": {""truck"": 1}}, ""Bogorodica L3"": {""total"": 0, ""by_type"": {}}, ""Bogorodica L4"": {""total"": 2, ""by_type"": {""car"": 2}}, ""Bogorodica L5"": {""total"": 2, ""by_type"": {""car"": 2}}}",2.5
375,1,2026-04-30 08:39:35.620374 +00:00,5,6,4,0,0,2,"{""Bogorodica L1"": {""total"": 2, ""by_type"": {""truck"": 2}}, ""Bogorodica L2"": {""total"": 0, ""by_type"": {}}, ""Bogorodica L3"": {""total"": 0, ""by_type"": {}}, ""Bogorodica L4"": {""total"": 1, ""by_type"": {""car"": 1}}, ""Bogorodica L5"": {""total"": 3, ""by_type"": {""car"": 3}}}",3
376,1,2026-04-30 08:44:36.077372 +00:00,5,1,0,0,0,1,"{""Bogorodica L1"": {""total"": 0, ""by_type"": {}}, ""Bogorodica L2"": {""total"": 0, ""by_type"": {}}, ""Bogorodica L3"": {""total"": 0, ""by_type"": {}}, ""Bogorodica L4"": {""total"": 0, ""by_type"": {}}, ""Bogorodica L5"": {""total"": 1, ""by_type"": {""truck"": 1}}}",2
377,1,2026-04-30 08:49:36.433822 +00:00,5,8,8,0,0,0,"{""Bogorodica L1"": {""total"": 0, ""by_type"": {}}, ""Bogorodica L2"": {""total"": 0, ""by_type"": {}}, ""Bogorodica L3"": {""total"": 0, ""by_type"": {}}, ""Bogorodica L4"": {""total"": 4, ""by_type"": {""car"": 4}}, ""Bogorodica L5"": {""total"": 4, ""by_type"": {""car"": 4}}}",2.5
378,1,2026-04-30 08:54:37.045534 +00:00,5,11,8,0,0,3,"{""Bogorodica L1"": {""total"": 1, ""by_type"": {""truck"": 1}}, ""Bogorodica L2"": {""total"": 0, ""by_type"": {}}, ""Bogorodica L3"": {""total"": 0, ""by_type"": {}}, ""Bogorodica L4"": {""total"": 5, ""by_type"": {""car"": 4, ""truck"": 1}}, ""Bogorodica L5"": {""total"": 5, ""by_type"": {""car"": 4, ""truck"": 1}}}",1
379,1,2026-04-30 08:59:37.166957 +00:00,5,10,10,0,0,0,"{""Bogorodica L1"": {""total"": 0, ""by_type"": {}}, ""Bogorodica L2"": {""total"": 0, ""by_type"": {}}, ""Bogorodica L3"": {""total"": 0, ""by_type"": {}}, ""Bogorodica L4"": {""total"": 5, ""by_type"": {""car"": 5}}, ""Bogorodica L5"": {""total"": 5, ""by_type"": {""car"": 5}}}",2
380,1,2026-04-30 09:04:37.659784 +00:00,5,11,10,0,1,0,"{""Bogorodica L1"": {""total"": 0, ""by_type"": {}}, ""Bogorodica L2"": {""total"": 1, ""by_type"": {""bus"": 1}}, ""Bogorodica L3"": {""total"": 0, ""by_type"": {}}, ""Bogorodica L4"": {""total"": 5, ""by_type"": {""car"": 5}}, ""Bogorodica L5"": {""total"": 5, ""by_type"": {""car"": 5}}}",2
381,1,2026-04-30 09:09:37.731329 +00:00,5,10,6,0,1,3,"{""Bogorodica L1"": {""total"": 0, ""by_type"": {}}, ""Bogorodica L2"": {""total"": 0, ""by_type"": {}}, ""Bogorodica L3"": {""total"": 0, ""by_type"": {}}, ""Bogorodica L4"": {""total"": 5, ""by_type"": {""bus"": 1, ""car"": 3, ""truck"": 1}}, ""Bogorodica L5"": {""total"": 5, ""by_type"": {""car"": 3, ""truck"": 2}}}",2
382,1,2026-04-30 09:14:38.119325 +00:00,5,9,8,0,1,0,"{""Bogorodica L1"": {""total"": 0, ""by_type"": {}}, ""Bogorodica L2"": {""total"": 0, ""by_type"": {}}, ""Bogorodica L3"": {""total"": 0, ""by_type"": {}}, ""Bogorodica L4"": {""total"": 3, ""by_type"": {""car"": 3}}, ""Bogorodica L5"": {""total"": 6, ""by_type"": {""bus"": 1, ""car"": 5}}}",1.5
383,1,2026-04-30 09:19:38.275080 +00:00,5,12,12,0,0,0,"{""Bogorodica L1"": {""total"": 0, ""by_type"": {}}, ""Bogorodica L2"": {""total"": 0, ""by_type"": {}}, ""Bogorodica L3"": {""total"": 2, ""by_type"": {""car"": 2}}, ""Bogorodica L4"": {""total"": 6, ""by_type"": {""car"": 6}}, ""Bogorodica L5"": {""total"": 4, ""by_type"": {""car"": 4}}}",3
384,1,2026-04-30 09:24:38.659275 +00:00,5,14,9,0,1,4,"{""Bogorodica L1"": {""total"": 3, ""by_type"": {""truck"": 3}}, ""Bogorodica L2"": {""total"": 1, ""by_type"": {""bus"": 1}}, ""Bogorodica L3"": {""total"": 0, ""by_type"": {}}, ""Bogorodica L4"": {""total"": 3, ""by_type"": {""car"": 2, ""truck"": 1}}, ""Bogorodica L5"": {""total"": 7, ""by_type"": {""car"": 7}}}",3
385,1,2026-04-30 09:29:38.906550 +00:00,5,7,4,0,0,3,"{""Bogorodica L1"": {""total"": 3, ""by_type"": {""truck"": 3}}, ""Bogorodica L2"": {""total"": 0, ""by_type"": {}}, ""Bogorodica L3"": {""total"": 0, ""by_type"": {}}, ""Bogorodica L4"": {""total"": 2, ""by_type"": {""car"": 2}}, ""Bogorodica L5"": {""total"": 2, ""by_type"": {""car"": 2}}}",2.5
386,1,2026-04-30 09:34:38.908423 +00:00,5,2,0,0,0,2,"{""Bogorodica L1"": {""total"": 2, ""by_type"": {""truck"": 2}}, ""Bogorodica L2"": {""total"": 0, ""by_type"": {}}, ""Bogorodica L3"": {""total"": 0, ""by_type"": {}}, ""Bogorodica L4"": {""total"": 0, ""by_type"": {}}, ""Bogorodica L5"": {""total"": 0, ""by_type"": {}}}",3
387,1,2026-04-30 09:39:38.992015 +00:00,5,6,2,0,0,4,"{""Bogorodica L1"": {""total"": 4, ""by_type"": {""truck"": 4}}, ""Bogorodica L2"": {""total"": 0, ""by_type"": {}}, ""Bogorodica L3"": {""total"": 0, ""by_type"": {}}, ""Bogorodica L4"": {""total"": 1, ""by_type"": {""car"": 1}}, ""Bogorodica L5"": {""total"": 1, ""by_type"": {""car"": 1}}}",2.5
388,1,2026-04-30 09:44:39.487773 +00:00,5,4,1,0,0,3,"{""Bogorodica L1"": {""total"": 3, ""by_type"": {""truck"": 3}}, ""Bogorodica L2"": {""total"": 0, ""by_type"": {}}, ""Bogorodica L3"": {""total"": 0, ""by_type"": {}}, ""Bogorodica L4"": {""total"": 0, ""by_type"": {}}, ""Bogorodica L5"": {""total"": 1, ""by_type"": {""car"": 1}}}",2.5
389,1,2026-04-30 09:49:39.819360 +00:00,5,2,1,0,0,1,"{""Bogorodica L1"": {""total"": 1, ""by_type"": {""truck"": 1}}, ""Bogorodica L2"": {""total"": 0, ""by_type"": {}}, ""Bogorodica L3"": {""total"": 0, ""by_type"": {}}, ""Bogorodica L4"": {""total"": 1, ""by_type"": {""car"": 1}}, ""Bogorodica L5"": {""total"": 0, ""by_type"": {}}}",3
390,1,2026-04-30 09:54:39.850872 +00:00,5,7,7,0,0,0,"{""Bogorodica L1"": {""total"": 0, ""by_type"": {}}, ""Bogorodica L2"": {""total"": 0, ""by_type"": {}}, ""Bogorodica L3"": {""total"": 0, ""by_type"": {}}, ""Bogorodica L4"": {""total"": 3, ""by_type"": {""car"": 3}}, ""Bogorodica L5"": {""total"": 4, ""by_type"": {""car"": 4}}}",3
391,1,2026-04-30 09:59:40.215547 +00:00,5,1,1,0,0,0,"{""Bogorodica L1"": {""total"": 0, ""by_type"": {}}, ""Bogorodica L2"": {""total"": 0, ""by_type"": {}}, ""Bogorodica L3"": {""total"": 0, ""by_type"": {}}, ""Bogorodica L4"": {""total"": 0, ""by_type"": {}}, ""Bogorodica L5"": {""total"": 1, ""by_type"": {""car"": 1}}}",2
392,1,2026-04-30 10:04:40.456945 +00:00,5,0,0,0,0,0,"{""Bogorodica L1"": {""total"": 0, ""by_type"": {}}, ""Bogorodica L2"": {""total"": 0, ""by_type"": {}}, ""Bogorodica L3"": {""total"": 0, ""by_type"": {}}, ""Bogorodica L4"": {""total"": 0, ""by_type"": {}}, ""Bogorodica L5"": {""total"": 0, ""by_type"": {}}}",1.5
393,1,2026-04-30 10:09:40.840314 +00:00,5,3,3,0,0,0,"{""Bogorodica L1"": {""total"": 0, ""by_type"": {}}, ""Bogorodica L2"": {""total"": 0, ""by_type"": {}}, ""Bogorodica L3"": {""total"": 0, ""by_type"": {}}, ""Bogorodica L4"": {""total"": 1, ""by_type"": {""car"": 1}}, ""Bogorodica L5"": {""total"": 2, ""by_type"": {""car"": 2}}}",2.5
394,1,2026-04-30 10:14:41.027124 +00:00,5,2,2,0,0,0,"{""Bogorodica L1"": {""total"": 0, ""by_type"": {}}, ""Bogorodica L2"": {""total"": 0, ""by_type"": {}}, ""Bogorodica L3"": {""total"": 0, ""by_type"": {}}, ""Bogorodica L4"": {""total"": 1, ""by_type"": {""car"": 1}}, ""Bogorodica L5"": {""total"": 1, ""by_type"": {""car"": 1}}}",3
395,1,2026-04-30 10:19:41.326613 +00:00,5,4,3,0,0,1,"{""Bogorodica L1"": {""total"": 0, ""by_type"": {}}, ""Bogorodica L2"": {""total"": 1, ""by_type"": {""truck"": 1}}, ""Bogorodica L3"": {""total"": 0, ""by_type"": {}}, ""Bogorodica L4"": {""total"": 2, ""by_type"": {""car"": 2}}, ""Bogorodica L5"": {""total"": 1, ""by_type"": {""car"": 1}}}",2.5
396,1,2026-04-30 10:24:41.693427 +00:00,5,1,0,0,0,1,"{""Bogorodica L1"": {""total"": 0, ""by_type"": {}}, ""Bogorodica L2"": {""total"": 1, ""by_type"": {""truck"": 1}}, ""Bogorodica L3"": {""total"": 0, ""by_type"": {}}, ""Bogorodica L4"": {""total"": 0, ""by_type"": {}}, ""Bogorodica L5"": {""total"": 0, ""by_type"": {}}}",2.5
397,1,2026-04-30 10:29:43.241176 +00:00,5,1,1,0,0,0,"{""Bogorodica L1"": {""total"": 0, ""by_type"": {}}, ""Bogorodica L2"": {""total"": 0, ""by_type"": {}}, ""Bogorodica L3"": {""total"": 0, ""by_type"": {}}, ""Bogorodica L4"": {""total"": 0, ""by_type"": {}}, ""Bogorodica L5"": {""total"": 1, ""by_type"": {""car"": 1}}}",1
398,1,2026-04-30 10:34:43.529288 +00:00,5,1,0,0,0,1,"{""Bogorodica L1"": {""total"": 1, ""by_type"": {""truck"": 1}}, ""Bogorodica L2"": {""total"": 0, ""by_type"": {}}, ""Bogorodica L3"": {""total"": 0, ""by_type"": {}}, ""Bogorodica L4"": {""total"": 0, ""by_type"": {}}, ""Bogorodica L5"": {""total"": 0, ""by_type"": {}}}",2.5
399,1,2026-04-30 10:39:43.706697 +00:00,5,1,0,0,0,1,"{""Bogorodica L1"": {""total"": 1, ""by_type"": {""truck"": 1}}, ""Bogorodica L2"": {""total"": 0, ""by_type"": {}}, ""Bogorodica L3"": {""total"": 0, ""by_type"": {}}, ""Bogorodica L4"": {""total"": 0, ""by_type"": {}}, ""Bogorodica L5"": {""total"": 0, ""by_type"": {}}}",2
400,1,2026-04-30 10:44:44.133660 +00:00,5,0,0,0,0,0,"{""Bogorodica L1"": {""total"": 0, ""by_type"": {}}, ""Bogorodica L2"": {""total"": 0, ""by_type"": {}}, ""Bogorodica L3"": {""total"": 0, ""by_type"": {}}, ""Bogorodica L4"": {""total"": 0, ""by_type"": {}}, ""Bogorodica L5"": {""total"": 0, ""by_type"": {}}}",2.5
401,1,2026-04-30 10:49:44.219710 +00:00,5,0,0,0,0,0,"{""Bogorodica L1"": {""total"": 0, ""by_type"": {}}, ""Bogorodica L2"": {""total"": 0, ""by_type"": {}}, ""Bogorodica L3"": {""total"": 0, ""by_type"": {}}, ""Bogorodica L4"": {""total"": 0, ""by_type"": {}}, ""Bogorodica L5"": {""total"": 0, ""by_type"": {}}}",2.5
402,1,2026-04-30 10:54:44.369841 +00:00,5,1,0,0,0,1,"{""Bogorodica L1"": {""total"": 1, ""by_type"": {""truck"": 1}}, ""Bogorodica L2"": {""total"": 0, ""by_type"": {}}, ""Bogorodica L3"": {""total"": 0, ""by_type"": {}}, ""Bogorodica L4"": {""total"": 0, ""by_type"": {}}, ""Bogorodica L5"": {""total"": 0, ""by_type"": {}}}",3
403,1,2026-04-30 10:59:44.439012 +00:00,5,1,1,0,0,0,"{""Bogorodica L1"": {""total"": 0, ""by_type"": {}}, ""Bogorodica L2"": {""total"": 0, ""by_type"": {}}, ""Bogorodica L3"": {""total"": 0, ""by_type"": {}}, ""Bogorodica L4"": {""total"": 0, ""by_type"": {}}, ""Bogorodica L5"": {""total"": 1, ""by_type"": {""car"": 1}}}",3
404,1,2026-04-30 11:04:44.698757 +00:00,5,2,2,0,0,0,"{""Bogorodica L1"": {""total"": 0, ""by_type"": {}}, ""Bogorodica L2"": {""total"": 0, ""by_type"": {}}, ""Bogorodica L3"": {""total"": 0, ""by_type"": {}}, ""Bogorodica L4"": {""total"": 0, ""by_type"": {}}, ""Bogorodica L5"": {""total"": 2, ""by_type"": {""car"": 2}}}",2.5
405,1,2026-04-30 11:09:44.754524 +00:00,5,10,10,0,0,0,"{""Bogorodica L1"": {""total"": 0, ""by_type"": {}}, ""Bogorodica L2"": {""total"": 0, ""by_type"": {}}, ""Bogorodica L3"": {""total"": 0, ""by_type"": {}}, ""Bogorodica L4"": {""total"": 5, ""by_type"": {""car"": 5}}, ""Bogorodica L5"": {""total"": 5, ""by_type"": {""car"": 5}}}",3
406,1,2026-04-30 11:14:45.432060 +00:00,5,4,4,0,0,0,"{""Bogorodica L1"": {""total"": 0, ""by_type"": {}}, ""Bogorodica L2"": {""total"": 0, ""by_type"": {}}, ""Bogorodica L3"": {""total"": 1, ""by_type"": {""car"": 1}}, ""Bogorodica L4"": {""total"": 1, ""by_type"": {""car"": 1}}, ""Bogorodica L5"": {""total"": 2, ""by_type"": {""car"": 2}}}",2
407,1,2026-04-30 11:19:46.649792 +00:00,5,13,12,0,0,1,"{""Bogorodica L1"": {""total"": 1, ""by_type"": {""truck"": 1}}, ""Bogorodica L2"": {""total"": 1, ""by_type"": {""car"": 1}}, ""Bogorodica L3"": {""total"": 1, ""by_type"": {""car"": 1}}, ""Bogorodica L4"": {""total"": 5, ""by_type"": {""car"": 5}}, ""Bogorodica L5"": {""total"": 5, ""by_type"": {""car"": 5}}}",1
408,1,2026-04-30 11:24:47.293379 +00:00,5,8,5,0,0,3,"{""Bogorodica L1"": {""total"": 2, ""by_type"": {""truck"": 2}}, ""Bogorodica L2"": {""total"": 0, ""by_type"": {}}, ""Bogorodica L3"": {""total"": 0, ""by_type"": {}}, ""Bogorodica L4"": {""total"": 4, ""by_type"": {""car"": 3, ""truck"": 1}}, ""Bogorodica L5"": {""total"": 2, ""by_type"": {""car"": 2}}}",1
409,1,2026-04-30 11:29:48.187203 +00:00,5,7,6,0,0,1,"{""Bogorodica L1"": {""total"": 1, ""by_type"": {""truck"": 1}}, ""Bogorodica L2"": {""total"": 0, ""by_type"": {}}, ""Bogorodica L3"": {""total"": 0, ""by_type"": {}}, ""Bogorodica L4"": {""total"": 2, ""by_type"": {""car"": 2}}, ""Bogorodica L5"": {""total"": 4, ""by_type"": {""car"": 4}}}",1
410,1,2026-04-30 11:35:02.442129 +00:00,5,7,6,0,0,1,"{""Bogorodica L1"": {""total"": 1, ""by_type"": {""truck"": 1}}, ""Bogorodica L2"": {""total"": 0, ""by_type"": {}}, ""Bogorodica L3"": {""total"": 0, ""by_type"": {}}, ""Bogorodica L4"": {""total"": 1, ""by_type"": {""car"": 1}}, ""Bogorodica L5"": {""total"": 5, ""by_type"": {""car"": 5}}}",0.5
411,1,2026-04-30 11:40:02.484730 +00:00,5,7,5,0,0,2,"{""Bogorodica L1"": {""total"": 1, ""by_type"": {""truck"": 1}}, ""Bogorodica L2"": {""total"": 0, ""by_type"": {}}, ""Bogorodica L3"": {""total"": 0, ""by_type"": {}}, ""Bogorodica L4"": {""total"": 2, ""by_type"": {""car"": 1, ""truck"": 1}}, ""Bogorodica L5"": {""total"": 4, ""by_type"": {""car"": 4}}}",1
412,1,2026-04-30 11:45:02.919949 +00:00,5,0,0,0,0,0,"{""Bogorodica L1"": {""total"": 0, ""by_type"": {}}, ""Bogorodica L2"": {""total"": 0, ""by_type"": {}}, ""Bogorodica L3"": {""total"": 0, ""by_type"": {}}, ""Bogorodica L4"": {""total"": 0, ""by_type"": {}}, ""Bogorodica L5"": {""total"": 0, ""by_type"": {}}}",1
413,1,2026-04-30 11:50:03.498023 +00:00,5,1,0,0,1,0,"{""Bogorodica L1"": {""total"": 0, ""by_type"": {}}, ""Bogorodica L2"": {""total"": 1, ""by_type"": {""bus"": 1}}, ""Bogorodica L3"": {""total"": 0, ""by_type"": {}}, ""Bogorodica L4"": {""total"": 0, ""by_type"": {}}, ""Bogorodica L5"": {""total"": 0, ""by_type"": {}}}",1.5
414,1,2026-04-30 11:55:03.741272 +00:00,5,8,5,0,0,3,"{""Bogorodica L1"": {""total"": 3, ""by_type"": {""truck"": 3}}, ""Bogorodica L2"": {""total"": 0, ""by_type"": {}}, ""Bogorodica L3"": {""total"": 0, ""by_type"": {}}, ""Bogorodica L4"": {""total"": 3, ""by_type"": {""car"": 3}}, ""Bogorodica L5"": {""total"": 2, ""by_type"": {""car"": 2}}}",2.5
415,1,2026-04-30 12:00:04.247319 +00:00,5,6,5,0,0,1,"{""Bogorodica L1"": {""total"": 0, ""by_type"": {}}, ""Bogorodica L2"": {""total"": 0, ""by_type"": {}}, ""Bogorodica L3"": {""total"": 0, ""by_type"": {}}, ""Bogorodica L4"": {""total"": 1, ""by_type"": {""car"": 1}}, ""Bogorodica L5"": {""total"": 5, ""by_type"": {""car"": 4, ""truck"": 1}}}",2
416,1,2026-04-30 12:05:04.322014 +00:00,5,2,1,0,0,1,"{""Bogorodica L1"": {""total"": 0, ""by_type"": {}}, ""Bogorodica L2"": {""total"": 0, ""by_type"": {}}, ""Bogorodica L3"": {""total"": 0, ""by_type"": {}}, ""Bogorodica L4"": {""total"": 2, ""by_type"": {""car"": 1, ""truck"": 1}}, ""Bogorodica L5"": {""total"": 0, ""by_type"": {}}}",3
417,1,2026-04-30 12:10:04.852874 +00:00,5,1,1,0,0,0,"{""Bogorodica L1"": {""total"": 0, ""by_type"": {}}, ""Bogorodica L2"": {""total"": 0, ""by_type"": {}}, ""Bogorodica L3"": {""total"": 0, ""by_type"": {}}, ""Bogorodica L4"": {""total"": 0, ""by_type"": {}}, ""Bogorodica L5"": {""total"": 1, ""by_type"": {""car"": 1}}}",2
418,1,2026-04-30 12:15:05.036015 +00:00,5,0,0,0,0,0,"{""Bogorodica L1"": {""total"": 0, ""by_type"": {}}, ""Bogorodica L2"": {""total"": 0, ""by_type"": {}}, ""Bogorodica L3"": {""total"": 0, ""by_type"": {}}, ""Bogorodica L4"": {""total"": 0, ""by_type"": {}}, ""Bogorodica L5"": {""total"": 0, ""by_type"": {}}}",2
419,1,2026-04-30 12:20:05.196645 +00:00,5,1,1,0,0,0,"{""Bogorodica L1"": {""total"": 0, ""by_type"": {}}, ""Bogorodica L2"": {""total"": 0, ""by_type"": {}}, ""Bogorodica L3"": {""total"": 0, ""by_type"": {}}, ""Bogorodica L4"": {""total"": 0, ""by_type"": {}}, ""Bogorodica L5"": {""total"": 1, ""by_type"": {""car"": 1}}}",2.5
420,1,2026-04-30 12:25:05.278090 +00:00,5,2,2,0,0,0,"{""Bogorodica L1"": {""total"": 0, ""by_type"": {}}, ""Bogorodica L2"": {""total"": 0, ""by_type"": {}}, ""Bogorodica L3"": {""total"": 0, ""by_type"": {}}, ""Bogorodica L4"": {""total"": 0, ""by_type"": {}}, ""Bogorodica L5"": {""total"": 2, ""by_type"": {""car"": 2}}}",2.5
421,1,2026-04-30 12:31:22.138969 +00:00,5,7,5,0,0,2,"{""Bogorodica L1"": {""total"": 2, ""by_type"": {""truck"": 2}}, ""Bogorodica L2"": {""total"": 0, ""by_type"": {}}, ""Bogorodica L3"": {""total"": 0, ""by_type"": {}}, ""Bogorodica L4"": {""total"": 3, ""by_type"": {""car"": 3}}, ""Bogorodica L5"": {""total"": 2, ""by_type"": {""car"": 2}}}",2.5
422,1,2026-04-30 12:36:22.477119 +00:00,5,0,0,0,0,0,"{""Bogorodica L1"": {""total"": 0, ""by_type"": {}}, ""Bogorodica L2"": {""total"": 0, ""by_type"": {}}, ""Bogorodica L3"": {""total"": 0, ""by_type"": {}}, ""Bogorodica L4"": {""total"": 0, ""by_type"": {}}, ""Bogorodica L5"": {""total"": 0, ""by_type"": {}}}",2.5
423,1,2026-04-30 12:41:22.526977 +00:00,5,0,0,0,0,0,"{""Bogorodica L1"": {""total"": 0, ""by_type"": {}}, ""Bogorodica L2"": {""total"": 0, ""by_type"": {}}, ""Bogorodica L3"": {""total"": 0, ""by_type"": {}}, ""Bogorodica L4"": {""total"": 0, ""by_type"": {}}, ""Bogorodica L5"": {""total"": 0, ""by_type"": {}}}",2
424,1,2026-04-30 12:46:22.812280 +00:00,5,0,0,0,0,0,"{""Bogorodica L1"": {""total"": 0, ""by_type"": {}}, ""Bogorodica L2"": {""total"": 0, ""by_type"": {}}, ""Bogorodica L3"": {""total"": 0, ""by_type"": {}}, ""Bogorodica L4"": {""total"": 0, ""by_type"": {}}, ""Bogorodica L5"": {""total"": 0, ""by_type"": {}}}",3
425,1,2026-04-30 12:51:23.230324 +00:00,5,2,1,0,0,1,"{""Bogorodica L1"": {""total"": 0, ""by_type"": {}}, ""Bogorodica L2"": {""total"": 0, ""by_type"": {}}, ""Bogorodica L3"": {""total"": 0, ""by_type"": {}}, ""Bogorodica L4"": {""total"": 1, ""by_type"": {""truck"": 1}}, ""Bogorodica L5"": {""total"": 1, ""by_type"": {""car"": 1}}}",2.5
444,1,2026-04-30 14:26:28.151444 +00:00,5,8,8,0,0,0,"{""Bogorodica L1"": {""total"": 0, ""by_type"": {}}, ""Bogorodica L2"": {""total"": 0, ""by_type"": {}}, ""Bogorodica L3"": {""total"": 0, ""by_type"": {}}, ""Bogorodica L4"": {""total"": 3, ""by_type"": {""car"": 3}}, ""Bogorodica L5"": {""total"": 5, ""by_type"": {""car"": 5}}}",3
426,1,2026-04-30 12:56:23.515788 +00:00,5,6,4,0,0,2,"{""Bogorodica L1"": {""total"": 1, ""by_type"": {""truck"": 1}}, ""Bogorodica L2"": {""total"": 0, ""by_type"": {}}, ""Bogorodica L3"": {""total"": 0, ""by_type"": {}}, ""Bogorodica L4"": {""total"": 1, ""by_type"": {""car"": 1}}, ""Bogorodica L5"": {""total"": 4, ""by_type"": {""car"": 3, ""truck"": 1}}}",2.5
427,1,2026-04-30 13:01:24.407369 +00:00,5,0,0,0,0,0,"{""Bogorodica L1"": {""total"": 0, ""by_type"": {}}, ""Bogorodica L2"": {""total"": 0, ""by_type"": {}}, ""Bogorodica L3"": {""total"": 0, ""by_type"": {}}, ""Bogorodica L4"": {""total"": 0, ""by_type"": {}}, ""Bogorodica L5"": {""total"": 0, ""by_type"": {}}}",1
428,1,2026-04-30 13:06:24.519514 +00:00,5,0,0,0,0,0,"{""Bogorodica L1"": {""total"": 0, ""by_type"": {}}, ""Bogorodica L2"": {""total"": 0, ""by_type"": {}}, ""Bogorodica L3"": {""total"": 0, ""by_type"": {}}, ""Bogorodica L4"": {""total"": 0, ""by_type"": {}}, ""Bogorodica L5"": {""total"": 0, ""by_type"": {}}}",2.5
429,1,2026-04-30 13:11:24.765464 +00:00,5,7,6,0,0,1,"{""Bogorodica L1"": {""total"": 0, ""by_type"": {}}, ""Bogorodica L2"": {""total"": 0, ""by_type"": {}}, ""Bogorodica L3"": {""total"": 0, ""by_type"": {}}, ""Bogorodica L4"": {""total"": 4, ""by_type"": {""car"": 3, ""truck"": 1}}, ""Bogorodica L5"": {""total"": 3, ""by_type"": {""car"": 3}}}",2.5
430,1,2026-04-30 13:16:25.280281 +00:00,5,1,1,0,0,0,"{""Bogorodica L1"": {""total"": 0, ""by_type"": {}}, ""Bogorodica L2"": {""total"": 1, ""by_type"": {""car"": 1}}, ""Bogorodica L3"": {""total"": 0, ""by_type"": {}}, ""Bogorodica L4"": {""total"": 0, ""by_type"": {}}, ""Bogorodica L5"": {""total"": 0, ""by_type"": {}}}",2.5
431,1,2026-04-30 13:21:25.392515 +00:00,5,3,3,0,0,0,"{""Bogorodica L1"": {""total"": 0, ""by_type"": {}}, ""Bogorodica L2"": {""total"": 0, ""by_type"": {}}, ""Bogorodica L3"": {""total"": 0, ""by_type"": {}}, ""Bogorodica L4"": {""total"": 2, ""by_type"": {""car"": 2}}, ""Bogorodica L5"": {""total"": 1, ""by_type"": {""car"": 1}}}",2.5
432,1,2026-04-30 13:26:25.814814 +00:00,5,2,2,0,0,0,"{""Bogorodica L1"": {""total"": 0, ""by_type"": {}}, ""Bogorodica L2"": {""total"": 0, ""by_type"": {}}, ""Bogorodica L3"": {""total"": 0, ""by_type"": {}}, ""Bogorodica L4"": {""total"": 1, ""by_type"": {""car"": 1}}, ""Bogorodica L5"": {""total"": 1, ""by_type"": {""car"": 1}}}",2
433,1,2026-04-30 13:31:25.952942 +00:00,5,0,0,0,0,0,"{""Bogorodica L1"": {""total"": 0, ""by_type"": {}}, ""Bogorodica L2"": {""total"": 0, ""by_type"": {}}, ""Bogorodica L3"": {""total"": 0, ""by_type"": {}}, ""Bogorodica L4"": {""total"": 0, ""by_type"": {}}, ""Bogorodica L5"": {""total"": 0, ""by_type"": {}}}",3
434,1,2026-04-30 13:36:26.393620 +00:00,5,1,0,0,0,1,"{""Bogorodica L1"": {""total"": 1, ""by_type"": {""truck"": 1}}, ""Bogorodica L2"": {""total"": 0, ""by_type"": {}}, ""Bogorodica L3"": {""total"": 0, ""by_type"": {}}, ""Bogorodica L4"": {""total"": 0, ""by_type"": {}}, ""Bogorodica L5"": {""total"": 0, ""by_type"": {}}}",2.5
435,1,2026-04-30 13:41:26.584714 +00:00,5,8,7,0,0,1,"{""Bogorodica L1"": {""total"": 0, ""by_type"": {}}, ""Bogorodica L2"": {""total"": 0, ""by_type"": {}}, ""Bogorodica L3"": {""total"": 0, ""by_type"": {}}, ""Bogorodica L4"": {""total"": 4, ""by_type"": {""car"": 3, ""truck"": 1}}, ""Bogorodica L5"": {""total"": 4, ""by_type"": {""car"": 4}}}",2.5
436,1,2026-04-30 13:46:26.804620 +00:00,5,11,10,0,0,1,"{""Bogorodica L1"": {""total"": 0, ""by_type"": {}}, ""Bogorodica L2"": {""total"": 0, ""by_type"": {}}, ""Bogorodica L3"": {""total"": 0, ""by_type"": {}}, ""Bogorodica L4"": {""total"": 5, ""by_type"": {""car"": 5}}, ""Bogorodica L5"": {""total"": 6, ""by_type"": {""car"": 5, ""truck"": 1}}}",3
437,1,2026-04-30 13:51:26.993826 +00:00,5,7,7,0,0,0,"{""Bogorodica L1"": {""total"": 0, ""by_type"": {}}, ""Bogorodica L2"": {""total"": 0, ""by_type"": {}}, ""Bogorodica L3"": {""total"": 0, ""by_type"": {}}, ""Bogorodica L4"": {""total"": 4, ""by_type"": {""car"": 4}}, ""Bogorodica L5"": {""total"": 3, ""by_type"": {""car"": 3}}}",3
438,1,2026-04-30 13:56:27.132861 +00:00,5,1,0,0,0,1,"{""Bogorodica L1"": {""total"": 1, ""by_type"": {""truck"": 1}}, ""Bogorodica L2"": {""total"": 0, ""by_type"": {}}, ""Bogorodica L3"": {""total"": 0, ""by_type"": {}}, ""Bogorodica L4"": {""total"": 0, ""by_type"": {}}, ""Bogorodica L5"": {""total"": 0, ""by_type"": {}}}",3
439,1,2026-04-30 14:01:27.163600 +00:00,5,4,2,0,0,2,"{""Bogorodica L1"": {""total"": 2, ""by_type"": {""truck"": 2}}, ""Bogorodica L2"": {""total"": 0, ""by_type"": {}}, ""Bogorodica L3"": {""total"": 0, ""by_type"": {}}, ""Bogorodica L4"": {""total"": 1, ""by_type"": {""car"": 1}}, ""Bogorodica L5"": {""total"": 1, ""by_type"": {""car"": 1}}}",1.5
440,1,2026-04-30 14:06:27.346164 +00:00,5,0,0,0,0,0,"{""Bogorodica L1"": {""total"": 0, ""by_type"": {}}, ""Bogorodica L2"": {""total"": 0, ""by_type"": {}}, ""Bogorodica L3"": {""total"": 0, ""by_type"": {}}, ""Bogorodica L4"": {""total"": 0, ""by_type"": {}}, ""Bogorodica L5"": {""total"": 0, ""by_type"": {}}}",3
441,1,2026-04-30 14:11:27.554354 +00:00,5,0,0,0,0,0,"{""Bogorodica L1"": {""total"": 0, ""by_type"": {}}, ""Bogorodica L2"": {""total"": 0, ""by_type"": {}}, ""Bogorodica L3"": {""total"": 0, ""by_type"": {}}, ""Bogorodica L4"": {""total"": 0, ""by_type"": {}}, ""Bogorodica L5"": {""total"": 0, ""by_type"": {}}}",3
442,1,2026-04-30 14:16:27.845794 +00:00,5,2,1,0,0,1,"{""Bogorodica L1"": {""total"": 1, ""by_type"": {""truck"": 1}}, ""Bogorodica L2"": {""total"": 0, ""by_type"": {}}, ""Bogorodica L3"": {""total"": 0, ""by_type"": {}}, ""Bogorodica L4"": {""total"": 0, ""by_type"": {}}, ""Bogorodica L5"": {""total"": 1, ""by_type"": {""car"": 1}}}",3
443,1,2026-04-30 14:21:27.917292 +00:00,5,8,8,0,0,0,"{""Bogorodica L1"": {""total"": 0, ""by_type"": {}}, ""Bogorodica L2"": {""total"": 0, ""by_type"": {}}, ""Bogorodica L3"": {""total"": 0, ""by_type"": {}}, ""Bogorodica L4"": {""total"": 5, ""by_type"": {""car"": 5}}, ""Bogorodica L5"": {""total"": 3, ""by_type"": {""car"": 3}}}",3
445,1,2026-04-30 14:31:28.486892 +00:00,5,10,9,0,0,1,"{""Bogorodica L1"": {""total"": 0, ""by_type"": {}}, ""Bogorodica L2"": {""total"": 0, ""by_type"": {}}, ""Bogorodica L3"": {""total"": 0, ""by_type"": {}}, ""Bogorodica L4"": {""total"": 5, ""by_type"": {""car"": 4, ""truck"": 1}}, ""Bogorodica L5"": {""total"": 5, ""by_type"": {""car"": 5}}}",3
446,1,2026-04-30 14:36:28.487534 +00:00,5,4,4,0,0,0,"{""Bogorodica L1"": {""total"": 0, ""by_type"": {}}, ""Bogorodica L2"": {""total"": 0, ""by_type"": {}}, ""Bogorodica L3"": {""total"": 0, ""by_type"": {}}, ""Bogorodica L4"": {""total"": 2, ""by_type"": {""car"": 2}}, ""Bogorodica L5"": {""total"": 2, ""by_type"": {""car"": 2}}}",3
447,1,2026-04-30 14:41:28.728275 +00:00,5,4,4,0,0,0,"{""Bogorodica L1"": {""total"": 0, ""by_type"": {}}, ""Bogorodica L2"": {""total"": 0, ""by_type"": {}}, ""Bogorodica L3"": {""total"": 0, ""by_type"": {}}, ""Bogorodica L4"": {""total"": 2, ""by_type"": {""car"": 2}}, ""Bogorodica L5"": {""total"": 2, ""by_type"": {""car"": 2}}}",3
448,1,2026-04-30 14:46:28.742737 +00:00,5,1,1,0,0,0,"{""Bogorodica L1"": {""total"": 0, ""by_type"": {}}, ""Bogorodica L2"": {""total"": 0, ""by_type"": {}}, ""Bogorodica L3"": {""total"": 0, ""by_type"": {}}, ""Bogorodica L4"": {""total"": 0, ""by_type"": {}}, ""Bogorodica L5"": {""total"": 1, ""by_type"": {""car"": 1}}}",3
449,1,2026-04-30 14:51:28.773587 +00:00,5,1,1,0,0,0,"{""Bogorodica L1"": {""total"": 0, ""by_type"": {}}, ""Bogorodica L2"": {""total"": 0, ""by_type"": {}}, ""Bogorodica L3"": {""total"": 0, ""by_type"": {}}, ""Bogorodica L4"": {""total"": 0, ""by_type"": {}}, ""Bogorodica L5"": {""total"": 1, ""by_type"": {""car"": 1}}}",2.5
450,1,2026-04-30 14:56:29.062207 +00:00,5,1,0,0,0,1,"{""Bogorodica L1"": {""total"": 1, ""by_type"": {""truck"": 1}}, ""Bogorodica L2"": {""total"": 0, ""by_type"": {}}, ""Bogorodica L3"": {""total"": 0, ""by_type"": {}}, ""Bogorodica L4"": {""total"": 0, ""by_type"": {}}, ""Bogorodica L5"": {""total"": 0, ""by_type"": {}}}",3
451,1,2026-04-30 15:01:29.418288 +00:00,5,6,6,0,0,0,"{""Bogorodica L1"": {""total"": 0, ""by_type"": {}}, ""Bogorodica L2"": {""total"": 0, ""by_type"": {}}, ""Bogorodica L3"": {""total"": 0, ""by_type"": {}}, ""Bogorodica L4"": {""total"": 2, ""by_type"": {""car"": 2}}, ""Bogorodica L5"": {""total"": 4, ""by_type"": {""car"": 4}}}",3
452,1,2026-04-30 15:06:29.650194 +00:00,5,11,11,0,0,0,"{""Bogorodica L1"": {""total"": 0, ""by_type"": {}}, ""Bogorodica L2"": {""total"": 0, ""by_type"": {}}, ""Bogorodica L3"": {""total"": 0, ""by_type"": {}}, ""Bogorodica L4"": {""total"": 5, ""by_type"": {""car"": 5}}, ""Bogorodica L5"": {""total"": 6, ""by_type"": {""car"": 6}}}",2.5
453,1,2026-04-30 15:11:29.879785 +00:00,5,12,12,0,0,0,"{""Bogorodica L1"": {""total"": 0, ""by_type"": {}}, ""Bogorodica L2"": {""total"": 0, ""by_type"": {}}, ""Bogorodica L3"": {""total"": 0, ""by_type"": {}}, ""Bogorodica L4"": {""total"": 5, ""by_type"": {""car"": 5}}, ""Bogorodica L5"": {""total"": 7, ""by_type"": {""car"": 7}}}",3
454,1,2026-04-30 15:16:30.209384 +00:00,5,10,10,0,0,0,"{""Bogorodica L1"": {""total"": 0, ""by_type"": {}}, ""Bogorodica L2"": {""total"": 0, ""by_type"": {}}, ""Bogorodica L3"": {""total"": 3, ""by_type"": {""car"": 3}}, ""Bogorodica L4"": {""total"": 4, ""by_type"": {""car"": 4}}, ""Bogorodica L5"": {""total"": 3, ""by_type"": {""car"": 3}}}",3
455,1,2026-04-30 15:21:30.620012 +00:00,5,19,15,0,1,3,"{""Bogorodica L1"": {""total"": 0, ""by_type"": {}}, ""Bogorodica L2"": {""total"": 1, ""by_type"": {""bus"": 1}}, ""Bogorodica L3"": {""total"": 6, ""by_type"": {""car"": 5, ""truck"": 1}}, ""Bogorodica L4"": {""total"": 6, ""by_type"": {""car"": 5, ""truck"": 1}}, ""Bogorodica L5"": {""total"": 6, ""by_type"": {""car"": 5, ""truck"": 1}}}",2.5
456,1,2026-04-30 15:26:30.786172 +00:00,5,15,13,0,1,1,"{""Bogorodica L1"": {""total"": 0, ""by_type"": {}}, ""Bogorodica L2"": {""total"": 1, ""by_type"": {""bus"": 1}}, ""Bogorodica L3"": {""total"": 5, ""by_type"": {""car"": 4, ""truck"": 1}}, ""Bogorodica L4"": {""total"": 4, ""by_type"": {""car"": 4}}, ""Bogorodica L5"": {""total"": 5, ""by_type"": {""car"": 5}}}",2.5
457,1,2026-04-30 15:31:31.123787 +00:00,5,10,9,0,0,1,"{""Bogorodica L1"": {""total"": 0, ""by_type"": {}}, ""Bogorodica L2"": {""total"": 1, ""by_type"": {""car"": 1}}, ""Bogorodica L3"": {""total"": 1, ""by_type"": {""car"": 1}}, ""Bogorodica L4"": {""total"": 4, ""by_type"": {""car"": 3, ""truck"": 1}}, ""Bogorodica L5"": {""total"": 4, ""by_type"": {""car"": 4}}}",3
458,1,2026-04-30 15:36:31.226459 +00:00,5,3,3,0,0,0,"{""Bogorodica L1"": {""total"": 0, ""by_type"": {}}, ""Bogorodica L2"": {""total"": 0, ""by_type"": {}}, ""Bogorodica L3"": {""total"": 0, ""by_type"": {}}, ""Bogorodica L4"": {""total"": 0, ""by_type"": {}}, ""Bogorodica L5"": {""total"": 3, ""by_type"": {""car"": 3}}}",3
459,1,2026-04-30 15:41:31.410918 +00:00,5,8,6,0,1,1,"{""Bogorodica L1"": {""total"": 0, ""by_type"": {}}, ""Bogorodica L2"": {""total"": 1, ""by_type"": {""bus"": 1}}, ""Bogorodica L3"": {""total"": 0, ""by_type"": {}}, ""Bogorodica L4"": {""total"": 4, ""by_type"": {""car"": 3, ""truck"": 1}}, ""Bogorodica L5"": {""total"": 3, ""by_type"": {""car"": 3}}}",2.5
460,1,2026-04-30 15:46:31.522948 +00:00,5,8,8,0,0,0,"{""Bogorodica L1"": {""total"": 0, ""by_type"": {}}, ""Bogorodica L2"": {""total"": 0, ""by_type"": {}}, ""Bogorodica L3"": {""total"": 1, ""by_type"": {""car"": 1}}, ""Bogorodica L4"": {""total"": 3, ""by_type"": {""car"": 3}}, ""Bogorodica L5"": {""total"": 4, ""by_type"": {""car"": 4}}}",3
461,1,2026-04-30 15:51:31.676318 +00:00,5,7,7,0,0,0,"{""Bogorodica L1"": {""total"": 0, ""by_type"": {}}, ""Bogorodica L2"": {""total"": 0, ""by_type"": {}}, ""Bogorodica L3"": {""total"": 2, ""by_type"": {""car"": 2}}, ""Bogorodica L4"": {""total"": 1, ""by_type"": {""car"": 1}}, ""Bogorodica L5"": {""total"": 4, ""by_type"": {""car"": 4}}}",2.5
462,1,2026-04-30 15:56:31.886576 +00:00,5,13,9,0,0,4,"{""Bogorodica L1"": {""total"": 4, ""by_type"": {""truck"": 4}}, ""Bogorodica L2"": {""total"": 0, ""by_type"": {}}, ""Bogorodica L3"": {""total"": 0, ""by_type"": {}}, ""Bogorodica L4"": {""total"": 5, ""by_type"": {""car"": 5}}, ""Bogorodica L5"": {""total"": 4, ""by_type"": {""car"": 4}}}",2.5
463,1,2026-04-30 16:01:32.004136 +00:00,5,3,0,0,0,3,"{""Bogorodica L1"": {""total"": 3, ""by_type"": {""truck"": 3}}, ""Bogorodica L2"": {""total"": 0, ""by_type"": {}}, ""Bogorodica L3"": {""total"": 0, ""by_type"": {}}, ""Bogorodica L4"": {""total"": 0, ""by_type"": {}}, ""Bogorodica L5"": {""total"": 0, ""by_type"": {}}}",3
464,1,2026-04-30 16:06:32.344552 +00:00,5,3,1,0,0,2,"{""Bogorodica L1"": {""total"": 1, ""by_type"": {""truck"": 1}}, ""Bogorodica L2"": {""total"": 0, ""by_type"": {}}, ""Bogorodica L3"": {""total"": 0, ""by_type"": {}}, ""Bogorodica L4"": {""total"": 1, ""by_type"": {""car"": 1}}, ""Bogorodica L5"": {""total"": 1, ""by_type"": {""truck"": 1}}}",3
465,1,2026-04-30 16:11:32.408086 +00:00,5,1,1,0,0,0,"{""Bogorodica L1"": {""total"": 0, ""by_type"": {}}, ""Bogorodica L2"": {""total"": 0, ""by_type"": {}}, ""Bogorodica L3"": {""total"": 0, ""by_type"": {}}, ""Bogorodica L4"": {""total"": 0, ""by_type"": {}}, ""Bogorodica L5"": {""total"": 1, ""by_type"": {""car"": 1}}}",3
466,1,2026-04-30 16:16:32.748551 +00:00,5,2,1,0,0,1,"{""Bogorodica L1"": {""total"": 0, ""by_type"": {}}, ""Bogorodica L2"": {""total"": 0, ""by_type"": {}}, ""Bogorodica L3"": {""total"": 0, ""by_type"": {}}, ""Bogorodica L4"": {""total"": 0, ""by_type"": {}}, ""Bogorodica L5"": {""total"": 2, ""by_type"": {""car"": 1, ""truck"": 1}}}",3
467,1,2026-04-30 16:21:32.895681 +00:00,5,2,0,0,1,1,"{""Bogorodica L1"": {""total"": 1, ""by_type"": {""truck"": 1}}, ""Bogorodica L2"": {""total"": 1, ""by_type"": {""bus"": 1}}, ""Bogorodica L3"": {""total"": 0, ""by_type"": {}}, ""Bogorodica L4"": {""total"": 0, ""by_type"": {}}, ""Bogorodica L5"": {""total"": 0, ""by_type"": {}}}",3
468,1,2026-04-30 16:26:33.231021 +00:00,5,2,0,0,1,1,"{""Bogorodica L1"": {""total"": 1, ""by_type"": {""truck"": 1}}, ""Bogorodica L2"": {""total"": 1, ""by_type"": {""bus"": 1}}, ""Bogorodica L3"": {""total"": 0, ""by_type"": {}}, ""Bogorodica L4"": {""total"": 0, ""by_type"": {}}, ""Bogorodica L5"": {""total"": 0, ""by_type"": {}}}",3
469,1,2026-04-30 16:31:33.446319 +00:00,5,10,8,0,0,2,"{""Bogorodica L1"": {""total"": 2, ""by_type"": {""truck"": 2}}, ""Bogorodica L2"": {""total"": 0, ""by_type"": {}}, ""Bogorodica L3"": {""total"": 0, ""by_type"": {}}, ""Bogorodica L4"": {""total"": 4, ""by_type"": {""car"": 4}}, ""Bogorodica L5"": {""total"": 4, ""by_type"": {""car"": 4}}}",3
470,1,2026-04-30 16:36:33.487389 +00:00,5,12,10,0,0,2,"{""Bogorodica L1"": {""total"": 2, ""by_type"": {""truck"": 2}}, ""Bogorodica L2"": {""total"": 0, ""by_type"": {}}, ""Bogorodica L3"": {""total"": 0, ""by_type"": {}}, ""Bogorodica L4"": {""total"": 4, ""by_type"": {""car"": 4}}, ""Bogorodica L5"": {""total"": 6, ""by_type"": {""car"": 6}}}",3
471,1,2026-04-30 16:41:33.513994 +00:00,5,11,9,0,0,2,"{""Bogorodica L1"": {""total"": 2, ""by_type"": {""truck"": 2}}, ""Bogorodica L2"": {""total"": 0, ""by_type"": {}}, ""Bogorodica L3"": {""total"": 0, ""by_type"": {}}, ""Bogorodica L4"": {""total"": 5, ""by_type"": {""car"": 5}}, ""Bogorodica L5"": {""total"": 4, ""by_type"": {""car"": 4}}}",3
472,1,2026-04-30 16:46:33.824320 +00:00,5,3,2,0,0,1,"{""Bogorodica L1"": {""total"": 1, ""by_type"": {""truck"": 1}}, ""Bogorodica L2"": {""total"": 0, ""by_type"": {}}, ""Bogorodica L3"": {""total"": 0, ""by_type"": {}}, ""Bogorodica L4"": {""total"": 1, ""by_type"": {""car"": 1}}, ""Bogorodica L5"": {""total"": 1, ""by_type"": {""car"": 1}}}",3
473,1,2026-04-30 16:51:33.930026 +00:00,5,3,2,0,0,1,"{""Bogorodica L1"": {""total"": 1, ""by_type"": {""truck"": 1}}, ""Bogorodica L2"": {""total"": 0, ""by_type"": {}}, ""Bogorodica L3"": {""total"": 0, ""by_type"": {}}, ""Bogorodica L4"": {""total"": 0, ""by_type"": {}}, ""Bogorodica L5"": {""total"": 2, ""by_type"": {""car"": 2}}}",3
474,1,2026-04-30 16:56:34.212668 +00:00,5,12,12,0,0,0,"{""Bogorodica L1"": {""total"": 0, ""by_type"": {}}, ""Bogorodica L2"": {""total"": 0, ""by_type"": {}}, ""Bogorodica L3"": {""total"": 0, ""by_type"": {}}, ""Bogorodica L4"": {""total"": 5, ""by_type"": {""car"": 5}}, ""Bogorodica L5"": {""total"": 7, ""by_type"": {""car"": 7}}}",3
475,1,2026-04-30 17:01:34.345616 +00:00,5,5,5,0,0,0,"{""Bogorodica L1"": {""total"": 0, ""by_type"": {}}, ""Bogorodica L2"": {""total"": 0, ""by_type"": {}}, ""Bogorodica L3"": {""total"": 0, ""by_type"": {}}, ""Bogorodica L4"": {""total"": 4, ""by_type"": {""car"": 4}}, ""Bogorodica L5"": {""total"": 1, ""by_type"": {""car"": 1}}}",3
476,1,2026-04-30 17:06:34.415779 +00:00,5,12,12,0,0,0,"{""Bogorodica L1"": {""total"": 0, ""by_type"": {}}, ""Bogorodica L2"": {""total"": 0, ""by_type"": {}}, ""Bogorodica L3"": {""total"": 0, ""by_type"": {}}, ""Bogorodica L4"": {""total"": 5, ""by_type"": {""car"": 5}}, ""Bogorodica L5"": {""total"": 7, ""by_type"": {""car"": 7}}}",3
477,1,2026-04-30 17:11:34.627707 +00:00,5,10,10,0,0,0,"{""Bogorodica L1"": {""total"": 0, ""by_type"": {}}, ""Bogorodica L2"": {""total"": 0, ""by_type"": {}}, ""Bogorodica L3"": {""total"": 0, ""by_type"": {}}, ""Bogorodica L4"": {""total"": 6, ""by_type"": {""car"": 6}}, ""Bogorodica L5"": {""total"": 4, ""by_type"": {""car"": 4}}}",3
478,1,2026-04-30 17:16:34.936434 +00:00,5,3,2,0,0,1,"{""Bogorodica L1"": {""total"": 1, ""by_type"": {""truck"": 1}}, ""Bogorodica L2"": {""total"": 0, ""by_type"": {}}, ""Bogorodica L3"": {""total"": 0, ""by_type"": {}}, ""Bogorodica L4"": {""total"": 1, ""by_type"": {""car"": 1}}, ""Bogorodica L5"": {""total"": 1, ""by_type"": {""car"": 1}}}",3
479,1,2026-04-30 17:21:35.103509 +00:00,5,2,2,0,0,0,"{""Bogorodica L1"": {""total"": 0, ""by_type"": {}}, ""Bogorodica L2"": {""total"": 0, ""by_type"": {}}, ""Bogorodica L3"": {""total"": 0, ""by_type"": {}}, ""Bogorodica L4"": {""total"": 1, ""by_type"": {""car"": 1}}, ""Bogorodica L5"": {""total"": 1, ""by_type"": {""car"": 1}}}",3
480,1,2026-04-30 17:26:35.380498 +00:00,5,3,2,0,1,0,"{""Bogorodica L1"": {""total"": 0, ""by_type"": {}}, ""Bogorodica L2"": {""total"": 1, ""by_type"": {""bus"": 1}}, ""Bogorodica L3"": {""total"": 0, ""by_type"": {}}, ""Bogorodica L4"": {""total"": 1, ""by_type"": {""car"": 1}}, ""Bogorodica L5"": {""total"": 1, ""by_type"": {""car"": 1}}}",3
481,1,2026-04-30 17:31:35.756622 +00:00,5,11,11,0,0,0,"{""Bogorodica L1"": {""total"": 0, ""by_type"": {}}, ""Bogorodica L2"": {""total"": 0, ""by_type"": {}}, ""Bogorodica L3"": {""total"": 0, ""by_type"": {}}, ""Bogorodica L4"": {""total"": 3, ""by_type"": {""car"": 3}}, ""Bogorodica L5"": {""total"": 8, ""by_type"": {""car"": 8}}}",3
482,1,2026-04-30 17:36:35.783462 +00:00,5,5,5,0,0,0,"{""Bogorodica L1"": {""total"": 0, ""by_type"": {}}, ""Bogorodica L2"": {""total"": 0, ""by_type"": {}}, ""Bogorodica L3"": {""total"": 0, ""by_type"": {}}, ""Bogorodica L4"": {""total"": 4, ""by_type"": {""car"": 4}}, ""Bogorodica L5"": {""total"": 1, ""by_type"": {""car"": 1}}}",2.5
483,1,2026-04-30 17:41:35.823404 +00:00,5,7,6,0,0,1,"{""Bogorodica L1"": {""total"": 0, ""by_type"": {}}, ""Bogorodica L2"": {""total"": 0, ""by_type"": {}}, ""Bogorodica L3"": {""total"": 0, ""by_type"": {}}, ""Bogorodica L4"": {""total"": 4, ""by_type"": {""car"": 3, ""truck"": 1}}, ""Bogorodica L5"": {""total"": 3, ""by_type"": {""car"": 3}}}",2.5
484,1,2026-04-30 17:46:35.965605 +00:00,5,7,7,0,0,0,"{""Bogorodica L1"": {""total"": 0, ""by_type"": {}}, ""Bogorodica L2"": {""total"": 0, ""by_type"": {}}, ""Bogorodica L3"": {""total"": 0, ""by_type"": {}}, ""Bogorodica L4"": {""total"": 2, ""by_type"": {""car"": 2}}, ""Bogorodica L5"": {""total"": 5, ""by_type"": {""car"": 5}}}",3
485,1,2026-04-30 17:51:36.152055 +00:00,5,9,8,0,1,0,"{""Bogorodica L1"": {""total"": 0, ""by_type"": {}}, ""Bogorodica L2"": {""total"": 0, ""by_type"": {}}, ""Bogorodica L3"": {""total"": 4, ""by_type"": {""car"": 4}}, ""Bogorodica L4"": {""total"": 2, ""by_type"": {""car"": 2}}, ""Bogorodica L5"": {""total"": 3, ""by_type"": {""bus"": 1, ""car"": 2}}}",3
486,1,2026-04-30 17:56:36.197829 +00:00,5,5,5,0,0,0,"{""Bogorodica L1"": {""total"": 0, ""by_type"": {}}, ""Bogorodica L2"": {""total"": 0, ""by_type"": {}}, ""Bogorodica L3"": {""total"": 1, ""by_type"": {""car"": 1}}, ""Bogorodica L4"": {""total"": 2, ""by_type"": {""car"": 2}}, ""Bogorodica L5"": {""total"": 2, ""by_type"": {""car"": 2}}}",3
487,1,2026-04-30 18:01:36.577408 +00:00,5,9,8,0,0,1,"{""Bogorodica L1"": {""total"": 1, ""by_type"": {""truck"": 1}}, ""Bogorodica L2"": {""total"": 0, ""by_type"": {}}, ""Bogorodica L3"": {""total"": 0, ""by_type"": {}}, ""Bogorodica L4"": {""total"": 5, ""by_type"": {""car"": 5}}, ""Bogorodica L5"": {""total"": 3, ""by_type"": {""car"": 3}}}",3
488,1,2026-04-30 18:06:36.859406 +00:00,5,4,4,0,0,0,"{""Bogorodica L1"": {""total"": 0, ""by_type"": {}}, ""Bogorodica L2"": {""total"": 0, ""by_type"": {}}, ""Bogorodica L3"": {""total"": 0, ""by_type"": {}}, ""Bogorodica L4"": {""total"": 1, ""by_type"": {""car"": 1}}, ""Bogorodica L5"": {""total"": 3, ""by_type"": {""car"": 3}}}",3
489,1,2026-04-30 18:11:37.089845 +00:00,5,6,6,0,0,0,"{""Bogorodica L1"": {""total"": 0, ""by_type"": {}}, ""Bogorodica L2"": {""total"": 0, ""by_type"": {}}, ""Bogorodica L3"": {""total"": 0, ""by_type"": {}}, ""Bogorodica L4"": {""total"": 1, ""by_type"": {""car"": 1}}, ""Bogorodica L5"": {""total"": 5, ""by_type"": {""car"": 5}}}",3
490,1,2026-04-30 18:16:37.118932 +00:00,5,6,6,0,0,0,"{""Bogorodica L1"": {""total"": 0, ""by_type"": {}}, ""Bogorodica L2"": {""total"": 0, ""by_type"": {}}, ""Bogorodica L3"": {""total"": 0, ""by_type"": {}}, ""Bogorodica L4"": {""total"": 2, ""by_type"": {""car"": 2}}, ""Bogorodica L5"": {""total"": 4, ""by_type"": {""car"": 4}}}",3
491,1,2026-04-30 18:21:37.321374 +00:00,5,2,2,0,0,0,"{""Bogorodica L1"": {""total"": 0, ""by_type"": {}}, ""Bogorodica L2"": {""total"": 1, ""by_type"": {""car"": 1}}, ""Bogorodica L3"": {""total"": 0, ""by_type"": {}}, ""Bogorodica L4"": {""total"": 0, ""by_type"": {}}, ""Bogorodica L5"": {""total"": 1, ""by_type"": {""car"": 1}}}",3
492,1,2026-04-30 18:26:37.454480 +00:00,5,6,5,0,1,0,"{""Bogorodica L1"": {""total"": 0, ""by_type"": {}}, ""Bogorodica L2"": {""total"": 3, ""by_type"": {""bus"": 1, ""car"": 2}}, ""Bogorodica L3"": {""total"": 0, ""by_type"": {}}, ""Bogorodica L4"": {""total"": 1, ""by_type"": {""car"": 1}}, ""Bogorodica L5"": {""total"": 2, ""by_type"": {""car"": 2}}}",3
493,1,2026-04-30 18:31:37.624189 +00:00,5,0,0,0,0,0,"{""Bogorodica L1"": {""total"": 0, ""by_type"": {}}, ""Bogorodica L2"": {""total"": 0, ""by_type"": {}}, ""Bogorodica L3"": {""total"": 0, ""by_type"": {}}, ""Bogorodica L4"": {""total"": 0, ""by_type"": {}}, ""Bogorodica L5"": {""total"": 0, ""by_type"": {}}}",3
494,1,2026-04-30 18:36:37.972791 +00:00,5,5,5,0,0,0,"{""Bogorodica L1"": {""total"": 0, ""by_type"": {}}, ""Bogorodica L2"": {""total"": 0, ""by_type"": {}}, ""Bogorodica L3"": {""total"": 0, ""by_type"": {}}, ""Bogorodica L4"": {""total"": 3, ""by_type"": {""car"": 3}}, ""Bogorodica L5"": {""total"": 2, ""by_type"": {""car"": 2}}}",3
495,1,2026-04-30 18:41:38.103211 +00:00,5,5,5,0,0,0,"{""Bogorodica L1"": {""total"": 0, ""by_type"": {}}, ""Bogorodica L2"": {""total"": 0, ""by_type"": {}}, ""Bogorodica L3"": {""total"": 0, ""by_type"": {}}, ""Bogorodica L4"": {""total"": 2, ""by_type"": {""car"": 2}}, ""Bogorodica L5"": {""total"": 3, ""by_type"": {""car"": 3}}}",3
497,1,2026-04-30 18:51:38.408169 +00:00,5,1,1,0,0,0,"{""Bogorodica L1"": {""total"": 0, ""by_type"": {}}, ""Bogorodica L2"": {""total"": 0, ""by_type"": {}}, ""Bogorodica L3"": {""total"": 0, ""by_type"": {}}, ""Bogorodica L4"": {""total"": 0, ""by_type"": {}}, ""Bogorodica L5"": {""total"": 1, ""by_type"": {""car"": 1}}}",3
498,1,2026-04-30 18:56:38.801074 +00:00,5,3,1,0,2,0,"{""Bogorodica L1"": {""total"": 0, ""by_type"": {}}, ""Bogorodica L2"": {""total"": 2, ""by_type"": {""bus"": 2}}, ""Bogorodica L3"": {""total"": 0, ""by_type"": {}}, ""Bogorodica L4"": {""total"": 0, ""by_type"": {}}, ""Bogorodica L5"": {""total"": 1, ""by_type"": {""car"": 1}}}",3
499,1,2026-04-30 19:01:38.883354 +00:00,5,2,1,0,1,0,"{""Bogorodica L1"": {""total"": 0, ""by_type"": {}}, ""Bogorodica L2"": {""total"": 1, ""by_type"": {""bus"": 1}}, ""Bogorodica L3"": {""total"": 0, ""by_type"": {}}, ""Bogorodica L4"": {""total"": 1, ""by_type"": {""car"": 1}}, ""Bogorodica L5"": {""total"": 0, ""by_type"": {}}}",3
500,1,2026-04-30 19:06:39.195256 +00:00,5,2,1,0,1,0,"{""Bogorodica L1"": {""total"": 0, ""by_type"": {}}, ""Bogorodica L2"": {""total"": 1, ""by_type"": {""bus"": 1}}, ""Bogorodica L3"": {""total"": 0, ""by_type"": {}}, ""Bogorodica L4"": {""total"": 0, ""by_type"": {}}, ""Bogorodica L5"": {""total"": 1, ""by_type"": {""car"": 1}}}",3
501,1,2026-04-30 19:11:39.447150 +00:00,5,3,2,0,1,0,"{""Bogorodica L1"": {""total"": 0, ""by_type"": {}}, ""Bogorodica L2"": {""total"": 1, ""by_type"": {""bus"": 1}}, ""Bogorodica L3"": {""total"": 0, ""by_type"": {}}, ""Bogorodica L4"": {""total"": 1, ""by_type"": {""car"": 1}}, ""Bogorodica L5"": {""total"": 1, ""by_type"": {""car"": 1}}}",3
502,1,2026-04-30 19:16:39.537773 +00:00,5,2,2,0,0,0,"{""Bogorodica L1"": {""total"": 0, ""by_type"": {}}, ""Bogorodica L2"": {""total"": 0, ""by_type"": {}}, ""Bogorodica L3"": {""total"": 0, ""by_type"": {}}, ""Bogorodica L4"": {""total"": 1, ""by_type"": {""car"": 1}}, ""Bogorodica L5"": {""total"": 1, ""by_type"": {""car"": 1}}}",3
503,1,2026-04-30 19:21:39.764779 +00:00,5,0,0,0,0,0,"{""Bogorodica L1"": {""total"": 0, ""by_type"": {}}, ""Bogorodica L2"": {""total"": 0, ""by_type"": {}}, ""Bogorodica L3"": {""total"": 0, ""by_type"": {}}, ""Bogorodica L4"": {""total"": 0, ""by_type"": {}}, ""Bogorodica L5"": {""total"": 0, ""by_type"": {}}}",3
504,1,2026-04-30 19:26:40.083732 +00:00,5,0,0,0,0,0,"{""Bogorodica L1"": {""total"": 0, ""by_type"": {}}, ""Bogorodica L2"": {""total"": 0, ""by_type"": {}}, ""Bogorodica L3"": {""total"": 0, ""by_type"": {}}, ""Bogorodica L4"": {""total"": 0, ""by_type"": {}}, ""Bogorodica L5"": {""total"": 0, ""by_type"": {}}}",3
505,1,2026-04-30 19:31:40.151984 +00:00,5,0,0,0,0,0,"{""Bogorodica L1"": {""total"": 0, ""by_type"": {}}, ""Bogorodica L2"": {""total"": 0, ""by_type"": {}}, ""Bogorodica L3"": {""total"": 0, ""by_type"": {}}, ""Bogorodica L4"": {""total"": 0, ""by_type"": {}}, ""Bogorodica L5"": {""total"": 0, ""by_type"": {}}}",3
506,1,2026-04-30 19:36:40.366964 +00:00,5,1,1,0,0,0,"{""Bogorodica L1"": {""total"": 0, ""by_type"": {}}, ""Bogorodica L2"": {""total"": 0, ""by_type"": {}}, ""Bogorodica L3"": {""total"": 0, ""by_type"": {}}, ""Bogorodica L4"": {""total"": 0, ""by_type"": {}}, ""Bogorodica L5"": {""total"": 1, ""by_type"": {""car"": 1}}}",3
507,1,2026-04-30 19:41:40.580381 +00:00,5,0,0,0,0,0,"{""Bogorodica L1"": {""total"": 0, ""by_type"": {}}, ""Bogorodica L2"": {""total"": 0, ""by_type"": {}}, ""Bogorodica L3"": {""total"": 0, ""by_type"": {}}, ""Bogorodica L4"": {""total"": 0, ""by_type"": {}}, ""Bogorodica L5"": {""total"": 0, ""by_type"": {}}}",3
508,1,2026-04-30 19:46:40.836475 +00:00,5,1,1,0,0,0,"{""Bogorodica L1"": {""total"": 0, ""by_type"": {}}, ""Bogorodica L2"": {""total"": 0, ""by_type"": {}}, ""Bogorodica L3"": {""total"": 0, ""by_type"": {}}, ""Bogorodica L4"": {""total"": 0, ""by_type"": {}}, ""Bogorodica L5"": {""total"": 1, ""by_type"": {""car"": 1}}}",3
509,1,2026-04-30 19:51:40.844723 +00:00,5,1,0,0,0,1,"{""Bogorodica L1"": {""total"": 1, ""by_type"": {""truck"": 1}}, ""Bogorodica L2"": {""total"": 0, ""by_type"": {}}, ""Bogorodica L3"": {""total"": 0, ""by_type"": {}}, ""Bogorodica L4"": {""total"": 0, ""by_type"": {}}, ""Bogorodica L5"": {""total"": 0, ""by_type"": {}}}",3
510,1,2026-04-30 19:56:41.121241 +00:00,5,0,0,0,0,0,"{""Bogorodica L1"": {""total"": 0, ""by_type"": {}}, ""Bogorodica L2"": {""total"": 0, ""by_type"": {}}, ""Bogorodica L3"": {""total"": 0, ""by_type"": {}}, ""Bogorodica L4"": {""total"": 0, ""by_type"": {}}, ""Bogorodica L5"": {""total"": 0, ""by_type"": {}}}",3
511,1,2026-04-30 20:01:41.162345 +00:00,5,1,0,0,0,1,"{""Bogorodica L1"": {""total"": 0, ""by_type"": {}}, ""Bogorodica L2"": {""total"": 1, ""by_type"": {""truck"": 1}}, ""Bogorodica L3"": {""total"": 0, ""by_type"": {}}, ""Bogorodica L4"": {""total"": 0, ""by_type"": {}}, ""Bogorodica L5"": {""total"": 0, ""by_type"": {}}}",3
512,1,2026-04-30 20:06:41.184656 +00:00,5,2,1,0,0,1,"{""Bogorodica L1"": {""total"": 0, ""by_type"": {}}, ""Bogorodica L2"": {""total"": 2, ""by_type"": {""car"": 1, ""truck"": 1}}, ""Bogorodica L3"": {""total"": 0, ""by_type"": {}}, ""Bogorodica L4"": {""total"": 0, ""by_type"": {}}, ""Bogorodica L5"": {""total"": 0, ""by_type"": {}}}",3
513,1,2026-04-30 20:11:41.203339 +00:00,5,1,0,0,0,1,"{""Bogorodica L1"": {""total"": 1, ""by_type"": {""truck"": 1}}, ""Bogorodica L2"": {""total"": 0, ""by_type"": {}}, ""Bogorodica L3"": {""total"": 0, ""by_type"": {}}, ""Bogorodica L4"": {""total"": 0, ""by_type"": {}}, ""Bogorodica L5"": {""total"": 0, ""by_type"": {}}}",3
514,1,2026-04-30 20:16:41.365235 +00:00,5,0,0,0,0,0,"{""Bogorodica L1"": {""total"": 0, ""by_type"": {}}, ""Bogorodica L2"": {""total"": 0, ""by_type"": {}}, ""Bogorodica L3"": {""total"": 0, ""by_type"": {}}, ""Bogorodica L4"": {""total"": 0, ""by_type"": {}}, ""Bogorodica L5"": {""total"": 0, ""by_type"": {}}}",3
515,1,2026-04-30 20:21:41.547128 +00:00,5,2,1,0,0,1,"{""Bogorodica L1"": {""total"": 1, ""by_type"": {""truck"": 1}}, ""Bogorodica L2"": {""total"": 0, ""by_type"": {}}, ""Bogorodica L3"": {""total"": 0, ""by_type"": {}}, ""Bogorodica L4"": {""total"": 0, ""by_type"": {}}, ""Bogorodica L5"": {""total"": 1, ""by_type"": {""car"": 1}}}",3
516,1,2026-04-30 20:26:41.774784 +00:00,5,0,0,0,0,0,"{""Bogorodica L1"": {""total"": 0, ""by_type"": {}}, ""Bogorodica L2"": {""total"": 0, ""by_type"": {}}, ""Bogorodica L3"": {""total"": 0, ""by_type"": {}}, ""Bogorodica L4"": {""total"": 0, ""by_type"": {}}, ""Bogorodica L5"": {""total"": 0, ""by_type"": {}}}",3
517,1,2026-04-30 20:31:42.059806 +00:00,5,0,0,0,0,0,"{""Bogorodica L1"": {""total"": 0, ""by_type"": {}}, ""Bogorodica L2"": {""total"": 0, ""by_type"": {}}, ""Bogorodica L3"": {""total"": 0, ""by_type"": {}}, ""Bogorodica L4"": {""total"": 0, ""by_type"": {}}, ""Bogorodica L5"": {""total"": 0, ""by_type"": {}}}",3
518,1,2026-04-30 20:36:42.124149 +00:00,5,3,3,0,0,0,"{""Bogorodica L1"": {""total"": 0, ""by_type"": {}}, ""Bogorodica L2"": {""total"": 0, ""by_type"": {}}, ""Bogorodica L3"": {""total"": 0, ""by_type"": {}}, ""Bogorodica L4"": {""total"": 0, ""by_type"": {}}, ""Bogorodica L5"": {""total"": 3, ""by_type"": {""car"": 3}}}",3
519,1,2026-04-30 20:41:42.299368 +00:00,5,3,3,0,0,0,"{""Bogorodica L1"": {""total"": 0, ""by_type"": {}}, ""Bogorodica L2"": {""total"": 0, ""by_type"": {}}, ""Bogorodica L3"": {""total"": 0, ""by_type"": {}}, ""Bogorodica L4"": {""total"": 1, ""by_type"": {""car"": 1}}, ""Bogorodica L5"": {""total"": 2, ""by_type"": {""car"": 2}}}",3
520,1,2026-04-30 20:46:42.411557 +00:00,5,2,2,0,0,0,"{""Bogorodica L1"": {""total"": 0, ""by_type"": {}}, ""Bogorodica L2"": {""total"": 0, ""by_type"": {}}, ""Bogorodica L3"": {""total"": 0, ""by_type"": {}}, ""Bogorodica L4"": {""total"": 0, ""by_type"": {}}, ""Bogorodica L5"": {""total"": 2, ""by_type"": {""car"": 2}}}",2.5
521,1,2026-04-30 20:51:42.804030 +00:00,5,0,0,0,0,0,"{""Bogorodica L1"": {""total"": 0, ""by_type"": {}}, ""Bogorodica L2"": {""total"": 0, ""by_type"": {}}, ""Bogorodica L3"": {""total"": 0, ""by_type"": {}}, ""Bogorodica L4"": {""total"": 0, ""by_type"": {}}, ""Bogorodica L5"": {""total"": 0, ""by_type"": {}}}",3
522,1,2026-04-30 20:56:43.027356 +00:00,5,1,1,0,0,0,"{""Bogorodica L1"": {""total"": 0, ""by_type"": {}}, ""Bogorodica L2"": {""total"": 0, ""by_type"": {}}, ""Bogorodica L3"": {""total"": 0, ""by_type"": {}}, ""Bogorodica L4"": {""total"": 0, ""by_type"": {}}, ""Bogorodica L5"": {""total"": 1, ""by_type"": {""car"": 1}}}",3
523,1,2026-04-30 21:01:43.401836 +00:00,5,2,2,0,0,0,"{""Bogorodica L1"": {""total"": 0, ""by_type"": {}}, ""Bogorodica L2"": {""total"": 0, ""by_type"": {}}, ""Bogorodica L3"": {""total"": 0, ""by_type"": {}}, ""Bogorodica L4"": {""total"": 0, ""by_type"": {}}, ""Bogorodica L5"": {""total"": 2, ""by_type"": {""car"": 2}}}",3
524,1,2026-04-30 21:06:43.663097 +00:00,5,3,3,0,0,0,"{""Bogorodica L1"": {""total"": 0, ""by_type"": {}}, ""Bogorodica L2"": {""total"": 0, ""by_type"": {}}, ""Bogorodica L3"": {""total"": 0, ""by_type"": {}}, ""Bogorodica L4"": {""total"": 1, ""by_type"": {""car"": 1}}, ""Bogorodica L5"": {""total"": 2, ""by_type"": {""car"": 2}}}",3
525,1,2026-04-30 21:11:43.781765 +00:00,5,0,0,0,0,0,"{""Bogorodica L1"": {""total"": 0, ""by_type"": {}}, ""Bogorodica L2"": {""total"": 0, ""by_type"": {}}, ""Bogorodica L3"": {""total"": 0, ""by_type"": {}}, ""Bogorodica L4"": {""total"": 0, ""by_type"": {}}, ""Bogorodica L5"": {""total"": 0, ""by_type"": {}}}",3
526,1,2026-04-30 21:16:44.086085 +00:00,5,0,0,0,0,0,"{""Bogorodica L1"": {""total"": 0, ""by_type"": {}}, ""Bogorodica L2"": {""total"": 0, ""by_type"": {}}, ""Bogorodica L3"": {""total"": 0, ""by_type"": {}}, ""Bogorodica L4"": {""total"": 0, ""by_type"": {}}, ""Bogorodica L5"": {""total"": 0, ""by_type"": {}}}",3
527,1,2026-04-30 21:21:44.111805 +00:00,5,0,0,0,0,0,"{""Bogorodica L1"": {""total"": 0, ""by_type"": {}}, ""Bogorodica L2"": {""total"": 0, ""by_type"": {}}, ""Bogorodica L3"": {""total"": 0, ""by_type"": {}}, ""Bogorodica L4"": {""total"": 0, ""by_type"": {}}, ""Bogorodica L5"": {""total"": 0, ""by_type"": {}}}",3
528,1,2026-04-30 21:26:44.293738 +00:00,5,0,0,0,0,0,"{""Bogorodica L1"": {""total"": 0, ""by_type"": {}}, ""Bogorodica L2"": {""total"": 0, ""by_type"": {}}, ""Bogorodica L3"": {""total"": 0, ""by_type"": {}}, ""Bogorodica L4"": {""total"": 0, ""by_type"": {}}, ""Bogorodica L5"": {""total"": 0, ""by_type"": {}}}",3
529,1,2026-04-30 21:31:44.627812 +00:00,5,2,1,0,1,0,"{""Bogorodica L1"": {""total"": 0, ""by_type"": {}}, ""Bogorodica L2"": {""total"": 1, ""by_type"": {""bus"": 1}}, ""Bogorodica L3"": {""total"": 0, ""by_type"": {}}, ""Bogorodica L4"": {""total"": 1, ""by_type"": {""car"": 1}}, ""Bogorodica L5"": {""total"": 0, ""by_type"": {}}}",2.5
530,1,2026-04-30 21:36:44.938317 +00:00,5,1,0,0,1,0,"{""Bogorodica L1"": {""total"": 0, ""by_type"": {}}, ""Bogorodica L2"": {""total"": 1, ""by_type"": {""bus"": 1}}, ""Bogorodica L3"": {""total"": 0, ""by_type"": {}}, ""Bogorodica L4"": {""total"": 0, ""by_type"": {}}, ""Bogorodica L5"": {""total"": 0, ""by_type"": {}}}",3
531,1,2026-04-30 21:41:45.002462 +00:00,5,0,0,0,0,0,"{""Bogorodica L1"": {""total"": 0, ""by_type"": {}}, ""Bogorodica L2"": {""total"": 0, ""by_type"": {}}, ""Bogorodica L3"": {""total"": 0, ""by_type"": {}}, ""Bogorodica L4"": {""total"": 0, ""by_type"": {}}, ""Bogorodica L5"": {""total"": 0, ""by_type"": {}}}",2.5
532,1,2026-04-30 21:46:45.365939 +00:00,5,0,0,0,0,0,"{""Bogorodica L1"": {""total"": 0, ""by_type"": {}}, ""Bogorodica L2"": {""total"": 0, ""by_type"": {}}, ""Bogorodica L3"": {""total"": 0, ""by_type"": {}}, ""Bogorodica L4"": {""total"": 0, ""by_type"": {}}, ""Bogorodica L5"": {""total"": 0, ""by_type"": {}}}",3
533,1,2026-04-30 21:51:45.369172 +00:00,5,1,1,0,0,0,"{""Bogorodica L1"": {""total"": 0, ""by_type"": {}}, ""Bogorodica L2"": {""total"": 0, ""by_type"": {}}, ""Bogorodica L3"": {""total"": 0, ""by_type"": {}}, ""Bogorodica L4"": {""total"": 0, ""by_type"": {}}, ""Bogorodica L5"": {""total"": 1, ""by_type"": {""car"": 1}}}",3
534,1,2026-04-30 21:56:45.517627 +00:00,5,1,1,0,0,0,"{""Bogorodica L1"": {""total"": 0, ""by_type"": {}}, ""Bogorodica L2"": {""total"": 0, ""by_type"": {}}, ""Bogorodica L3"": {""total"": 0, ""by_type"": {}}, ""Bogorodica L4"": {""total"": 0, ""by_type"": {}}, ""Bogorodica L5"": {""total"": 1, ""by_type"": {""car"": 1}}}",3
535,1,2026-04-30 22:01:45.624704 +00:00,5,0,0,0,0,0,"{""Bogorodica L1"": {""total"": 0, ""by_type"": {}}, ""Bogorodica L2"": {""total"": 0, ""by_type"": {}}, ""Bogorodica L3"": {""total"": 0, ""by_type"": {}}, ""Bogorodica L4"": {""total"": 0, ""by_type"": {}}, ""Bogorodica L5"": {""total"": 0, ""by_type"": {}}}",3
536,1,2026-04-30 22:06:45.902342 +00:00,5,0,0,0,0,0,"{""Bogorodica L1"": {""total"": 0, ""by_type"": {}}, ""Bogorodica L2"": {""total"": 0, ""by_type"": {}}, ""Bogorodica L3"": {""total"": 0, ""by_type"": {}}, ""Bogorodica L4"": {""total"": 0, ""by_type"": {}}, ""Bogorodica L5"": {""total"": 0, ""by_type"": {}}}",3
537,1,2026-04-30 22:11:46.139439 +00:00,5,0,0,0,0,0,"{""Bogorodica L1"": {""total"": 0, ""by_type"": {}}, ""Bogorodica L2"": {""total"": 0, ""by_type"": {}}, ""Bogorodica L3"": {""total"": 0, ""by_type"": {}}, ""Bogorodica L4"": {""total"": 0, ""by_type"": {}}, ""Bogorodica L5"": {""total"": 0, ""by_type"": {}}}",3
538,1,2026-04-30 22:16:46.275125 +00:00,5,1,1,0,0,0,"{""Bogorodica L1"": {""total"": 0, ""by_type"": {}}, ""Bogorodica L2"": {""total"": 1, ""by_type"": {""car"": 1}}, ""Bogorodica L3"": {""total"": 0, ""by_type"": {}}, ""Bogorodica L4"": {""total"": 0, ""by_type"": {}}, ""Bogorodica L5"": {""total"": 0, ""by_type"": {}}}",3
539,1,2026-04-30 22:21:46.337995 +00:00,5,0,0,0,0,0,"{""Bogorodica L1"": {""total"": 0, ""by_type"": {}}, ""Bogorodica L2"": {""total"": 0, ""by_type"": {}}, ""Bogorodica L3"": {""total"": 0, ""by_type"": {}}, ""Bogorodica L4"": {""total"": 0, ""by_type"": {}}, ""Bogorodica L5"": {""total"": 0, ""by_type"": {}}}",3
540,1,2026-04-30 22:26:46.694011 +00:00,5,2,2,0,0,0,"{""Bogorodica L1"": {""total"": 0, ""by_type"": {}}, ""Bogorodica L2"": {""total"": 0, ""by_type"": {}}, ""Bogorodica L3"": {""total"": 0, ""by_type"": {}}, ""Bogorodica L4"": {""total"": 1, ""by_type"": {""car"": 1}}, ""Bogorodica L5"": {""total"": 1, ""by_type"": {""car"": 1}}}",2.5
541,1,2026-04-30 22:31:46.714784 +00:00,5,3,3,0,0,0,"{""Bogorodica L1"": {""total"": 0, ""by_type"": {}}, ""Bogorodica L2"": {""total"": 0, ""by_type"": {}}, ""Bogorodica L3"": {""total"": 0, ""by_type"": {}}, ""Bogorodica L4"": {""total"": 0, ""by_type"": {}}, ""Bogorodica L5"": {""total"": 3, ""by_type"": {""car"": 3}}}",3
542,1,2026-04-30 22:36:46.870790 +00:00,5,2,2,0,0,0,"{""Bogorodica L1"": {""total"": 0, ""by_type"": {}}, ""Bogorodica L2"": {""total"": 0, ""by_type"": {}}, ""Bogorodica L3"": {""total"": 0, ""by_type"": {}}, ""Bogorodica L4"": {""total"": 0, ""by_type"": {}}, ""Bogorodica L5"": {""total"": 2, ""by_type"": {""car"": 2}}}",3
543,1,2026-04-30 22:41:47.081525 +00:00,5,0,0,0,0,0,"{""Bogorodica L1"": {""total"": 0, ""by_type"": {}}, ""Bogorodica L2"": {""total"": 0, ""by_type"": {}}, ""Bogorodica L3"": {""total"": 0, ""by_type"": {}}, ""Bogorodica L4"": {""total"": 0, ""by_type"": {}}, ""Bogorodica L5"": {""total"": 0, ""by_type"": {}}}",3
544,1,2026-04-30 22:46:47.321289 +00:00,5,1,1,0,0,0,"{""Bogorodica L1"": {""total"": 0, ""by_type"": {}}, ""Bogorodica L2"": {""total"": 0, ""by_type"": {}}, ""Bogorodica L3"": {""total"": 0, ""by_type"": {}}, ""Bogorodica L4"": {""total"": 1, ""by_type"": {""car"": 1}}, ""Bogorodica L5"": {""total"": 0, ""by_type"": {}}}",3
545,1,2026-04-30 22:51:47.480230 +00:00,5,0,0,0,0,0,"{""Bogorodica L1"": {""total"": 0, ""by_type"": {}}, ""Bogorodica L2"": {""total"": 0, ""by_type"": {}}, ""Bogorodica L3"": {""total"": 0, ""by_type"": {}}, ""Bogorodica L4"": {""total"": 0, ""by_type"": {}}, ""Bogorodica L5"": {""total"": 0, ""by_type"": {}}}",3
546,1,2026-04-30 22:56:47.681925 +00:00,5,0,0,0,0,0,"{""Bogorodica L1"": {""total"": 0, ""by_type"": {}}, ""Bogorodica L2"": {""total"": 0, ""by_type"": {}}, ""Bogorodica L3"": {""total"": 0, ""by_type"": {}}, ""Bogorodica L4"": {""total"": 0, ""by_type"": {}}, ""Bogorodica L5"": {""total"": 0, ""by_type"": {}}}",3
547,1,2026-04-30 23:01:47.789754 +00:00,5,2,2,0,0,0,"{""Bogorodica L1"": {""total"": 0, ""by_type"": {}}, ""Bogorodica L2"": {""total"": 0, ""by_type"": {}}, ""Bogorodica L3"": {""total"": 0, ""by_type"": {}}, ""Bogorodica L4"": {""total"": 0, ""by_type"": {}}, ""Bogorodica L5"": {""total"": 2, ""by_type"": {""car"": 2}}}",3
548,1,2026-04-30 23:06:47.870808 +00:00,5,2,2,0,0,0,"{""Bogorodica L1"": {""total"": 0, ""by_type"": {}}, ""Bogorodica L2"": {""total"": 0, ""by_type"": {}}, ""Bogorodica L3"": {""total"": 0, ""by_type"": {}}, ""Bogorodica L4"": {""total"": 1, ""by_type"": {""car"": 1}}, ""Bogorodica L5"": {""total"": 1, ""by_type"": {""car"": 1}}}",3
549,1,2026-04-30 23:11:48.070125 +00:00,5,4,4,0,0,0,"{""Bogorodica L1"": {""total"": 0, ""by_type"": {}}, ""Bogorodica L2"": {""total"": 0, ""by_type"": {}}, ""Bogorodica L3"": {""total"": 0, ""by_type"": {}}, ""Bogorodica L4"": {""total"": 2, ""by_type"": {""car"": 2}}, ""Bogorodica L5"": {""total"": 2, ""by_type"": {""car"": 2}}}",3
550,1,2026-04-30 23:16:48.269034 +00:00,5,10,9,0,1,0,"{""Bogorodica L1"": {""total"": 0, ""by_type"": {}}, ""Bogorodica L2"": {""total"": 1, ""by_type"": {""bus"": 1}}, ""Bogorodica L3"": {""total"": 0, ""by_type"": {}}, ""Bogorodica L4"": {""total"": 4, ""by_type"": {""car"": 4}}, ""Bogorodica L5"": {""total"": 5, ""by_type"": {""car"": 5}}}",3
551,1,2026-04-30 23:21:48.609325 +00:00,5,6,6,0,0,0,"{""Bogorodica L1"": {""total"": 0, ""by_type"": {}}, ""Bogorodica L2"": {""total"": 0, ""by_type"": {}}, ""Bogorodica L3"": {""total"": 0, ""by_type"": {}}, ""Bogorodica L4"": {""total"": 3, ""by_type"": {""car"": 3}}, ""Bogorodica L5"": {""total"": 3, ""by_type"": {""car"": 3}}}",2.5
552,1,2026-04-30 23:26:48.643115 +00:00,5,0,0,0,0,0,"{""Bogorodica L1"": {""total"": 0, ""by_type"": {}}, ""Bogorodica L2"": {""total"": 0, ""by_type"": {}}, ""Bogorodica L3"": {""total"": 0, ""by_type"": {}}, ""Bogorodica L4"": {""total"": 0, ""by_type"": {}}, ""Bogorodica L5"": {""total"": 0, ""by_type"": {}}}",3
553,1,2026-04-30 23:31:48.753663 +00:00,5,0,0,0,0,0,"{""Bogorodica L1"": {""total"": 0, ""by_type"": {}}, ""Bogorodica L2"": {""total"": 0, ""by_type"": {}}, ""Bogorodica L3"": {""total"": 0, ""by_type"": {}}, ""Bogorodica L4"": {""total"": 0, ""by_type"": {}}, ""Bogorodica L5"": {""total"": 0, ""by_type"": {}}}",3
554,1,2026-04-30 23:36:49.078837 +00:00,5,0,0,0,0,0,"{""Bogorodica L1"": {""total"": 0, ""by_type"": {}}, ""Bogorodica L2"": {""total"": 0, ""by_type"": {}}, ""Bogorodica L3"": {""total"": 0, ""by_type"": {}}, ""Bogorodica L4"": {""total"": 0, ""by_type"": {}}, ""Bogorodica L5"": {""total"": 0, ""by_type"": {}}}",3
555,1,2026-04-30 23:41:49.399842 +00:00,5,0,0,0,0,0,"{""Bogorodica L1"": {""total"": 0, ""by_type"": {}}, ""Bogorodica L2"": {""total"": 0, ""by_type"": {}}, ""Bogorodica L3"": {""total"": 0, ""by_type"": {}}, ""Bogorodica L4"": {""total"": 0, ""by_type"": {}}, ""Bogorodica L5"": {""total"": 0, ""by_type"": {}}}",3
556,1,2026-04-30 23:46:49.553881 +00:00,5,0,0,0,0,0,"{""Bogorodica L1"": {""total"": 0, ""by_type"": {}}, ""Bogorodica L2"": {""total"": 0, ""by_type"": {}}, ""Bogorodica L3"": {""total"": 0, ""by_type"": {}}, ""Bogorodica L4"": {""total"": 0, ""by_type"": {}}, ""Bogorodica L5"": {""total"": 0, ""by_type"": {}}}",3
557,1,2026-04-30 23:51:49.835993 +00:00,5,0,0,0,0,0,"{""Bogorodica L1"": {""total"": 0, ""by_type"": {}}, ""Bogorodica L2"": {""total"": 0, ""by_type"": {}}, ""Bogorodica L3"": {""total"": 0, ""by_type"": {}}, ""Bogorodica L4"": {""total"": 0, ""by_type"": {}}, ""Bogorodica L5"": {""total"": 0, ""by_type"": {}}}",2.5
558,1,2026-04-30 23:56:50.136230 +00:00,5,0,0,0,0,0,"{""Bogorodica L1"": {""total"": 0, ""by_type"": {}}, ""Bogorodica L2"": {""total"": 0, ""by_type"": {}}, ""Bogorodica L3"": {""total"": 0, ""by_type"": {}}, ""Bogorodica L4"": {""total"": 0, ""by_type"": {}}, ""Bogorodica L5"": {""total"": 0, ""by_type"": {}}}",3
559,1,2026-05-01 00:01:50.188360 +00:00,5,1,0,0,0,1,"{""Bogorodica L1"": {""total"": 1, ""by_type"": {""truck"": 1}}, ""Bogorodica L2"": {""total"": 0, ""by_type"": {}}, ""Bogorodica L3"": {""total"": 0, ""by_type"": {}}, ""Bogorodica L4"": {""total"": 0, ""by_type"": {}}, ""Bogorodica L5"": {""total"": 0, ""by_type"": {}}}",3
560,1,2026-05-01 00:06:50.413939 +00:00,5,1,0,0,0,1,"{""Bogorodica L1"": {""total"": 1, ""by_type"": {""truck"": 1}}, ""Bogorodica L2"": {""total"": 0, ""by_type"": {}}, ""Bogorodica L3"": {""total"": 0, ""by_type"": {}}, ""Bogorodica L4"": {""total"": 0, ""by_type"": {}}, ""Bogorodica L5"": {""total"": 0, ""by_type"": {}}}",3
561,1,2026-05-01 00:11:50.645773 +00:00,5,1,0,0,0,1,"{""Bogorodica L1"": {""total"": 1, ""by_type"": {""truck"": 1}}, ""Bogorodica L2"": {""total"": 0, ""by_type"": {}}, ""Bogorodica L3"": {""total"": 0, ""by_type"": {}}, ""Bogorodica L4"": {""total"": 0, ""by_type"": {}}, ""Bogorodica L5"": {""total"": 0, ""by_type"": {}}}",3
562,1,2026-05-01 00:16:50.977558 +00:00,5,1,1,0,0,0,"{""Bogorodica L1"": {""total"": 0, ""by_type"": {}}, ""Bogorodica L2"": {""total"": 0, ""by_type"": {}}, ""Bogorodica L3"": {""total"": 0, ""by_type"": {}}, ""Bogorodica L4"": {""total"": 0, ""by_type"": {}}, ""Bogorodica L5"": {""total"": 1, ""by_type"": {""car"": 1}}}",3
563,1,2026-05-01 00:21:50.980196 +00:00,5,0,0,0,0,0,"{""Bogorodica L1"": {""total"": 0, ""by_type"": {}}, ""Bogorodica L2"": {""total"": 0, ""by_type"": {}}, ""Bogorodica L3"": {""total"": 0, ""by_type"": {}}, ""Bogorodica L4"": {""total"": 0, ""by_type"": {}}, ""Bogorodica L5"": {""total"": 0, ""by_type"": {}}}",3
564,1,2026-05-01 00:26:51.023031 +00:00,5,0,0,0,0,0,"{""Bogorodica L1"": {""total"": 0, ""by_type"": {}}, ""Bogorodica L2"": {""total"": 0, ""by_type"": {}}, ""Bogorodica L3"": {""total"": 0, ""by_type"": {}}, ""Bogorodica L4"": {""total"": 0, ""by_type"": {}}, ""Bogorodica L5"": {""total"": 0, ""by_type"": {}}}",3
565,1,2026-05-01 00:31:51.043651 +00:00,5,2,2,0,0,0,"{""Bogorodica L1"": {""total"": 0, ""by_type"": {}}, ""Bogorodica L2"": {""total"": 1, ""by_type"": {""car"": 1}}, ""Bogorodica L3"": {""total"": 0, ""by_type"": {}}, ""Bogorodica L4"": {""total"": 0, ""by_type"": {}}, ""Bogorodica L5"": {""total"": 1, ""by_type"": {""car"": 1}}}",3
566,1,2026-05-01 00:36:51.175276 +00:00,5,2,1,0,1,0,"{""Bogorodica L1"": {""total"": 0, ""by_type"": {}}, ""Bogorodica L2"": {""total"": 1, ""by_type"": {""bus"": 1}}, ""Bogorodica L3"": {""total"": 0, ""by_type"": {}}, ""Bogorodica L4"": {""total"": 0, ""by_type"": {}}, ""Bogorodica L5"": {""total"": 1, ""by_type"": {""car"": 1}}}",3
567,1,2026-05-01 00:41:51.213796 +00:00,5,1,0,0,1,0,"{""Bogorodica L1"": {""total"": 0, ""by_type"": {}}, ""Bogorodica L2"": {""total"": 1, ""by_type"": {""bus"": 1}}, ""Bogorodica L3"": {""total"": 0, ""by_type"": {}}, ""Bogorodica L4"": {""total"": 0, ""by_type"": {}}, ""Bogorodica L5"": {""total"": 0, ""by_type"": {}}}",3
568,1,2026-05-01 00:46:51.394949 +00:00,5,2,1,0,1,0,"{""Bogorodica L1"": {""total"": 0, ""by_type"": {}}, ""Bogorodica L2"": {""total"": 2, ""by_type"": {""bus"": 1, ""car"": 1}}, ""Bogorodica L3"": {""total"": 0, ""by_type"": {}}, ""Bogorodica L4"": {""total"": 0, ""by_type"": {}}, ""Bogorodica L5"": {""total"": 0, ""by_type"": {}}}",3
569,1,2026-05-01 00:51:51.410636 +00:00,5,2,0,0,1,1,"{""Bogorodica L1"": {""total"": 1, ""by_type"": {""truck"": 1}}, ""Bogorodica L2"": {""total"": 1, ""by_type"": {""bus"": 1}}, ""Bogorodica L3"": {""total"": 0, ""by_type"": {}}, ""Bogorodica L4"": {""total"": 0, ""by_type"": {}}, ""Bogorodica L5"": {""total"": 0, ""by_type"": {}}}",3
570,1,2026-05-01 00:56:51.776819 +00:00,5,3,0,0,2,1,"{""Bogorodica L1"": {""total"": 1, ""by_type"": {""truck"": 1}}, ""Bogorodica L2"": {""total"": 2, ""by_type"": {""bus"": 2}}, ""Bogorodica L3"": {""total"": 0, ""by_type"": {}}, ""Bogorodica L4"": {""total"": 0, ""by_type"": {}}, ""Bogorodica L5"": {""total"": 0, ""by_type"": {}}}",3
571,1,2026-05-01 01:01:52.006468 +00:00,5,4,2,0,2,0,"{""Bogorodica L1"": {""total"": 0, ""by_type"": {}}, ""Bogorodica L2"": {""total"": 2, ""by_type"": {""bus"": 2}}, ""Bogorodica L3"": {""total"": 0, ""by_type"": {}}, ""Bogorodica L4"": {""total"": 0, ""by_type"": {}}, ""Bogorodica L5"": {""total"": 2, ""by_type"": {""car"": 2}}}",3
572,1,2026-05-01 01:06:52.096957 +00:00,5,2,0,0,2,0,"{""Bogorodica L1"": {""total"": 0, ""by_type"": {}}, ""Bogorodica L2"": {""total"": 2, ""by_type"": {""bus"": 2}}, ""Bogorodica L3"": {""total"": 0, ""by_type"": {}}, ""Bogorodica L4"": {""total"": 0, ""by_type"": {}}, ""Bogorodica L5"": {""total"": 0, ""by_type"": {}}}",3
573,1,2026-05-01 01:11:52.338402 +00:00,5,2,0,0,2,0,"{""Bogorodica L1"": {""total"": 0, ""by_type"": {}}, ""Bogorodica L2"": {""total"": 1, ""by_type"": {""bus"": 1}}, ""Bogorodica L3"": {""total"": 1, ""by_type"": {""bus"": 1}}, ""Bogorodica L4"": {""total"": 0, ""by_type"": {}}, ""Bogorodica L5"": {""total"": 0, ""by_type"": {}}}",3
574,1,2026-05-01 01:16:52.652251 +00:00,5,2,0,0,2,0,"{""Bogorodica L1"": {""total"": 0, ""by_type"": {}}, ""Bogorodica L2"": {""total"": 1, ""by_type"": {""bus"": 1}}, ""Bogorodica L3"": {""total"": 1, ""by_type"": {""bus"": 1}}, ""Bogorodica L4"": {""total"": 0, ""by_type"": {}}, ""Bogorodica L5"": {""total"": 0, ""by_type"": {}}}",3
575,1,2026-05-01 01:21:52.907953 +00:00,5,2,0,0,2,0,"{""Bogorodica L1"": {""total"": 0, ""by_type"": {}}, ""Bogorodica L2"": {""total"": 1, ""by_type"": {""bus"": 1}}, ""Bogorodica L3"": {""total"": 1, ""by_type"": {""bus"": 1}}, ""Bogorodica L4"": {""total"": 0, ""by_type"": {}}, ""Bogorodica L5"": {""total"": 0, ""by_type"": {}}}",3
576,1,2026-05-01 01:26:53.204715 +00:00,5,2,0,0,2,0,"{""Bogorodica L1"": {""total"": 0, ""by_type"": {}}, ""Bogorodica L2"": {""total"": 2, ""by_type"": {""bus"": 2}}, ""Bogorodica L3"": {""total"": 0, ""by_type"": {}}, ""Bogorodica L4"": {""total"": 0, ""by_type"": {}}, ""Bogorodica L5"": {""total"": 0, ""by_type"": {}}}",3
577,1,2026-05-01 01:31:53.477996 +00:00,5,3,1,0,2,0,"{""Bogorodica L1"": {""total"": 0, ""by_type"": {}}, ""Bogorodica L2"": {""total"": 3, ""by_type"": {""bus"": 2, ""car"": 1}}, ""Bogorodica L3"": {""total"": 0, ""by_type"": {}}, ""Bogorodica L4"": {""total"": 0, ""by_type"": {}}, ""Bogorodica L5"": {""total"": 0, ""by_type"": {}}}",3
578,1,2026-05-01 01:36:53.753042 +00:00,5,3,1,0,2,0,"{""Bogorodica L1"": {""total"": 0, ""by_type"": {}}, ""Bogorodica L2"": {""total"": 3, ""by_type"": {""bus"": 2, ""car"": 1}}, ""Bogorodica L3"": {""total"": 0, ""by_type"": {}}, ""Bogorodica L4"": {""total"": 0, ""by_type"": {}}, ""Bogorodica L5"": {""total"": 0, ""by_type"": {}}}",3
579,1,2026-05-01 01:41:53.799613 +00:00,5,2,0,0,2,0,"{""Bogorodica L1"": {""total"": 0, ""by_type"": {}}, ""Bogorodica L2"": {""total"": 2, ""by_type"": {""bus"": 2}}, ""Bogorodica L3"": {""total"": 0, ""by_type"": {}}, ""Bogorodica L4"": {""total"": 0, ""by_type"": {}}, ""Bogorodica L5"": {""total"": 0, ""by_type"": {}}}",3
580,1,2026-05-01 01:46:53.872048 +00:00,5,2,0,0,2,0,"{""Bogorodica L1"": {""total"": 0, ""by_type"": {}}, ""Bogorodica L2"": {""total"": 2, ""by_type"": {""bus"": 2}}, ""Bogorodica L3"": {""total"": 0, ""by_type"": {}}, ""Bogorodica L4"": {""total"": 0, ""by_type"": {}}, ""Bogorodica L5"": {""total"": 0, ""by_type"": {}}}",3
581,1,2026-05-01 01:51:53.884056 +00:00,5,1,0,0,1,0,"{""Bogorodica L1"": {""total"": 0, ""by_type"": {}}, ""Bogorodica L2"": {""total"": 1, ""by_type"": {""bus"": 1}}, ""Bogorodica L3"": {""total"": 0, ""by_type"": {}}, ""Bogorodica L4"": {""total"": 0, ""by_type"": {}}, ""Bogorodica L5"": {""total"": 0, ""by_type"": {}}}",3
582,1,2026-05-01 01:56:53.902974 +00:00,5,2,0,0,2,0,"{""Bogorodica L1"": {""total"": 0, ""by_type"": {}}, ""Bogorodica L2"": {""total"": 2, ""by_type"": {""bus"": 2}}, ""Bogorodica L3"": {""total"": 0, ""by_type"": {}}, ""Bogorodica L4"": {""total"": 0, ""by_type"": {}}, ""Bogorodica L5"": {""total"": 0, ""by_type"": {}}}",3
583,1,2026-05-01 02:01:54.031523 +00:00,5,4,2,0,2,0,"{""Bogorodica L1"": {""total"": 0, ""by_type"": {}}, ""Bogorodica L2"": {""total"": 2, ""by_type"": {""bus"": 2}}, ""Bogorodica L3"": {""total"": 0, ""by_type"": {}}, ""Bogorodica L4"": {""total"": 0, ""by_type"": {}}, ""Bogorodica L5"": {""total"": 2, ""by_type"": {""car"": 2}}}",3
584,1,2026-05-01 02:06:54.367098 +00:00,5,4,2,0,2,0,"{""Bogorodica L1"": {""total"": 0, ""by_type"": {}}, ""Bogorodica L2"": {""total"": 2, ""by_type"": {""bus"": 2}}, ""Bogorodica L3"": {""total"": 0, ""by_type"": {}}, ""Bogorodica L4"": {""total"": 0, ""by_type"": {}}, ""Bogorodica L5"": {""total"": 2, ""by_type"": {""car"": 2}}}",3
585,1,2026-05-01 02:11:54.418470 +00:00,5,7,5,0,2,0,"{""Bogorodica L1"": {""total"": 0, ""by_type"": {}}, ""Bogorodica L2"": {""total"": 2, ""by_type"": {""bus"": 2}}, ""Bogorodica L3"": {""total"": 0, ""by_type"": {}}, ""Bogorodica L4"": {""total"": 2, ""by_type"": {""car"": 2}}, ""Bogorodica L5"": {""total"": 3, ""by_type"": {""car"": 3}}}",3
668,1,2026-05-01 09:07:11.177122 +00:00,5,1,1,0,0,0,"{""Bogorodica L1"": {""total"": 0, ""by_type"": {}}, ""Bogorodica L2"": {""total"": 0, ""by_type"": {}}, ""Bogorodica L3"": {""total"": 0, ""by_type"": {}}, ""Bogorodica L4"": {""total"": 1, ""by_type"": {""car"": 1}}, ""Bogorodica L5"": {""total"": 0, ""by_type"": {}}}",3
586,1,2026-05-01 02:16:54.506716 +00:00,5,6,5,0,0,1,"{""Bogorodica L1"": {""total"": 0, ""by_type"": {}}, ""Bogorodica L2"": {""total"": 1, ""by_type"": {""truck"": 1}}, ""Bogorodica L3"": {""total"": 0, ""by_type"": {}}, ""Bogorodica L4"": {""total"": 2, ""by_type"": {""car"": 2}}, ""Bogorodica L5"": {""total"": 3, ""by_type"": {""car"": 3}}}",3
587,1,2026-05-01 02:21:54.815866 +00:00,5,1,0,0,1,0,"{""Bogorodica L1"": {""total"": 0, ""by_type"": {}}, ""Bogorodica L2"": {""total"": 1, ""by_type"": {""bus"": 1}}, ""Bogorodica L3"": {""total"": 0, ""by_type"": {}}, ""Bogorodica L4"": {""total"": 0, ""by_type"": {}}, ""Bogorodica L5"": {""total"": 0, ""by_type"": {}}}",3
588,1,2026-05-01 02:26:54.899662 +00:00,5,10,8,0,2,0,"{""Bogorodica L1"": {""total"": 0, ""by_type"": {}}, ""Bogorodica L2"": {""total"": 2, ""by_type"": {""bus"": 2}}, ""Bogorodica L3"": {""total"": 0, ""by_type"": {}}, ""Bogorodica L4"": {""total"": 4, ""by_type"": {""car"": 4}}, ""Bogorodica L5"": {""total"": 4, ""by_type"": {""car"": 4}}}",2.5
589,1,2026-05-01 02:31:55.254710 +00:00,5,8,6,0,2,0,"{""Bogorodica L1"": {""total"": 0, ""by_type"": {}}, ""Bogorodica L2"": {""total"": 2, ""by_type"": {""bus"": 2}}, ""Bogorodica L3"": {""total"": 0, ""by_type"": {}}, ""Bogorodica L4"": {""total"": 3, ""by_type"": {""car"": 3}}, ""Bogorodica L5"": {""total"": 3, ""by_type"": {""car"": 3}}}",3
590,1,2026-05-01 02:36:55.550493 +00:00,5,11,9,0,0,2,"{""Bogorodica L1"": {""total"": 1, ""by_type"": {""truck"": 1}}, ""Bogorodica L2"": {""total"": 1, ""by_type"": {""car"": 1}}, ""Bogorodica L3"": {""total"": 0, ""by_type"": {}}, ""Bogorodica L4"": {""total"": 4, ""by_type"": {""car"": 4}}, ""Bogorodica L5"": {""total"": 5, ""by_type"": {""car"": 4, ""truck"": 1}}}",3
591,1,2026-05-01 02:41:55.839243 +00:00,5,9,7,0,2,0,"{""Bogorodica L1"": {""total"": 0, ""by_type"": {}}, ""Bogorodica L2"": {""total"": 2, ""by_type"": {""bus"": 2}}, ""Bogorodica L3"": {""total"": 0, ""by_type"": {}}, ""Bogorodica L4"": {""total"": 3, ""by_type"": {""car"": 3}}, ""Bogorodica L5"": {""total"": 4, ""by_type"": {""car"": 4}}}",3
592,1,2026-05-01 02:46:56.166084 +00:00,5,11,8,1,2,0,"{""Bogorodica L1"": {""total"": 0, ""by_type"": {}}, ""Bogorodica L2"": {""total"": 2, ""by_type"": {""bus"": 2}}, ""Bogorodica L3"": {""total"": 0, ""by_type"": {}}, ""Bogorodica L4"": {""total"": 6, ""by_type"": {""car"": 5, ""motorcycle"": 1}}, ""Bogorodica L5"": {""total"": 3, ""by_type"": {""car"": 3}}}",2.5
593,1,2026-05-01 02:51:56.254584 +00:00,5,10,8,0,2,0,"{""Bogorodica L1"": {""total"": 0, ""by_type"": {}}, ""Bogorodica L2"": {""total"": 2, ""by_type"": {""bus"": 2}}, ""Bogorodica L3"": {""total"": 0, ""by_type"": {}}, ""Bogorodica L4"": {""total"": 4, ""by_type"": {""car"": 4}}, ""Bogorodica L5"": {""total"": 4, ""by_type"": {""car"": 4}}}",2.5
594,1,2026-05-01 02:56:56.605265 +00:00,5,12,9,0,3,0,"{""Bogorodica L1"": {""total"": 1, ""by_type"": {""bus"": 1}}, ""Bogorodica L2"": {""total"": 2, ""by_type"": {""bus"": 2}}, ""Bogorodica L3"": {""total"": 0, ""by_type"": {}}, ""Bogorodica L4"": {""total"": 4, ""by_type"": {""car"": 4}}, ""Bogorodica L5"": {""total"": 5, ""by_type"": {""car"": 5}}}",3
595,1,2026-05-01 03:01:56.976145 +00:00,5,4,1,0,2,1,"{""Bogorodica L1"": {""total"": 0, ""by_type"": {}}, ""Bogorodica L2"": {""total"": 2, ""by_type"": {""bus"": 2}}, ""Bogorodica L3"": {""total"": 0, ""by_type"": {}}, ""Bogorodica L4"": {""total"": 0, ""by_type"": {}}, ""Bogorodica L5"": {""total"": 2, ""by_type"": {""car"": 1, ""truck"": 1}}}",3
596,1,2026-05-01 03:06:56.989442 +00:00,5,7,5,0,1,1,"{""Bogorodica L1"": {""total"": 1, ""by_type"": {""truck"": 1}}, ""Bogorodica L2"": {""total"": 1, ""by_type"": {""bus"": 1}}, ""Bogorodica L3"": {""total"": 0, ""by_type"": {}}, ""Bogorodica L4"": {""total"": 3, ""by_type"": {""car"": 3}}, ""Bogorodica L5"": {""total"": 2, ""by_type"": {""car"": 2}}}",3
597,1,2026-05-01 03:11:57.347079 +00:00,5,3,0,0,1,2,"{""Bogorodica L1"": {""total"": 1, ""by_type"": {""truck"": 1}}, ""Bogorodica L2"": {""total"": 2, ""by_type"": {""bus"": 1, ""truck"": 1}}, ""Bogorodica L3"": {""total"": 0, ""by_type"": {}}, ""Bogorodica L4"": {""total"": 0, ""by_type"": {}}, ""Bogorodica L5"": {""total"": 0, ""by_type"": {}}}",3
598,1,2026-05-01 03:16:57.525063 +00:00,5,2,0,0,1,1,"{""Bogorodica L1"": {""total"": 1, ""by_type"": {""truck"": 1}}, ""Bogorodica L2"": {""total"": 1, ""by_type"": {""bus"": 1}}, ""Bogorodica L3"": {""total"": 0, ""by_type"": {}}, ""Bogorodica L4"": {""total"": 0, ""by_type"": {}}, ""Bogorodica L5"": {""total"": 0, ""by_type"": {}}}",3
599,1,2026-05-01 03:21:57.771186 +00:00,5,3,1,0,1,1,"{""Bogorodica L1"": {""total"": 1, ""by_type"": {""truck"": 1}}, ""Bogorodica L2"": {""total"": 1, ""by_type"": {""bus"": 1}}, ""Bogorodica L3"": {""total"": 0, ""by_type"": {}}, ""Bogorodica L4"": {""total"": 0, ""by_type"": {}}, ""Bogorodica L5"": {""total"": 1, ""by_type"": {""car"": 1}}}",3
600,1,2026-05-01 03:26:57.809245 +00:00,5,4,3,0,1,0,"{""Bogorodica L1"": {""total"": 0, ""by_type"": {}}, ""Bogorodica L2"": {""total"": 1, ""by_type"": {""bus"": 1}}, ""Bogorodica L3"": {""total"": 0, ""by_type"": {}}, ""Bogorodica L4"": {""total"": 2, ""by_type"": {""car"": 2}}, ""Bogorodica L5"": {""total"": 1, ""by_type"": {""car"": 1}}}",3
601,1,2026-05-01 03:31:58.075503 +00:00,5,11,9,0,1,1,"{""Bogorodica L1"": {""total"": 1, ""by_type"": {""truck"": 1}}, ""Bogorodica L2"": {""total"": 1, ""by_type"": {""bus"": 1}}, ""Bogorodica L3"": {""total"": 0, ""by_type"": {}}, ""Bogorodica L4"": {""total"": 3, ""by_type"": {""car"": 3}}, ""Bogorodica L5"": {""total"": 6, ""by_type"": {""car"": 6}}}",2.5
687,1,2026-05-01 10:42:14.896455 +00:00,5,0,0,0,0,0,"{""Bogorodica L1"": {""total"": 0, ""by_type"": {}}, ""Bogorodica L2"": {""total"": 0, ""by_type"": {}}, ""Bogorodica L3"": {""total"": 0, ""by_type"": {}}, ""Bogorodica L4"": {""total"": 0, ""by_type"": {}}, ""Bogorodica L5"": {""total"": 0, ""by_type"": {}}}",3
602,1,2026-05-01 03:36:58.172755 +00:00,5,4,3,0,1,0,"{""Bogorodica L1"": {""total"": 0, ""by_type"": {}}, ""Bogorodica L2"": {""total"": 1, ""by_type"": {""bus"": 1}}, ""Bogorodica L3"": {""total"": 0, ""by_type"": {}}, ""Bogorodica L4"": {""total"": 1, ""by_type"": {""car"": 1}}, ""Bogorodica L5"": {""total"": 2, ""by_type"": {""car"": 2}}}",3
603,1,2026-05-01 03:41:58.248405 +00:00,5,10,9,0,1,0,"{""Bogorodica L1"": {""total"": 0, ""by_type"": {}}, ""Bogorodica L2"": {""total"": 1, ""by_type"": {""bus"": 1}}, ""Bogorodica L3"": {""total"": 0, ""by_type"": {}}, ""Bogorodica L4"": {""total"": 2, ""by_type"": {""car"": 2}}, ""Bogorodica L5"": {""total"": 7, ""by_type"": {""car"": 7}}}",3
604,1,2026-05-01 03:46:58.369589 +00:00,5,10,8,0,1,1,"{""Bogorodica L1"": {""total"": 1, ""by_type"": {""truck"": 1}}, ""Bogorodica L2"": {""total"": 1, ""by_type"": {""bus"": 1}}, ""Bogorodica L3"": {""total"": 0, ""by_type"": {}}, ""Bogorodica L4"": {""total"": 4, ""by_type"": {""car"": 4}}, ""Bogorodica L5"": {""total"": 4, ""by_type"": {""car"": 4}}}",3
605,1,2026-05-01 03:51:58.517527 +00:00,5,5,3,0,1,1,"{""Bogorodica L1"": {""total"": 1, ""by_type"": {""truck"": 1}}, ""Bogorodica L2"": {""total"": 1, ""by_type"": {""bus"": 1}}, ""Bogorodica L3"": {""total"": 0, ""by_type"": {}}, ""Bogorodica L4"": {""total"": 2, ""by_type"": {""car"": 2}}, ""Bogorodica L5"": {""total"": 1, ""by_type"": {""car"": 1}}}",3
606,1,2026-05-01 03:56:58.579287 +00:00,5,0,0,0,0,0,"{""Bogorodica L1"": {""total"": 0, ""by_type"": {}}, ""Bogorodica L2"": {""total"": 0, ""by_type"": {}}, ""Bogorodica L3"": {""total"": 0, ""by_type"": {}}, ""Bogorodica L4"": {""total"": 0, ""by_type"": {}}, ""Bogorodica L5"": {""total"": 0, ""by_type"": {}}}",3
607,1,2026-05-01 04:01:58.943599 +00:00,5,7,4,0,1,2,"{""Bogorodica L1"": {""total"": 1, ""by_type"": {""truck"": 1}}, ""Bogorodica L2"": {""total"": 1, ""by_type"": {""bus"": 1}}, ""Bogorodica L3"": {""total"": 0, ""by_type"": {}}, ""Bogorodica L4"": {""total"": 4, ""by_type"": {""car"": 3, ""truck"": 1}}, ""Bogorodica L5"": {""total"": 1, ""by_type"": {""car"": 1}}}",3
608,1,2026-05-01 04:06:59.100841 +00:00,5,7,5,0,2,0,"{""Bogorodica L1"": {""total"": 0, ""by_type"": {}}, ""Bogorodica L2"": {""total"": 2, ""by_type"": {""bus"": 2}}, ""Bogorodica L3"": {""total"": 0, ""by_type"": {}}, ""Bogorodica L4"": {""total"": 2, ""by_type"": {""car"": 2}}, ""Bogorodica L5"": {""total"": 3, ""by_type"": {""car"": 3}}}",3
609,1,2026-05-01 04:11:59.169220 +00:00,5,7,6,0,1,0,"{""Bogorodica L1"": {""total"": 0, ""by_type"": {}}, ""Bogorodica L2"": {""total"": 1, ""by_type"": {""bus"": 1}}, ""Bogorodica L3"": {""total"": 0, ""by_type"": {}}, ""Bogorodica L4"": {""total"": 3, ""by_type"": {""car"": 3}}, ""Bogorodica L5"": {""total"": 3, ""by_type"": {""car"": 3}}}",3
610,1,2026-05-01 04:16:59.372434 +00:00,5,5,3,0,1,1,"{""Bogorodica L1"": {""total"": 1, ""by_type"": {""truck"": 1}}, ""Bogorodica L2"": {""total"": 1, ""by_type"": {""bus"": 1}}, ""Bogorodica L3"": {""total"": 0, ""by_type"": {}}, ""Bogorodica L4"": {""total"": 2, ""by_type"": {""car"": 2}}, ""Bogorodica L5"": {""total"": 1, ""by_type"": {""car"": 1}}}",3
611,1,2026-05-01 04:21:59.375455 +00:00,5,3,0,0,1,2,"{""Bogorodica L1"": {""total"": 1, ""by_type"": {""truck"": 1}}, ""Bogorodica L2"": {""total"": 1, ""by_type"": {""bus"": 1}}, ""Bogorodica L3"": {""total"": 0, ""by_type"": {}}, ""Bogorodica L4"": {""total"": 0, ""by_type"": {}}, ""Bogorodica L5"": {""total"": 1, ""by_type"": {""truck"": 1}}}",3
612,1,2026-05-01 04:26:59.689939 +00:00,5,6,3,0,2,1,"{""Bogorodica L1"": {""total"": 1, ""by_type"": {""truck"": 1}}, ""Bogorodica L2"": {""total"": 2, ""by_type"": {""bus"": 2}}, ""Bogorodica L3"": {""total"": 0, ""by_type"": {}}, ""Bogorodica L4"": {""total"": 1, ""by_type"": {""car"": 1}}, ""Bogorodica L5"": {""total"": 2, ""by_type"": {""car"": 2}}}",3
613,1,2026-05-01 04:31:59.883434 +00:00,5,2,0,0,2,0,"{""Bogorodica L1"": {""total"": 0, ""by_type"": {}}, ""Bogorodica L2"": {""total"": 2, ""by_type"": {""bus"": 2}}, ""Bogorodica L3"": {""total"": 0, ""by_type"": {}}, ""Bogorodica L4"": {""total"": 0, ""by_type"": {}}, ""Bogorodica L5"": {""total"": 0, ""by_type"": {}}}",2.5
614,1,2026-05-01 04:37:00.183637 +00:00,5,5,4,0,1,0,"{""Bogorodica L1"": {""total"": 0, ""by_type"": {}}, ""Bogorodica L2"": {""total"": 1, ""by_type"": {""bus"": 1}}, ""Bogorodica L3"": {""total"": 0, ""by_type"": {}}, ""Bogorodica L4"": {""total"": 2, ""by_type"": {""car"": 2}}, ""Bogorodica L5"": {""total"": 2, ""by_type"": {""car"": 2}}}",3
615,1,2026-05-01 04:42:00.602552 +00:00,5,6,4,0,2,0,"{""Bogorodica L1"": {""total"": 1, ""by_type"": {""bus"": 1}}, ""Bogorodica L2"": {""total"": 1, ""by_type"": {""bus"": 1}}, ""Bogorodica L3"": {""total"": 0, ""by_type"": {}}, ""Bogorodica L4"": {""total"": 2, ""by_type"": {""car"": 2}}, ""Bogorodica L5"": {""total"": 2, ""by_type"": {""car"": 2}}}",2.5
616,1,2026-05-01 04:47:00.948552 +00:00,5,3,2,0,1,0,"{""Bogorodica L1"": {""total"": 0, ""by_type"": {}}, ""Bogorodica L2"": {""total"": 1, ""by_type"": {""bus"": 1}}, ""Bogorodica L3"": {""total"": 0, ""by_type"": {}}, ""Bogorodica L4"": {""total"": 1, ""by_type"": {""car"": 1}}, ""Bogorodica L5"": {""total"": 1, ""by_type"": {""car"": 1}}}",3
617,1,2026-05-01 04:52:01.099224 +00:00,5,2,1,0,1,0,"{""Bogorodica L1"": {""total"": 0, ""by_type"": {}}, ""Bogorodica L2"": {""total"": 1, ""by_type"": {""bus"": 1}}, ""Bogorodica L3"": {""total"": 0, ""by_type"": {}}, ""Bogorodica L4"": {""total"": 0, ""by_type"": {}}, ""Bogorodica L5"": {""total"": 1, ""by_type"": {""car"": 1}}}",3
650,1,2026-05-01 07:37:07.728031 +00:00,5,3,2,0,0,1,"{""Bogorodica L1"": {""total"": 1, ""by_type"": {""truck"": 1}}, ""Bogorodica L2"": {""total"": 0, ""by_type"": {}}, ""Bogorodica L3"": {""total"": 0, ""by_type"": {}}, ""Bogorodica L4"": {""total"": 2, ""by_type"": {""car"": 2}}, ""Bogorodica L5"": {""total"": 0, ""by_type"": {}}}",3
618,1,2026-05-01 04:57:01.349736 +00:00,5,8,6,0,1,1,"{""Bogorodica L1"": {""total"": 1, ""by_type"": {""truck"": 1}}, ""Bogorodica L2"": {""total"": 1, ""by_type"": {""bus"": 1}}, ""Bogorodica L3"": {""total"": 0, ""by_type"": {}}, ""Bogorodica L4"": {""total"": 2, ""by_type"": {""car"": 2}}, ""Bogorodica L5"": {""total"": 4, ""by_type"": {""car"": 4}}}",3
619,1,2026-05-01 05:02:01.679631 +00:00,5,4,3,0,0,1,"{""Bogorodica L1"": {""total"": 1, ""by_type"": {""truck"": 1}}, ""Bogorodica L2"": {""total"": 0, ""by_type"": {}}, ""Bogorodica L3"": {""total"": 0, ""by_type"": {}}, ""Bogorodica L4"": {""total"": 1, ""by_type"": {""car"": 1}}, ""Bogorodica L5"": {""total"": 2, ""by_type"": {""car"": 2}}}",3
620,1,2026-05-01 05:07:01.956383 +00:00,5,12,11,0,1,0,"{""Bogorodica L1"": {""total"": 1, ""by_type"": {""bus"": 1}}, ""Bogorodica L2"": {""total"": 0, ""by_type"": {}}, ""Bogorodica L3"": {""total"": 2, ""by_type"": {""car"": 2}}, ""Bogorodica L4"": {""total"": 4, ""by_type"": {""car"": 4}}, ""Bogorodica L5"": {""total"": 5, ""by_type"": {""car"": 5}}}",3
621,1,2026-05-01 05:12:02.339145 +00:00,5,12,10,0,2,0,"{""Bogorodica L1"": {""total"": 2, ""by_type"": {""bus"": 2}}, ""Bogorodica L2"": {""total"": 1, ""by_type"": {""car"": 1}}, ""Bogorodica L3"": {""total"": 0, ""by_type"": {}}, ""Bogorodica L4"": {""total"": 5, ""by_type"": {""car"": 5}}, ""Bogorodica L5"": {""total"": 4, ""by_type"": {""car"": 4}}}",3
622,1,2026-05-01 05:17:02.591475 +00:00,5,12,9,0,1,2,"{""Bogorodica L1"": {""total"": 2, ""by_type"": {""bus"": 1, ""truck"": 1}}, ""Bogorodica L2"": {""total"": 2, ""by_type"": {""car"": 2}}, ""Bogorodica L3"": {""total"": 3, ""by_type"": {""car"": 3}}, ""Bogorodica L4"": {""total"": 2, ""by_type"": {""car"": 2}}, ""Bogorodica L5"": {""total"": 3, ""by_type"": {""car"": 2, ""truck"": 1}}}",3
623,1,2026-05-01 05:22:02.722703 +00:00,5,5,2,0,2,1,"{""Bogorodica L1"": {""total"": 2, ""by_type"": {""bus"": 2}}, ""Bogorodica L2"": {""total"": 0, ""by_type"": {}}, ""Bogorodica L3"": {""total"": 1, ""by_type"": {""car"": 1}}, ""Bogorodica L4"": {""total"": 1, ""by_type"": {""car"": 1}}, ""Bogorodica L5"": {""total"": 1, ""by_type"": {""truck"": 1}}}",3
624,1,2026-05-01 05:27:02.776140 +00:00,5,11,6,0,5,0,"{""Bogorodica L1"": {""total"": 5, ""by_type"": {""bus"": 5}}, ""Bogorodica L2"": {""total"": 0, ""by_type"": {}}, ""Bogorodica L3"": {""total"": 2, ""by_type"": {""car"": 2}}, ""Bogorodica L4"": {""total"": 3, ""by_type"": {""car"": 3}}, ""Bogorodica L5"": {""total"": 1, ""by_type"": {""car"": 1}}}",2.5
625,1,2026-05-01 05:32:02.899379 +00:00,5,7,2,0,4,1,"{""Bogorodica L1"": {""total"": 4, ""by_type"": {""bus"": 4}}, ""Bogorodica L2"": {""total"": 0, ""by_type"": {}}, ""Bogorodica L3"": {""total"": 0, ""by_type"": {}}, ""Bogorodica L4"": {""total"": 1, ""by_type"": {""car"": 1}}, ""Bogorodica L5"": {""total"": 2, ""by_type"": {""car"": 1, ""truck"": 1}}}",3
626,1,2026-05-01 05:37:03.146616 +00:00,5,7,2,0,5,0,"{""Bogorodica L1"": {""total"": 5, ""by_type"": {""bus"": 5}}, ""Bogorodica L2"": {""total"": 0, ""by_type"": {}}, ""Bogorodica L3"": {""total"": 0, ""by_type"": {}}, ""Bogorodica L4"": {""total"": 0, ""by_type"": {}}, ""Bogorodica L5"": {""total"": 2, ""by_type"": {""car"": 2}}}",3
627,1,2026-05-01 05:42:03.265070 +00:00,5,13,8,0,4,1,"{""Bogorodica L1"": {""total"": 4, ""by_type"": {""bus"": 4}}, ""Bogorodica L2"": {""total"": 2, ""by_type"": {""car"": 2}}, ""Bogorodica L3"": {""total"": 1, ""by_type"": {""car"": 1}}, ""Bogorodica L4"": {""total"": 3, ""by_type"": {""car"": 3}}, ""Bogorodica L5"": {""total"": 3, ""by_type"": {""car"": 2, ""truck"": 1}}}",3
628,1,2026-05-01 05:47:03.502217 +00:00,5,4,2,0,2,0,"{""Bogorodica L1"": {""total"": 2, ""by_type"": {""bus"": 2}}, ""Bogorodica L2"": {""total"": 0, ""by_type"": {}}, ""Bogorodica L3"": {""total"": 1, ""by_type"": {""car"": 1}}, ""Bogorodica L4"": {""total"": 0, ""by_type"": {}}, ""Bogorodica L5"": {""total"": 1, ""by_type"": {""car"": 1}}}",3
629,1,2026-05-01 05:52:03.505013 +00:00,5,3,1,0,2,0,"{""Bogorodica L1"": {""total"": 2, ""by_type"": {""bus"": 2}}, ""Bogorodica L2"": {""total"": 0, ""by_type"": {}}, ""Bogorodica L3"": {""total"": 0, ""by_type"": {}}, ""Bogorodica L4"": {""total"": 1, ""by_type"": {""car"": 1}}, ""Bogorodica L5"": {""total"": 0, ""by_type"": {}}}",3
630,1,2026-05-01 05:57:03.681168 +00:00,5,4,1,0,1,2,"{""Bogorodica L1"": {""total"": 3, ""by_type"": {""bus"": 1, ""truck"": 2}}, ""Bogorodica L2"": {""total"": 0, ""by_type"": {}}, ""Bogorodica L3"": {""total"": 0, ""by_type"": {}}, ""Bogorodica L4"": {""total"": 0, ""by_type"": {}}, ""Bogorodica L5"": {""total"": 1, ""by_type"": {""car"": 1}}}",3
631,1,2026-05-01 06:02:03.948337 +00:00,5,4,1,0,2,1,"{""Bogorodica L1"": {""total"": 3, ""by_type"": {""bus"": 2, ""truck"": 1}}, ""Bogorodica L2"": {""total"": 0, ""by_type"": {}}, ""Bogorodica L3"": {""total"": 0, ""by_type"": {}}, ""Bogorodica L4"": {""total"": 0, ""by_type"": {}}, ""Bogorodica L5"": {""total"": 1, ""by_type"": {""car"": 1}}}",3
632,1,2026-05-01 06:07:04.074970 +00:00,5,6,4,0,1,1,"{""Bogorodica L1"": {""total"": 2, ""by_type"": {""bus"": 1, ""truck"": 1}}, ""Bogorodica L2"": {""total"": 0, ""by_type"": {}}, ""Bogorodica L3"": {""total"": 0, ""by_type"": {}}, ""Bogorodica L4"": {""total"": 3, ""by_type"": {""car"": 3}}, ""Bogorodica L5"": {""total"": 1, ""by_type"": {""car"": 1}}}",2.5
633,1,2026-05-01 06:12:04.402670 +00:00,5,8,3,0,4,1,"{""Bogorodica L1"": {""total"": 4, ""by_type"": {""bus"": 4}}, ""Bogorodica L2"": {""total"": 0, ""by_type"": {}}, ""Bogorodica L3"": {""total"": 0, ""by_type"": {}}, ""Bogorodica L4"": {""total"": 4, ""by_type"": {""car"": 3, ""truck"": 1}}, ""Bogorodica L5"": {""total"": 0, ""by_type"": {}}}",3
634,1,2026-05-01 06:17:04.768153 +00:00,5,12,9,0,3,0,"{""Bogorodica L1"": {""total"": 3, ""by_type"": {""bus"": 3}}, ""Bogorodica L2"": {""total"": 1, ""by_type"": {""car"": 1}}, ""Bogorodica L3"": {""total"": 2, ""by_type"": {""car"": 2}}, ""Bogorodica L4"": {""total"": 3, ""by_type"": {""car"": 3}}, ""Bogorodica L5"": {""total"": 3, ""by_type"": {""car"": 3}}}",3
635,1,2026-05-01 06:22:04.970958 +00:00,5,5,1,0,3,1,"{""Bogorodica L1"": {""total"": 4, ""by_type"": {""bus"": 3, ""truck"": 1}}, ""Bogorodica L2"": {""total"": 0, ""by_type"": {}}, ""Bogorodica L3"": {""total"": 0, ""by_type"": {}}, ""Bogorodica L4"": {""total"": 1, ""by_type"": {""car"": 1}}, ""Bogorodica L5"": {""total"": 0, ""by_type"": {}}}",3
636,1,2026-05-01 06:27:05.153412 +00:00,5,15,10,0,5,0,"{""Bogorodica L1"": {""total"": 5, ""by_type"": {""bus"": 5}}, ""Bogorodica L2"": {""total"": 2, ""by_type"": {""car"": 2}}, ""Bogorodica L3"": {""total"": 2, ""by_type"": {""car"": 2}}, ""Bogorodica L4"": {""total"": 2, ""by_type"": {""car"": 2}}, ""Bogorodica L5"": {""total"": 4, ""by_type"": {""car"": 4}}}",3
637,1,2026-05-01 06:32:05.229894 +00:00,5,13,11,0,2,0,"{""Bogorodica L1"": {""total"": 1, ""by_type"": {""bus"": 1}}, ""Bogorodica L2"": {""total"": 2, ""by_type"": {""bus"": 1, ""car"": 1}}, ""Bogorodica L3"": {""total"": 0, ""by_type"": {}}, ""Bogorodica L4"": {""total"": 4, ""by_type"": {""car"": 4}}, ""Bogorodica L5"": {""total"": 6, ""by_type"": {""car"": 6}}}",3
638,1,2026-05-01 06:37:05.320477 +00:00,5,15,11,0,4,0,"{""Bogorodica L1"": {""total"": 4, ""by_type"": {""bus"": 4}}, ""Bogorodica L2"": {""total"": 0, ""by_type"": {}}, ""Bogorodica L3"": {""total"": 2, ""by_type"": {""car"": 2}}, ""Bogorodica L4"": {""total"": 6, ""by_type"": {""car"": 6}}, ""Bogorodica L5"": {""total"": 3, ""by_type"": {""car"": 3}}}",3
639,1,2026-05-01 06:42:05.595209 +00:00,5,15,11,0,1,3,"{""Bogorodica L1"": {""total"": 3, ""by_type"": {""bus"": 1, ""truck"": 2}}, ""Bogorodica L2"": {""total"": 2, ""by_type"": {""car"": 1, ""truck"": 1}}, ""Bogorodica L3"": {""total"": 1, ""by_type"": {""car"": 1}}, ""Bogorodica L4"": {""total"": 2, ""by_type"": {""car"": 2}}, ""Bogorodica L5"": {""total"": 7, ""by_type"": {""car"": 7}}}",3
640,1,2026-05-01 06:47:05.695081 +00:00,5,16,15,0,0,1,"{""Bogorodica L1"": {""total"": 1, ""by_type"": {""truck"": 1}}, ""Bogorodica L2"": {""total"": 2, ""by_type"": {""car"": 2}}, ""Bogorodica L3"": {""total"": 2, ""by_type"": {""car"": 2}}, ""Bogorodica L4"": {""total"": 5, ""by_type"": {""car"": 5}}, ""Bogorodica L5"": {""total"": 6, ""by_type"": {""car"": 6}}}",2.5
641,1,2026-05-01 06:52:06.072518 +00:00,5,8,7,0,0,1,"{""Bogorodica L1"": {""total"": 1, ""by_type"": {""truck"": 1}}, ""Bogorodica L2"": {""total"": 2, ""by_type"": {""car"": 2}}, ""Bogorodica L3"": {""total"": 1, ""by_type"": {""car"": 1}}, ""Bogorodica L4"": {""total"": 1, ""by_type"": {""car"": 1}}, ""Bogorodica L5"": {""total"": 3, ""by_type"": {""car"": 3}}}",3
642,1,2026-05-01 06:57:06.362449 +00:00,5,6,4,0,1,1,"{""Bogorodica L1"": {""total"": 1, ""by_type"": {""truck"": 1}}, ""Bogorodica L2"": {""total"": 0, ""by_type"": {}}, ""Bogorodica L3"": {""total"": 0, ""by_type"": {}}, ""Bogorodica L4"": {""total"": 1, ""by_type"": {""car"": 1}}, ""Bogorodica L5"": {""total"": 4, ""by_type"": {""bus"": 1, ""car"": 3}}}",3
643,1,2026-05-01 07:02:06.581136 +00:00,5,3,2,0,0,1,"{""Bogorodica L1"": {""total"": 1, ""by_type"": {""truck"": 1}}, ""Bogorodica L2"": {""total"": 0, ""by_type"": {}}, ""Bogorodica L3"": {""total"": 0, ""by_type"": {}}, ""Bogorodica L4"": {""total"": 1, ""by_type"": {""car"": 1}}, ""Bogorodica L5"": {""total"": 1, ""by_type"": {""car"": 1}}}",3
644,1,2026-05-01 07:07:06.698728 +00:00,5,2,1,0,0,1,"{""Bogorodica L1"": {""total"": 1, ""by_type"": {""truck"": 1}}, ""Bogorodica L2"": {""total"": 0, ""by_type"": {}}, ""Bogorodica L3"": {""total"": 0, ""by_type"": {}}, ""Bogorodica L4"": {""total"": 1, ""by_type"": {""car"": 1}}, ""Bogorodica L5"": {""total"": 0, ""by_type"": {}}}",3
645,1,2026-05-01 07:12:06.877643 +00:00,5,8,7,0,0,1,"{""Bogorodica L1"": {""total"": 1, ""by_type"": {""truck"": 1}}, ""Bogorodica L2"": {""total"": 0, ""by_type"": {}}, ""Bogorodica L3"": {""total"": 0, ""by_type"": {}}, ""Bogorodica L4"": {""total"": 4, ""by_type"": {""car"": 4}}, ""Bogorodica L5"": {""total"": 3, ""by_type"": {""car"": 3}}}",3
646,1,2026-05-01 07:17:06.909744 +00:00,5,7,6,0,0,1,"{""Bogorodica L1"": {""total"": 1, ""by_type"": {""truck"": 1}}, ""Bogorodica L2"": {""total"": 1, ""by_type"": {""car"": 1}}, ""Bogorodica L3"": {""total"": 1, ""by_type"": {""car"": 1}}, ""Bogorodica L4"": {""total"": 0, ""by_type"": {}}, ""Bogorodica L5"": {""total"": 4, ""by_type"": {""car"": 4}}}",2.5
647,1,2026-05-01 07:22:07.011557 +00:00,5,8,5,0,1,2,"{""Bogorodica L1"": {""total"": 1, ""by_type"": {""truck"": 1}}, ""Bogorodica L2"": {""total"": 0, ""by_type"": {}}, ""Bogorodica L3"": {""total"": 1, ""by_type"": {""bus"": 1}}, ""Bogorodica L4"": {""total"": 4, ""by_type"": {""car"": 3, ""truck"": 1}}, ""Bogorodica L5"": {""total"": 2, ""by_type"": {""car"": 2}}}",3
648,1,2026-05-01 07:27:07.186253 +00:00,5,10,9,0,0,1,"{""Bogorodica L1"": {""total"": 1, ""by_type"": {""truck"": 1}}, ""Bogorodica L2"": {""total"": 0, ""by_type"": {}}, ""Bogorodica L3"": {""total"": 3, ""by_type"": {""car"": 3}}, ""Bogorodica L4"": {""total"": 2, ""by_type"": {""car"": 2}}, ""Bogorodica L5"": {""total"": 4, ""by_type"": {""car"": 4}}}",3
649,1,2026-05-01 07:32:07.479901 +00:00,5,5,4,0,0,1,"{""Bogorodica L1"": {""total"": 1, ""by_type"": {""truck"": 1}}, ""Bogorodica L2"": {""total"": 0, ""by_type"": {}}, ""Bogorodica L3"": {""total"": 0, ""by_type"": {}}, ""Bogorodica L4"": {""total"": 2, ""by_type"": {""car"": 2}}, ""Bogorodica L5"": {""total"": 2, ""by_type"": {""car"": 2}}}",3
651,1,2026-05-01 07:42:07.844123 +00:00,5,2,1,0,0,1,"{""Bogorodica L1"": {""total"": 1, ""by_type"": {""truck"": 1}}, ""Bogorodica L2"": {""total"": 0, ""by_type"": {}}, ""Bogorodica L3"": {""total"": 0, ""by_type"": {}}, ""Bogorodica L4"": {""total"": 1, ""by_type"": {""car"": 1}}, ""Bogorodica L5"": {""total"": 0, ""by_type"": {}}}",3
652,1,2026-05-01 07:47:08.182152 +00:00,5,2,1,0,0,1,"{""Bogorodica L1"": {""total"": 1, ""by_type"": {""truck"": 1}}, ""Bogorodica L2"": {""total"": 0, ""by_type"": {}}, ""Bogorodica L3"": {""total"": 0, ""by_type"": {}}, ""Bogorodica L4"": {""total"": 1, ""by_type"": {""car"": 1}}, ""Bogorodica L5"": {""total"": 0, ""by_type"": {}}}",3
653,1,2026-05-01 07:52:08.574853 +00:00,5,1,0,0,0,1,"{""Bogorodica L1"": {""total"": 1, ""by_type"": {""truck"": 1}}, ""Bogorodica L2"": {""total"": 0, ""by_type"": {}}, ""Bogorodica L3"": {""total"": 0, ""by_type"": {}}, ""Bogorodica L4"": {""total"": 0, ""by_type"": {}}, ""Bogorodica L5"": {""total"": 0, ""by_type"": {}}}",3
654,1,2026-05-01 07:57:08.629119 +00:00,5,3,0,0,0,3,"{""Bogorodica L1"": {""total"": 2, ""by_type"": {""truck"": 2}}, ""Bogorodica L2"": {""total"": 1, ""by_type"": {""truck"": 1}}, ""Bogorodica L3"": {""total"": 0, ""by_type"": {}}, ""Bogorodica L4"": {""total"": 0, ""by_type"": {}}, ""Bogorodica L5"": {""total"": 0, ""by_type"": {}}}",2.5
655,1,2026-05-01 08:02:08.743339 +00:00,5,2,1,0,0,1,"{""Bogorodica L1"": {""total"": 1, ""by_type"": {""truck"": 1}}, ""Bogorodica L2"": {""total"": 0, ""by_type"": {}}, ""Bogorodica L3"": {""total"": 0, ""by_type"": {}}, ""Bogorodica L4"": {""total"": 0, ""by_type"": {}}, ""Bogorodica L5"": {""total"": 1, ""by_type"": {""car"": 1}}}",3
656,1,2026-05-01 08:07:08.756253 +00:00,5,1,0,0,0,1,"{""Bogorodica L1"": {""total"": 1, ""by_type"": {""truck"": 1}}, ""Bogorodica L2"": {""total"": 0, ""by_type"": {}}, ""Bogorodica L3"": {""total"": 0, ""by_type"": {}}, ""Bogorodica L4"": {""total"": 0, ""by_type"": {}}, ""Bogorodica L5"": {""total"": 0, ""by_type"": {}}}",3
657,1,2026-05-01 08:12:09.104337 +00:00,5,1,0,0,0,1,"{""Bogorodica L1"": {""total"": 1, ""by_type"": {""truck"": 1}}, ""Bogorodica L2"": {""total"": 0, ""by_type"": {}}, ""Bogorodica L3"": {""total"": 0, ""by_type"": {}}, ""Bogorodica L4"": {""total"": 0, ""by_type"": {}}, ""Bogorodica L5"": {""total"": 0, ""by_type"": {}}}",3
658,1,2026-05-01 08:17:09.385623 +00:00,5,3,2,0,0,1,"{""Bogorodica L1"": {""total"": 1, ""by_type"": {""truck"": 1}}, ""Bogorodica L2"": {""total"": 0, ""by_type"": {}}, ""Bogorodica L3"": {""total"": 0, ""by_type"": {}}, ""Bogorodica L4"": {""total"": 0, ""by_type"": {}}, ""Bogorodica L5"": {""total"": 2, ""by_type"": {""car"": 2}}}",3
659,1,2026-05-01 08:22:09.516056 +00:00,5,1,0,0,0,1,"{""Bogorodica L1"": {""total"": 1, ""by_type"": {""truck"": 1}}, ""Bogorodica L2"": {""total"": 0, ""by_type"": {}}, ""Bogorodica L3"": {""total"": 0, ""by_type"": {}}, ""Bogorodica L4"": {""total"": 0, ""by_type"": {}}, ""Bogorodica L5"": {""total"": 0, ""by_type"": {}}}",3
660,1,2026-05-01 08:27:09.712248 +00:00,5,1,0,0,0,1,"{""Bogorodica L1"": {""total"": 1, ""by_type"": {""truck"": 1}}, ""Bogorodica L2"": {""total"": 0, ""by_type"": {}}, ""Bogorodica L3"": {""total"": 0, ""by_type"": {}}, ""Bogorodica L4"": {""total"": 0, ""by_type"": {}}, ""Bogorodica L5"": {""total"": 0, ""by_type"": {}}}",3
661,1,2026-05-01 08:32:09.727599 +00:00,5,8,6,0,0,2,"{""Bogorodica L1"": {""total"": 1, ""by_type"": {""truck"": 1}}, ""Bogorodica L2"": {""total"": 2, ""by_type"": {""car"": 1, ""truck"": 1}}, ""Bogorodica L3"": {""total"": 1, ""by_type"": {""car"": 1}}, ""Bogorodica L4"": {""total"": 1, ""by_type"": {""car"": 1}}, ""Bogorodica L5"": {""total"": 3, ""by_type"": {""car"": 3}}}",2.5
662,1,2026-05-01 08:37:09.790457 +00:00,5,8,7,0,0,1,"{""Bogorodica L1"": {""total"": 1, ""by_type"": {""truck"": 1}}, ""Bogorodica L2"": {""total"": 0, ""by_type"": {}}, ""Bogorodica L3"": {""total"": 3, ""by_type"": {""car"": 3}}, ""Bogorodica L4"": {""total"": 3, ""by_type"": {""car"": 3}}, ""Bogorodica L5"": {""total"": 1, ""by_type"": {""car"": 1}}}",3
663,1,2026-05-01 08:42:10.026302 +00:00,5,4,3,0,0,1,"{""Bogorodica L1"": {""total"": 1, ""by_type"": {""truck"": 1}}, ""Bogorodica L2"": {""total"": 0, ""by_type"": {}}, ""Bogorodica L3"": {""total"": 1, ""by_type"": {""car"": 1}}, ""Bogorodica L4"": {""total"": 2, ""by_type"": {""car"": 2}}, ""Bogorodica L5"": {""total"": 0, ""by_type"": {}}}",3
664,1,2026-05-01 08:47:10.390588 +00:00,5,2,1,0,0,1,"{""Bogorodica L1"": {""total"": 1, ""by_type"": {""truck"": 1}}, ""Bogorodica L2"": {""total"": 0, ""by_type"": {}}, ""Bogorodica L3"": {""total"": 1, ""by_type"": {""car"": 1}}, ""Bogorodica L4"": {""total"": 0, ""by_type"": {}}, ""Bogorodica L5"": {""total"": 0, ""by_type"": {}}}",3
665,1,2026-05-01 08:52:10.501764 +00:00,5,1,1,0,0,0,"{""Bogorodica L1"": {""total"": 0, ""by_type"": {}}, ""Bogorodica L2"": {""total"": 0, ""by_type"": {}}, ""Bogorodica L3"": {""total"": 0, ""by_type"": {}}, ""Bogorodica L4"": {""total"": 1, ""by_type"": {""car"": 1}}, ""Bogorodica L5"": {""total"": 0, ""by_type"": {}}}",3
666,1,2026-05-01 08:57:10.820366 +00:00,5,2,1,0,0,1,"{""Bogorodica L1"": {""total"": 1, ""by_type"": {""truck"": 1}}, ""Bogorodica L2"": {""total"": 0, ""by_type"": {}}, ""Bogorodica L3"": {""total"": 0, ""by_type"": {}}, ""Bogorodica L4"": {""total"": 0, ""by_type"": {}}, ""Bogorodica L5"": {""total"": 1, ""by_type"": {""car"": 1}}}",3
667,1,2026-05-01 09:02:11.149326 +00:00,5,2,1,0,0,1,"{""Bogorodica L1"": {""total"": 1, ""by_type"": {""truck"": 1}}, ""Bogorodica L2"": {""total"": 0, ""by_type"": {}}, ""Bogorodica L3"": {""total"": 0, ""by_type"": {}}, ""Bogorodica L4"": {""total"": 0, ""by_type"": {}}, ""Bogorodica L5"": {""total"": 1, ""by_type"": {""car"": 1}}}",3
669,1,2026-05-01 09:12:11.236140 +00:00,5,4,4,0,0,0,"{""Bogorodica L1"": {""total"": 0, ""by_type"": {}}, ""Bogorodica L2"": {""total"": 0, ""by_type"": {}}, ""Bogorodica L3"": {""total"": 1, ""by_type"": {""car"": 1}}, ""Bogorodica L4"": {""total"": 0, ""by_type"": {}}, ""Bogorodica L5"": {""total"": 3, ""by_type"": {""car"": 3}}}",3
670,1,2026-05-01 09:17:11.297227 +00:00,5,4,4,0,0,0,"{""Bogorodica L1"": {""total"": 0, ""by_type"": {}}, ""Bogorodica L2"": {""total"": 0, ""by_type"": {}}, ""Bogorodica L3"": {""total"": 0, ""by_type"": {}}, ""Bogorodica L4"": {""total"": 3, ""by_type"": {""car"": 3}}, ""Bogorodica L5"": {""total"": 1, ""by_type"": {""car"": 1}}}",3
671,1,2026-05-01 09:22:11.512060 +00:00,5,1,0,0,0,1,"{""Bogorodica L1"": {""total"": 1, ""by_type"": {""truck"": 1}}, ""Bogorodica L2"": {""total"": 0, ""by_type"": {}}, ""Bogorodica L3"": {""total"": 0, ""by_type"": {}}, ""Bogorodica L4"": {""total"": 0, ""by_type"": {}}, ""Bogorodica L5"": {""total"": 0, ""by_type"": {}}}",3
672,1,2026-05-01 09:27:11.600549 +00:00,5,5,3,0,0,2,"{""Bogorodica L1"": {""total"": 1, ""by_type"": {""truck"": 1}}, ""Bogorodica L2"": {""total"": 0, ""by_type"": {}}, ""Bogorodica L3"": {""total"": 0, ""by_type"": {}}, ""Bogorodica L4"": {""total"": 4, ""by_type"": {""car"": 3, ""truck"": 1}}, ""Bogorodica L5"": {""total"": 0, ""by_type"": {}}}",3
673,1,2026-05-01 09:32:11.826910 +00:00,5,4,2,0,0,2,"{""Bogorodica L1"": {""total"": 2, ""by_type"": {""truck"": 2}}, ""Bogorodica L2"": {""total"": 0, ""by_type"": {}}, ""Bogorodica L3"": {""total"": 0, ""by_type"": {}}, ""Bogorodica L4"": {""total"": 0, ""by_type"": {}}, ""Bogorodica L5"": {""total"": 2, ""by_type"": {""car"": 2}}}",3
674,1,2026-05-01 09:37:12.134158 +00:00,5,2,1,0,0,1,"{""Bogorodica L1"": {""total"": 1, ""by_type"": {""truck"": 1}}, ""Bogorodica L2"": {""total"": 0, ""by_type"": {}}, ""Bogorodica L3"": {""total"": 0, ""by_type"": {}}, ""Bogorodica L4"": {""total"": 1, ""by_type"": {""car"": 1}}, ""Bogorodica L5"": {""total"": 0, ""by_type"": {}}}",3
675,1,2026-05-01 09:42:12.456406 +00:00,5,2,0,0,0,2,"{""Bogorodica L1"": {""total"": 2, ""by_type"": {""truck"": 2}}, ""Bogorodica L2"": {""total"": 0, ""by_type"": {}}, ""Bogorodica L3"": {""total"": 0, ""by_type"": {}}, ""Bogorodica L4"": {""total"": 0, ""by_type"": {}}, ""Bogorodica L5"": {""total"": 0, ""by_type"": {}}}",3
676,1,2026-05-01 09:47:12.729052 +00:00,5,2,2,0,0,0,"{""Bogorodica L1"": {""total"": 0, ""by_type"": {}}, ""Bogorodica L2"": {""total"": 0, ""by_type"": {}}, ""Bogorodica L3"": {""total"": 0, ""by_type"": {}}, ""Bogorodica L4"": {""total"": 1, ""by_type"": {""car"": 1}}, ""Bogorodica L5"": {""total"": 1, ""by_type"": {""car"": 1}}}",3
677,1,2026-05-01 09:52:12.751970 +00:00,5,1,1,0,0,0,"{""Bogorodica L1"": {""total"": 0, ""by_type"": {}}, ""Bogorodica L2"": {""total"": 0, ""by_type"": {}}, ""Bogorodica L3"": {""total"": 0, ""by_type"": {}}, ""Bogorodica L4"": {""total"": 1, ""by_type"": {""car"": 1}}, ""Bogorodica L5"": {""total"": 0, ""by_type"": {}}}",3
678,1,2026-05-01 09:57:13.070200 +00:00,5,2,0,0,0,2,"{""Bogorodica L1"": {""total"": 2, ""by_type"": {""truck"": 2}}, ""Bogorodica L2"": {""total"": 0, ""by_type"": {}}, ""Bogorodica L3"": {""total"": 0, ""by_type"": {}}, ""Bogorodica L4"": {""total"": 0, ""by_type"": {}}, ""Bogorodica L5"": {""total"": 0, ""by_type"": {}}}",3
679,1,2026-05-01 10:02:13.216597 +00:00,5,3,3,0,0,0,"{""Bogorodica L1"": {""total"": 0, ""by_type"": {}}, ""Bogorodica L2"": {""total"": 0, ""by_type"": {}}, ""Bogorodica L3"": {""total"": 0, ""by_type"": {}}, ""Bogorodica L4"": {""total"": 2, ""by_type"": {""car"": 2}}, ""Bogorodica L5"": {""total"": 1, ""by_type"": {""car"": 1}}}",3
680,1,2026-05-01 10:07:13.318886 +00:00,5,2,1,0,0,1,"{""Bogorodica L1"": {""total"": 1, ""by_type"": {""truck"": 1}}, ""Bogorodica L2"": {""total"": 0, ""by_type"": {}}, ""Bogorodica L3"": {""total"": 0, ""by_type"": {}}, ""Bogorodica L4"": {""total"": 0, ""by_type"": {}}, ""Bogorodica L5"": {""total"": 1, ""by_type"": {""car"": 1}}}",3
681,1,2026-05-01 10:12:13.542949 +00:00,5,0,0,0,0,0,"{""Bogorodica L1"": {""total"": 0, ""by_type"": {}}, ""Bogorodica L2"": {""total"": 0, ""by_type"": {}}, ""Bogorodica L3"": {""total"": 0, ""by_type"": {}}, ""Bogorodica L4"": {""total"": 0, ""by_type"": {}}, ""Bogorodica L5"": {""total"": 0, ""by_type"": {}}}",3
682,1,2026-05-01 10:17:13.827302 +00:00,5,2,2,0,0,0,"{""Bogorodica L1"": {""total"": 0, ""by_type"": {}}, ""Bogorodica L2"": {""total"": 0, ""by_type"": {}}, ""Bogorodica L3"": {""total"": 0, ""by_type"": {}}, ""Bogorodica L4"": {""total"": 1, ""by_type"": {""car"": 1}}, ""Bogorodica L5"": {""total"": 1, ""by_type"": {""car"": 1}}}",3
683,1,2026-05-01 10:22:14.024933 +00:00,5,1,0,0,0,1,"{""Bogorodica L1"": {""total"": 1, ""by_type"": {""truck"": 1}}, ""Bogorodica L2"": {""total"": 0, ""by_type"": {}}, ""Bogorodica L3"": {""total"": 0, ""by_type"": {}}, ""Bogorodica L4"": {""total"": 0, ""by_type"": {}}, ""Bogorodica L5"": {""total"": 0, ""by_type"": {}}}",3
684,1,2026-05-01 10:27:14.335217 +00:00,5,2,1,0,0,1,"{""Bogorodica L1"": {""total"": 1, ""by_type"": {""truck"": 1}}, ""Bogorodica L2"": {""total"": 0, ""by_type"": {}}, ""Bogorodica L3"": {""total"": 0, ""by_type"": {}}, ""Bogorodica L4"": {""total"": 0, ""by_type"": {}}, ""Bogorodica L5"": {""total"": 1, ""by_type"": {""car"": 1}}}",3
685,1,2026-05-01 10:32:14.475183 +00:00,5,1,0,0,0,1,"{""Bogorodica L1"": {""total"": 1, ""by_type"": {""truck"": 1}}, ""Bogorodica L2"": {""total"": 0, ""by_type"": {}}, ""Bogorodica L3"": {""total"": 0, ""by_type"": {}}, ""Bogorodica L4"": {""total"": 0, ""by_type"": {}}, ""Bogorodica L5"": {""total"": 0, ""by_type"": {}}}",3
686,1,2026-05-01 10:37:14.559992 +00:00,5,3,3,0,0,0,"{""Bogorodica L1"": {""total"": 0, ""by_type"": {}}, ""Bogorodica L2"": {""total"": 0, ""by_type"": {}}, ""Bogorodica L3"": {""total"": 1, ""by_type"": {""car"": 1}}, ""Bogorodica L4"": {""total"": 2, ""by_type"": {""car"": 2}}, ""Bogorodica L5"": {""total"": 0, ""by_type"": {}}}",2.5
688,1,2026-05-01 10:47:15.240000 +00:00,5,4,3,0,0,1,"{""Bogorodica L1"": {""total"": 1, ""by_type"": {""truck"": 1}}, ""Bogorodica L2"": {""total"": 0, ""by_type"": {}}, ""Bogorodica L3"": {""total"": 0, ""by_type"": {}}, ""Bogorodica L4"": {""total"": 1, ""by_type"": {""car"": 1}}, ""Bogorodica L5"": {""total"": 2, ""by_type"": {""car"": 2}}}",2.5
689,1,2026-05-01 10:52:15.250127 +00:00,5,1,1,0,0,0,"{""Bogorodica L1"": {""total"": 0, ""by_type"": {}}, ""Bogorodica L2"": {""total"": 0, ""by_type"": {}}, ""Bogorodica L3"": {""total"": 0, ""by_type"": {}}, ""Bogorodica L4"": {""total"": 0, ""by_type"": {}}, ""Bogorodica L5"": {""total"": 1, ""by_type"": {""car"": 1}}}",3
690,1,2026-05-01 10:57:15.532656 +00:00,5,3,2,0,0,1,"{""Bogorodica L1"": {""total"": 1, ""by_type"": {""truck"": 1}}, ""Bogorodica L2"": {""total"": 0, ""by_type"": {}}, ""Bogorodica L3"": {""total"": 0, ""by_type"": {}}, ""Bogorodica L4"": {""total"": 0, ""by_type"": {}}, ""Bogorodica L5"": {""total"": 2, ""by_type"": {""car"": 2}}}",3
691,1,2026-05-01 11:02:15.577502 +00:00,5,3,2,0,0,1,"{""Bogorodica L1"": {""total"": 1, ""by_type"": {""truck"": 1}}, ""Bogorodica L2"": {""total"": 0, ""by_type"": {}}, ""Bogorodica L3"": {""total"": 0, ""by_type"": {}}, ""Bogorodica L4"": {""total"": 1, ""by_type"": {""car"": 1}}, ""Bogorodica L5"": {""total"": 1, ""by_type"": {""car"": 1}}}",3
692,1,2026-05-01 11:07:15.676347 +00:00,5,1,0,0,0,1,"{""Bogorodica L1"": {""total"": 1, ""by_type"": {""truck"": 1}}, ""Bogorodica L2"": {""total"": 0, ""by_type"": {}}, ""Bogorodica L3"": {""total"": 0, ""by_type"": {}}, ""Bogorodica L4"": {""total"": 0, ""by_type"": {}}, ""Bogorodica L5"": {""total"": 0, ""by_type"": {}}}",3
693,1,2026-05-01 11:12:15.956029 +00:00,5,3,2,0,0,1,"{""Bogorodica L1"": {""total"": 1, ""by_type"": {""truck"": 1}}, ""Bogorodica L2"": {""total"": 0, ""by_type"": {}}, ""Bogorodica L3"": {""total"": 0, ""by_type"": {}}, ""Bogorodica L4"": {""total"": 0, ""by_type"": {}}, ""Bogorodica L5"": {""total"": 2, ""by_type"": {""car"": 2}}}",3
694,1,2026-05-01 11:17:16.261778 +00:00,5,0,0,0,0,0,"{""Bogorodica L1"": {""total"": 0, ""by_type"": {}}, ""Bogorodica L2"": {""total"": 0, ""by_type"": {}}, ""Bogorodica L3"": {""total"": 0, ""by_type"": {}}, ""Bogorodica L4"": {""total"": 0, ""by_type"": {}}, ""Bogorodica L5"": {""total"": 0, ""by_type"": {}}}",3
695,1,2026-05-01 11:22:16.446338 +00:00,5,1,0,0,0,1,"{""Bogorodica L1"": {""total"": 1, ""by_type"": {""truck"": 1}}, ""Bogorodica L2"": {""total"": 0, ""by_type"": {}}, ""Bogorodica L3"": {""total"": 0, ""by_type"": {}}, ""Bogorodica L4"": {""total"": 0, ""by_type"": {}}, ""Bogorodica L5"": {""total"": 0, ""by_type"": {}}}",3
696,1,2026-05-01 11:27:16.752542 +00:00,5,0,0,0,0,0,"{""Bogorodica L1"": {""total"": 0, ""by_type"": {}}, ""Bogorodica L2"": {""total"": 0, ""by_type"": {}}, ""Bogorodica L3"": {""total"": 0, ""by_type"": {}}, ""Bogorodica L4"": {""total"": 0, ""by_type"": {}}, ""Bogorodica L5"": {""total"": 0, ""by_type"": {}}}",3
697,1,2026-05-01 11:32:17.055623 +00:00,5,1,0,0,0,1,"{""Bogorodica L1"": {""total"": 1, ""by_type"": {""truck"": 1}}, ""Bogorodica L2"": {""total"": 0, ""by_type"": {}}, ""Bogorodica L3"": {""total"": 0, ""by_type"": {}}, ""Bogorodica L4"": {""total"": 0, ""by_type"": {}}, ""Bogorodica L5"": {""total"": 0, ""by_type"": {}}}",3
698,1,2026-05-01 11:37:17.361541 +00:00,5,0,0,0,0,0,"{""Bogorodica L1"": {""total"": 0, ""by_type"": {}}, ""Bogorodica L2"": {""total"": 0, ""by_type"": {}}, ""Bogorodica L3"": {""total"": 0, ""by_type"": {}}, ""Bogorodica L4"": {""total"": 0, ""by_type"": {}}, ""Bogorodica L5"": {""total"": 0, ""by_type"": {}}}",3
699,1,2026-05-01 11:42:17.586887 +00:00,5,3,3,0,0,0,"{""Bogorodica L1"": {""total"": 0, ""by_type"": {}}, ""Bogorodica L2"": {""total"": 0, ""by_type"": {}}, ""Bogorodica L3"": {""total"": 0, ""by_type"": {}}, ""Bogorodica L4"": {""total"": 2, ""by_type"": {""car"": 2}}, ""Bogorodica L5"": {""total"": 1, ""by_type"": {""car"": 1}}}",3
700,1,2026-05-01 11:47:17.818131 +00:00,5,6,6,0,0,0,"{""Bogorodica L1"": {""total"": 0, ""by_type"": {}}, ""Bogorodica L2"": {""total"": 0, ""by_type"": {}}, ""Bogorodica L3"": {""total"": 0, ""by_type"": {}}, ""Bogorodica L4"": {""total"": 2, ""by_type"": {""car"": 2}}, ""Bogorodica L5"": {""total"": 4, ""by_type"": {""car"": 4}}}",3
701,1,2026-05-01 11:52:17.972720 +00:00,5,5,4,0,0,1,"{""Bogorodica L1"": {""total"": 1, ""by_type"": {""truck"": 1}}, ""Bogorodica L2"": {""total"": 0, ""by_type"": {}}, ""Bogorodica L3"": {""total"": 0, ""by_type"": {}}, ""Bogorodica L4"": {""total"": 0, ""by_type"": {}}, ""Bogorodica L5"": {""total"": 4, ""by_type"": {""car"": 4}}}",3
702,1,2026-05-01 11:57:18.134397 +00:00,5,0,0,0,0,0,"{""Bogorodica L1"": {""total"": 0, ""by_type"": {}}, ""Bogorodica L2"": {""total"": 0, ""by_type"": {}}, ""Bogorodica L3"": {""total"": 0, ""by_type"": {}}, ""Bogorodica L4"": {""total"": 0, ""by_type"": {}}, ""Bogorodica L5"": {""total"": 0, ""by_type"": {}}}",3
703,1,2026-05-01 12:02:18.227837 +00:00,5,0,0,0,0,0,"{""Bogorodica L1"": {""total"": 0, ""by_type"": {}}, ""Bogorodica L2"": {""total"": 0, ""by_type"": {}}, ""Bogorodica L3"": {""total"": 0, ""by_type"": {}}, ""Bogorodica L4"": {""total"": 0, ""by_type"": {}}, ""Bogorodica L5"": {""total"": 0, ""by_type"": {}}}",3
704,1,2026-05-01 12:07:18.490880 +00:00,5,1,1,0,0,0,"{""Bogorodica L1"": {""total"": 0, ""by_type"": {}}, ""Bogorodica L2"": {""total"": 0, ""by_type"": {}}, ""Bogorodica L3"": {""total"": 0, ""by_type"": {}}, ""Bogorodica L4"": {""total"": 1, ""by_type"": {""car"": 1}}, ""Bogorodica L5"": {""total"": 0, ""by_type"": {}}}",3
705,1,2026-05-01 12:12:18.563849 +00:00,5,1,1,0,0,0,"{""Bogorodica L1"": {""total"": 0, ""by_type"": {}}, ""Bogorodica L2"": {""total"": 0, ""by_type"": {}}, ""Bogorodica L3"": {""total"": 0, ""by_type"": {}}, ""Bogorodica L4"": {""total"": 1, ""by_type"": {""car"": 1}}, ""Bogorodica L5"": {""total"": 0, ""by_type"": {}}}",3
706,1,2026-05-01 12:17:18.716216 +00:00,5,1,1,0,0,0,"{""Bogorodica L1"": {""total"": 0, ""by_type"": {}}, ""Bogorodica L2"": {""total"": 0, ""by_type"": {}}, ""Bogorodica L3"": {""total"": 0, ""by_type"": {}}, ""Bogorodica L4"": {""total"": 0, ""by_type"": {}}, ""Bogorodica L5"": {""total"": 1, ""by_type"": {""car"": 1}}}",3
707,1,2026-05-01 12:22:18.867121 +00:00,5,0,0,0,0,0,"{""Bogorodica L1"": {""total"": 0, ""by_type"": {}}, ""Bogorodica L2"": {""total"": 0, ""by_type"": {}}, ""Bogorodica L3"": {""total"": 0, ""by_type"": {}}, ""Bogorodica L4"": {""total"": 0, ""by_type"": {}}, ""Bogorodica L5"": {""total"": 0, ""by_type"": {}}}",3
708,1,2026-05-01 12:27:19.083374 +00:00,5,0,0,0,0,0,"{""Bogorodica L1"": {""total"": 0, ""by_type"": {}}, ""Bogorodica L2"": {""total"": 0, ""by_type"": {}}, ""Bogorodica L3"": {""total"": 0, ""by_type"": {}}, ""Bogorodica L4"": {""total"": 0, ""by_type"": {}}, ""Bogorodica L5"": {""total"": 0, ""by_type"": {}}}",3
709,1,2026-05-01 12:32:19.257787 +00:00,5,1,1,0,0,0,"{""Bogorodica L1"": {""total"": 0, ""by_type"": {}}, ""Bogorodica L2"": {""total"": 0, ""by_type"": {}}, ""Bogorodica L3"": {""total"": 0, ""by_type"": {}}, ""Bogorodica L4"": {""total"": 0, ""by_type"": {}}, ""Bogorodica L5"": {""total"": 1, ""by_type"": {""car"": 1}}}",3
710,1,2026-05-01 12:37:19.309998 +00:00,5,2,1,0,1,0,"{""Bogorodica L1"": {""total"": 0, ""by_type"": {}}, ""Bogorodica L2"": {""total"": 2, ""by_type"": {""bus"": 1, ""car"": 1}}, ""Bogorodica L3"": {""total"": 0, ""by_type"": {}}, ""Bogorodica L4"": {""total"": 0, ""by_type"": {}}, ""Bogorodica L5"": {""total"": 0, ""by_type"": {}}}",3
711,1,2026-05-01 12:42:19.653971 +00:00,5,0,0,0,0,0,"{""Bogorodica L1"": {""total"": 0, ""by_type"": {}}, ""Bogorodica L2"": {""total"": 0, ""by_type"": {}}, ""Bogorodica L3"": {""total"": 0, ""by_type"": {}}, ""Bogorodica L4"": {""total"": 0, ""by_type"": {}}, ""Bogorodica L5"": {""total"": 0, ""by_type"": {}}}",3
712,1,2026-05-01 12:47:19.981375 +00:00,5,10,9,0,0,1,"{""Bogorodica L1"": {""total"": 0, ""by_type"": {}}, ""Bogorodica L2"": {""total"": 0, ""by_type"": {}}, ""Bogorodica L3"": {""total"": 0, ""by_type"": {}}, ""Bogorodica L4"": {""total"": 6, ""by_type"": {""car"": 5, ""truck"": 1}}, ""Bogorodica L5"": {""total"": 4, ""by_type"": {""car"": 4}}}",2.5
713,1,2026-05-01 12:52:20.343639 +00:00,5,0,0,0,0,0,"{""Bogorodica L1"": {""total"": 0, ""by_type"": {}}, ""Bogorodica L2"": {""total"": 0, ""by_type"": {}}, ""Bogorodica L3"": {""total"": 0, ""by_type"": {}}, ""Bogorodica L4"": {""total"": 0, ""by_type"": {}}, ""Bogorodica L5"": {""total"": 0, ""by_type"": {}}}",3
714,1,2026-05-01 12:57:20.506949 +00:00,5,0,0,0,0,0,"{""Bogorodica L1"": {""total"": 0, ""by_type"": {}}, ""Bogorodica L2"": {""total"": 0, ""by_type"": {}}, ""Bogorodica L3"": {""total"": 0, ""by_type"": {}}, ""Bogorodica L4"": {""total"": 0, ""by_type"": {}}, ""Bogorodica L5"": {""total"": 0, ""by_type"": {}}}",3
715,1,2026-05-01 13:02:20.814881 +00:00,5,0,0,0,0,0,"{""Bogorodica L1"": {""total"": 0, ""by_type"": {}}, ""Bogorodica L2"": {""total"": 0, ""by_type"": {}}, ""Bogorodica L3"": {""total"": 0, ""by_type"": {}}, ""Bogorodica L4"": {""total"": 0, ""by_type"": {}}, ""Bogorodica L5"": {""total"": 0, ""by_type"": {}}}",3
716,1,2026-05-01 13:07:20.862547 +00:00,5,0,0,0,0,0,"{""Bogorodica L1"": {""total"": 0, ""by_type"": {}}, ""Bogorodica L2"": {""total"": 0, ""by_type"": {}}, ""Bogorodica L3"": {""total"": 0, ""by_type"": {}}, ""Bogorodica L4"": {""total"": 0, ""by_type"": {}}, ""Bogorodica L5"": {""total"": 0, ""by_type"": {}}}",3
717,1,2026-05-01 13:12:20.898993 +00:00,5,0,0,0,0,0,"{""Bogorodica L1"": {""total"": 0, ""by_type"": {}}, ""Bogorodica L2"": {""total"": 0, ""by_type"": {}}, ""Bogorodica L3"": {""total"": 0, ""by_type"": {}}, ""Bogorodica L4"": {""total"": 0, ""by_type"": {}}, ""Bogorodica L5"": {""total"": 0, ""by_type"": {}}}",3
718,1,2026-05-01 13:17:21.066690 +00:00,5,1,1,0,0,0,"{""Bogorodica L1"": {""total"": 0, ""by_type"": {}}, ""Bogorodica L2"": {""total"": 0, ""by_type"": {}}, ""Bogorodica L3"": {""total"": 0, ""by_type"": {}}, ""Bogorodica L4"": {""total"": 1, ""by_type"": {""car"": 1}}, ""Bogorodica L5"": {""total"": 0, ""by_type"": {}}}",3
719,1,2026-05-01 13:22:21.207519 +00:00,5,0,0,0,0,0,"{""Bogorodica L1"": {""total"": 0, ""by_type"": {}}, ""Bogorodica L2"": {""total"": 0, ""by_type"": {}}, ""Bogorodica L3"": {""total"": 0, ""by_type"": {}}, ""Bogorodica L4"": {""total"": 0, ""by_type"": {}}, ""Bogorodica L5"": {""total"": 0, ""by_type"": {}}}",3
720,1,2026-05-01 13:27:21.417509 +00:00,5,0,0,0,0,0,"{""Bogorodica L1"": {""total"": 0, ""by_type"": {}}, ""Bogorodica L2"": {""total"": 0, ""by_type"": {}}, ""Bogorodica L3"": {""total"": 0, ""by_type"": {}}, ""Bogorodica L4"": {""total"": 0, ""by_type"": {}}, ""Bogorodica L5"": {""total"": 0, ""by_type"": {}}}",3
721,1,2026-05-01 13:32:21.556334 +00:00,5,5,5,0,0,0,"{""Bogorodica L1"": {""total"": 0, ""by_type"": {}}, ""Bogorodica L2"": {""total"": 0, ""by_type"": {}}, ""Bogorodica L3"": {""total"": 0, ""by_type"": {}}, ""Bogorodica L4"": {""total"": 1, ""by_type"": {""car"": 1}}, ""Bogorodica L5"": {""total"": 4, ""by_type"": {""car"": 4}}}",3
722,1,2026-05-01 13:37:21.715371 +00:00,5,0,0,0,0,0,"{""Bogorodica L1"": {""total"": 0, ""by_type"": {}}, ""Bogorodica L2"": {""total"": 0, ""by_type"": {}}, ""Bogorodica L3"": {""total"": 0, ""by_type"": {}}, ""Bogorodica L4"": {""total"": 0, ""by_type"": {}}, ""Bogorodica L5"": {""total"": 0, ""by_type"": {}}}",3
723,1,2026-05-01 13:42:21.860509 +00:00,5,2,1,0,0,1,"{""Bogorodica L1"": {""total"": 1, ""by_type"": {""truck"": 1}}, ""Bogorodica L2"": {""total"": 0, ""by_type"": {}}, ""Bogorodica L3"": {""total"": 0, ""by_type"": {}}, ""Bogorodica L4"": {""total"": 0, ""by_type"": {}}, ""Bogorodica L5"": {""total"": 1, ""by_type"": {""car"": 1}}}",3
725,1,2026-05-01 13:52:22.283948 +00:00,5,1,1,0,0,0,"{""Bogorodica L1"": {""total"": 0, ""by_type"": {}}, ""Bogorodica L2"": {""total"": 0, ""by_type"": {}}, ""Bogorodica L3"": {""total"": 0, ""by_type"": {}}, ""Bogorodica L4"": {""total"": 0, ""by_type"": {}}, ""Bogorodica L5"": {""total"": 1, ""by_type"": {""car"": 1}}}",3
726,1,2026-05-01 13:57:22.330944 +00:00,5,0,0,0,0,0,"{""Bogorodica L1"": {""total"": 0, ""by_type"": {}}, ""Bogorodica L2"": {""total"": 0, ""by_type"": {}}, ""Bogorodica L3"": {""total"": 0, ""by_type"": {}}, ""Bogorodica L4"": {""total"": 0, ""by_type"": {}}, ""Bogorodica L5"": {""total"": 0, ""by_type"": {}}}",3
727,1,2026-05-01 14:02:22.569484 +00:00,5,0,0,0,0,0,"{""Bogorodica L1"": {""total"": 0, ""by_type"": {}}, ""Bogorodica L2"": {""total"": 0, ""by_type"": {}}, ""Bogorodica L3"": {""total"": 0, ""by_type"": {}}, ""Bogorodica L4"": {""total"": 0, ""by_type"": {}}, ""Bogorodica L5"": {""total"": 0, ""by_type"": {}}}",3
728,1,2026-05-01 14:07:22.848110 +00:00,5,2,1,0,0,1,"{""Bogorodica L1"": {""total"": 0, ""by_type"": {}}, ""Bogorodica L2"": {""total"": 0, ""by_type"": {}}, ""Bogorodica L3"": {""total"": 0, ""by_type"": {}}, ""Bogorodica L4"": {""total"": 1, ""by_type"": {""car"": 1}}, ""Bogorodica L5"": {""total"": 1, ""by_type"": {""truck"": 1}}}",3
729,1,2026-05-01 14:12:23.198692 +00:00,5,0,0,0,0,0,"{""Bogorodica L1"": {""total"": 0, ""by_type"": {}}, ""Bogorodica L2"": {""total"": 0, ""by_type"": {}}, ""Bogorodica L3"": {""total"": 0, ""by_type"": {}}, ""Bogorodica L4"": {""total"": 0, ""by_type"": {}}, ""Bogorodica L5"": {""total"": 0, ""by_type"": {}}}",3
730,1,2026-05-01 14:17:23.247426 +00:00,5,0,0,0,0,0,"{""Bogorodica L1"": {""total"": 0, ""by_type"": {}}, ""Bogorodica L2"": {""total"": 0, ""by_type"": {}}, ""Bogorodica L3"": {""total"": 0, ""by_type"": {}}, ""Bogorodica L4"": {""total"": 0, ""by_type"": {}}, ""Bogorodica L5"": {""total"": 0, ""by_type"": {}}}",3
731,1,2026-05-01 14:22:23.559787 +00:00,5,0,0,0,0,0,"{""Bogorodica L1"": {""total"": 0, ""by_type"": {}}, ""Bogorodica L2"": {""total"": 0, ""by_type"": {}}, ""Bogorodica L3"": {""total"": 0, ""by_type"": {}}, ""Bogorodica L4"": {""total"": 0, ""by_type"": {}}, ""Bogorodica L5"": {""total"": 0, ""by_type"": {}}}",3
732,1,2026-05-01 14:27:23.681393 +00:00,5,2,0,0,0,2,"{""Bogorodica L1"": {""total"": 0, ""by_type"": {}}, ""Bogorodica L2"": {""total"": 0, ""by_type"": {}}, ""Bogorodica L3"": {""total"": 1, ""by_type"": {""truck"": 1}}, ""Bogorodica L4"": {""total"": 0, ""by_type"": {}}, ""Bogorodica L5"": {""total"": 1, ""by_type"": {""truck"": 1}}}",3
733,1,2026-05-01 14:32:23.837953 +00:00,5,2,2,0,0,0,"{""Bogorodica L1"": {""total"": 0, ""by_type"": {}}, ""Bogorodica L2"": {""total"": 0, ""by_type"": {}}, ""Bogorodica L3"": {""total"": 0, ""by_type"": {}}, ""Bogorodica L4"": {""total"": 0, ""by_type"": {}}, ""Bogorodica L5"": {""total"": 2, ""by_type"": {""car"": 2}}}",3
734,1,2026-05-01 14:37:23.916553 +00:00,5,2,2,0,0,0,"{""Bogorodica L1"": {""total"": 0, ""by_type"": {}}, ""Bogorodica L2"": {""total"": 0, ""by_type"": {}}, ""Bogorodica L3"": {""total"": 0, ""by_type"": {}}, ""Bogorodica L4"": {""total"": 1, ""by_type"": {""car"": 1}}, ""Bogorodica L5"": {""total"": 1, ""by_type"": {""car"": 1}}}",3
735,1,2026-05-01 14:42:24.069344 +00:00,5,0,0,0,0,0,"{""Bogorodica L1"": {""total"": 0, ""by_type"": {}}, ""Bogorodica L2"": {""total"": 0, ""by_type"": {}}, ""Bogorodica L3"": {""total"": 0, ""by_type"": {}}, ""Bogorodica L4"": {""total"": 0, ""by_type"": {}}, ""Bogorodica L5"": {""total"": 0, ""by_type"": {}}}",3
736,1,2026-05-01 14:47:24.314529 +00:00,5,1,1,0,0,0,"{""Bogorodica L1"": {""total"": 0, ""by_type"": {}}, ""Bogorodica L2"": {""total"": 0, ""by_type"": {}}, ""Bogorodica L3"": {""total"": 0, ""by_type"": {}}, ""Bogorodica L4"": {""total"": 0, ""by_type"": {}}, ""Bogorodica L5"": {""total"": 1, ""by_type"": {""car"": 1}}}",3
737,1,2026-05-01 14:52:24.354628 +00:00,5,3,2,0,0,1,"{""Bogorodica L1"": {""total"": 0, ""by_type"": {}}, ""Bogorodica L2"": {""total"": 0, ""by_type"": {}}, ""Bogorodica L3"": {""total"": 0, ""by_type"": {}}, ""Bogorodica L4"": {""total"": 1, ""by_type"": {""car"": 1}}, ""Bogorodica L5"": {""total"": 2, ""by_type"": {""car"": 1, ""truck"": 1}}}",3
738,1,2026-05-01 14:57:24.542201 +00:00,5,1,1,0,0,0,"{""Bogorodica L1"": {""total"": 0, ""by_type"": {}}, ""Bogorodica L2"": {""total"": 0, ""by_type"": {}}, ""Bogorodica L3"": {""total"": 0, ""by_type"": {}}, ""Bogorodica L4"": {""total"": 1, ""by_type"": {""car"": 1}}, ""Bogorodica L5"": {""total"": 0, ""by_type"": {}}}",3
739,1,2026-05-01 15:02:24.810067 +00:00,5,1,0,0,0,1,"{""Bogorodica L1"": {""total"": 0, ""by_type"": {}}, ""Bogorodica L2"": {""total"": 0, ""by_type"": {}}, ""Bogorodica L3"": {""total"": 0, ""by_type"": {}}, ""Bogorodica L4"": {""total"": 1, ""by_type"": {""truck"": 1}}, ""Bogorodica L5"": {""total"": 0, ""by_type"": {}}}",3
740,1,2026-05-01 15:07:24.978427 +00:00,5,0,0,0,0,0,"{""Bogorodica L1"": {""total"": 0, ""by_type"": {}}, ""Bogorodica L2"": {""total"": 0, ""by_type"": {}}, ""Bogorodica L3"": {""total"": 0, ""by_type"": {}}, ""Bogorodica L4"": {""total"": 0, ""by_type"": {}}, ""Bogorodica L5"": {""total"": 0, ""by_type"": {}}}",3
741,1,2026-05-01 15:12:25.044457 +00:00,5,1,0,0,0,1,"{""Bogorodica L1"": {""total"": 1, ""by_type"": {""truck"": 1}}, ""Bogorodica L2"": {""total"": 0, ""by_type"": {}}, ""Bogorodica L3"": {""total"": 0, ""by_type"": {}}, ""Bogorodica L4"": {""total"": 0, ""by_type"": {}}, ""Bogorodica L5"": {""total"": 0, ""by_type"": {}}}",3
742,1,2026-05-01 15:17:25.118330 +00:00,5,1,1,0,0,0,"{""Bogorodica L1"": {""total"": 0, ""by_type"": {}}, ""Bogorodica L2"": {""total"": 0, ""by_type"": {}}, ""Bogorodica L3"": {""total"": 0, ""by_type"": {}}, ""Bogorodica L4"": {""total"": 0, ""by_type"": {}}, ""Bogorodica L5"": {""total"": 1, ""by_type"": {""car"": 1}}}",3
744,1,2026-05-01 15:27:25.525323 +00:00,5,1,1,0,0,0,"{""Bogorodica L1"": {""total"": 0, ""by_type"": {}}, ""Bogorodica L2"": {""total"": 0, ""by_type"": {}}, ""Bogorodica L3"": {""total"": 0, ""by_type"": {}}, ""Bogorodica L4"": {""total"": 0, ""by_type"": {}}, ""Bogorodica L5"": {""total"": 1, ""by_type"": {""car"": 1}}}",3
745,1,2026-05-01 15:32:25.627903 +00:00,5,2,1,0,0,1,"{""Bogorodica L1"": {""total"": 1, ""by_type"": {""truck"": 1}}, ""Bogorodica L2"": {""total"": 0, ""by_type"": {}}, ""Bogorodica L3"": {""total"": 0, ""by_type"": {}}, ""Bogorodica L4"": {""total"": 0, ""by_type"": {}}, ""Bogorodica L5"": {""total"": 1, ""by_type"": {""car"": 1}}}",3
746,1,2026-05-01 15:37:25.861193 +00:00,5,1,0,0,0,1,"{""Bogorodica L1"": {""total"": 1, ""by_type"": {""truck"": 1}}, ""Bogorodica L2"": {""total"": 0, ""by_type"": {}}, ""Bogorodica L3"": {""total"": 0, ""by_type"": {}}, ""Bogorodica L4"": {""total"": 0, ""by_type"": {}}, ""Bogorodica L5"": {""total"": 0, ""by_type"": {}}}",3
747,1,2026-05-01 15:42:25.922700 +00:00,5,2,1,0,0,1,"{""Bogorodica L1"": {""total"": 1, ""by_type"": {""truck"": 1}}, ""Bogorodica L2"": {""total"": 0, ""by_type"": {}}, ""Bogorodica L3"": {""total"": 0, ""by_type"": {}}, ""Bogorodica L4"": {""total"": 0, ""by_type"": {}}, ""Bogorodica L5"": {""total"": 1, ""by_type"": {""car"": 1}}}",3
748,1,2026-05-01 15:47:26.121838 +00:00,5,7,5,0,0,2,"{""Bogorodica L1"": {""total"": 1, ""by_type"": {""truck"": 1}}, ""Bogorodica L2"": {""total"": 0, ""by_type"": {}}, ""Bogorodica L3"": {""total"": 0, ""by_type"": {}}, ""Bogorodica L4"": {""total"": 1, ""by_type"": {""car"": 1}}, ""Bogorodica L5"": {""total"": 5, ""by_type"": {""car"": 4, ""truck"": 1}}}",3
749,1,2026-05-01 15:52:26.392835 +00:00,5,5,4,0,0,1,"{""Bogorodica L1"": {""total"": 0, ""by_type"": {}}, ""Bogorodica L2"": {""total"": 0, ""by_type"": {}}, ""Bogorodica L3"": {""total"": 0, ""by_type"": {}}, ""Bogorodica L4"": {""total"": 0, ""by_type"": {}}, ""Bogorodica L5"": {""total"": 5, ""by_type"": {""car"": 4, ""truck"": 1}}}",3
750,1,2026-05-01 15:57:26.567421 +00:00,5,2,1,0,0,1,"{""Bogorodica L1"": {""total"": 1, ""by_type"": {""truck"": 1}}, ""Bogorodica L2"": {""total"": 0, ""by_type"": {}}, ""Bogorodica L3"": {""total"": 0, ""by_type"": {}}, ""Bogorodica L4"": {""total"": 1, ""by_type"": {""car"": 1}}, ""Bogorodica L5"": {""total"": 0, ""by_type"": {}}}",3
751,1,2026-05-01 16:02:26.587141 +00:00,5,10,8,0,0,2,"{""Bogorodica L1"": {""total"": 0, ""by_type"": {}}, ""Bogorodica L2"": {""total"": 0, ""by_type"": {}}, ""Bogorodica L3"": {""total"": 0, ""by_type"": {}}, ""Bogorodica L4"": {""total"": 0, ""by_type"": {}}, ""Bogorodica L5"": {""total"": 10, ""by_type"": {""car"": 8, ""truck"": 2}}}",3
752,1,2026-05-01 16:07:26.683200 +00:00,5,0,0,0,0,0,"{""Bogorodica L1"": {""total"": 0, ""by_type"": {}}, ""Bogorodica L2"": {""total"": 0, ""by_type"": {}}, ""Bogorodica L3"": {""total"": 0, ""by_type"": {}}, ""Bogorodica L4"": {""total"": 0, ""by_type"": {}}, ""Bogorodica L5"": {""total"": 0, ""by_type"": {}}}",3
753,1,2026-05-01 16:12:26.941085 +00:00,5,3,2,0,0,1,"{""Bogorodica L1"": {""total"": 0, ""by_type"": {}}, ""Bogorodica L2"": {""total"": 0, ""by_type"": {}}, ""Bogorodica L3"": {""total"": 0, ""by_type"": {}}, ""Bogorodica L4"": {""total"": 0, ""by_type"": {}}, ""Bogorodica L5"": {""total"": 3, ""by_type"": {""car"": 2, ""truck"": 1}}}",3
754,1,2026-05-01 16:17:27.109810 +00:00,5,5,4,0,0,1,"{""Bogorodica L1"": {""total"": 0, ""by_type"": {}}, ""Bogorodica L2"": {""total"": 0, ""by_type"": {}}, ""Bogorodica L3"": {""total"": 0, ""by_type"": {}}, ""Bogorodica L4"": {""total"": 0, ""by_type"": {}}, ""Bogorodica L5"": {""total"": 5, ""by_type"": {""car"": 4, ""truck"": 1}}}",3
755,1,2026-05-01 16:22:27.142623 +00:00,5,7,6,0,0,1,"{""Bogorodica L1"": {""total"": 0, ""by_type"": {}}, ""Bogorodica L2"": {""total"": 0, ""by_type"": {}}, ""Bogorodica L3"": {""total"": 0, ""by_type"": {}}, ""Bogorodica L4"": {""total"": 1, ""by_type"": {""car"": 1}}, ""Bogorodica L5"": {""total"": 6, ""by_type"": {""car"": 5, ""truck"": 1}}}",3
756,1,2026-05-01 16:27:27.243145 +00:00,5,2,1,0,0,1,"{""Bogorodica L1"": {""total"": 1, ""by_type"": {""truck"": 1}}, ""Bogorodica L2"": {""total"": 0, ""by_type"": {}}, ""Bogorodica L3"": {""total"": 0, ""by_type"": {}}, ""Bogorodica L4"": {""total"": 1, ""by_type"": {""car"": 1}}, ""Bogorodica L5"": {""total"": 0, ""by_type"": {}}}",3
757,1,2026-05-01 16:32:27.479158 +00:00,5,0,0,0,0,0,"{""Bogorodica L1"": {""total"": 0, ""by_type"": {}}, ""Bogorodica L2"": {""total"": 0, ""by_type"": {}}, ""Bogorodica L3"": {""total"": 0, ""by_type"": {}}, ""Bogorodica L4"": {""total"": 0, ""by_type"": {}}, ""Bogorodica L5"": {""total"": 0, ""by_type"": {}}}",3
758,1,2026-05-01 16:37:27.736928 +00:00,5,3,2,0,1,0,"{""Bogorodica L1"": {""total"": 0, ""by_type"": {}}, ""Bogorodica L2"": {""total"": 2, ""by_type"": {""bus"": 1, ""car"": 1}}, ""Bogorodica L3"": {""total"": 0, ""by_type"": {}}, ""Bogorodica L4"": {""total"": 1, ""by_type"": {""car"": 1}}, ""Bogorodica L5"": {""total"": 0, ""by_type"": {}}}",3
759,1,2026-05-01 16:42:28.096962 +00:00,5,0,0,0,0,0,"{""Bogorodica L1"": {""total"": 0, ""by_type"": {}}, ""Bogorodica L2"": {""total"": 0, ""by_type"": {}}, ""Bogorodica L3"": {""total"": 0, ""by_type"": {}}, ""Bogorodica L4"": {""total"": 0, ""by_type"": {}}, ""Bogorodica L5"": {""total"": 0, ""by_type"": {}}}",3
760,1,2026-05-01 16:47:28.169256 +00:00,5,2,0,0,0,2,"{""Bogorodica L1"": {""total"": 2, ""by_type"": {""truck"": 2}}, ""Bogorodica L2"": {""total"": 0, ""by_type"": {}}, ""Bogorodica L3"": {""total"": 0, ""by_type"": {}}, ""Bogorodica L4"": {""total"": 0, ""by_type"": {}}, ""Bogorodica L5"": {""total"": 0, ""by_type"": {}}}",3
761,1,2026-05-01 16:52:28.519616 +00:00,5,0,0,0,0,0,"{""Bogorodica L1"": {""total"": 0, ""by_type"": {}}, ""Bogorodica L2"": {""total"": 0, ""by_type"": {}}, ""Bogorodica L3"": {""total"": 0, ""by_type"": {}}, ""Bogorodica L4"": {""total"": 0, ""by_type"": {}}, ""Bogorodica L5"": {""total"": 0, ""by_type"": {}}}",3
762,1,2026-05-01 16:57:28.531943 +00:00,5,1,1,0,0,0,"{""Bogorodica L1"": {""total"": 0, ""by_type"": {}}, ""Bogorodica L2"": {""total"": 0, ""by_type"": {}}, ""Bogorodica L3"": {""total"": 0, ""by_type"": {}}, ""Bogorodica L4"": {""total"": 0, ""by_type"": {}}, ""Bogorodica L5"": {""total"": 1, ""by_type"": {""car"": 1}}}",3
763,1,2026-05-01 17:02:28.726578 +00:00,5,6,4,0,0,2,"{""Bogorodica L1"": {""total"": 1, ""by_type"": {""truck"": 1}}, ""Bogorodica L2"": {""total"": 0, ""by_type"": {}}, ""Bogorodica L3"": {""total"": 0, ""by_type"": {}}, ""Bogorodica L4"": {""total"": 0, ""by_type"": {}}, ""Bogorodica L5"": {""total"": 5, ""by_type"": {""car"": 4, ""truck"": 1}}}",3
764,1,2026-05-01 17:07:29.018904 +00:00,5,0,0,0,0,0,"{""Bogorodica L1"": {""total"": 0, ""by_type"": {}}, ""Bogorodica L2"": {""total"": 0, ""by_type"": {}}, ""Bogorodica L3"": {""total"": 0, ""by_type"": {}}, ""Bogorodica L4"": {""total"": 0, ""by_type"": {}}, ""Bogorodica L5"": {""total"": 0, ""by_type"": {}}}",3
765,1,2026-05-01 17:12:29.052333 +00:00,5,2,2,0,0,0,"{""Bogorodica L1"": {""total"": 0, ""by_type"": {}}, ""Bogorodica L2"": {""total"": 0, ""by_type"": {}}, ""Bogorodica L3"": {""total"": 0, ""by_type"": {}}, ""Bogorodica L4"": {""total"": 0, ""by_type"": {}}, ""Bogorodica L5"": {""total"": 2, ""by_type"": {""car"": 2}}}",3
766,1,2026-05-01 17:17:29.421919 +00:00,5,0,0,0,0,0,"{""Bogorodica L1"": {""total"": 0, ""by_type"": {}}, ""Bogorodica L2"": {""total"": 0, ""by_type"": {}}, ""Bogorodica L3"": {""total"": 0, ""by_type"": {}}, ""Bogorodica L4"": {""total"": 0, ""by_type"": {}}, ""Bogorodica L5"": {""total"": 0, ""by_type"": {}}}",3
767,1,2026-05-01 17:22:29.560580 +00:00,5,0,0,0,0,0,"{""Bogorodica L1"": {""total"": 0, ""by_type"": {}}, ""Bogorodica L2"": {""total"": 0, ""by_type"": {}}, ""Bogorodica L3"": {""total"": 0, ""by_type"": {}}, ""Bogorodica L4"": {""total"": 0, ""by_type"": {}}, ""Bogorodica L5"": {""total"": 0, ""by_type"": {}}}",3
768,1,2026-05-01 17:27:29.756689 +00:00,5,4,4,0,0,0,"{""Bogorodica L1"": {""total"": 0, ""by_type"": {}}, ""Bogorodica L2"": {""total"": 0, ""by_type"": {}}, ""Bogorodica L3"": {""total"": 0, ""by_type"": {}}, ""Bogorodica L4"": {""total"": 0, ""by_type"": {}}, ""Bogorodica L5"": {""total"": 4, ""by_type"": {""car"": 4}}}",3
769,1,2026-05-01 17:32:29.988504 +00:00,5,8,7,0,0,1,"{""Bogorodica L1"": {""total"": 1, ""by_type"": {""truck"": 1}}, ""Bogorodica L2"": {""total"": 0, ""by_type"": {}}, ""Bogorodica L3"": {""total"": 0, ""by_type"": {}}, ""Bogorodica L4"": {""total"": 0, ""by_type"": {}}, ""Bogorodica L5"": {""total"": 7, ""by_type"": {""car"": 7}}}",3
770,1,2026-05-01 17:37:30.184770 +00:00,5,0,0,0,0,0,"{""Bogorodica L1"": {""total"": 0, ""by_type"": {}}, ""Bogorodica L2"": {""total"": 0, ""by_type"": {}}, ""Bogorodica L3"": {""total"": 0, ""by_type"": {}}, ""Bogorodica L4"": {""total"": 0, ""by_type"": {}}, ""Bogorodica L5"": {""total"": 0, ""by_type"": {}}}",3
771,1,2026-05-01 17:42:30.349238 +00:00,5,0,0,0,0,0,"{""Bogorodica L1"": {""total"": 0, ""by_type"": {}}, ""Bogorodica L2"": {""total"": 0, ""by_type"": {}}, ""Bogorodica L3"": {""total"": 0, ""by_type"": {}}, ""Bogorodica L4"": {""total"": 0, ""by_type"": {}}, ""Bogorodica L5"": {""total"": 0, ""by_type"": {}}}",3
772,1,2026-05-01 17:47:30.544441 +00:00,5,0,0,0,0,0,"{""Bogorodica L1"": {""total"": 0, ""by_type"": {}}, ""Bogorodica L2"": {""total"": 0, ""by_type"": {}}, ""Bogorodica L3"": {""total"": 0, ""by_type"": {}}, ""Bogorodica L4"": {""total"": 0, ""by_type"": {}}, ""Bogorodica L5"": {""total"": 0, ""by_type"": {}}}",3
773,1,2026-05-01 17:52:30.610804 +00:00,5,0,0,0,0,0,"{""Bogorodica L1"": {""total"": 0, ""by_type"": {}}, ""Bogorodica L2"": {""total"": 0, ""by_type"": {}}, ""Bogorodica L3"": {""total"": 0, ""by_type"": {}}, ""Bogorodica L4"": {""total"": 0, ""by_type"": {}}, ""Bogorodica L5"": {""total"": 0, ""by_type"": {}}}",3
774,1,2026-05-01 17:57:30.704366 +00:00,5,0,0,0,0,0,"{""Bogorodica L1"": {""total"": 0, ""by_type"": {}}, ""Bogorodica L2"": {""total"": 0, ""by_type"": {}}, ""Bogorodica L3"": {""total"": 0, ""by_type"": {}}, ""Bogorodica L4"": {""total"": 0, ""by_type"": {}}, ""Bogorodica L5"": {""total"": 0, ""by_type"": {}}}",3
775,1,2026-05-01 18:02:30.979903 +00:00,5,0,0,0,0,0,"{""Bogorodica L1"": {""total"": 0, ""by_type"": {}}, ""Bogorodica L2"": {""total"": 0, ""by_type"": {}}, ""Bogorodica L3"": {""total"": 0, ""by_type"": {}}, ""Bogorodica L4"": {""total"": 0, ""by_type"": {}}, ""Bogorodica L5"": {""total"": 0, ""by_type"": {}}}",3
776,1,2026-05-01 18:07:31.305022 +00:00,5,0,0,0,0,0,"{""Bogorodica L1"": {""total"": 0, ""by_type"": {}}, ""Bogorodica L2"": {""total"": 0, ""by_type"": {}}, ""Bogorodica L3"": {""total"": 0, ""by_type"": {}}, ""Bogorodica L4"": {""total"": 0, ""by_type"": {}}, ""Bogorodica L5"": {""total"": 0, ""by_type"": {}}}",3
777,1,2026-05-01 18:12:31.407210 +00:00,5,0,0,0,0,0,"{""Bogorodica L1"": {""total"": 0, ""by_type"": {}}, ""Bogorodica L2"": {""total"": 0, ""by_type"": {}}, ""Bogorodica L3"": {""total"": 0, ""by_type"": {}}, ""Bogorodica L4"": {""total"": 0, ""by_type"": {}}, ""Bogorodica L5"": {""total"": 0, ""by_type"": {}}}",3
778,1,2026-05-01 18:17:31.652121 +00:00,5,0,0,0,0,0,"{""Bogorodica L1"": {""total"": 0, ""by_type"": {}}, ""Bogorodica L2"": {""total"": 0, ""by_type"": {}}, ""Bogorodica L3"": {""total"": 0, ""by_type"": {}}, ""Bogorodica L4"": {""total"": 0, ""by_type"": {}}, ""Bogorodica L5"": {""total"": 0, ""by_type"": {}}}",3
779,1,2026-05-01 18:22:31.709278 +00:00,5,0,0,0,0,0,"{""Bogorodica L1"": {""total"": 0, ""by_type"": {}}, ""Bogorodica L2"": {""total"": 0, ""by_type"": {}}, ""Bogorodica L3"": {""total"": 0, ""by_type"": {}}, ""Bogorodica L4"": {""total"": 0, ""by_type"": {}}, ""Bogorodica L5"": {""total"": 0, ""by_type"": {}}}",3
780,1,2026-05-01 18:27:31.937676 +00:00,5,0,0,0,0,0,"{""Bogorodica L1"": {""total"": 0, ""by_type"": {}}, ""Bogorodica L2"": {""total"": 0, ""by_type"": {}}, ""Bogorodica L3"": {""total"": 0, ""by_type"": {}}, ""Bogorodica L4"": {""total"": 0, ""by_type"": {}}, ""Bogorodica L5"": {""total"": 0, ""by_type"": {}}}",3
781,1,2026-05-01 18:32:32.075288 +00:00,5,0,0,0,0,0,"{""Bogorodica L1"": {""total"": 0, ""by_type"": {}}, ""Bogorodica L2"": {""total"": 0, ""by_type"": {}}, ""Bogorodica L3"": {""total"": 0, ""by_type"": {}}, ""Bogorodica L4"": {""total"": 0, ""by_type"": {}}, ""Bogorodica L5"": {""total"": 0, ""by_type"": {}}}",3
782,1,2026-05-01 18:37:32.141468 +00:00,5,1,0,0,0,1,"{""Bogorodica L1"": {""total"": 1, ""by_type"": {""truck"": 1}}, ""Bogorodica L2"": {""total"": 0, ""by_type"": {}}, ""Bogorodica L3"": {""total"": 0, ""by_type"": {}}, ""Bogorodica L4"": {""total"": 0, ""by_type"": {}}, ""Bogorodica L5"": {""total"": 0, ""by_type"": {}}}",3
783,1,2026-05-01 18:42:32.462694 +00:00,5,0,0,0,0,0,"{""Bogorodica L1"": {""total"": 0, ""by_type"": {}}, ""Bogorodica L2"": {""total"": 0, ""by_type"": {}}, ""Bogorodica L3"": {""total"": 0, ""by_type"": {}}, ""Bogorodica L4"": {""total"": 0, ""by_type"": {}}, ""Bogorodica L5"": {""total"": 0, ""by_type"": {}}}",3
784,1,2026-05-01 18:47:32.554729 +00:00,5,0,0,0,0,0,"{""Bogorodica L1"": {""total"": 0, ""by_type"": {}}, ""Bogorodica L2"": {""total"": 0, ""by_type"": {}}, ""Bogorodica L3"": {""total"": 0, ""by_type"": {}}, ""Bogorodica L4"": {""total"": 0, ""by_type"": {}}, ""Bogorodica L5"": {""total"": 0, ""by_type"": {}}}",3
785,1,2026-05-01 18:52:32.852700 +00:00,5,0,0,0,0,0,"{""Bogorodica L1"": {""total"": 0, ""by_type"": {}}, ""Bogorodica L2"": {""total"": 0, ""by_type"": {}}, ""Bogorodica L3"": {""total"": 0, ""by_type"": {}}, ""Bogorodica L4"": {""total"": 0, ""by_type"": {}}, ""Bogorodica L5"": {""total"": 0, ""by_type"": {}}}",3
786,1,2026-05-01 18:57:33.141229 +00:00,5,1,0,0,0,1,"{""Bogorodica L1"": {""total"": 1, ""by_type"": {""truck"": 1}}, ""Bogorodica L2"": {""total"": 0, ""by_type"": {}}, ""Bogorodica L3"": {""total"": 0, ""by_type"": {}}, ""Bogorodica L4"": {""total"": 0, ""by_type"": {}}, ""Bogorodica L5"": {""total"": 0, ""by_type"": {}}}",3
787,1,2026-05-01 19:02:33.318113 +00:00,5,0,0,0,0,0,"{""Bogorodica L1"": {""total"": 0, ""by_type"": {}}, ""Bogorodica L2"": {""total"": 0, ""by_type"": {}}, ""Bogorodica L3"": {""total"": 0, ""by_type"": {}}, ""Bogorodica L4"": {""total"": 0, ""by_type"": {}}, ""Bogorodica L5"": {""total"": 0, ""by_type"": {}}}",3
788,1,2026-05-01 19:07:33.544673 +00:00,5,0,0,0,0,0,"{""Bogorodica L1"": {""total"": 0, ""by_type"": {}}, ""Bogorodica L2"": {""total"": 0, ""by_type"": {}}, ""Bogorodica L3"": {""total"": 0, ""by_type"": {}}, ""Bogorodica L4"": {""total"": 0, ""by_type"": {}}, ""Bogorodica L5"": {""total"": 0, ""by_type"": {}}}",3
789,1,2026-05-01 19:12:33.652769 +00:00,5,0,0,0,0,0,"{""Bogorodica L1"": {""total"": 0, ""by_type"": {}}, ""Bogorodica L2"": {""total"": 0, ""by_type"": {}}, ""Bogorodica L3"": {""total"": 0, ""by_type"": {}}, ""Bogorodica L4"": {""total"": 0, ""by_type"": {}}, ""Bogorodica L5"": {""total"": 0, ""by_type"": {}}}",3
790,1,2026-05-01 19:17:33.935315 +00:00,5,0,0,0,0,0,"{""Bogorodica L1"": {""total"": 0, ""by_type"": {}}, ""Bogorodica L2"": {""total"": 0, ""by_type"": {}}, ""Bogorodica L3"": {""total"": 0, ""by_type"": {}}, ""Bogorodica L4"": {""total"": 0, ""by_type"": {}}, ""Bogorodica L5"": {""total"": 0, ""by_type"": {}}}",3
791,1,2026-05-01 19:22:33.989640 +00:00,5,1,1,0,0,0,"{""Bogorodica L1"": {""total"": 0, ""by_type"": {}}, ""Bogorodica L2"": {""total"": 0, ""by_type"": {}}, ""Bogorodica L3"": {""total"": 0, ""by_type"": {}}, ""Bogorodica L4"": {""total"": 0, ""by_type"": {}}, ""Bogorodica L5"": {""total"": 1, ""by_type"": {""car"": 1}}}",3
792,1,2026-05-01 19:27:34.313088 +00:00,5,2,1,0,0,1,"{""Bogorodica L1"": {""total"": 1, ""by_type"": {""truck"": 1}}, ""Bogorodica L2"": {""total"": 0, ""by_type"": {}}, ""Bogorodica L3"": {""total"": 0, ""by_type"": {}}, ""Bogorodica L4"": {""total"": 0, ""by_type"": {}}, ""Bogorodica L5"": {""total"": 1, ""by_type"": {""car"": 1}}}",3
793,1,2026-05-01 19:32:34.430319 +00:00,5,0,0,0,0,0,"{""Bogorodica L1"": {""total"": 0, ""by_type"": {}}, ""Bogorodica L2"": {""total"": 0, ""by_type"": {}}, ""Bogorodica L3"": {""total"": 0, ""by_type"": {}}, ""Bogorodica L4"": {""total"": 0, ""by_type"": {}}, ""Bogorodica L5"": {""total"": 0, ""by_type"": {}}}",3
794,1,2026-05-01 19:37:34.760768 +00:00,5,1,0,0,1,0,"{""Bogorodica L1"": {""total"": 0, ""by_type"": {}}, ""Bogorodica L2"": {""total"": 1, ""by_type"": {""bus"": 1}}, ""Bogorodica L3"": {""total"": 0, ""by_type"": {}}, ""Bogorodica L4"": {""total"": 0, ""by_type"": {}}, ""Bogorodica L5"": {""total"": 0, ""by_type"": {}}}",3
795,1,2026-05-01 19:42:34.911144 +00:00,5,2,1,0,1,0,"{""Bogorodica L1"": {""total"": 0, ""by_type"": {}}, ""Bogorodica L2"": {""total"": 1, ""by_type"": {""bus"": 1}}, ""Bogorodica L3"": {""total"": 0, ""by_type"": {}}, ""Bogorodica L4"": {""total"": 0, ""by_type"": {}}, ""Bogorodica L5"": {""total"": 1, ""by_type"": {""car"": 1}}}",3
796,1,2026-05-01 19:47:35.176005 +00:00,5,0,0,0,0,0,"{""Bogorodica L1"": {""total"": 0, ""by_type"": {}}, ""Bogorodica L2"": {""total"": 0, ""by_type"": {}}, ""Bogorodica L3"": {""total"": 0, ""by_type"": {}}, ""Bogorodica L4"": {""total"": 0, ""by_type"": {}}, ""Bogorodica L5"": {""total"": 0, ""by_type"": {}}}",3
797,1,2026-05-01 19:52:35.461907 +00:00,5,1,1,0,0,0,"{""Bogorodica L1"": {""total"": 0, ""by_type"": {}}, ""Bogorodica L2"": {""total"": 0, ""by_type"": {}}, ""Bogorodica L3"": {""total"": 0, ""by_type"": {}}, ""Bogorodica L4"": {""total"": 0, ""by_type"": {}}, ""Bogorodica L5"": {""total"": 1, ""by_type"": {""car"": 1}}}",3
798,1,2026-05-01 19:57:35.487475 +00:00,5,0,0,0,0,0,"{""Bogorodica L1"": {""total"": 0, ""by_type"": {}}, ""Bogorodica L2"": {""total"": 0, ""by_type"": {}}, ""Bogorodica L3"": {""total"": 0, ""by_type"": {}}, ""Bogorodica L4"": {""total"": 0, ""by_type"": {}}, ""Bogorodica L5"": {""total"": 0, ""by_type"": {}}}",3
799,1,2026-05-01 20:02:35.789899 +00:00,5,0,0,0,0,0,"{""Bogorodica L1"": {""total"": 0, ""by_type"": {}}, ""Bogorodica L2"": {""total"": 0, ""by_type"": {}}, ""Bogorodica L3"": {""total"": 0, ""by_type"": {}}, ""Bogorodica L4"": {""total"": 0, ""by_type"": {}}, ""Bogorodica L5"": {""total"": 0, ""by_type"": {}}}",3
800,1,2026-05-01 20:07:35.969637 +00:00,5,0,0,0,0,0,"{""Bogorodica L1"": {""total"": 0, ""by_type"": {}}, ""Bogorodica L2"": {""total"": 0, ""by_type"": {}}, ""Bogorodica L3"": {""total"": 0, ""by_type"": {}}, ""Bogorodica L4"": {""total"": 0, ""by_type"": {}}, ""Bogorodica L5"": {""total"": 0, ""by_type"": {}}}",3
801,1,2026-05-01 20:12:36.266672 +00:00,5,1,1,0,0,0,"{""Bogorodica L1"": {""total"": 0, ""by_type"": {}}, ""Bogorodica L2"": {""total"": 0, ""by_type"": {}}, ""Bogorodica L3"": {""total"": 0, ""by_type"": {}}, ""Bogorodica L4"": {""total"": 0, ""by_type"": {}}, ""Bogorodica L5"": {""total"": 1, ""by_type"": {""car"": 1}}}",3
802,1,2026-05-01 20:17:36.638756 +00:00,5,1,1,0,0,0,"{""Bogorodica L1"": {""total"": 0, ""by_type"": {}}, ""Bogorodica L2"": {""total"": 0, ""by_type"": {}}, ""Bogorodica L3"": {""total"": 0, ""by_type"": {}}, ""Bogorodica L4"": {""total"": 0, ""by_type"": {}}, ""Bogorodica L5"": {""total"": 1, ""by_type"": {""car"": 1}}}",3
803,1,2026-05-01 20:22:36.654545 +00:00,5,1,0,0,0,1,"{""Bogorodica L1"": {""total"": 1, ""by_type"": {""truck"": 1}}, ""Bogorodica L2"": {""total"": 0, ""by_type"": {}}, ""Bogorodica L3"": {""total"": 0, ""by_type"": {}}, ""Bogorodica L4"": {""total"": 0, ""by_type"": {}}, ""Bogorodica L5"": {""total"": 0, ""by_type"": {}}}",3
804,1,2026-05-01 20:27:36.797830 +00:00,5,1,1,0,0,0,"{""Bogorodica L1"": {""total"": 0, ""by_type"": {}}, ""Bogorodica L2"": {""total"": 0, ""by_type"": {}}, ""Bogorodica L3"": {""total"": 0, ""by_type"": {}}, ""Bogorodica L4"": {""total"": 0, ""by_type"": {}}, ""Bogorodica L5"": {""total"": 1, ""by_type"": {""car"": 1}}}",3
805,1,2026-05-01 20:32:36.834150 +00:00,5,0,0,0,0,0,"{""Bogorodica L1"": {""total"": 0, ""by_type"": {}}, ""Bogorodica L2"": {""total"": 0, ""by_type"": {}}, ""Bogorodica L3"": {""total"": 0, ""by_type"": {}}, ""Bogorodica L4"": {""total"": 0, ""by_type"": {}}, ""Bogorodica L5"": {""total"": 0, ""by_type"": {}}}",3
806,1,2026-05-01 20:37:37.075949 +00:00,5,0,0,0,0,0,"{""Bogorodica L1"": {""total"": 0, ""by_type"": {}}, ""Bogorodica L2"": {""total"": 0, ""by_type"": {}}, ""Bogorodica L3"": {""total"": 0, ""by_type"": {}}, ""Bogorodica L4"": {""total"": 0, ""by_type"": {}}, ""Bogorodica L5"": {""total"": 0, ""by_type"": {}}}",3
807,1,2026-05-01 20:42:37.164184 +00:00,5,3,3,0,0,0,"{""Bogorodica L1"": {""total"": 0, ""by_type"": {}}, ""Bogorodica L2"": {""total"": 0, ""by_type"": {}}, ""Bogorodica L3"": {""total"": 0, ""by_type"": {}}, ""Bogorodica L4"": {""total"": 0, ""by_type"": {}}, ""Bogorodica L5"": {""total"": 3, ""by_type"": {""car"": 3}}}",2.5
808,1,2026-05-01 20:47:37.511204 +00:00,5,2,2,0,0,0,"{""Bogorodica L1"": {""total"": 0, ""by_type"": {}}, ""Bogorodica L2"": {""total"": 0, ""by_type"": {}}, ""Bogorodica L3"": {""total"": 0, ""by_type"": {}}, ""Bogorodica L4"": {""total"": 0, ""by_type"": {}}, ""Bogorodica L5"": {""total"": 2, ""by_type"": {""car"": 2}}}",3
809,1,2026-05-01 20:52:37.693728 +00:00,5,3,3,0,0,0,"{""Bogorodica L1"": {""total"": 0, ""by_type"": {}}, ""Bogorodica L2"": {""total"": 0, ""by_type"": {}}, ""Bogorodica L3"": {""total"": 0, ""by_type"": {}}, ""Bogorodica L4"": {""total"": 0, ""by_type"": {}}, ""Bogorodica L5"": {""total"": 3, ""by_type"": {""car"": 3}}}",3
810,1,2026-05-01 20:57:37.755091 +00:00,5,3,3,0,0,0,"{""Bogorodica L1"": {""total"": 0, ""by_type"": {}}, ""Bogorodica L2"": {""total"": 0, ""by_type"": {}}, ""Bogorodica L3"": {""total"": 0, ""by_type"": {}}, ""Bogorodica L4"": {""total"": 0, ""by_type"": {}}, ""Bogorodica L5"": {""total"": 3, ""by_type"": {""car"": 3}}}",3
811,1,2026-05-01 21:02:37.762183 +00:00,5,2,2,0,0,0,"{""Bogorodica L1"": {""total"": 0, ""by_type"": {}}, ""Bogorodica L2"": {""total"": 0, ""by_type"": {}}, ""Bogorodica L3"": {""total"": 0, ""by_type"": {}}, ""Bogorodica L4"": {""total"": 0, ""by_type"": {}}, ""Bogorodica L5"": {""total"": 2, ""by_type"": {""car"": 2}}}",3
812,1,2026-05-01 21:07:37.944025 +00:00,5,0,0,0,0,0,"{""Bogorodica L1"": {""total"": 0, ""by_type"": {}}, ""Bogorodica L2"": {""total"": 0, ""by_type"": {}}, ""Bogorodica L3"": {""total"": 0, ""by_type"": {}}, ""Bogorodica L4"": {""total"": 0, ""by_type"": {}}, ""Bogorodica L5"": {""total"": 0, ""by_type"": {}}}",3
813,1,2026-05-01 21:12:38.070676 +00:00,5,4,4,0,0,0,"{""Bogorodica L1"": {""total"": 0, ""by_type"": {}}, ""Bogorodica L2"": {""total"": 0, ""by_type"": {}}, ""Bogorodica L3"": {""total"": 0, ""by_type"": {}}, ""Bogorodica L4"": {""total"": 0, ""by_type"": {}}, ""Bogorodica L5"": {""total"": 4, ""by_type"": {""car"": 4}}}",3
814,1,2026-05-01 21:17:38.382158 +00:00,5,5,5,0,0,0,"{""Bogorodica L1"": {""total"": 0, ""by_type"": {}}, ""Bogorodica L2"": {""total"": 0, ""by_type"": {}}, ""Bogorodica L3"": {""total"": 0, ""by_type"": {}}, ""Bogorodica L4"": {""total"": 0, ""by_type"": {}}, ""Bogorodica L5"": {""total"": 5, ""by_type"": {""car"": 5}}}",3
815,1,2026-05-01 21:22:38.564950 +00:00,5,3,3,0,0,0,"{""Bogorodica L1"": {""total"": 0, ""by_type"": {}}, ""Bogorodica L2"": {""total"": 0, ""by_type"": {}}, ""Bogorodica L3"": {""total"": 0, ""by_type"": {}}, ""Bogorodica L4"": {""total"": 0, ""by_type"": {}}, ""Bogorodica L5"": {""total"": 3, ""by_type"": {""car"": 3}}}",3
816,1,2026-05-01 21:27:38.626876 +00:00,5,1,1,0,0,0,"{""Bogorodica L1"": {""total"": 0, ""by_type"": {}}, ""Bogorodica L2"": {""total"": 0, ""by_type"": {}}, ""Bogorodica L3"": {""total"": 0, ""by_type"": {}}, ""Bogorodica L4"": {""total"": 0, ""by_type"": {}}, ""Bogorodica L5"": {""total"": 1, ""by_type"": {""car"": 1}}}",3
817,1,2026-05-01 21:32:38.827490 +00:00,5,4,3,0,0,1,"{""Bogorodica L1"": {""total"": 0, ""by_type"": {}}, ""Bogorodica L2"": {""total"": 0, ""by_type"": {}}, ""Bogorodica L3"": {""total"": 0, ""by_type"": {}}, ""Bogorodica L4"": {""total"": 0, ""by_type"": {}}, ""Bogorodica L5"": {""total"": 4, ""by_type"": {""car"": 3, ""truck"": 1}}}",2.5
818,1,2026-05-01 21:37:38.857419 +00:00,5,2,2,0,0,0,"{""Bogorodica L1"": {""total"": 0, ""by_type"": {}}, ""Bogorodica L2"": {""total"": 0, ""by_type"": {}}, ""Bogorodica L3"": {""total"": 0, ""by_type"": {}}, ""Bogorodica L4"": {""total"": 0, ""by_type"": {}}, ""Bogorodica L5"": {""total"": 2, ""by_type"": {""car"": 2}}}",3
819,1,2026-05-01 21:42:39.188234 +00:00,5,0,0,0,0,0,"{""Bogorodica L1"": {""total"": 0, ""by_type"": {}}, ""Bogorodica L2"": {""total"": 0, ""by_type"": {}}, ""Bogorodica L3"": {""total"": 0, ""by_type"": {}}, ""Bogorodica L4"": {""total"": 0, ""by_type"": {}}, ""Bogorodica L5"": {""total"": 0, ""by_type"": {}}}",3
820,1,2026-05-01 21:47:39.461168 +00:00,5,0,0,0,0,0,"{""Bogorodica L1"": {""total"": 0, ""by_type"": {}}, ""Bogorodica L2"": {""total"": 0, ""by_type"": {}}, ""Bogorodica L3"": {""total"": 0, ""by_type"": {}}, ""Bogorodica L4"": {""total"": 0, ""by_type"": {}}, ""Bogorodica L5"": {""total"": 0, ""by_type"": {}}}",3
821,1,2026-05-01 21:52:39.822632 +00:00,5,3,3,0,0,0,"{""Bogorodica L1"": {""total"": 0, ""by_type"": {}}, ""Bogorodica L2"": {""total"": 0, ""by_type"": {}}, ""Bogorodica L3"": {""total"": 0, ""by_type"": {}}, ""Bogorodica L4"": {""total"": 0, ""by_type"": {}}, ""Bogorodica L5"": {""total"": 3, ""by_type"": {""car"": 3}}}",3
822,1,2026-05-01 21:57:40.107946 +00:00,5,0,0,0,0,0,"{""Bogorodica L1"": {""total"": 0, ""by_type"": {}}, ""Bogorodica L2"": {""total"": 0, ""by_type"": {}}, ""Bogorodica L3"": {""total"": 0, ""by_type"": {}}, ""Bogorodica L4"": {""total"": 0, ""by_type"": {}}, ""Bogorodica L5"": {""total"": 0, ""by_type"": {}}}",3
823,1,2026-05-01 22:02:40.434033 +00:00,5,0,0,0,0,0,"{""Bogorodica L1"": {""total"": 0, ""by_type"": {}}, ""Bogorodica L2"": {""total"": 0, ""by_type"": {}}, ""Bogorodica L3"": {""total"": 0, ""by_type"": {}}, ""Bogorodica L4"": {""total"": 0, ""by_type"": {}}, ""Bogorodica L5"": {""total"": 0, ""by_type"": {}}}",3
824,1,2026-05-01 22:07:40.470983 +00:00,5,3,2,0,0,1,"{""Bogorodica L1"": {""total"": 0, ""by_type"": {}}, ""Bogorodica L2"": {""total"": 0, ""by_type"": {}}, ""Bogorodica L3"": {""total"": 0, ""by_type"": {}}, ""Bogorodica L4"": {""total"": 0, ""by_type"": {}}, ""Bogorodica L5"": {""total"": 3, ""by_type"": {""car"": 2, ""truck"": 1}}}",3
825,1,2026-05-01 22:12:40.843716 +00:00,5,0,0,0,0,0,"{""Bogorodica L1"": {""total"": 0, ""by_type"": {}}, ""Bogorodica L2"": {""total"": 0, ""by_type"": {}}, ""Bogorodica L3"": {""total"": 0, ""by_type"": {}}, ""Bogorodica L4"": {""total"": 0, ""by_type"": {}}, ""Bogorodica L5"": {""total"": 0, ""by_type"": {}}}",3
826,1,2026-05-01 22:17:40.887798 +00:00,5,1,1,0,0,0,"{""Bogorodica L1"": {""total"": 0, ""by_type"": {}}, ""Bogorodica L2"": {""total"": 0, ""by_type"": {}}, ""Bogorodica L3"": {""total"": 0, ""by_type"": {}}, ""Bogorodica L4"": {""total"": 0, ""by_type"": {}}, ""Bogorodica L5"": {""total"": 1, ""by_type"": {""car"": 1}}}",3
827,1,2026-05-01 22:22:40.908546 +00:00,5,0,0,0,0,0,"{""Bogorodica L1"": {""total"": 0, ""by_type"": {}}, ""Bogorodica L2"": {""total"": 0, ""by_type"": {}}, ""Bogorodica L3"": {""total"": 0, ""by_type"": {}}, ""Bogorodica L4"": {""total"": 0, ""by_type"": {}}, ""Bogorodica L5"": {""total"": 0, ""by_type"": {}}}",3
828,1,2026-05-01 22:27:40.927203 +00:00,5,0,0,0,0,0,"{""Bogorodica L1"": {""total"": 0, ""by_type"": {}}, ""Bogorodica L2"": {""total"": 0, ""by_type"": {}}, ""Bogorodica L3"": {""total"": 0, ""by_type"": {}}, ""Bogorodica L4"": {""total"": 0, ""by_type"": {}}, ""Bogorodica L5"": {""total"": 0, ""by_type"": {}}}",3
829,1,2026-05-01 22:32:40.984680 +00:00,5,0,0,0,0,0,"{""Bogorodica L1"": {""total"": 0, ""by_type"": {}}, ""Bogorodica L2"": {""total"": 0, ""by_type"": {}}, ""Bogorodica L3"": {""total"": 0, ""by_type"": {}}, ""Bogorodica L4"": {""total"": 0, ""by_type"": {}}, ""Bogorodica L5"": {""total"": 0, ""by_type"": {}}}",3
830,1,2026-05-01 22:37:41.343749 +00:00,5,1,0,0,0,1,"{""Bogorodica L1"": {""total"": 0, ""by_type"": {}}, ""Bogorodica L2"": {""total"": 0, ""by_type"": {}}, ""Bogorodica L3"": {""total"": 0, ""by_type"": {}}, ""Bogorodica L4"": {""total"": 0, ""by_type"": {}}, ""Bogorodica L5"": {""total"": 1, ""by_type"": {""truck"": 1}}}",3
831,1,2026-05-01 22:42:41.716897 +00:00,5,3,3,0,0,0,"{""Bogorodica L1"": {""total"": 0, ""by_type"": {}}, ""Bogorodica L2"": {""total"": 0, ""by_type"": {}}, ""Bogorodica L3"": {""total"": 0, ""by_type"": {}}, ""Bogorodica L4"": {""total"": 0, ""by_type"": {}}, ""Bogorodica L5"": {""total"": 3, ""by_type"": {""car"": 3}}}",3
832,1,2026-05-01 22:47:41.970600 +00:00,5,1,1,0,0,0,"{""Bogorodica L1"": {""total"": 0, ""by_type"": {}}, ""Bogorodica L2"": {""total"": 0, ""by_type"": {}}, ""Bogorodica L3"": {""total"": 0, ""by_type"": {}}, ""Bogorodica L4"": {""total"": 0, ""by_type"": {}}, ""Bogorodica L5"": {""total"": 1, ""by_type"": {""car"": 1}}}",3
833,1,2026-05-01 22:52:42.153706 +00:00,5,3,3,0,0,0,"{""Bogorodica L1"": {""total"": 0, ""by_type"": {}}, ""Bogorodica L2"": {""total"": 0, ""by_type"": {}}, ""Bogorodica L3"": {""total"": 0, ""by_type"": {}}, ""Bogorodica L4"": {""total"": 0, ""by_type"": {}}, ""Bogorodica L5"": {""total"": 3, ""by_type"": {""car"": 3}}}",3
834,1,2026-05-01 22:57:42.513771 +00:00,5,1,0,0,0,1,"{""Bogorodica L1"": {""total"": 1, ""by_type"": {""truck"": 1}}, ""Bogorodica L2"": {""total"": 0, ""by_type"": {}}, ""Bogorodica L3"": {""total"": 0, ""by_type"": {}}, ""Bogorodica L4"": {""total"": 0, ""by_type"": {}}, ""Bogorodica L5"": {""total"": 0, ""by_type"": {}}}",3
835,1,2026-05-01 23:02:42.848852 +00:00,5,1,0,0,0,1,"{""Bogorodica L1"": {""total"": 1, ""by_type"": {""truck"": 1}}, ""Bogorodica L2"": {""total"": 0, ""by_type"": {}}, ""Bogorodica L3"": {""total"": 0, ""by_type"": {}}, ""Bogorodica L4"": {""total"": 0, ""by_type"": {}}, ""Bogorodica L5"": {""total"": 0, ""by_type"": {}}}",3
836,1,2026-05-01 23:07:43.013971 +00:00,5,0,0,0,0,0,"{""Bogorodica L1"": {""total"": 0, ""by_type"": {}}, ""Bogorodica L2"": {""total"": 0, ""by_type"": {}}, ""Bogorodica L3"": {""total"": 0, ""by_type"": {}}, ""Bogorodica L4"": {""total"": 0, ""by_type"": {}}, ""Bogorodica L5"": {""total"": 0, ""by_type"": {}}}",3
837,1,2026-05-01 23:12:43.201969 +00:00,5,1,1,0,0,0,"{""Bogorodica L1"": {""total"": 0, ""by_type"": {}}, ""Bogorodica L2"": {""total"": 0, ""by_type"": {}}, ""Bogorodica L3"": {""total"": 0, ""by_type"": {}}, ""Bogorodica L4"": {""total"": 1, ""by_type"": {""car"": 1}}, ""Bogorodica L5"": {""total"": 0, ""by_type"": {}}}",3
838,1,2026-05-01 23:17:43.389713 +00:00,5,3,3,0,0,0,"{""Bogorodica L1"": {""total"": 0, ""by_type"": {}}, ""Bogorodica L2"": {""total"": 0, ""by_type"": {}}, ""Bogorodica L3"": {""total"": 0, ""by_type"": {}}, ""Bogorodica L4"": {""total"": 2, ""by_type"": {""car"": 2}}, ""Bogorodica L5"": {""total"": 1, ""by_type"": {""car"": 1}}}",3
839,1,2026-05-01 23:22:43.435440 +00:00,5,1,1,0,0,0,"{""Bogorodica L1"": {""total"": 0, ""by_type"": {}}, ""Bogorodica L2"": {""total"": 0, ""by_type"": {}}, ""Bogorodica L3"": {""total"": 0, ""by_type"": {}}, ""Bogorodica L4"": {""total"": 0, ""by_type"": {}}, ""Bogorodica L5"": {""total"": 1, ""by_type"": {""car"": 1}}}",3
840,1,2026-05-01 23:27:43.612674 +00:00,5,1,1,0,0,0,"{""Bogorodica L1"": {""total"": 0, ""by_type"": {}}, ""Bogorodica L2"": {""total"": 0, ""by_type"": {}}, ""Bogorodica L3"": {""total"": 0, ""by_type"": {}}, ""Bogorodica L4"": {""total"": 1, ""by_type"": {""car"": 1}}, ""Bogorodica L5"": {""total"": 0, ""by_type"": {}}}",3
841,1,2026-05-01 23:32:43.887819 +00:00,5,0,0,0,0,0,"{""Bogorodica L1"": {""total"": 0, ""by_type"": {}}, ""Bogorodica L2"": {""total"": 0, ""by_type"": {}}, ""Bogorodica L3"": {""total"": 0, ""by_type"": {}}, ""Bogorodica L4"": {""total"": 0, ""by_type"": {}}, ""Bogorodica L5"": {""total"": 0, ""by_type"": {}}}",3
842,1,2026-05-01 23:37:43.929435 +00:00,5,0,0,0,0,0,"{""Bogorodica L1"": {""total"": 0, ""by_type"": {}}, ""Bogorodica L2"": {""total"": 0, ""by_type"": {}}, ""Bogorodica L3"": {""total"": 0, ""by_type"": {}}, ""Bogorodica L4"": {""total"": 0, ""by_type"": {}}, ""Bogorodica L5"": {""total"": 0, ""by_type"": {}}}",3
843,1,2026-05-01 23:42:43.966628 +00:00,5,0,0,0,0,0,"{""Bogorodica L1"": {""total"": 0, ""by_type"": {}}, ""Bogorodica L2"": {""total"": 0, ""by_type"": {}}, ""Bogorodica L3"": {""total"": 0, ""by_type"": {}}, ""Bogorodica L4"": {""total"": 0, ""by_type"": {}}, ""Bogorodica L5"": {""total"": 0, ""by_type"": {}}}",3
844,1,2026-05-01 23:47:44.208952 +00:00,5,3,3,0,0,0,"{""Bogorodica L1"": {""total"": 0, ""by_type"": {}}, ""Bogorodica L2"": {""total"": 0, ""by_type"": {}}, ""Bogorodica L3"": {""total"": 0, ""by_type"": {}}, ""Bogorodica L4"": {""total"": 3, ""by_type"": {""car"": 3}}, ""Bogorodica L5"": {""total"": 0, ""by_type"": {}}}",3
845,1,2026-05-01 23:52:44.221495 +00:00,5,2,2,0,0,0,"{""Bogorodica L1"": {""total"": 0, ""by_type"": {}}, ""Bogorodica L2"": {""total"": 0, ""by_type"": {}}, ""Bogorodica L3"": {""total"": 0, ""by_type"": {}}, ""Bogorodica L4"": {""total"": 2, ""by_type"": {""car"": 2}}, ""Bogorodica L5"": {""total"": 0, ""by_type"": {}}}",3
846,1,2026-05-01 23:57:44.560673 +00:00,5,3,3,0,0,0,"{""Bogorodica L1"": {""total"": 0, ""by_type"": {}}, ""Bogorodica L2"": {""total"": 0, ""by_type"": {}}, ""Bogorodica L3"": {""total"": 0, ""by_type"": {}}, ""Bogorodica L4"": {""total"": 3, ""by_type"": {""car"": 3}}, ""Bogorodica L5"": {""total"": 0, ""by_type"": {}}}",3
847,1,2026-05-02 00:02:44.629582 +00:00,5,2,1,0,1,0,"{""Bogorodica L1"": {""total"": 0, ""by_type"": {}}, ""Bogorodica L2"": {""total"": 2, ""by_type"": {""bus"": 1, ""car"": 1}}, ""Bogorodica L3"": {""total"": 0, ""by_type"": {}}, ""Bogorodica L4"": {""total"": 0, ""by_type"": {}}, ""Bogorodica L5"": {""total"": 0, ""by_type"": {}}}",3
848,1,2026-05-02 00:07:44.642509 +00:00,5,1,1,0,0,0,"{""Bogorodica L1"": {""total"": 0, ""by_type"": {}}, ""Bogorodica L2"": {""total"": 0, ""by_type"": {}}, ""Bogorodica L3"": {""total"": 0, ""by_type"": {}}, ""Bogorodica L4"": {""total"": 0, ""by_type"": {}}, ""Bogorodica L5"": {""total"": 1, ""by_type"": {""car"": 1}}}",3
849,1,2026-05-02 00:12:44.700023 +00:00,5,2,1,0,1,0,"{""Bogorodica L1"": {""total"": 0, ""by_type"": {}}, ""Bogorodica L2"": {""total"": 1, ""by_type"": {""bus"": 1}}, ""Bogorodica L3"": {""total"": 0, ""by_type"": {}}, ""Bogorodica L4"": {""total"": 1, ""by_type"": {""car"": 1}}, ""Bogorodica L5"": {""total"": 0, ""by_type"": {}}}",2.5
850,1,2026-05-02 00:17:44.957750 +00:00,5,0,0,0,0,0,"{""Bogorodica L1"": {""total"": 0, ""by_type"": {}}, ""Bogorodica L2"": {""total"": 0, ""by_type"": {}}, ""Bogorodica L3"": {""total"": 0, ""by_type"": {}}, ""Bogorodica L4"": {""total"": 0, ""by_type"": {}}, ""Bogorodica L5"": {""total"": 0, ""by_type"": {}}}",3
851,1,2026-05-02 00:22:45.239594 +00:00,5,1,1,0,0,0,"{""Bogorodica L1"": {""total"": 0, ""by_type"": {}}, ""Bogorodica L2"": {""total"": 0, ""by_type"": {}}, ""Bogorodica L3"": {""total"": 0, ""by_type"": {}}, ""Bogorodica L4"": {""total"": 0, ""by_type"": {}}, ""Bogorodica L5"": {""total"": 1, ""by_type"": {""car"": 1}}}",2.5
852,1,2026-05-02 00:27:45.533884 +00:00,5,1,1,0,0,0,"{""Bogorodica L1"": {""total"": 0, ""by_type"": {}}, ""Bogorodica L2"": {""total"": 0, ""by_type"": {}}, ""Bogorodica L3"": {""total"": 0, ""by_type"": {}}, ""Bogorodica L4"": {""total"": 0, ""by_type"": {}}, ""Bogorodica L5"": {""total"": 1, ""by_type"": {""car"": 1}}}",3
853,1,2026-05-02 00:32:45.637888 +00:00,5,0,0,0,0,0,"{""Bogorodica L1"": {""total"": 0, ""by_type"": {}}, ""Bogorodica L2"": {""total"": 0, ""by_type"": {}}, ""Bogorodica L3"": {""total"": 0, ""by_type"": {}}, ""Bogorodica L4"": {""total"": 0, ""by_type"": {}}, ""Bogorodica L5"": {""total"": 0, ""by_type"": {}}}",3
854,1,2026-05-02 00:37:45.770630 +00:00,5,2,2,0,0,0,"{""Bogorodica L1"": {""total"": 0, ""by_type"": {}}, ""Bogorodica L2"": {""total"": 0, ""by_type"": {}}, ""Bogorodica L3"": {""total"": 0, ""by_type"": {}}, ""Bogorodica L4"": {""total"": 0, ""by_type"": {}}, ""Bogorodica L5"": {""total"": 2, ""by_type"": {""car"": 2}}}",3
855,1,2026-05-02 00:42:45.839324 +00:00,5,1,0,0,0,1,"{""Bogorodica L1"": {""total"": 0, ""by_type"": {}}, ""Bogorodica L2"": {""total"": 1, ""by_type"": {""truck"": 1}}, ""Bogorodica L3"": {""total"": 0, ""by_type"": {}}, ""Bogorodica L4"": {""total"": 0, ""by_type"": {}}, ""Bogorodica L5"": {""total"": 0, ""by_type"": {}}}",3
856,1,2026-05-02 00:47:46.102911 +00:00,5,0,0,0,0,0,"{""Bogorodica L1"": {""total"": 0, ""by_type"": {}}, ""Bogorodica L2"": {""total"": 0, ""by_type"": {}}, ""Bogorodica L3"": {""total"": 0, ""by_type"": {}}, ""Bogorodica L4"": {""total"": 0, ""by_type"": {}}, ""Bogorodica L5"": {""total"": 0, ""by_type"": {}}}",3
857,1,2026-05-02 00:52:46.338885 +00:00,5,4,4,0,0,0,"{""Bogorodica L1"": {""total"": 0, ""by_type"": {}}, ""Bogorodica L2"": {""total"": 0, ""by_type"": {}}, ""Bogorodica L3"": {""total"": 0, ""by_type"": {}}, ""Bogorodica L4"": {""total"": 3, ""by_type"": {""car"": 3}}, ""Bogorodica L5"": {""total"": 1, ""by_type"": {""car"": 1}}}",3
858,1,2026-05-02 00:57:46.640824 +00:00,5,4,4,0,0,0,"{""Bogorodica L1"": {""total"": 0, ""by_type"": {}}, ""Bogorodica L2"": {""total"": 0, ""by_type"": {}}, ""Bogorodica L3"": {""total"": 0, ""by_type"": {}}, ""Bogorodica L4"": {""total"": 4, ""by_type"": {""car"": 4}}, ""Bogorodica L5"": {""total"": 0, ""by_type"": {}}}",3
859,1,2026-05-02 01:02:46.907313 +00:00,5,1,1,0,0,0,"{""Bogorodica L1"": {""total"": 0, ""by_type"": {}}, ""Bogorodica L2"": {""total"": 0, ""by_type"": {}}, ""Bogorodica L3"": {""total"": 0, ""by_type"": {}}, ""Bogorodica L4"": {""total"": 1, ""by_type"": {""car"": 1}}, ""Bogorodica L5"": {""total"": 0, ""by_type"": {}}}",3
860,1,2026-05-02 01:07:47.237279 +00:00,5,0,0,0,0,0,"{""Bogorodica L1"": {""total"": 0, ""by_type"": {}}, ""Bogorodica L2"": {""total"": 0, ""by_type"": {}}, ""Bogorodica L3"": {""total"": 0, ""by_type"": {}}, ""Bogorodica L4"": {""total"": 0, ""by_type"": {}}, ""Bogorodica L5"": {""total"": 0, ""by_type"": {}}}",3
861,1,2026-05-02 01:12:47.445604 +00:00,5,0,0,0,0,0,"{""Bogorodica L1"": {""total"": 0, ""by_type"": {}}, ""Bogorodica L2"": {""total"": 0, ""by_type"": {}}, ""Bogorodica L3"": {""total"": 0, ""by_type"": {}}, ""Bogorodica L4"": {""total"": 0, ""by_type"": {}}, ""Bogorodica L5"": {""total"": 0, ""by_type"": {}}}",3
862,1,2026-05-02 01:17:47.447167 +00:00,5,0,0,0,0,0,"{""Bogorodica L1"": {""total"": 0, ""by_type"": {}}, ""Bogorodica L2"": {""total"": 0, ""by_type"": {}}, ""Bogorodica L3"": {""total"": 0, ""by_type"": {}}, ""Bogorodica L4"": {""total"": 0, ""by_type"": {}}, ""Bogorodica L5"": {""total"": 0, ""by_type"": {}}}",3
863,1,2026-05-02 01:22:47.604735 +00:00,5,0,0,0,0,0,"{""Bogorodica L1"": {""total"": 0, ""by_type"": {}}, ""Bogorodica L2"": {""total"": 0, ""by_type"": {}}, ""Bogorodica L3"": {""total"": 0, ""by_type"": {}}, ""Bogorodica L4"": {""total"": 0, ""by_type"": {}}, ""Bogorodica L5"": {""total"": 0, ""by_type"": {}}}",3
864,1,2026-05-02 01:27:47.760137 +00:00,5,0,0,0,0,0,"{""Bogorodica L1"": {""total"": 0, ""by_type"": {}}, ""Bogorodica L2"": {""total"": 0, ""by_type"": {}}, ""Bogorodica L3"": {""total"": 0, ""by_type"": {}}, ""Bogorodica L4"": {""total"": 0, ""by_type"": {}}, ""Bogorodica L5"": {""total"": 0, ""by_type"": {}}}",3
865,1,2026-05-02 01:32:47.810993 +00:00,5,0,0,0,0,0,"{""Bogorodica L1"": {""total"": 0, ""by_type"": {}}, ""Bogorodica L2"": {""total"": 0, ""by_type"": {}}, ""Bogorodica L3"": {""total"": 0, ""by_type"": {}}, ""Bogorodica L4"": {""total"": 0, ""by_type"": {}}, ""Bogorodica L5"": {""total"": 0, ""by_type"": {}}}",3
866,1,2026-05-02 01:37:47.942110 +00:00,5,0,0,0,0,0,"{""Bogorodica L1"": {""total"": 0, ""by_type"": {}}, ""Bogorodica L2"": {""total"": 0, ""by_type"": {}}, ""Bogorodica L3"": {""total"": 0, ""by_type"": {}}, ""Bogorodica L4"": {""total"": 0, ""by_type"": {}}, ""Bogorodica L5"": {""total"": 0, ""by_type"": {}}}",3
867,1,2026-05-02 01:42:47.980323 +00:00,5,0,0,0,0,0,"{""Bogorodica L1"": {""total"": 0, ""by_type"": {}}, ""Bogorodica L2"": {""total"": 0, ""by_type"": {}}, ""Bogorodica L3"": {""total"": 0, ""by_type"": {}}, ""Bogorodica L4"": {""total"": 0, ""by_type"": {}}, ""Bogorodica L5"": {""total"": 0, ""by_type"": {}}}",3
868,1,2026-05-02 01:47:48.280762 +00:00,5,0,0,0,0,0,"{""Bogorodica L1"": {""total"": 0, ""by_type"": {}}, ""Bogorodica L2"": {""total"": 0, ""by_type"": {}}, ""Bogorodica L3"": {""total"": 0, ""by_type"": {}}, ""Bogorodica L4"": {""total"": 0, ""by_type"": {}}, ""Bogorodica L5"": {""total"": 0, ""by_type"": {}}}",3
869,1,2026-05-02 01:52:48.518570 +00:00,5,0,0,0,0,0,"{""Bogorodica L1"": {""total"": 0, ""by_type"": {}}, ""Bogorodica L2"": {""total"": 0, ""by_type"": {}}, ""Bogorodica L3"": {""total"": 0, ""by_type"": {}}, ""Bogorodica L4"": {""total"": 0, ""by_type"": {}}, ""Bogorodica L5"": {""total"": 0, ""by_type"": {}}}",3
870,1,2026-05-02 01:57:48.731061 +00:00,5,0,0,0,0,0,"{""Bogorodica L1"": {""total"": 0, ""by_type"": {}}, ""Bogorodica L2"": {""total"": 0, ""by_type"": {}}, ""Bogorodica L3"": {""total"": 0, ""by_type"": {}}, ""Bogorodica L4"": {""total"": 0, ""by_type"": {}}, ""Bogorodica L5"": {""total"": 0, ""by_type"": {}}}",3
871,1,2026-05-02 02:02:48.973326 +00:00,5,0,0,0,0,0,"{""Bogorodica L1"": {""total"": 0, ""by_type"": {}}, ""Bogorodica L2"": {""total"": 0, ""by_type"": {}}, ""Bogorodica L3"": {""total"": 0, ""by_type"": {}}, ""Bogorodica L4"": {""total"": 0, ""by_type"": {}}, ""Bogorodica L5"": {""total"": 0, ""by_type"": {}}}",3
872,1,2026-05-02 02:07:49.162369 +00:00,5,0,0,0,0,0,"{""Bogorodica L1"": {""total"": 0, ""by_type"": {}}, ""Bogorodica L2"": {""total"": 0, ""by_type"": {}}, ""Bogorodica L3"": {""total"": 0, ""by_type"": {}}, ""Bogorodica L4"": {""total"": 0, ""by_type"": {}}, ""Bogorodica L5"": {""total"": 0, ""by_type"": {}}}",3
873,1,2026-05-02 02:12:49.469811 +00:00,5,0,0,0,0,0,"{""Bogorodica L1"": {""total"": 0, ""by_type"": {}}, ""Bogorodica L2"": {""total"": 0, ""by_type"": {}}, ""Bogorodica L3"": {""total"": 0, ""by_type"": {}}, ""Bogorodica L4"": {""total"": 0, ""by_type"": {}}, ""Bogorodica L5"": {""total"": 0, ""by_type"": {}}}",3
874,1,2026-05-02 02:17:49.653785 +00:00,5,0,0,0,0,0,"{""Bogorodica L1"": {""total"": 0, ""by_type"": {}}, ""Bogorodica L2"": {""total"": 0, ""by_type"": {}}, ""Bogorodica L3"": {""total"": 0, ""by_type"": {}}, ""Bogorodica L4"": {""total"": 0, ""by_type"": {}}, ""Bogorodica L5"": {""total"": 0, ""by_type"": {}}}",3
875,1,2026-05-02 02:22:49.868126 +00:00,5,0,0,0,0,0,"{""Bogorodica L1"": {""total"": 0, ""by_type"": {}}, ""Bogorodica L2"": {""total"": 0, ""by_type"": {}}, ""Bogorodica L3"": {""total"": 0, ""by_type"": {}}, ""Bogorodica L4"": {""total"": 0, ""by_type"": {}}, ""Bogorodica L5"": {""total"": 0, ""by_type"": {}}}",3
876,1,2026-05-02 02:27:49.886047 +00:00,5,1,0,0,1,0,"{""Bogorodica L1"": {""total"": 0, ""by_type"": {}}, ""Bogorodica L2"": {""total"": 1, ""by_type"": {""bus"": 1}}, ""Bogorodica L3"": {""total"": 0, ""by_type"": {}}, ""Bogorodica L4"": {""total"": 0, ""by_type"": {}}, ""Bogorodica L5"": {""total"": 0, ""by_type"": {}}}",3
877,1,2026-05-02 02:32:50.249200 +00:00,5,1,0,0,1,0,"{""Bogorodica L1"": {""total"": 0, ""by_type"": {}}, ""Bogorodica L2"": {""total"": 1, ""by_type"": {""bus"": 1}}, ""Bogorodica L3"": {""total"": 0, ""by_type"": {}}, ""Bogorodica L4"": {""total"": 0, ""by_type"": {}}, ""Bogorodica L5"": {""total"": 0, ""by_type"": {}}}",3
878,1,2026-05-02 02:37:50.268635 +00:00,5,0,0,0,0,0,"{""Bogorodica L1"": {""total"": 0, ""by_type"": {}}, ""Bogorodica L2"": {""total"": 0, ""by_type"": {}}, ""Bogorodica L3"": {""total"": 0, ""by_type"": {}}, ""Bogorodica L4"": {""total"": 0, ""by_type"": {}}, ""Bogorodica L5"": {""total"": 0, ""by_type"": {}}}",3
879,1,2026-05-02 02:42:50.457353 +00:00,5,0,0,0,0,0,"{""Bogorodica L1"": {""total"": 0, ""by_type"": {}}, ""Bogorodica L2"": {""total"": 0, ""by_type"": {}}, ""Bogorodica L3"": {""total"": 0, ""by_type"": {}}, ""Bogorodica L4"": {""total"": 0, ""by_type"": {}}, ""Bogorodica L5"": {""total"": 0, ""by_type"": {}}}",3
880,1,2026-05-02 02:47:50.551363 +00:00,5,0,0,0,0,0,"{""Bogorodica L1"": {""total"": 0, ""by_type"": {}}, ""Bogorodica L2"": {""total"": 0, ""by_type"": {}}, ""Bogorodica L3"": {""total"": 0, ""by_type"": {}}, ""Bogorodica L4"": {""total"": 0, ""by_type"": {}}, ""Bogorodica L5"": {""total"": 0, ""by_type"": {}}}",3
881,1,2026-05-02 02:52:50.723376 +00:00,5,0,0,0,0,0,"{""Bogorodica L1"": {""total"": 0, ""by_type"": {}}, ""Bogorodica L2"": {""total"": 0, ""by_type"": {}}, ""Bogorodica L3"": {""total"": 0, ""by_type"": {}}, ""Bogorodica L4"": {""total"": 0, ""by_type"": {}}, ""Bogorodica L5"": {""total"": 0, ""by_type"": {}}}",3
882,1,2026-05-02 02:57:51.039663 +00:00,5,0,0,0,0,0,"{""Bogorodica L1"": {""total"": 0, ""by_type"": {}}, ""Bogorodica L2"": {""total"": 0, ""by_type"": {}}, ""Bogorodica L3"": {""total"": 0, ""by_type"": {}}, ""Bogorodica L4"": {""total"": 0, ""by_type"": {}}, ""Bogorodica L5"": {""total"": 0, ""by_type"": {}}}",3
883,1,2026-05-02 03:02:51.341750 +00:00,5,0,0,0,0,0,"{""Bogorodica L1"": {""total"": 0, ""by_type"": {}}, ""Bogorodica L2"": {""total"": 0, ""by_type"": {}}, ""Bogorodica L3"": {""total"": 0, ""by_type"": {}}, ""Bogorodica L4"": {""total"": 0, ""by_type"": {}}, ""Bogorodica L5"": {""total"": 0, ""by_type"": {}}}",2.5
884,1,2026-05-02 03:07:51.656355 +00:00,5,2,1,0,1,0,"{""Bogorodica L1"": {""total"": 0, ""by_type"": {}}, ""Bogorodica L2"": {""total"": 1, ""by_type"": {""bus"": 1}}, ""Bogorodica L3"": {""total"": 0, ""by_type"": {}}, ""Bogorodica L4"": {""total"": 1, ""by_type"": {""car"": 1}}, ""Bogorodica L5"": {""total"": 0, ""by_type"": {}}}",3
885,1,2026-05-02 03:12:51.782223 +00:00,5,1,0,0,1,0,"{""Bogorodica L1"": {""total"": 0, ""by_type"": {}}, ""Bogorodica L2"": {""total"": 1, ""by_type"": {""bus"": 1}}, ""Bogorodica L3"": {""total"": 0, ""by_type"": {}}, ""Bogorodica L4"": {""total"": 0, ""by_type"": {}}, ""Bogorodica L5"": {""total"": 0, ""by_type"": {}}}",3
886,1,2026-05-02 03:17:51.888203 +00:00,5,2,0,0,2,0,"{""Bogorodica L1"": {""total"": 0, ""by_type"": {}}, ""Bogorodica L2"": {""total"": 2, ""by_type"": {""bus"": 2}}, ""Bogorodica L3"": {""total"": 0, ""by_type"": {}}, ""Bogorodica L4"": {""total"": 0, ""by_type"": {}}, ""Bogorodica L5"": {""total"": 0, ""by_type"": {}}}",3
887,1,2026-05-02 03:22:52.018218 +00:00,5,2,0,0,2,0,"{""Bogorodica L1"": {""total"": 0, ""by_type"": {}}, ""Bogorodica L2"": {""total"": 2, ""by_type"": {""bus"": 2}}, ""Bogorodica L3"": {""total"": 0, ""by_type"": {}}, ""Bogorodica L4"": {""total"": 0, ""by_type"": {}}, ""Bogorodica L5"": {""total"": 0, ""by_type"": {}}}",3
888,1,2026-05-02 03:27:52.144871 +00:00,5,2,0,0,2,0,"{""Bogorodica L1"": {""total"": 0, ""by_type"": {}}, ""Bogorodica L2"": {""total"": 2, ""by_type"": {""bus"": 2}}, ""Bogorodica L3"": {""total"": 0, ""by_type"": {}}, ""Bogorodica L4"": {""total"": 0, ""by_type"": {}}, ""Bogorodica L5"": {""total"": 0, ""by_type"": {}}}",3
889,1,2026-05-02 03:32:52.293822 +00:00,5,1,1,0,0,0,"{""Bogorodica L1"": {""total"": 0, ""by_type"": {}}, ""Bogorodica L2"": {""total"": 0, ""by_type"": {}}, ""Bogorodica L3"": {""total"": 0, ""by_type"": {}}, ""Bogorodica L4"": {""total"": 0, ""by_type"": {}}, ""Bogorodica L5"": {""total"": 1, ""by_type"": {""car"": 1}}}",3
890,1,2026-05-02 03:37:52.534060 +00:00,5,1,1,0,0,0,"{""Bogorodica L1"": {""total"": 0, ""by_type"": {}}, ""Bogorodica L2"": {""total"": 0, ""by_type"": {}}, ""Bogorodica L3"": {""total"": 0, ""by_type"": {}}, ""Bogorodica L4"": {""total"": 1, ""by_type"": {""car"": 1}}, ""Bogorodica L5"": {""total"": 0, ""by_type"": {}}}",3
891,1,2026-05-02 03:42:52.587558 +00:00,5,1,0,0,1,0,"{""Bogorodica L1"": {""total"": 0, ""by_type"": {}}, ""Bogorodica L2"": {""total"": 1, ""by_type"": {""bus"": 1}}, ""Bogorodica L3"": {""total"": 0, ""by_type"": {}}, ""Bogorodica L4"": {""total"": 0, ""by_type"": {}}, ""Bogorodica L5"": {""total"": 0, ""by_type"": {}}}",3
892,1,2026-05-02 03:47:52.705154 +00:00,5,1,0,0,0,1,"{""Bogorodica L1"": {""total"": 1, ""by_type"": {""truck"": 1}}, ""Bogorodica L2"": {""total"": 0, ""by_type"": {}}, ""Bogorodica L3"": {""total"": 0, ""by_type"": {}}, ""Bogorodica L4"": {""total"": 0, ""by_type"": {}}, ""Bogorodica L5"": {""total"": 0, ""by_type"": {}}}",3
893,1,2026-05-02 03:52:52.846829 +00:00,5,0,0,0,0,0,"{""Bogorodica L1"": {""total"": 0, ""by_type"": {}}, ""Bogorodica L2"": {""total"": 0, ""by_type"": {}}, ""Bogorodica L3"": {""total"": 0, ""by_type"": {}}, ""Bogorodica L4"": {""total"": 0, ""by_type"": {}}, ""Bogorodica L5"": {""total"": 0, ""by_type"": {}}}",3
894,1,2026-05-02 03:57:53.137873 +00:00,5,0,0,0,0,0,"{""Bogorodica L1"": {""total"": 0, ""by_type"": {}}, ""Bogorodica L2"": {""total"": 0, ""by_type"": {}}, ""Bogorodica L3"": {""total"": 0, ""by_type"": {}}, ""Bogorodica L4"": {""total"": 0, ""by_type"": {}}, ""Bogorodica L5"": {""total"": 0, ""by_type"": {}}}",3
895,1,2026-05-02 04:02:53.258289 +00:00,5,0,0,0,0,0,"{""Bogorodica L1"": {""total"": 0, ""by_type"": {}}, ""Bogorodica L2"": {""total"": 0, ""by_type"": {}}, ""Bogorodica L3"": {""total"": 0, ""by_type"": {}}, ""Bogorodica L4"": {""total"": 0, ""by_type"": {}}, ""Bogorodica L5"": {""total"": 0, ""by_type"": {}}}",3
896,1,2026-05-02 04:07:53.434424 +00:00,5,0,0,0,0,0,"{""Bogorodica L1"": {""total"": 0, ""by_type"": {}}, ""Bogorodica L2"": {""total"": 0, ""by_type"": {}}, ""Bogorodica L3"": {""total"": 0, ""by_type"": {}}, ""Bogorodica L4"": {""total"": 0, ""by_type"": {}}, ""Bogorodica L5"": {""total"": 0, ""by_type"": {}}}",3
897,1,2026-05-02 04:12:53.629004 +00:00,5,0,0,0,0,0,"{""Bogorodica L1"": {""total"": 0, ""by_type"": {}}, ""Bogorodica L2"": {""total"": 0, ""by_type"": {}}, ""Bogorodica L3"": {""total"": 0, ""by_type"": {}}, ""Bogorodica L4"": {""total"": 0, ""by_type"": {}}, ""Bogorodica L5"": {""total"": 0, ""by_type"": {}}}",3
898,1,2026-05-02 04:17:53.660584 +00:00,5,0,0,0,0,0,"{""Bogorodica L1"": {""total"": 0, ""by_type"": {}}, ""Bogorodica L2"": {""total"": 0, ""by_type"": {}}, ""Bogorodica L3"": {""total"": 0, ""by_type"": {}}, ""Bogorodica L4"": {""total"": 0, ""by_type"": {}}, ""Bogorodica L5"": {""total"": 0, ""by_type"": {}}}",3
899,1,2026-05-02 04:22:53.941714 +00:00,5,0,0,0,0,0,"{""Bogorodica L1"": {""total"": 0, ""by_type"": {}}, ""Bogorodica L2"": {""total"": 0, ""by_type"": {}}, ""Bogorodica L3"": {""total"": 0, ""by_type"": {}}, ""Bogorodica L4"": {""total"": 0, ""by_type"": {}}, ""Bogorodica L5"": {""total"": 0, ""by_type"": {}}}",3
900,1,2026-05-02 04:27:54.112451 +00:00,5,0,0,0,0,0,"{""Bogorodica L1"": {""total"": 0, ""by_type"": {}}, ""Bogorodica L2"": {""total"": 0, ""by_type"": {}}, ""Bogorodica L3"": {""total"": 0, ""by_type"": {}}, ""Bogorodica L4"": {""total"": 0, ""by_type"": {}}, ""Bogorodica L5"": {""total"": 0, ""by_type"": {}}}",3
901,1,2026-05-02 04:32:54.130463 +00:00,5,0,0,0,0,0,"{""Bogorodica L1"": {""total"": 0, ""by_type"": {}}, ""Bogorodica L2"": {""total"": 0, ""by_type"": {}}, ""Bogorodica L3"": {""total"": 0, ""by_type"": {}}, ""Bogorodica L4"": {""total"": 0, ""by_type"": {}}, ""Bogorodica L5"": {""total"": 0, ""by_type"": {}}}",3
902,1,2026-05-02 04:37:54.150641 +00:00,5,0,0,0,0,0,"{""Bogorodica L1"": {""total"": 0, ""by_type"": {}}, ""Bogorodica L2"": {""total"": 0, ""by_type"": {}}, ""Bogorodica L3"": {""total"": 0, ""by_type"": {}}, ""Bogorodica L4"": {""total"": 0, ""by_type"": {}}, ""Bogorodica L5"": {""total"": 0, ""by_type"": {}}}",3
903,1,2026-05-02 04:42:54.315351 +00:00,5,3,2,0,0,1,"{""Bogorodica L1"": {""total"": 0, ""by_type"": {}}, ""Bogorodica L2"": {""total"": 0, ""by_type"": {}}, ""Bogorodica L3"": {""total"": 0, ""by_type"": {}}, ""Bogorodica L4"": {""total"": 3, ""by_type"": {""car"": 2, ""truck"": 1}}, ""Bogorodica L5"": {""total"": 0, ""by_type"": {}}}",3
904,1,2026-05-02 04:47:54.482117 +00:00,5,3,2,0,0,1,"{""Bogorodica L1"": {""total"": 0, ""by_type"": {}}, ""Bogorodica L2"": {""total"": 0, ""by_type"": {}}, ""Bogorodica L3"": {""total"": 0, ""by_type"": {}}, ""Bogorodica L4"": {""total"": 1, ""by_type"": {""car"": 1}}, ""Bogorodica L5"": {""total"": 2, ""by_type"": {""car"": 1, ""truck"": 1}}}",3
905,1,2026-05-02 04:52:54.564426 +00:00,5,0,0,0,0,0,"{""Bogorodica L1"": {""total"": 0, ""by_type"": {}}, ""Bogorodica L2"": {""total"": 0, ""by_type"": {}}, ""Bogorodica L3"": {""total"": 0, ""by_type"": {}}, ""Bogorodica L4"": {""total"": 0, ""by_type"": {}}, ""Bogorodica L5"": {""total"": 0, ""by_type"": {}}}",3
906,1,2026-05-02 04:57:54.820383 +00:00,5,0,0,0,0,0,"{""Bogorodica L1"": {""total"": 0, ""by_type"": {}}, ""Bogorodica L2"": {""total"": 0, ""by_type"": {}}, ""Bogorodica L3"": {""total"": 0, ""by_type"": {}}, ""Bogorodica L4"": {""total"": 0, ""by_type"": {}}, ""Bogorodica L5"": {""total"": 0, ""by_type"": {}}}",3
907,1,2026-05-02 05:02:55.049288 +00:00,5,1,0,0,1,0,"{""Bogorodica L1"": {""total"": 0, ""by_type"": {}}, ""Bogorodica L2"": {""total"": 1, ""by_type"": {""bus"": 1}}, ""Bogorodica L3"": {""total"": 0, ""by_type"": {}}, ""Bogorodica L4"": {""total"": 0, ""by_type"": {}}, ""Bogorodica L5"": {""total"": 0, ""by_type"": {}}}",3
908,1,2026-05-02 05:07:55.211648 +00:00,5,2,1,0,1,0,"{""Bogorodica L1"": {""total"": 0, ""by_type"": {}}, ""Bogorodica L2"": {""total"": 1, ""by_type"": {""bus"": 1}}, ""Bogorodica L3"": {""total"": 0, ""by_type"": {}}, ""Bogorodica L4"": {""total"": 0, ""by_type"": {}}, ""Bogorodica L5"": {""total"": 1, ""by_type"": {""car"": 1}}}",3
909,1,2026-05-02 05:12:55.299653 +00:00,5,2,1,0,1,0,"{""Bogorodica L1"": {""total"": 0, ""by_type"": {}}, ""Bogorodica L2"": {""total"": 1, ""by_type"": {""bus"": 1}}, ""Bogorodica L3"": {""total"": 0, ""by_type"": {}}, ""Bogorodica L4"": {""total"": 0, ""by_type"": {}}, ""Bogorodica L5"": {""total"": 1, ""by_type"": {""car"": 1}}}",3
910,1,2026-05-02 05:17:55.533022 +00:00,5,1,1,0,0,0,"{""Bogorodica L1"": {""total"": 0, ""by_type"": {}}, ""Bogorodica L2"": {""total"": 0, ""by_type"": {}}, ""Bogorodica L3"": {""total"": 0, ""by_type"": {}}, ""Bogorodica L4"": {""total"": 0, ""by_type"": {}}, ""Bogorodica L5"": {""total"": 1, ""by_type"": {""car"": 1}}}",3
911,1,2026-05-02 05:22:55.553695 +00:00,5,0,0,0,0,0,"{""Bogorodica L1"": {""total"": 0, ""by_type"": {}}, ""Bogorodica L2"": {""total"": 0, ""by_type"": {}}, ""Bogorodica L3"": {""total"": 0, ""by_type"": {}}, ""Bogorodica L4"": {""total"": 0, ""by_type"": {}}, ""Bogorodica L5"": {""total"": 0, ""by_type"": {}}}",3
912,1,2026-05-02 05:27:55.843347 +00:00,5,2,0,0,2,0,"{""Bogorodica L1"": {""total"": 0, ""by_type"": {}}, ""Bogorodica L2"": {""total"": 2, ""by_type"": {""bus"": 2}}, ""Bogorodica L3"": {""total"": 0, ""by_type"": {}}, ""Bogorodica L4"": {""total"": 0, ""by_type"": {}}, ""Bogorodica L5"": {""total"": 0, ""by_type"": {}}}",3
913,1,2026-05-02 05:32:55.886617 +00:00,5,1,0,0,1,0,"{""Bogorodica L1"": {""total"": 0, ""by_type"": {}}, ""Bogorodica L2"": {""total"": 1, ""by_type"": {""bus"": 1}}, ""Bogorodica L3"": {""total"": 0, ""by_type"": {}}, ""Bogorodica L4"": {""total"": 0, ""by_type"": {}}, ""Bogorodica L5"": {""total"": 0, ""by_type"": {}}}",3
914,1,2026-05-02 05:37:55.918331 +00:00,5,2,2,0,0,0,"{""Bogorodica L1"": {""total"": 0, ""by_type"": {}}, ""Bogorodica L2"": {""total"": 0, ""by_type"": {}}, ""Bogorodica L3"": {""total"": 0, ""by_type"": {}}, ""Bogorodica L4"": {""total"": 0, ""by_type"": {}}, ""Bogorodica L5"": {""total"": 2, ""by_type"": {""car"": 2}}}",3
915,1,2026-05-02 05:42:55.957971 +00:00,5,0,0,0,0,0,"{""Bogorodica L1"": {""total"": 0, ""by_type"": {}}, ""Bogorodica L2"": {""total"": 0, ""by_type"": {}}, ""Bogorodica L3"": {""total"": 0, ""by_type"": {}}, ""Bogorodica L4"": {""total"": 0, ""by_type"": {}}, ""Bogorodica L5"": {""total"": 0, ""by_type"": {}}}",3
916,1,2026-05-02 05:47:56.304703 +00:00,5,0,0,0,0,0,"{""Bogorodica L1"": {""total"": 0, ""by_type"": {}}, ""Bogorodica L2"": {""total"": 0, ""by_type"": {}}, ""Bogorodica L3"": {""total"": 0, ""by_type"": {}}, ""Bogorodica L4"": {""total"": 0, ""by_type"": {}}, ""Bogorodica L5"": {""total"": 0, ""by_type"": {}}}",3
917,1,2026-05-02 05:52:56.518273 +00:00,5,1,0,0,1,0,"{""Bogorodica L1"": {""total"": 0, ""by_type"": {}}, ""Bogorodica L2"": {""total"": 1, ""by_type"": {""bus"": 1}}, ""Bogorodica L3"": {""total"": 0, ""by_type"": {}}, ""Bogorodica L4"": {""total"": 0, ""by_type"": {}}, ""Bogorodica L5"": {""total"": 0, ""by_type"": {}}}",3
918,1,2026-05-02 05:57:56.625366 +00:00,5,2,0,0,0,2,"{""Bogorodica L1"": {""total"": 1, ""by_type"": {""truck"": 1}}, ""Bogorodica L2"": {""total"": 1, ""by_type"": {""truck"": 1}}, ""Bogorodica L3"": {""total"": 0, ""by_type"": {}}, ""Bogorodica L4"": {""total"": 0, ""by_type"": {}}, ""Bogorodica L5"": {""total"": 0, ""by_type"": {}}}",3
919,1,2026-05-02 06:02:56.793324 +00:00,5,1,0,0,1,0,"{""Bogorodica L1"": {""total"": 0, ""by_type"": {}}, ""Bogorodica L2"": {""total"": 1, ""by_type"": {""bus"": 1}}, ""Bogorodica L3"": {""total"": 0, ""by_type"": {}}, ""Bogorodica L4"": {""total"": 0, ""by_type"": {}}, ""Bogorodica L5"": {""total"": 0, ""by_type"": {}}}",3
920,1,2026-05-02 06:07:56.882557 +00:00,5,1,0,0,1,0,"{""Bogorodica L1"": {""total"": 0, ""by_type"": {}}, ""Bogorodica L2"": {""total"": 1, ""by_type"": {""bus"": 1}}, ""Bogorodica L3"": {""total"": 0, ""by_type"": {}}, ""Bogorodica L4"": {""total"": 0, ""by_type"": {}}, ""Bogorodica L5"": {""total"": 0, ""by_type"": {}}}",3
921,1,2026-05-02 06:12:57.245146 +00:00,5,0,0,0,0,0,"{""Bogorodica L1"": {""total"": 0, ""by_type"": {}}, ""Bogorodica L2"": {""total"": 0, ""by_type"": {}}, ""Bogorodica L3"": {""total"": 0, ""by_type"": {}}, ""Bogorodica L4"": {""total"": 0, ""by_type"": {}}, ""Bogorodica L5"": {""total"": 0, ""by_type"": {}}}",3
922,1,2026-05-02 06:17:57.584438 +00:00,5,1,1,0,0,0,"{""Bogorodica L1"": {""total"": 0, ""by_type"": {}}, ""Bogorodica L2"": {""total"": 0, ""by_type"": {}}, ""Bogorodica L3"": {""total"": 0, ""by_type"": {}}, ""Bogorodica L4"": {""total"": 0, ""by_type"": {}}, ""Bogorodica L5"": {""total"": 1, ""by_type"": {""car"": 1}}}",3
923,1,2026-05-02 06:22:57.657296 +00:00,5,0,0,0,0,0,"{""Bogorodica L1"": {""total"": 0, ""by_type"": {}}, ""Bogorodica L2"": {""total"": 0, ""by_type"": {}}, ""Bogorodica L3"": {""total"": 0, ""by_type"": {}}, ""Bogorodica L4"": {""total"": 0, ""by_type"": {}}, ""Bogorodica L5"": {""total"": 0, ""by_type"": {}}}",3
924,1,2026-05-02 06:27:57.790463 +00:00,5,1,1,0,0,0,"{""Bogorodica L1"": {""total"": 0, ""by_type"": {}}, ""Bogorodica L2"": {""total"": 0, ""by_type"": {}}, ""Bogorodica L3"": {""total"": 0, ""by_type"": {}}, ""Bogorodica L4"": {""total"": 0, ""by_type"": {}}, ""Bogorodica L5"": {""total"": 1, ""by_type"": {""car"": 1}}}",3
925,1,2026-05-02 06:32:57.926903 +00:00,5,1,1,0,0,0,"{""Bogorodica L1"": {""total"": 0, ""by_type"": {}}, ""Bogorodica L2"": {""total"": 0, ""by_type"": {}}, ""Bogorodica L3"": {""total"": 0, ""by_type"": {}}, ""Bogorodica L4"": {""total"": 0, ""by_type"": {}}, ""Bogorodica L5"": {""total"": 1, ""by_type"": {""car"": 1}}}",3
926,1,2026-05-02 06:37:58.150368 +00:00,5,0,0,0,0,0,"{""Bogorodica L1"": {""total"": 0, ""by_type"": {}}, ""Bogorodica L2"": {""total"": 0, ""by_type"": {}}, ""Bogorodica L3"": {""total"": 0, ""by_type"": {}}, ""Bogorodica L4"": {""total"": 0, ""by_type"": {}}, ""Bogorodica L5"": {""total"": 0, ""by_type"": {}}}",3
927,1,2026-05-02 06:42:58.386387 +00:00,5,0,0,0,0,0,"{""Bogorodica L1"": {""total"": 0, ""by_type"": {}}, ""Bogorodica L2"": {""total"": 0, ""by_type"": {}}, ""Bogorodica L3"": {""total"": 0, ""by_type"": {}}, ""Bogorodica L4"": {""total"": 0, ""by_type"": {}}, ""Bogorodica L5"": {""total"": 0, ""by_type"": {}}}",3
928,1,2026-05-02 06:47:58.734869 +00:00,5,0,0,0,0,0,"{""Bogorodica L1"": {""total"": 0, ""by_type"": {}}, ""Bogorodica L2"": {""total"": 0, ""by_type"": {}}, ""Bogorodica L3"": {""total"": 0, ""by_type"": {}}, ""Bogorodica L4"": {""total"": 0, ""by_type"": {}}, ""Bogorodica L5"": {""total"": 0, ""by_type"": {}}}",3
929,1,2026-05-02 06:52:58.917662 +00:00,5,0,0,0,0,0,"{""Bogorodica L1"": {""total"": 0, ""by_type"": {}}, ""Bogorodica L2"": {""total"": 0, ""by_type"": {}}, ""Bogorodica L3"": {""total"": 0, ""by_type"": {}}, ""Bogorodica L4"": {""total"": 0, ""by_type"": {}}, ""Bogorodica L5"": {""total"": 0, ""by_type"": {}}}",3
930,1,2026-05-02 06:57:59.180889 +00:00,5,6,6,0,0,0,"{""Bogorodica L1"": {""total"": 0, ""by_type"": {}}, ""Bogorodica L2"": {""total"": 0, ""by_type"": {}}, ""Bogorodica L3"": {""total"": 0, ""by_type"": {}}, ""Bogorodica L4"": {""total"": 4, ""by_type"": {""car"": 4}}, ""Bogorodica L5"": {""total"": 2, ""by_type"": {""car"": 2}}}",3
931,1,2026-05-02 07:02:59.196918 +00:00,5,0,0,0,0,0,"{""Bogorodica L1"": {""total"": 0, ""by_type"": {}}, ""Bogorodica L2"": {""total"": 0, ""by_type"": {}}, ""Bogorodica L3"": {""total"": 0, ""by_type"": {}}, ""Bogorodica L4"": {""total"": 0, ""by_type"": {}}, ""Bogorodica L5"": {""total"": 0, ""by_type"": {}}}",3
932,1,2026-05-02 07:07:59.432526 +00:00,5,4,4,0,0,0,"{""Bogorodica L1"": {""total"": 0, ""by_type"": {}}, ""Bogorodica L2"": {""total"": 0, ""by_type"": {}}, ""Bogorodica L3"": {""total"": 0, ""by_type"": {}}, ""Bogorodica L4"": {""total"": 2, ""by_type"": {""car"": 2}}, ""Bogorodica L5"": {""total"": 2, ""by_type"": {""car"": 2}}}",3
933,1,2026-05-02 07:12:59.478339 +00:00,5,2,1,0,0,1,"{""Bogorodica L1"": {""total"": 1, ""by_type"": {""truck"": 1}}, ""Bogorodica L2"": {""total"": 0, ""by_type"": {}}, ""Bogorodica L3"": {""total"": 0, ""by_type"": {}}, ""Bogorodica L4"": {""total"": 1, ""by_type"": {""car"": 1}}, ""Bogorodica L5"": {""total"": 0, ""by_type"": {}}}",3
934,1,2026-05-02 07:17:59.680005 +00:00,5,0,0,0,0,0,"{""Bogorodica L1"": {""total"": 0, ""by_type"": {}}, ""Bogorodica L2"": {""total"": 0, ""by_type"": {}}, ""Bogorodica L3"": {""total"": 0, ""by_type"": {}}, ""Bogorodica L4"": {""total"": 0, ""by_type"": {}}, ""Bogorodica L5"": {""total"": 0, ""by_type"": {}}}",3
935,1,2026-05-02 07:23:00.008599 +00:00,5,3,3,0,0,0,"{""Bogorodica L1"": {""total"": 0, ""by_type"": {}}, ""Bogorodica L2"": {""total"": 0, ""by_type"": {}}, ""Bogorodica L3"": {""total"": 0, ""by_type"": {}}, ""Bogorodica L4"": {""total"": 0, ""by_type"": {}}, ""Bogorodica L5"": {""total"": 3, ""by_type"": {""car"": 3}}}",3
936,1,2026-05-02 07:28:00.140650 +00:00,5,1,1,0,0,0,"{""Bogorodica L1"": {""total"": 0, ""by_type"": {}}, ""Bogorodica L2"": {""total"": 0, ""by_type"": {}}, ""Bogorodica L3"": {""total"": 0, ""by_type"": {}}, ""Bogorodica L4"": {""total"": 1, ""by_type"": {""car"": 1}}, ""Bogorodica L5"": {""total"": 0, ""by_type"": {}}}",3
937,1,2026-05-02 07:33:00.265689 +00:00,5,0,0,0,0,0,"{""Bogorodica L1"": {""total"": 0, ""by_type"": {}}, ""Bogorodica L2"": {""total"": 0, ""by_type"": {}}, ""Bogorodica L3"": {""total"": 0, ""by_type"": {}}, ""Bogorodica L4"": {""total"": 0, ""by_type"": {}}, ""Bogorodica L5"": {""total"": 0, ""by_type"": {}}}",3
938,1,2026-05-02 07:38:00.411264 +00:00,5,3,2,0,1,0,"{""Bogorodica L1"": {""total"": 0, ""by_type"": {}}, ""Bogorodica L2"": {""total"": 1, ""by_type"": {""bus"": 1}}, ""Bogorodica L3"": {""total"": 0, ""by_type"": {}}, ""Bogorodica L4"": {""total"": 0, ""by_type"": {}}, ""Bogorodica L5"": {""total"": 2, ""by_type"": {""car"": 2}}}",3
939,1,2026-05-02 07:43:00.500713 +00:00,5,2,2,0,0,0,"{""Bogorodica L1"": {""total"": 0, ""by_type"": {}}, ""Bogorodica L2"": {""total"": 0, ""by_type"": {}}, ""Bogorodica L3"": {""total"": 0, ""by_type"": {}}, ""Bogorodica L4"": {""total"": 0, ""by_type"": {}}, ""Bogorodica L5"": {""total"": 2, ""by_type"": {""car"": 2}}}",3
940,1,2026-05-02 07:48:00.861384 +00:00,5,6,4,0,1,1,"{""Bogorodica L1"": {""total"": 0, ""by_type"": {}}, ""Bogorodica L2"": {""total"": 0, ""by_type"": {}}, ""Bogorodica L3"": {""total"": 0, ""by_type"": {}}, ""Bogorodica L4"": {""total"": 3, ""by_type"": {""car"": 3}}, ""Bogorodica L5"": {""total"": 3, ""by_type"": {""bus"": 1, ""car"": 1, ""truck"": 1}}}",3
941,1,2026-05-02 07:53:00.891502 +00:00,5,5,4,0,0,1,"{""Bogorodica L1"": {""total"": 0, ""by_type"": {}}, ""Bogorodica L2"": {""total"": 0, ""by_type"": {}}, ""Bogorodica L3"": {""total"": 0, ""by_type"": {}}, ""Bogorodica L4"": {""total"": 2, ""by_type"": {""car"": 1, ""truck"": 1}}, ""Bogorodica L5"": {""total"": 3, ""by_type"": {""car"": 3}}}",3
942,1,2026-05-02 07:58:00.955198 +00:00,5,2,2,0,0,0,"{""Bogorodica L1"": {""total"": 0, ""by_type"": {}}, ""Bogorodica L2"": {""total"": 0, ""by_type"": {}}, ""Bogorodica L3"": {""total"": 0, ""by_type"": {}}, ""Bogorodica L4"": {""total"": 0, ""by_type"": {}}, ""Bogorodica L5"": {""total"": 2, ""by_type"": {""car"": 2}}}",3
943,1,2026-05-02 08:03:01.133656 +00:00,5,0,0,0,0,0,"{""Bogorodica L1"": {""total"": 0, ""by_type"": {}}, ""Bogorodica L2"": {""total"": 0, ""by_type"": {}}, ""Bogorodica L3"": {""total"": 0, ""by_type"": {}}, ""Bogorodica L4"": {""total"": 0, ""by_type"": {}}, ""Bogorodica L5"": {""total"": 0, ""by_type"": {}}}",3
944,1,2026-05-02 08:08:01.185327 +00:00,5,0,0,0,0,0,"{""Bogorodica L1"": {""total"": 0, ""by_type"": {}}, ""Bogorodica L2"": {""total"": 0, ""by_type"": {}}, ""Bogorodica L3"": {""total"": 0, ""by_type"": {}}, ""Bogorodica L4"": {""total"": 0, ""by_type"": {}}, ""Bogorodica L5"": {""total"": 0, ""by_type"": {}}}",3
945,1,2026-05-02 08:13:01.360518 +00:00,5,2,2,0,0,0,"{""Bogorodica L1"": {""total"": 0, ""by_type"": {}}, ""Bogorodica L2"": {""total"": 0, ""by_type"": {}}, ""Bogorodica L3"": {""total"": 0, ""by_type"": {}}, ""Bogorodica L4"": {""total"": 1, ""by_type"": {""car"": 1}}, ""Bogorodica L5"": {""total"": 1, ""by_type"": {""car"": 1}}}",3
946,1,2026-05-02 08:18:01.473779 +00:00,5,1,0,0,0,1,"{""Bogorodica L1"": {""total"": 1, ""by_type"": {""truck"": 1}}, ""Bogorodica L2"": {""total"": 0, ""by_type"": {}}, ""Bogorodica L3"": {""total"": 0, ""by_type"": {}}, ""Bogorodica L4"": {""total"": 0, ""by_type"": {}}, ""Bogorodica L5"": {""total"": 0, ""by_type"": {}}}",3
947,1,2026-05-02 08:23:01.806481 +00:00,5,1,1,0,0,0,"{""Bogorodica L1"": {""total"": 0, ""by_type"": {}}, ""Bogorodica L2"": {""total"": 0, ""by_type"": {}}, ""Bogorodica L3"": {""total"": 0, ""by_type"": {}}, ""Bogorodica L4"": {""total"": 1, ""by_type"": {""car"": 1}}, ""Bogorodica L5"": {""total"": 0, ""by_type"": {}}}",3
948,1,2026-05-02 08:28:02.022287 +00:00,5,1,1,0,0,0,"{""Bogorodica L1"": {""total"": 0, ""by_type"": {}}, ""Bogorodica L2"": {""total"": 0, ""by_type"": {}}, ""Bogorodica L3"": {""total"": 0, ""by_type"": {}}, ""Bogorodica L4"": {""total"": 0, ""by_type"": {}}, ""Bogorodica L5"": {""total"": 1, ""by_type"": {""car"": 1}}}",3
949,1,2026-05-02 08:33:02.212620 +00:00,5,0,0,0,0,0,"{""Bogorodica L1"": {""total"": 0, ""by_type"": {}}, ""Bogorodica L2"": {""total"": 0, ""by_type"": {}}, ""Bogorodica L3"": {""total"": 0, ""by_type"": {}}, ""Bogorodica L4"": {""total"": 0, ""by_type"": {}}, ""Bogorodica L5"": {""total"": 0, ""by_type"": {}}}",3
950,1,2026-05-02 08:38:02.487155 +00:00,5,2,1,0,0,1,"{""Bogorodica L1"": {""total"": 1, ""by_type"": {""truck"": 1}}, ""Bogorodica L2"": {""total"": 0, ""by_type"": {}}, ""Bogorodica L3"": {""total"": 0, ""by_type"": {}}, ""Bogorodica L4"": {""total"": 1, ""by_type"": {""car"": 1}}, ""Bogorodica L5"": {""total"": 0, ""by_type"": {}}}",3
951,1,2026-05-02 08:43:02.632359 +00:00,5,1,0,0,0,1,"{""Bogorodica L1"": {""total"": 1, ""by_type"": {""truck"": 1}}, ""Bogorodica L2"": {""total"": 0, ""by_type"": {}}, ""Bogorodica L3"": {""total"": 0, ""by_type"": {}}, ""Bogorodica L4"": {""total"": 0, ""by_type"": {}}, ""Bogorodica L5"": {""total"": 0, ""by_type"": {}}}",3
952,1,2026-05-02 08:48:02.971677 +00:00,5,7,4,0,0,3,"{""Bogorodica L1"": {""total"": 1, ""by_type"": {""truck"": 1}}, ""Bogorodica L2"": {""total"": 0, ""by_type"": {}}, ""Bogorodica L3"": {""total"": 0, ""by_type"": {}}, ""Bogorodica L4"": {""total"": 2, ""by_type"": {""car"": 1, ""truck"": 1}}, ""Bogorodica L5"": {""total"": 4, ""by_type"": {""car"": 3, ""truck"": 1}}}",3
953,1,2026-05-02 08:53:03.174239 +00:00,5,12,11,0,0,1,"{""Bogorodica L1"": {""total"": 1, ""by_type"": {""truck"": 1}}, ""Bogorodica L2"": {""total"": 0, ""by_type"": {}}, ""Bogorodica L3"": {""total"": 0, ""by_type"": {}}, ""Bogorodica L4"": {""total"": 5, ""by_type"": {""car"": 5}}, ""Bogorodica L5"": {""total"": 6, ""by_type"": {""car"": 6}}}",3
954,1,2026-05-02 08:58:03.425539 +00:00,5,11,11,0,0,0,"{""Bogorodica L1"": {""total"": 0, ""by_type"": {}}, ""Bogorodica L2"": {""total"": 1, ""by_type"": {""car"": 1}}, ""Bogorodica L3"": {""total"": 0, ""by_type"": {}}, ""Bogorodica L4"": {""total"": 4, ""by_type"": {""car"": 4}}, ""Bogorodica L5"": {""total"": 6, ""by_type"": {""car"": 6}}}",3
955,1,2026-05-02 09:03:03.579966 +00:00,5,1,1,0,0,0,"{""Bogorodica L1"": {""total"": 0, ""by_type"": {}}, ""Bogorodica L2"": {""total"": 0, ""by_type"": {}}, ""Bogorodica L3"": {""total"": 0, ""by_type"": {}}, ""Bogorodica L4"": {""total"": 0, ""by_type"": {}}, ""Bogorodica L5"": {""total"": 1, ""by_type"": {""car"": 1}}}",3
956,1,2026-05-02 09:08:03.651335 +00:00,5,2,1,0,0,1,"{""Bogorodica L1"": {""total"": 1, ""by_type"": {""truck"": 1}}, ""Bogorodica L2"": {""total"": 0, ""by_type"": {}}, ""Bogorodica L3"": {""total"": 0, ""by_type"": {}}, ""Bogorodica L4"": {""total"": 0, ""by_type"": {}}, ""Bogorodica L5"": {""total"": 1, ""by_type"": {""car"": 1}}}",3
957,1,2026-05-02 09:13:03.699061 +00:00,5,4,2,0,1,1,"{""Bogorodica L1"": {""total"": 1, ""by_type"": {""truck"": 1}}, ""Bogorodica L2"": {""total"": 0, ""by_type"": {}}, ""Bogorodica L3"": {""total"": 0, ""by_type"": {}}, ""Bogorodica L4"": {""total"": 1, ""by_type"": {""bus"": 1}}, ""Bogorodica L5"": {""total"": 2, ""by_type"": {""car"": 2}}}",3
958,1,2026-05-02 09:18:04.018696 +00:00,5,7,6,0,1,0,"{""Bogorodica L1"": {""total"": 0, ""by_type"": {}}, ""Bogorodica L2"": {""total"": 1, ""by_type"": {""bus"": 1}}, ""Bogorodica L3"": {""total"": 1, ""by_type"": {""car"": 1}}, ""Bogorodica L4"": {""total"": 2, ""by_type"": {""car"": 2}}, ""Bogorodica L5"": {""total"": 3, ""by_type"": {""car"": 3}}}",3
959,1,2026-05-02 09:23:04.164266 +00:00,5,9,8,0,0,1,"{""Bogorodica L1"": {""total"": 0, ""by_type"": {}}, ""Bogorodica L2"": {""total"": 0, ""by_type"": {}}, ""Bogorodica L3"": {""total"": 0, ""by_type"": {}}, ""Bogorodica L4"": {""total"": 5, ""by_type"": {""car"": 4, ""truck"": 1}}, ""Bogorodica L5"": {""total"": 4, ""by_type"": {""car"": 4}}}",3
960,1,2026-05-02 09:28:04.503661 +00:00,5,12,11,0,1,0,"{""Bogorodica L1"": {""total"": 0, ""by_type"": {}}, ""Bogorodica L2"": {""total"": 1, ""by_type"": {""bus"": 1}}, ""Bogorodica L3"": {""total"": 0, ""by_type"": {}}, ""Bogorodica L4"": {""total"": 4, ""by_type"": {""car"": 4}}, ""Bogorodica L5"": {""total"": 7, ""by_type"": {""car"": 7}}}",3
961,1,2026-05-02 09:33:04.817827 +00:00,5,8,8,0,0,0,"{""Bogorodica L1"": {""total"": 0, ""by_type"": {}}, ""Bogorodica L2"": {""total"": 0, ""by_type"": {}}, ""Bogorodica L3"": {""total"": 0, ""by_type"": {}}, ""Bogorodica L4"": {""total"": 3, ""by_type"": {""car"": 3}}, ""Bogorodica L5"": {""total"": 5, ""by_type"": {""car"": 5}}}",3
962,1,2026-05-02 09:38:05.003719 +00:00,5,4,4,0,0,0,"{""Bogorodica L1"": {""total"": 0, ""by_type"": {}}, ""Bogorodica L2"": {""total"": 0, ""by_type"": {}}, ""Bogorodica L3"": {""total"": 0, ""by_type"": {}}, ""Bogorodica L4"": {""total"": 1, ""by_type"": {""car"": 1}}, ""Bogorodica L5"": {""total"": 3, ""by_type"": {""car"": 3}}}",3
963,1,2026-05-02 09:43:05.344291 +00:00,5,2,2,0,0,0,"{""Bogorodica L1"": {""total"": 0, ""by_type"": {}}, ""Bogorodica L2"": {""total"": 0, ""by_type"": {}}, ""Bogorodica L3"": {""total"": 0, ""by_type"": {}}, ""Bogorodica L4"": {""total"": 0, ""by_type"": {}}, ""Bogorodica L5"": {""total"": 2, ""by_type"": {""car"": 2}}}",3
964,1,2026-05-02 09:48:05.578597 +00:00,5,0,0,0,0,0,"{""Bogorodica L1"": {""total"": 0, ""by_type"": {}}, ""Bogorodica L2"": {""total"": 0, ""by_type"": {}}, ""Bogorodica L3"": {""total"": 0, ""by_type"": {}}, ""Bogorodica L4"": {""total"": 0, ""by_type"": {}}, ""Bogorodica L5"": {""total"": 0, ""by_type"": {}}}",3
965,1,2026-05-02 09:53:05.670506 +00:00,5,1,1,0,0,0,"{""Bogorodica L1"": {""total"": 0, ""by_type"": {}}, ""Bogorodica L2"": {""total"": 0, ""by_type"": {}}, ""Bogorodica L3"": {""total"": 0, ""by_type"": {}}, ""Bogorodica L4"": {""total"": 0, ""by_type"": {}}, ""Bogorodica L5"": {""total"": 1, ""by_type"": {""car"": 1}}}",3
966,1,2026-05-02 09:58:05.940571 +00:00,5,2,1,0,0,1,"{""Bogorodica L1"": {""total"": 1, ""by_type"": {""truck"": 1}}, ""Bogorodica L2"": {""total"": 0, ""by_type"": {}}, ""Bogorodica L3"": {""total"": 0, ""by_type"": {}}, ""Bogorodica L4"": {""total"": 1, ""by_type"": {""car"": 1}}, ""Bogorodica L5"": {""total"": 0, ""by_type"": {}}}",3
967,1,2026-05-02 10:03:05.968380 +00:00,5,0,0,0,0,0,"{""Bogorodica L1"": {""total"": 0, ""by_type"": {}}, ""Bogorodica L2"": {""total"": 0, ""by_type"": {}}, ""Bogorodica L3"": {""total"": 0, ""by_type"": {}}, ""Bogorodica L4"": {""total"": 0, ""by_type"": {}}, ""Bogorodica L5"": {""total"": 0, ""by_type"": {}}}",3
968,1,2026-05-02 10:08:06.042159 +00:00,5,0,0,0,0,0,"{""Bogorodica L1"": {""total"": 0, ""by_type"": {}}, ""Bogorodica L2"": {""total"": 0, ""by_type"": {}}, ""Bogorodica L3"": {""total"": 0, ""by_type"": {}}, ""Bogorodica L4"": {""total"": 0, ""by_type"": {}}, ""Bogorodica L5"": {""total"": 0, ""by_type"": {}}}",3
969,1,2026-05-02 10:13:06.253314 +00:00,5,1,0,0,0,1,"{""Bogorodica L1"": {""total"": 1, ""by_type"": {""truck"": 1}}, ""Bogorodica L2"": {""total"": 0, ""by_type"": {}}, ""Bogorodica L3"": {""total"": 0, ""by_type"": {}}, ""Bogorodica L4"": {""total"": 0, ""by_type"": {}}, ""Bogorodica L5"": {""total"": 0, ""by_type"": {}}}",3
970,1,2026-05-02 10:18:06.543056 +00:00,5,2,0,0,0,2,"{""Bogorodica L1"": {""total"": 2, ""by_type"": {""truck"": 2}}, ""Bogorodica L2"": {""total"": 0, ""by_type"": {}}, ""Bogorodica L3"": {""total"": 0, ""by_type"": {}}, ""Bogorodica L4"": {""total"": 0, ""by_type"": {}}, ""Bogorodica L5"": {""total"": 0, ""by_type"": {}}}",3
971,1,2026-05-02 10:23:06.711585 +00:00,5,1,0,0,0,1,"{""Bogorodica L1"": {""total"": 1, ""by_type"": {""truck"": 1}}, ""Bogorodica L2"": {""total"": 0, ""by_type"": {}}, ""Bogorodica L3"": {""total"": 0, ""by_type"": {}}, ""Bogorodica L4"": {""total"": 0, ""by_type"": {}}, ""Bogorodica L5"": {""total"": 0, ""by_type"": {}}}",3
972,1,2026-05-02 10:28:07.000984 +00:00,5,1,0,0,0,1,"{""Bogorodica L1"": {""total"": 1, ""by_type"": {""truck"": 1}}, ""Bogorodica L2"": {""total"": 0, ""by_type"": {}}, ""Bogorodica L3"": {""total"": 0, ""by_type"": {}}, ""Bogorodica L4"": {""total"": 0, ""by_type"": {}}, ""Bogorodica L5"": {""total"": 0, ""by_type"": {}}}",3
973,1,2026-05-02 10:33:07.346300 +00:00,5,3,1,0,0,2,"{""Bogorodica L1"": {""total"": 2, ""by_type"": {""truck"": 2}}, ""Bogorodica L2"": {""total"": 0, ""by_type"": {}}, ""Bogorodica L3"": {""total"": 0, ""by_type"": {}}, ""Bogorodica L4"": {""total"": 0, ""by_type"": {}}, ""Bogorodica L5"": {""total"": 1, ""by_type"": {""car"": 1}}}",3
974,1,2026-05-02 10:38:07.517207 +00:00,5,1,0,0,0,1,"{""Bogorodica L1"": {""total"": 1, ""by_type"": {""truck"": 1}}, ""Bogorodica L2"": {""total"": 0, ""by_type"": {}}, ""Bogorodica L3"": {""total"": 0, ""by_type"": {}}, ""Bogorodica L4"": {""total"": 0, ""by_type"": {}}, ""Bogorodica L5"": {""total"": 0, ""by_type"": {}}}",3
975,1,2026-05-02 10:43:32.666305 +00:00,5,1,0,0,0,1,"{""Bogorodica L1"": {""total"": 1, ""by_type"": {""truck"": 1}}, ""Bogorodica L2"": {""total"": 0, ""by_type"": {}}, ""Bogorodica L3"": {""total"": 0, ""by_type"": {}}, ""Bogorodica L4"": {""total"": 0, ""by_type"": {}}, ""Bogorodica L5"": {""total"": 0, ""by_type"": {}}}",0.5
976,1,2026-05-02 10:48:32.925683 +00:00,5,2,1,0,0,1,"{""Bogorodica L1"": {""total"": 1, ""by_type"": {""truck"": 1}}, ""Bogorodica L2"": {""total"": 0, ""by_type"": {}}, ""Bogorodica L3"": {""total"": 0, ""by_type"": {}}, ""Bogorodica L4"": {""total"": 1, ""by_type"": {""car"": 1}}, ""Bogorodica L5"": {""total"": 0, ""by_type"": {}}}",3
977,1,2026-05-02 10:53:33.038680 +00:00,5,2,0,0,0,2,"{""Bogorodica L1"": {""total"": 2, ""by_type"": {""truck"": 2}}, ""Bogorodica L2"": {""total"": 0, ""by_type"": {}}, ""Bogorodica L3"": {""total"": 0, ""by_type"": {}}, ""Bogorodica L4"": {""total"": 0, ""by_type"": {}}, ""Bogorodica L5"": {""total"": 0, ""by_type"": {}}}",3
978,1,2026-05-02 10:58:33.310351 +00:00,5,1,0,0,0,1,"{""Bogorodica L1"": {""total"": 1, ""by_type"": {""truck"": 1}}, ""Bogorodica L2"": {""total"": 0, ""by_type"": {}}, ""Bogorodica L3"": {""total"": 0, ""by_type"": {}}, ""Bogorodica L4"": {""total"": 0, ""by_type"": {}}, ""Bogorodica L5"": {""total"": 0, ""by_type"": {}}}",3
979,1,2026-05-02 11:03:33.540201 +00:00,5,3,1,0,0,2,"{""Bogorodica L1"": {""total"": 2, ""by_type"": {""truck"": 2}}, ""Bogorodica L2"": {""total"": 0, ""by_type"": {}}, ""Bogorodica L3"": {""total"": 0, ""by_type"": {}}, ""Bogorodica L4"": {""total"": 0, ""by_type"": {}}, ""Bogorodica L5"": {""total"": 1, ""by_type"": {""car"": 1}}}",3
980,1,2026-05-02 11:08:33.737192 +00:00,5,3,0,0,0,3,"{""Bogorodica L1"": {""total"": 3, ""by_type"": {""truck"": 3}}, ""Bogorodica L2"": {""total"": 0, ""by_type"": {}}, ""Bogorodica L3"": {""total"": 0, ""by_type"": {}}, ""Bogorodica L4"": {""total"": 0, ""by_type"": {}}, ""Bogorodica L5"": {""total"": 0, ""by_type"": {}}}",3
981,1,2026-05-02 11:13:33.778531 +00:00,5,4,1,0,0,3,"{""Bogorodica L1"": {""total"": 3, ""by_type"": {""truck"": 3}}, ""Bogorodica L2"": {""total"": 0, ""by_type"": {}}, ""Bogorodica L3"": {""total"": 0, ""by_type"": {}}, ""Bogorodica L4"": {""total"": 0, ""by_type"": {}}, ""Bogorodica L5"": {""total"": 1, ""by_type"": {""car"": 1}}}",3
982,1,2026-05-02 11:18:34.022795 +00:00,5,2,0,0,0,2,"{""Bogorodica L1"": {""total"": 1, ""by_type"": {""truck"": 1}}, ""Bogorodica L2"": {""total"": 0, ""by_type"": {}}, ""Bogorodica L3"": {""total"": 0, ""by_type"": {}}, ""Bogorodica L4"": {""total"": 0, ""by_type"": {}}, ""Bogorodica L5"": {""total"": 1, ""by_type"": {""truck"": 1}}}",3
983,1,2026-05-02 11:23:34.325742 +00:00,5,2,0,0,0,2,"{""Bogorodica L1"": {""total"": 2, ""by_type"": {""truck"": 2}}, ""Bogorodica L2"": {""total"": 0, ""by_type"": {}}, ""Bogorodica L3"": {""total"": 0, ""by_type"": {}}, ""Bogorodica L4"": {""total"": 0, ""by_type"": {}}, ""Bogorodica L5"": {""total"": 0, ""by_type"": {}}}",3
984,1,2026-05-02 11:28:34.356007 +00:00,5,2,0,0,0,2,"{""Bogorodica L1"": {""total"": 2, ""by_type"": {""truck"": 2}}, ""Bogorodica L2"": {""total"": 0, ""by_type"": {}}, ""Bogorodica L3"": {""total"": 0, ""by_type"": {}}, ""Bogorodica L4"": {""total"": 0, ""by_type"": {}}, ""Bogorodica L5"": {""total"": 0, ""by_type"": {}}}",3
985,1,2026-05-02 11:33:34.729686 +00:00,5,2,0,0,0,2,"{""Bogorodica L1"": {""total"": 2, ""by_type"": {""truck"": 2}}, ""Bogorodica L2"": {""total"": 0, ""by_type"": {}}, ""Bogorodica L3"": {""total"": 0, ""by_type"": {}}, ""Bogorodica L4"": {""total"": 0, ""by_type"": {}}, ""Bogorodica L5"": {""total"": 0, ""by_type"": {}}}",3
986,1,2026-05-02 11:38:35.007673 +00:00,5,0,0,0,0,0,"{""Bogorodica L1"": {""total"": 0, ""by_type"": {}}, ""Bogorodica L2"": {""total"": 0, ""by_type"": {}}, ""Bogorodica L3"": {""total"": 0, ""by_type"": {}}, ""Bogorodica L4"": {""total"": 0, ""by_type"": {}}, ""Bogorodica L5"": {""total"": 0, ""by_type"": {}}}",3
987,1,2026-05-02 11:43:35.033634 +00:00,5,2,2,0,0,0,"{""Bogorodica L1"": {""total"": 0, ""by_type"": {}}, ""Bogorodica L2"": {""total"": 0, ""by_type"": {}}, ""Bogorodica L3"": {""total"": 0, ""by_type"": {}}, ""Bogorodica L4"": {""total"": 1, ""by_type"": {""car"": 1}}, ""Bogorodica L5"": {""total"": 1, ""by_type"": {""car"": 1}}}",3
988,1,2026-05-02 11:48:35.335152 +00:00,5,1,1,0,0,0,"{""Bogorodica L1"": {""total"": 0, ""by_type"": {}}, ""Bogorodica L2"": {""total"": 0, ""by_type"": {}}, ""Bogorodica L3"": {""total"": 0, ""by_type"": {}}, ""Bogorodica L4"": {""total"": 1, ""by_type"": {""car"": 1}}, ""Bogorodica L5"": {""total"": 0, ""by_type"": {}}}",3
989,1,2026-05-02 11:53:35.527810 +00:00,5,0,0,0,0,0,"{""Bogorodica L1"": {""total"": 0, ""by_type"": {}}, ""Bogorodica L2"": {""total"": 0, ""by_type"": {}}, ""Bogorodica L3"": {""total"": 0, ""by_type"": {}}, ""Bogorodica L4"": {""total"": 0, ""by_type"": {}}, ""Bogorodica L5"": {""total"": 0, ""by_type"": {}}}",3
990,1,2026-05-02 11:58:35.712893 +00:00,5,0,0,0,0,0,"{""Bogorodica L1"": {""total"": 0, ""by_type"": {}}, ""Bogorodica L2"": {""total"": 0, ""by_type"": {}}, ""Bogorodica L3"": {""total"": 0, ""by_type"": {}}, ""Bogorodica L4"": {""total"": 0, ""by_type"": {}}, ""Bogorodica L5"": {""total"": 0, ""by_type"": {}}}",3
991,1,2026-05-02 12:03:35.966002 +00:00,5,0,0,0,0,0,"{""Bogorodica L1"": {""total"": 0, ""by_type"": {}}, ""Bogorodica L2"": {""total"": 0, ""by_type"": {}}, ""Bogorodica L3"": {""total"": 0, ""by_type"": {}}, ""Bogorodica L4"": {""total"": 0, ""by_type"": {}}, ""Bogorodica L5"": {""total"": 0, ""by_type"": {}}}",3
992,1,2026-05-02 12:08:36.149167 +00:00,5,1,0,0,0,1,"{""Bogorodica L1"": {""total"": 0, ""by_type"": {}}, ""Bogorodica L2"": {""total"": 0, ""by_type"": {}}, ""Bogorodica L3"": {""total"": 0, ""by_type"": {}}, ""Bogorodica L4"": {""total"": 0, ""by_type"": {}}, ""Bogorodica L5"": {""total"": 1, ""by_type"": {""truck"": 1}}}",3
993,1,2026-05-02 12:13:36.448821 +00:00,5,1,0,0,0,1,"{""Bogorodica L1"": {""total"": 1, ""by_type"": {""truck"": 1}}, ""Bogorodica L2"": {""total"": 0, ""by_type"": {}}, ""Bogorodica L3"": {""total"": 0, ""by_type"": {}}, ""Bogorodica L4"": {""total"": 0, ""by_type"": {}}, ""Bogorodica L5"": {""total"": 0, ""by_type"": {}}}",3
994,1,2026-05-02 12:18:36.516100 +00:00,5,0,0,0,0,0,"{""Bogorodica L1"": {""total"": 0, ""by_type"": {}}, ""Bogorodica L2"": {""total"": 0, ""by_type"": {}}, ""Bogorodica L3"": {""total"": 0, ""by_type"": {}}, ""Bogorodica L4"": {""total"": 0, ""by_type"": {}}, ""Bogorodica L5"": {""total"": 0, ""by_type"": {}}}",3
995,1,2026-05-02 12:23:36.599843 +00:00,5,0,0,0,0,0,"{""Bogorodica L1"": {""total"": 0, ""by_type"": {}}, ""Bogorodica L2"": {""total"": 0, ""by_type"": {}}, ""Bogorodica L3"": {""total"": 0, ""by_type"": {}}, ""Bogorodica L4"": {""total"": 0, ""by_type"": {}}, ""Bogorodica L5"": {""total"": 0, ""by_type"": {}}}",3
996,1,2026-05-02 12:28:36.832690 +00:00,5,0,0,0,0,0,"{""Bogorodica L1"": {""total"": 0, ""by_type"": {}}, ""Bogorodica L2"": {""total"": 0, ""by_type"": {}}, ""Bogorodica L3"": {""total"": 0, ""by_type"": {}}, ""Bogorodica L4"": {""total"": 0, ""by_type"": {}}, ""Bogorodica L5"": {""total"": 0, ""by_type"": {}}}",3
997,1,2026-05-02 12:33:36.840516 +00:00,5,1,1,0,0,0,"{""Bogorodica L1"": {""total"": 0, ""by_type"": {}}, ""Bogorodica L2"": {""total"": 0, ""by_type"": {}}, ""Bogorodica L3"": {""total"": 0, ""by_type"": {}}, ""Bogorodica L4"": {""total"": 0, ""by_type"": {}}, ""Bogorodica L5"": {""total"": 1, ""by_type"": {""car"": 1}}}",3
998,1,2026-05-02 12:38:37.216817 +00:00,5,3,2,0,0,1,"{""Bogorodica L1"": {""total"": 1, ""by_type"": {""truck"": 1}}, ""Bogorodica L2"": {""total"": 0, ""by_type"": {}}, ""Bogorodica L3"": {""total"": 0, ""by_type"": {}}, ""Bogorodica L4"": {""total"": 0, ""by_type"": {}}, ""Bogorodica L5"": {""total"": 2, ""by_type"": {""car"": 2}}}",3
999,1,2026-05-02 12:43:37.257313 +00:00,5,0,0,0,0,0,"{""Bogorodica L1"": {""total"": 0, ""by_type"": {}}, ""Bogorodica L2"": {""total"": 0, ""by_type"": {}}, ""Bogorodica L3"": {""total"": 0, ""by_type"": {}}, ""Bogorodica L4"": {""total"": 0, ""by_type"": {}}, ""Bogorodica L5"": {""total"": 0, ""by_type"": {}}}",3
1000,1,2026-05-02 12:48:37.534896 +00:00,5,1,0,0,0,1,"{""Bogorodica L1"": {""total"": 0, ""by_type"": {}}, ""Bogorodica L2"": {""total"": 0, ""by_type"": {}}, ""Bogorodica L3"": {""total"": 0, ""by_type"": {}}, ""Bogorodica L4"": {""total"": 0, ""by_type"": {}}, ""Bogorodica L5"": {""total"": 1, ""by_type"": {""truck"": 1}}}",3
1001,1,2026-05-02 12:53:37.780385 +00:00,5,1,0,0,0,1,"{""Bogorodica L1"": {""total"": 1, ""by_type"": {""truck"": 1}}, ""Bogorodica L2"": {""total"": 0, ""by_type"": {}}, ""Bogorodica L3"": {""total"": 0, ""by_type"": {}}, ""Bogorodica L4"": {""total"": 0, ""by_type"": {}}, ""Bogorodica L5"": {""total"": 0, ""by_type"": {}}}",3
1002,1,2026-05-02 12:58:38.158237 +00:00,5,1,1,0,0,0,"{""Bogorodica L1"": {""total"": 0, ""by_type"": {}}, ""Bogorodica L2"": {""total"": 0, ""by_type"": {}}, ""Bogorodica L3"": {""total"": 0, ""by_type"": {}}, ""Bogorodica L4"": {""total"": 1, ""by_type"": {""car"": 1}}, ""Bogorodica L5"": {""total"": 0, ""by_type"": {}}}",3
1003,1,2026-05-02 13:03:38.281190 +00:00,5,2,1,0,0,1,"{""Bogorodica L1"": {""total"": 0, ""by_type"": {}}, ""Bogorodica L2"": {""total"": 0, ""by_type"": {}}, ""Bogorodica L3"": {""total"": 0, ""by_type"": {}}, ""Bogorodica L4"": {""total"": 0, ""by_type"": {}}, ""Bogorodica L5"": {""total"": 2, ""by_type"": {""car"": 1, ""truck"": 1}}}",3
1004,1,2026-05-02 13:08:38.499924 +00:00,5,0,0,0,0,0,"{""Bogorodica L1"": {""total"": 0, ""by_type"": {}}, ""Bogorodica L2"": {""total"": 0, ""by_type"": {}}, ""Bogorodica L3"": {""total"": 0, ""by_type"": {}}, ""Bogorodica L4"": {""total"": 0, ""by_type"": {}}, ""Bogorodica L5"": {""total"": 0, ""by_type"": {}}}",3
1005,1,2026-05-02 13:13:38.772091 +00:00,5,0,0,0,0,0,"{""Bogorodica L1"": {""total"": 0, ""by_type"": {}}, ""Bogorodica L2"": {""total"": 0, ""by_type"": {}}, ""Bogorodica L3"": {""total"": 0, ""by_type"": {}}, ""Bogorodica L4"": {""total"": 0, ""by_type"": {}}, ""Bogorodica L5"": {""total"": 0, ""by_type"": {}}}",3
1006,1,2026-05-02 13:18:39.096031 +00:00,5,0,0,0,0,0,"{""Bogorodica L1"": {""total"": 0, ""by_type"": {}}, ""Bogorodica L2"": {""total"": 0, ""by_type"": {}}, ""Bogorodica L3"": {""total"": 0, ""by_type"": {}}, ""Bogorodica L4"": {""total"": 0, ""by_type"": {}}, ""Bogorodica L5"": {""total"": 0, ""by_type"": {}}}",3
1007,1,2026-05-02 13:23:39.192405 +00:00,5,0,0,0,0,0,"{""Bogorodica L1"": {""total"": 0, ""by_type"": {}}, ""Bogorodica L2"": {""total"": 0, ""by_type"": {}}, ""Bogorodica L3"": {""total"": 0, ""by_type"": {}}, ""Bogorodica L4"": {""total"": 0, ""by_type"": {}}, ""Bogorodica L5"": {""total"": 0, ""by_type"": {}}}",3
1008,1,2026-05-02 13:28:39.217520 +00:00,5,0,0,0,0,0,"{""Bogorodica L1"": {""total"": 0, ""by_type"": {}}, ""Bogorodica L2"": {""total"": 0, ""by_type"": {}}, ""Bogorodica L3"": {""total"": 0, ""by_type"": {}}, ""Bogorodica L4"": {""total"": 0, ""by_type"": {}}, ""Bogorodica L5"": {""total"": 0, ""by_type"": {}}}",3
1009,1,2026-05-02 13:33:39.261810 +00:00,5,0,0,0,0,0,"{""Bogorodica L1"": {""total"": 0, ""by_type"": {}}, ""Bogorodica L2"": {""total"": 0, ""by_type"": {}}, ""Bogorodica L3"": {""total"": 0, ""by_type"": {}}, ""Bogorodica L4"": {""total"": 0, ""by_type"": {}}, ""Bogorodica L5"": {""total"": 0, ""by_type"": {}}}",3
1010,1,2026-05-02 13:38:39.590827 +00:00,5,1,1,0,0,0,"{""Bogorodica L1"": {""total"": 0, ""by_type"": {}}, ""Bogorodica L2"": {""total"": 0, ""by_type"": {}}, ""Bogorodica L3"": {""total"": 0, ""by_type"": {}}, ""Bogorodica L4"": {""total"": 0, ""by_type"": {}}, ""Bogorodica L5"": {""total"": 1, ""by_type"": {""car"": 1}}}",3
1011,1,2026-05-02 13:43:39.851325 +00:00,5,3,1,0,0,2,"{""Bogorodica L1"": {""total"": 2, ""by_type"": {""truck"": 2}}, ""Bogorodica L2"": {""total"": 0, ""by_type"": {}}, ""Bogorodica L3"": {""total"": 0, ""by_type"": {}}, ""Bogorodica L4"": {""total"": 0, ""by_type"": {}}, ""Bogorodica L5"": {""total"": 1, ""by_type"": {""car"": 1}}}",3
1012,1,2026-05-02 13:48:40.205866 +00:00,5,0,0,0,0,0,"{""Bogorodica L1"": {""total"": 0, ""by_type"": {}}, ""Bogorodica L2"": {""total"": 0, ""by_type"": {}}, ""Bogorodica L3"": {""total"": 0, ""by_type"": {}}, ""Bogorodica L4"": {""total"": 0, ""by_type"": {}}, ""Bogorodica L5"": {""total"": 0, ""by_type"": {}}}",3
1013,1,2026-05-02 13:53:40.545898 +00:00,5,0,0,0,0,0,"{""Bogorodica L1"": {""total"": 0, ""by_type"": {}}, ""Bogorodica L2"": {""total"": 0, ""by_type"": {}}, ""Bogorodica L3"": {""total"": 0, ""by_type"": {}}, ""Bogorodica L4"": {""total"": 0, ""by_type"": {}}, ""Bogorodica L5"": {""total"": 0, ""by_type"": {}}}",3
1014,1,2026-05-02 13:58:40.573490 +00:00,5,0,0,0,0,0,"{""Bogorodica L1"": {""total"": 0, ""by_type"": {}}, ""Bogorodica L2"": {""total"": 0, ""by_type"": {}}, ""Bogorodica L3"": {""total"": 0, ""by_type"": {}}, ""Bogorodica L4"": {""total"": 0, ""by_type"": {}}, ""Bogorodica L5"": {""total"": 0, ""by_type"": {}}}",3
1015,1,2026-05-02 14:03:40.685865 +00:00,5,3,0,0,0,3,"{""Bogorodica L1"": {""total"": 3, ""by_type"": {""truck"": 3}}, ""Bogorodica L2"": {""total"": 0, ""by_type"": {}}, ""Bogorodica L3"": {""total"": 0, ""by_type"": {}}, ""Bogorodica L4"": {""total"": 0, ""by_type"": {}}, ""Bogorodica L5"": {""total"": 0, ""by_type"": {}}}",3
1016,1,2026-05-02 14:08:40.879555 +00:00,5,1,0,0,0,1,"{""Bogorodica L1"": {""total"": 1, ""by_type"": {""truck"": 1}}, ""Bogorodica L2"": {""total"": 0, ""by_type"": {}}, ""Bogorodica L3"": {""total"": 0, ""by_type"": {}}, ""Bogorodica L4"": {""total"": 0, ""by_type"": {}}, ""Bogorodica L5"": {""total"": 0, ""by_type"": {}}}",3
1017,1,2026-05-02 14:13:41.204165 +00:00,5,0,0,0,0,0,"{""Bogorodica L1"": {""total"": 0, ""by_type"": {}}, ""Bogorodica L2"": {""total"": 0, ""by_type"": {}}, ""Bogorodica L3"": {""total"": 0, ""by_type"": {}}, ""Bogorodica L4"": {""total"": 0, ""by_type"": {}}, ""Bogorodica L5"": {""total"": 0, ""by_type"": {}}}",3
1018,1,2026-05-02 14:18:41.345032 +00:00,5,3,3,0,0,0,"{""Bogorodica L1"": {""total"": 0, ""by_type"": {}}, ""Bogorodica L2"": {""total"": 0, ""by_type"": {}}, ""Bogorodica L3"": {""total"": 0, ""by_type"": {}}, ""Bogorodica L4"": {""total"": 0, ""by_type"": {}}, ""Bogorodica L5"": {""total"": 3, ""by_type"": {""car"": 3}}}",3
1019,1,2026-05-02 14:23:41.400312 +00:00,5,1,0,0,0,1,"{""Bogorodica L1"": {""total"": 1, ""by_type"": {""truck"": 1}}, ""Bogorodica L2"": {""total"": 0, ""by_type"": {}}, ""Bogorodica L3"": {""total"": 0, ""by_type"": {}}, ""Bogorodica L4"": {""total"": 0, ""by_type"": {}}, ""Bogorodica L5"": {""total"": 0, ""by_type"": {}}}",3
1020,1,2026-05-02 14:28:41.601320 +00:00,5,0,0,0,0,0,"{""Bogorodica L1"": {""total"": 0, ""by_type"": {}}, ""Bogorodica L2"": {""total"": 0, ""by_type"": {}}, ""Bogorodica L3"": {""total"": 0, ""by_type"": {}}, ""Bogorodica L4"": {""total"": 0, ""by_type"": {}}, ""Bogorodica L5"": {""total"": 0, ""by_type"": {}}}",3
1021,1,2026-05-02 14:33:41.694473 +00:00,5,1,1,0,0,0,"{""Bogorodica L1"": {""total"": 0, ""by_type"": {}}, ""Bogorodica L2"": {""total"": 0, ""by_type"": {}}, ""Bogorodica L3"": {""total"": 0, ""by_type"": {}}, ""Bogorodica L4"": {""total"": 0, ""by_type"": {}}, ""Bogorodica L5"": {""total"": 1, ""by_type"": {""car"": 1}}}",3
1022,1,2026-05-02 14:38:41.943590 +00:00,5,2,0,0,0,2,"{""Bogorodica L1"": {""total"": 2, ""by_type"": {""truck"": 2}}, ""Bogorodica L2"": {""total"": 0, ""by_type"": {}}, ""Bogorodica L3"": {""total"": 0, ""by_type"": {}}, ""Bogorodica L4"": {""total"": 0, ""by_type"": {}}, ""Bogorodica L5"": {""total"": 0, ""by_type"": {}}}",3
1023,1,2026-05-02 14:43:42.091872 +00:00,5,0,0,0,0,0,"{""Bogorodica L1"": {""total"": 0, ""by_type"": {}}, ""Bogorodica L2"": {""total"": 0, ""by_type"": {}}, ""Bogorodica L3"": {""total"": 0, ""by_type"": {}}, ""Bogorodica L4"": {""total"": 0, ""by_type"": {}}, ""Bogorodica L5"": {""total"": 0, ""by_type"": {}}}",3
1024,1,2026-05-02 14:48:42.146247 +00:00,5,0,0,0,0,0,"{""Bogorodica L1"": {""total"": 0, ""by_type"": {}}, ""Bogorodica L2"": {""total"": 0, ""by_type"": {}}, ""Bogorodica L3"": {""total"": 0, ""by_type"": {}}, ""Bogorodica L4"": {""total"": 0, ""by_type"": {}}, ""Bogorodica L5"": {""total"": 0, ""by_type"": {}}}",3
1025,1,2026-05-02 14:53:42.355944 +00:00,5,0,0,0,0,0,"{""Bogorodica L1"": {""total"": 0, ""by_type"": {}}, ""Bogorodica L2"": {""total"": 0, ""by_type"": {}}, ""Bogorodica L3"": {""total"": 0, ""by_type"": {}}, ""Bogorodica L4"": {""total"": 0, ""by_type"": {}}, ""Bogorodica L5"": {""total"": 0, ""by_type"": {}}}",3
1026,1,2026-05-02 14:58:42.651572 +00:00,5,3,2,0,0,1,"{""Bogorodica L1"": {""total"": 1, ""by_type"": {""truck"": 1}}, ""Bogorodica L2"": {""total"": 0, ""by_type"": {}}, ""Bogorodica L3"": {""total"": 0, ""by_type"": {}}, ""Bogorodica L4"": {""total"": 0, ""by_type"": {}}, ""Bogorodica L5"": {""total"": 2, ""by_type"": {""car"": 2}}}",3
1027,1,2026-05-02 15:03:42.970338 +00:00,5,0,0,0,0,0,"{""Bogorodica L1"": {""total"": 0, ""by_type"": {}}, ""Bogorodica L2"": {""total"": 0, ""by_type"": {}}, ""Bogorodica L3"": {""total"": 0, ""by_type"": {}}, ""Bogorodica L4"": {""total"": 0, ""by_type"": {}}, ""Bogorodica L5"": {""total"": 0, ""by_type"": {}}}",3
1028,1,2026-05-02 15:08:43.107651 +00:00,5,0,0,0,0,0,"{""Bogorodica L1"": {""total"": 0, ""by_type"": {}}, ""Bogorodica L2"": {""total"": 0, ""by_type"": {}}, ""Bogorodica L3"": {""total"": 0, ""by_type"": {}}, ""Bogorodica L4"": {""total"": 0, ""by_type"": {}}, ""Bogorodica L5"": {""total"": 0, ""by_type"": {}}}",3
1029,1,2026-05-02 15:13:43.394149 +00:00,5,3,1,0,0,2,"{""Bogorodica L1"": {""total"": 2, ""by_type"": {""truck"": 2}}, ""Bogorodica L2"": {""total"": 0, ""by_type"": {}}, ""Bogorodica L3"": {""total"": 0, ""by_type"": {}}, ""Bogorodica L4"": {""total"": 1, ""by_type"": {""car"": 1}}, ""Bogorodica L5"": {""total"": 0, ""by_type"": {}}}",3
1030,1,2026-05-02 15:18:43.600919 +00:00,5,0,0,0,0,0,"{""Bogorodica L1"": {""total"": 0, ""by_type"": {}}, ""Bogorodica L2"": {""total"": 0, ""by_type"": {}}, ""Bogorodica L3"": {""total"": 0, ""by_type"": {}}, ""Bogorodica L4"": {""total"": 0, ""by_type"": {}}, ""Bogorodica L5"": {""total"": 0, ""by_type"": {}}}",3
1031,1,2026-05-02 15:23:43.884476 +00:00,5,4,3,0,0,1,"{""Bogorodica L1"": {""total"": 1, ""by_type"": {""truck"": 1}}, ""Bogorodica L2"": {""total"": 0, ""by_type"": {}}, ""Bogorodica L3"": {""total"": 0, ""by_type"": {}}, ""Bogorodica L4"": {""total"": 3, ""by_type"": {""car"": 3}}, ""Bogorodica L5"": {""total"": 0, ""by_type"": {}}}",3
1032,1,2026-05-02 15:28:44.146672 +00:00,5,2,0,0,0,2,"{""Bogorodica L1"": {""total"": 0, ""by_type"": {}}, ""Bogorodica L2"": {""total"": 0, ""by_type"": {}}, ""Bogorodica L3"": {""total"": 0, ""by_type"": {}}, ""Bogorodica L4"": {""total"": 1, ""by_type"": {""truck"": 1}}, ""Bogorodica L5"": {""total"": 1, ""by_type"": {""truck"": 1}}}",3
1033,1,2026-05-02 15:33:44.485988 +00:00,5,0,0,0,0,0,"{""Bogorodica L1"": {""total"": 0, ""by_type"": {}}, ""Bogorodica L2"": {""total"": 0, ""by_type"": {}}, ""Bogorodica L3"": {""total"": 0, ""by_type"": {}}, ""Bogorodica L4"": {""total"": 0, ""by_type"": {}}, ""Bogorodica L5"": {""total"": 0, ""by_type"": {}}}",3
1034,1,2026-05-02 15:38:44.610927 +00:00,5,1,0,0,0,1,"{""Bogorodica L1"": {""total"": 1, ""by_type"": {""truck"": 1}}, ""Bogorodica L2"": {""total"": 0, ""by_type"": {}}, ""Bogorodica L3"": {""total"": 0, ""by_type"": {}}, ""Bogorodica L4"": {""total"": 0, ""by_type"": {}}, ""Bogorodica L5"": {""total"": 0, ""by_type"": {}}}",3
1035,1,2026-05-02 15:43:44.738532 +00:00,5,2,1,0,0,1,"{""Bogorodica L1"": {""total"": 1, ""by_type"": {""truck"": 1}}, ""Bogorodica L2"": {""total"": 0, ""by_type"": {}}, ""Bogorodica L3"": {""total"": 0, ""by_type"": {}}, ""Bogorodica L4"": {""total"": 1, ""by_type"": {""car"": 1}}, ""Bogorodica L5"": {""total"": 0, ""by_type"": {}}}",3
1036,1,2026-05-02 15:48:44.842288 +00:00,5,2,0,0,0,2,"{""Bogorodica L1"": {""total"": 1, ""by_type"": {""truck"": 1}}, ""Bogorodica L2"": {""total"": 0, ""by_type"": {}}, ""Bogorodica L3"": {""total"": 0, ""by_type"": {}}, ""Bogorodica L4"": {""total"": 0, ""by_type"": {}}, ""Bogorodica L5"": {""total"": 1, ""by_type"": {""truck"": 1}}}",3
1037,1,2026-05-02 15:53:45.031645 +00:00,5,0,0,0,0,0,"{""Bogorodica L1"": {""total"": 0, ""by_type"": {}}, ""Bogorodica L2"": {""total"": 0, ""by_type"": {}}, ""Bogorodica L3"": {""total"": 0, ""by_type"": {}}, ""Bogorodica L4"": {""total"": 0, ""by_type"": {}}, ""Bogorodica L5"": {""total"": 0, ""by_type"": {}}}",3
1038,1,2026-05-02 15:58:45.274498 +00:00,5,2,1,0,0,1,"{""Bogorodica L1"": {""total"": 1, ""by_type"": {""truck"": 1}}, ""Bogorodica L2"": {""total"": 0, ""by_type"": {}}, ""Bogorodica L3"": {""total"": 0, ""by_type"": {}}, ""Bogorodica L4"": {""total"": 1, ""by_type"": {""car"": 1}}, ""Bogorodica L5"": {""total"": 0, ""by_type"": {}}}",3
1039,1,2026-05-02 16:03:45.473405 +00:00,5,0,0,0,0,0,"{""Bogorodica L1"": {""total"": 0, ""by_type"": {}}, ""Bogorodica L2"": {""total"": 0, ""by_type"": {}}, ""Bogorodica L3"": {""total"": 0, ""by_type"": {}}, ""Bogorodica L4"": {""total"": 0, ""by_type"": {}}, ""Bogorodica L5"": {""total"": 0, ""by_type"": {}}}",3
1040,1,2026-05-02 16:08:45.716147 +00:00,5,3,1,0,0,2,"{""Bogorodica L1"": {""total"": 1, ""by_type"": {""truck"": 1}}, ""Bogorodica L2"": {""total"": 0, ""by_type"": {}}, ""Bogorodica L3"": {""total"": 0, ""by_type"": {}}, ""Bogorodica L4"": {""total"": 2, ""by_type"": {""car"": 1, ""truck"": 1}}, ""Bogorodica L5"": {""total"": 0, ""by_type"": {}}}",3
1041,1,2026-05-02 16:13:46.124244 +00:00,5,10,6,0,1,3,"{""Bogorodica L1"": {""total"": 2, ""by_type"": {""bus"": 1, ""truck"": 1}}, ""Bogorodica L2"": {""total"": 0, ""by_type"": {}}, ""Bogorodica L3"": {""total"": 0, ""by_type"": {}}, ""Bogorodica L4"": {""total"": 6, ""by_type"": {""car"": 5, ""truck"": 1}}, ""Bogorodica L5"": {""total"": 2, ""by_type"": {""car"": 1, ""truck"": 1}}}",3
1042,1,2026-05-02 16:18:46.340519 +00:00,5,1,0,0,0,1,"{""Bogorodica L1"": {""total"": 1, ""by_type"": {""truck"": 1}}, ""Bogorodica L2"": {""total"": 0, ""by_type"": {}}, ""Bogorodica L3"": {""total"": 0, ""by_type"": {}}, ""Bogorodica L4"": {""total"": 0, ""by_type"": {}}, ""Bogorodica L5"": {""total"": 0, ""by_type"": {}}}",3
1043,1,2026-05-02 16:23:46.408957 +00:00,5,0,0,0,0,0,"{""Bogorodica L1"": {""total"": 0, ""by_type"": {}}, ""Bogorodica L2"": {""total"": 0, ""by_type"": {}}, ""Bogorodica L3"": {""total"": 0, ""by_type"": {}}, ""Bogorodica L4"": {""total"": 0, ""by_type"": {}}, ""Bogorodica L5"": {""total"": 0, ""by_type"": {}}}",3
1044,1,2026-05-02 16:28:46.646302 +00:00,5,2,0,0,0,2,"{""Bogorodica L1"": {""total"": 2, ""by_type"": {""truck"": 2}}, ""Bogorodica L2"": {""total"": 0, ""by_type"": {}}, ""Bogorodica L3"": {""total"": 0, ""by_type"": {}}, ""Bogorodica L4"": {""total"": 0, ""by_type"": {}}, ""Bogorodica L5"": {""total"": 0, ""by_type"": {}}}",3
1045,1,2026-05-02 16:33:46.660192 +00:00,5,0,0,0,0,0,"{""Bogorodica L1"": {""total"": 0, ""by_type"": {}}, ""Bogorodica L2"": {""total"": 0, ""by_type"": {}}, ""Bogorodica L3"": {""total"": 0, ""by_type"": {}}, ""Bogorodica L4"": {""total"": 0, ""by_type"": {}}, ""Bogorodica L5"": {""total"": 0, ""by_type"": {}}}",3
1046,1,2026-05-02 16:38:46.813513 +00:00,5,1,0,0,0,1,"{""Bogorodica L1"": {""total"": 1, ""by_type"": {""truck"": 1}}, ""Bogorodica L2"": {""total"": 0, ""by_type"": {}}, ""Bogorodica L3"": {""total"": 0, ""by_type"": {}}, ""Bogorodica L4"": {""total"": 0, ""by_type"": {}}, ""Bogorodica L5"": {""total"": 0, ""by_type"": {}}}",3
1047,1,2026-05-02 16:43:46.850355 +00:00,5,0,0,0,0,0,"{""Bogorodica L1"": {""total"": 0, ""by_type"": {}}, ""Bogorodica L2"": {""total"": 0, ""by_type"": {}}, ""Bogorodica L3"": {""total"": 0, ""by_type"": {}}, ""Bogorodica L4"": {""total"": 0, ""by_type"": {}}, ""Bogorodica L5"": {""total"": 0, ""by_type"": {}}}",3
1048,1,2026-05-02 16:48:47.087467 +00:00,5,2,0,0,0,2,"{""Bogorodica L1"": {""total"": 2, ""by_type"": {""truck"": 2}}, ""Bogorodica L2"": {""total"": 0, ""by_type"": {}}, ""Bogorodica L3"": {""total"": 0, ""by_type"": {}}, ""Bogorodica L4"": {""total"": 0, ""by_type"": {}}, ""Bogorodica L5"": {""total"": 0, ""by_type"": {}}}",3
1049,1,2026-05-02 16:53:47.092512 +00:00,5,2,0,0,0,2,"{""Bogorodica L1"": {""total"": 2, ""by_type"": {""truck"": 2}}, ""Bogorodica L2"": {""total"": 0, ""by_type"": {}}, ""Bogorodica L3"": {""total"": 0, ""by_type"": {}}, ""Bogorodica L4"": {""total"": 0, ""by_type"": {}}, ""Bogorodica L5"": {""total"": 0, ""by_type"": {}}}",3
1050,1,2026-05-02 16:58:47.225655 +00:00,5,1,0,0,0,1,"{""Bogorodica L1"": {""total"": 1, ""by_type"": {""truck"": 1}}, ""Bogorodica L2"": {""total"": 0, ""by_type"": {}}, ""Bogorodica L3"": {""total"": 0, ""by_type"": {}}, ""Bogorodica L4"": {""total"": 0, ""by_type"": {}}, ""Bogorodica L5"": {""total"": 0, ""by_type"": {}}}",3
1051,1,2026-05-02 17:03:47.335599 +00:00,5,0,0,0,0,0,"{""Bogorodica L1"": {""total"": 0, ""by_type"": {}}, ""Bogorodica L2"": {""total"": 0, ""by_type"": {}}, ""Bogorodica L3"": {""total"": 0, ""by_type"": {}}, ""Bogorodica L4"": {""total"": 0, ""by_type"": {}}, ""Bogorodica L5"": {""total"": 0, ""by_type"": {}}}",3
1052,1,2026-05-02 17:08:47.694726 +00:00,5,2,0,0,0,2,"{""Bogorodica L1"": {""total"": 2, ""by_type"": {""truck"": 2}}, ""Bogorodica L2"": {""total"": 0, ""by_type"": {}}, ""Bogorodica L3"": {""total"": 0, ""by_type"": {}}, ""Bogorodica L4"": {""total"": 0, ""by_type"": {}}, ""Bogorodica L5"": {""total"": 0, ""by_type"": {}}}",3
1053,1,2026-05-02 17:13:47.942106 +00:00,5,2,0,0,0,2,"{""Bogorodica L1"": {""total"": 2, ""by_type"": {""truck"": 2}}, ""Bogorodica L2"": {""total"": 0, ""by_type"": {}}, ""Bogorodica L3"": {""total"": 0, ""by_type"": {}}, ""Bogorodica L4"": {""total"": 0, ""by_type"": {}}, ""Bogorodica L5"": {""total"": 0, ""by_type"": {}}}",3
1054,1,2026-05-02 17:18:48.241302 +00:00,5,0,0,0,0,0,"{""Bogorodica L1"": {""total"": 0, ""by_type"": {}}, ""Bogorodica L2"": {""total"": 0, ""by_type"": {}}, ""Bogorodica L3"": {""total"": 0, ""by_type"": {}}, ""Bogorodica L4"": {""total"": 0, ""by_type"": {}}, ""Bogorodica L5"": {""total"": 0, ""by_type"": {}}}",3
1055,1,2026-05-02 17:23:48.479214 +00:00,5,9,5,0,1,3,"{""Bogorodica L1"": {""total"": 2, ""by_type"": {""truck"": 2}}, ""Bogorodica L2"": {""total"": 0, ""by_type"": {}}, ""Bogorodica L3"": {""total"": 0, ""by_type"": {}}, ""Bogorodica L4"": {""total"": 5, ""by_type"": {""car"": 4, ""truck"": 1}}, ""Bogorodica L5"": {""total"": 2, ""by_type"": {""bus"": 1, ""car"": 1}}}",3
1056,1,2026-05-02 17:28:48.865843 +00:00,5,6,5,0,0,1,"{""Bogorodica L1"": {""total"": 1, ""by_type"": {""truck"": 1}}, ""Bogorodica L2"": {""total"": 0, ""by_type"": {}}, ""Bogorodica L3"": {""total"": 0, ""by_type"": {}}, ""Bogorodica L4"": {""total"": 1, ""by_type"": {""car"": 1}}, ""Bogorodica L5"": {""total"": 4, ""by_type"": {""car"": 4}}}",3
1057,1,2026-05-02 17:33:48.935780 +00:00,5,1,0,0,0,1,"{""Bogorodica L1"": {""total"": 1, ""by_type"": {""truck"": 1}}, ""Bogorodica L2"": {""total"": 0, ""by_type"": {}}, ""Bogorodica L3"": {""total"": 0, ""by_type"": {}}, ""Bogorodica L4"": {""total"": 0, ""by_type"": {}}, ""Bogorodica L5"": {""total"": 0, ""by_type"": {}}}",3
1058,1,2026-05-02 17:38:49.029508 +00:00,5,1,0,0,0,1,"{""Bogorodica L1"": {""total"": 1, ""by_type"": {""truck"": 1}}, ""Bogorodica L2"": {""total"": 0, ""by_type"": {}}, ""Bogorodica L3"": {""total"": 0, ""by_type"": {}}, ""Bogorodica L4"": {""total"": 0, ""by_type"": {}}, ""Bogorodica L5"": {""total"": 0, ""by_type"": {}}}",3
1059,1,2026-05-02 17:43:49.375385 +00:00,5,0,0,0,0,0,"{""Bogorodica L1"": {""total"": 0, ""by_type"": {}}, ""Bogorodica L2"": {""total"": 0, ""by_type"": {}}, ""Bogorodica L3"": {""total"": 0, ""by_type"": {}}, ""Bogorodica L4"": {""total"": 0, ""by_type"": {}}, ""Bogorodica L5"": {""total"": 0, ""by_type"": {}}}",3
1060,1,2026-05-02 17:48:49.411055 +00:00,5,0,0,0,0,0,"{""Bogorodica L1"": {""total"": 0, ""by_type"": {}}, ""Bogorodica L2"": {""total"": 0, ""by_type"": {}}, ""Bogorodica L3"": {""total"": 0, ""by_type"": {}}, ""Bogorodica L4"": {""total"": 0, ""by_type"": {}}, ""Bogorodica L5"": {""total"": 0, ""by_type"": {}}}",3
1061,1,2026-05-02 17:53:49.696706 +00:00,5,2,0,0,0,2,"{""Bogorodica L1"": {""total"": 2, ""by_type"": {""truck"": 2}}, ""Bogorodica L2"": {""total"": 0, ""by_type"": {}}, ""Bogorodica L3"": {""total"": 0, ""by_type"": {}}, ""Bogorodica L4"": {""total"": 0, ""by_type"": {}}, ""Bogorodica L5"": {""total"": 0, ""by_type"": {}}}",3
1062,1,2026-05-02 17:58:49.991603 +00:00,5,2,1,0,0,1,"{""Bogorodica L1"": {""total"": 1, ""by_type"": {""truck"": 1}}, ""Bogorodica L2"": {""total"": 0, ""by_type"": {}}, ""Bogorodica L3"": {""total"": 0, ""by_type"": {}}, ""Bogorodica L4"": {""total"": 1, ""by_type"": {""car"": 1}}, ""Bogorodica L5"": {""total"": 0, ""by_type"": {}}}",3
1063,1,2026-05-02 18:03:49.996843 +00:00,5,0,0,0,0,0,"{""Bogorodica L1"": {""total"": 0, ""by_type"": {}}, ""Bogorodica L2"": {""total"": 0, ""by_type"": {}}, ""Bogorodica L3"": {""total"": 0, ""by_type"": {}}, ""Bogorodica L4"": {""total"": 0, ""by_type"": {}}, ""Bogorodica L5"": {""total"": 0, ""by_type"": {}}}",3
1064,1,2026-05-02 18:08:50.340803 +00:00,5,1,1,0,0,0,"{""Bogorodica L1"": {""total"": 0, ""by_type"": {}}, ""Bogorodica L2"": {""total"": 1, ""by_type"": {""car"": 1}}, ""Bogorodica L3"": {""total"": 0, ""by_type"": {}}, ""Bogorodica L4"": {""total"": 0, ""by_type"": {}}, ""Bogorodica L5"": {""total"": 0, ""by_type"": {}}}",2.5
1065,1,2026-05-02 18:13:50.728571 +00:00,5,5,2,0,0,3,"{""Bogorodica L1"": {""total"": 3, ""by_type"": {""truck"": 3}}, ""Bogorodica L2"": {""total"": 0, ""by_type"": {}}, ""Bogorodica L3"": {""total"": 0, ""by_type"": {}}, ""Bogorodica L4"": {""total"": 0, ""by_type"": {}}, ""Bogorodica L5"": {""total"": 2, ""by_type"": {""car"": 2}}}",2.5
1066,1,2026-05-02 18:18:50.775327 +00:00,5,4,1,0,0,3,"{""Bogorodica L1"": {""total"": 4, ""by_type"": {""car"": 1, ""truck"": 3}}, ""Bogorodica L2"": {""total"": 0, ""by_type"": {}}, ""Bogorodica L3"": {""total"": 0, ""by_type"": {}}, ""Bogorodica L4"": {""total"": 0, ""by_type"": {}}, ""Bogorodica L5"": {""total"": 0, ""by_type"": {}}}",3
1067,1,2026-05-02 18:23:51.188713 +00:00,5,3,0,0,0,3,"{""Bogorodica L1"": {""total"": 3, ""by_type"": {""truck"": 3}}, ""Bogorodica L2"": {""total"": 0, ""by_type"": {}}, ""Bogorodica L3"": {""total"": 0, ""by_type"": {}}, ""Bogorodica L4"": {""total"": 0, ""by_type"": {}}, ""Bogorodica L5"": {""total"": 0, ""by_type"": {}}}",2.5
1068,1,2026-05-02 18:28:51.225465 +00:00,5,3,0,0,0,3,"{""Bogorodica L1"": {""total"": 3, ""by_type"": {""truck"": 3}}, ""Bogorodica L2"": {""total"": 0, ""by_type"": {}}, ""Bogorodica L3"": {""total"": 0, ""by_type"": {}}, ""Bogorodica L4"": {""total"": 0, ""by_type"": {}}, ""Bogorodica L5"": {""total"": 0, ""by_type"": {}}}",3
1069,1,2026-05-02 18:33:51.487229 +00:00,5,4,2,0,0,2,"{""Bogorodica L1"": {""total"": 2, ""by_type"": {""truck"": 2}}, ""Bogorodica L2"": {""total"": 0, ""by_type"": {}}, ""Bogorodica L3"": {""total"": 0, ""by_type"": {}}, ""Bogorodica L4"": {""total"": 2, ""by_type"": {""car"": 2}}, ""Bogorodica L5"": {""total"": 0, ""by_type"": {}}}",3
1070,1,2026-05-02 18:38:51.707391 +00:00,5,1,0,0,0,1,"{""Bogorodica L1"": {""total"": 1, ""by_type"": {""truck"": 1}}, ""Bogorodica L2"": {""total"": 0, ""by_type"": {}}, ""Bogorodica L3"": {""total"": 0, ""by_type"": {}}, ""Bogorodica L4"": {""total"": 0, ""by_type"": {}}, ""Bogorodica L5"": {""total"": 0, ""by_type"": {}}}",2.5
1071,1,2026-05-02 18:43:51.797096 +00:00,5,1,0,0,0,1,"{""Bogorodica L1"": {""total"": 1, ""by_type"": {""truck"": 1}}, ""Bogorodica L2"": {""total"": 0, ""by_type"": {}}, ""Bogorodica L3"": {""total"": 0, ""by_type"": {}}, ""Bogorodica L4"": {""total"": 0, ""by_type"": {}}, ""Bogorodica L5"": {""total"": 0, ""by_type"": {}}}",3
1072,1,2026-05-02 18:48:52.060742 +00:00,5,1,0,0,0,1,"{""Bogorodica L1"": {""total"": 1, ""by_type"": {""truck"": 1}}, ""Bogorodica L2"": {""total"": 0, ""by_type"": {}}, ""Bogorodica L3"": {""total"": 0, ""by_type"": {}}, ""Bogorodica L4"": {""total"": 0, ""by_type"": {}}, ""Bogorodica L5"": {""total"": 0, ""by_type"": {}}}",3
1073,1,2026-05-02 18:53:52.397170 +00:00,5,2,0,0,0,2,"{""Bogorodica L1"": {""total"": 2, ""by_type"": {""truck"": 2}}, ""Bogorodica L2"": {""total"": 0, ""by_type"": {}}, ""Bogorodica L3"": {""total"": 0, ""by_type"": {}}, ""Bogorodica L4"": {""total"": 0, ""by_type"": {}}, ""Bogorodica L5"": {""total"": 0, ""by_type"": {}}}",3
1074,1,2026-05-02 18:58:52.588324 +00:00,5,1,0,0,0,1,"{""Bogorodica L1"": {""total"": 1, ""by_type"": {""truck"": 1}}, ""Bogorodica L2"": {""total"": 0, ""by_type"": {}}, ""Bogorodica L3"": {""total"": 0, ""by_type"": {}}, ""Bogorodica L4"": {""total"": 0, ""by_type"": {}}, ""Bogorodica L5"": {""total"": 0, ""by_type"": {}}}",3
1075,1,2026-05-02 19:03:52.697275 +00:00,5,2,1,0,1,0,"{""Bogorodica L1"": {""total"": 1, ""by_type"": {""car"": 1}}, ""Bogorodica L2"": {""total"": 1, ""by_type"": {""bus"": 1}}, ""Bogorodica L3"": {""total"": 0, ""by_type"": {}}, ""Bogorodica L4"": {""total"": 0, ""by_type"": {}}, ""Bogorodica L5"": {""total"": 0, ""by_type"": {}}}",3
1076,1,2026-05-02 19:08:52.941180 +00:00,5,3,1,0,0,2,"{""Bogorodica L1"": {""total"": 2, ""by_type"": {""truck"": 2}}, ""Bogorodica L2"": {""total"": 0, ""by_type"": {}}, ""Bogorodica L3"": {""total"": 0, ""by_type"": {}}, ""Bogorodica L4"": {""total"": 0, ""by_type"": {}}, ""Bogorodica L5"": {""total"": 1, ""by_type"": {""car"": 1}}}",2.5
1077,1,2026-05-02 19:13:53.253358 +00:00,5,2,0,0,0,2,"{""Bogorodica L1"": {""total"": 2, ""by_type"": {""truck"": 2}}, ""Bogorodica L2"": {""total"": 0, ""by_type"": {}}, ""Bogorodica L3"": {""total"": 0, ""by_type"": {}}, ""Bogorodica L4"": {""total"": 0, ""by_type"": {}}, ""Bogorodica L5"": {""total"": 0, ""by_type"": {}}}",3
1078,1,2026-05-02 19:18:53.631474 +00:00,5,4,3,0,0,1,"{""Bogorodica L1"": {""total"": 1, ""by_type"": {""truck"": 1}}, ""Bogorodica L2"": {""total"": 0, ""by_type"": {}}, ""Bogorodica L3"": {""total"": 0, ""by_type"": {}}, ""Bogorodica L4"": {""total"": 2, ""by_type"": {""car"": 2}}, ""Bogorodica L5"": {""total"": 1, ""by_type"": {""car"": 1}}}",3
1079,1,2026-05-02 19:23:53.987244 +00:00,5,2,0,0,0,2,"{""Bogorodica L1"": {""total"": 2, ""by_type"": {""truck"": 2}}, ""Bogorodica L2"": {""total"": 0, ""by_type"": {}}, ""Bogorodica L3"": {""total"": 0, ""by_type"": {}}, ""Bogorodica L4"": {""total"": 0, ""by_type"": {}}, ""Bogorodica L5"": {""total"": 0, ""by_type"": {}}}",3
1080,1,2026-05-02 19:28:53.994039 +00:00,5,3,0,0,0,3,"{""Bogorodica L1"": {""total"": 3, ""by_type"": {""truck"": 3}}, ""Bogorodica L2"": {""total"": 0, ""by_type"": {}}, ""Bogorodica L3"": {""total"": 0, ""by_type"": {}}, ""Bogorodica L4"": {""total"": 0, ""by_type"": {}}, ""Bogorodica L5"": {""total"": 0, ""by_type"": {}}}",3
1081,1,2026-05-02 19:33:54.022547 +00:00,5,2,0,0,0,2,"{""Bogorodica L1"": {""total"": 2, ""by_type"": {""truck"": 2}}, ""Bogorodica L2"": {""total"": 0, ""by_type"": {}}, ""Bogorodica L3"": {""total"": 0, ""by_type"": {}}, ""Bogorodica L4"": {""total"": 0, ""by_type"": {}}, ""Bogorodica L5"": {""total"": 0, ""by_type"": {}}}",3
1082,1,2026-05-02 19:38:54.040182 +00:00,5,2,0,0,0,2,"{""Bogorodica L1"": {""total"": 2, ""by_type"": {""truck"": 2}}, ""Bogorodica L2"": {""total"": 0, ""by_type"": {}}, ""Bogorodica L3"": {""total"": 0, ""by_type"": {}}, ""Bogorodica L4"": {""total"": 0, ""by_type"": {}}, ""Bogorodica L5"": {""total"": 0, ""by_type"": {}}}",3
1083,1,2026-05-02 19:43:54.193894 +00:00,5,1,0,0,0,1,"{""Bogorodica L1"": {""total"": 1, ""by_type"": {""truck"": 1}}, ""Bogorodica L2"": {""total"": 0, ""by_type"": {}}, ""Bogorodica L3"": {""total"": 0, ""by_type"": {}}, ""Bogorodica L4"": {""total"": 0, ""by_type"": {}}, ""Bogorodica L5"": {""total"": 0, ""by_type"": {}}}",3
1084,1,2026-05-02 19:48:54.239138 +00:00,5,0,0,0,0,0,"{""Bogorodica L1"": {""total"": 0, ""by_type"": {}}, ""Bogorodica L2"": {""total"": 0, ""by_type"": {}}, ""Bogorodica L3"": {""total"": 0, ""by_type"": {}}, ""Bogorodica L4"": {""total"": 0, ""by_type"": {}}, ""Bogorodica L5"": {""total"": 0, ""by_type"": {}}}",3
1085,1,2026-05-02 19:53:54.501525 +00:00,5,0,0,0,0,0,"{""Bogorodica L1"": {""total"": 0, ""by_type"": {}}, ""Bogorodica L2"": {""total"": 0, ""by_type"": {}}, ""Bogorodica L3"": {""total"": 0, ""by_type"": {}}, ""Bogorodica L4"": {""total"": 0, ""by_type"": {}}, ""Bogorodica L5"": {""total"": 0, ""by_type"": {}}}",2.5
1086,1,2026-05-02 19:58:54.734280 +00:00,5,2,0,0,0,2,"{""Bogorodica L1"": {""total"": 2, ""by_type"": {""truck"": 2}}, ""Bogorodica L2"": {""total"": 0, ""by_type"": {}}, ""Bogorodica L3"": {""total"": 0, ""by_type"": {}}, ""Bogorodica L4"": {""total"": 0, ""by_type"": {}}, ""Bogorodica L5"": {""total"": 0, ""by_type"": {}}}",3
1087,1,2026-05-02 20:03:55.121310 +00:00,5,1,0,0,0,1,"{""Bogorodica L1"": {""total"": 1, ""by_type"": {""truck"": 1}}, ""Bogorodica L2"": {""total"": 0, ""by_type"": {}}, ""Bogorodica L3"": {""total"": 0, ""by_type"": {}}, ""Bogorodica L4"": {""total"": 0, ""by_type"": {}}, ""Bogorodica L5"": {""total"": 0, ""by_type"": {}}}",3
1088,1,2026-05-02 20:08:55.288382 +00:00,5,2,1,0,0,1,"{""Bogorodica L1"": {""total"": 1, ""by_type"": {""truck"": 1}}, ""Bogorodica L2"": {""total"": 0, ""by_type"": {}}, ""Bogorodica L3"": {""total"": 0, ""by_type"": {}}, ""Bogorodica L4"": {""total"": 1, ""by_type"": {""car"": 1}}, ""Bogorodica L5"": {""total"": 0, ""by_type"": {}}}",3
1089,1,2026-05-02 20:13:55.428027 +00:00,5,1,0,0,0,1,"{""Bogorodica L1"": {""total"": 1, ""by_type"": {""truck"": 1}}, ""Bogorodica L2"": {""total"": 0, ""by_type"": {}}, ""Bogorodica L3"": {""total"": 0, ""by_type"": {}}, ""Bogorodica L4"": {""total"": 0, ""by_type"": {}}, ""Bogorodica L5"": {""total"": 0, ""by_type"": {}}}",3
1090,1,2026-05-02 20:18:55.431343 +00:00,5,2,2,0,0,0,"{""Bogorodica L1"": {""total"": 0, ""by_type"": {}}, ""Bogorodica L2"": {""total"": 0, ""by_type"": {}}, ""Bogorodica L3"": {""total"": 0, ""by_type"": {}}, ""Bogorodica L4"": {""total"": 0, ""by_type"": {}}, ""Bogorodica L5"": {""total"": 2, ""by_type"": {""car"": 2}}}",3
1091,1,2026-05-02 20:23:55.477493 +00:00,5,1,0,0,0,1,"{""Bogorodica L1"": {""total"": 1, ""by_type"": {""truck"": 1}}, ""Bogorodica L2"": {""total"": 0, ""by_type"": {}}, ""Bogorodica L3"": {""total"": 0, ""by_type"": {}}, ""Bogorodica L4"": {""total"": 0, ""by_type"": {}}, ""Bogorodica L5"": {""total"": 0, ""by_type"": {}}}",3
1092,1,2026-05-02 20:28:55.808471 +00:00,5,2,2,0,0,0,"{""Bogorodica L1"": {""total"": 0, ""by_type"": {}}, ""Bogorodica L2"": {""total"": 0, ""by_type"": {}}, ""Bogorodica L3"": {""total"": 0, ""by_type"": {}}, ""Bogorodica L4"": {""total"": 1, ""by_type"": {""car"": 1}}, ""Bogorodica L5"": {""total"": 1, ""by_type"": {""car"": 1}}}",3
1093,1,2026-05-02 20:33:55.879621 +00:00,5,0,0,0,0,0,"{""Bogorodica L1"": {""total"": 0, ""by_type"": {}}, ""Bogorodica L2"": {""total"": 0, ""by_type"": {}}, ""Bogorodica L3"": {""total"": 0, ""by_type"": {}}, ""Bogorodica L4"": {""total"": 0, ""by_type"": {}}, ""Bogorodica L5"": {""total"": 0, ""by_type"": {}}}",3
1094,1,2026-05-02 20:38:55.987031 +00:00,5,0,0,0,0,0,"{""Bogorodica L1"": {""total"": 0, ""by_type"": {}}, ""Bogorodica L2"": {""total"": 0, ""by_type"": {}}, ""Bogorodica L3"": {""total"": 0, ""by_type"": {}}, ""Bogorodica L4"": {""total"": 0, ""by_type"": {}}, ""Bogorodica L5"": {""total"": 0, ""by_type"": {}}}",3
1095,1,2026-05-02 20:43:56.132530 +00:00,5,0,0,0,0,0,"{""Bogorodica L1"": {""total"": 0, ""by_type"": {}}, ""Bogorodica L2"": {""total"": 0, ""by_type"": {}}, ""Bogorodica L3"": {""total"": 0, ""by_type"": {}}, ""Bogorodica L4"": {""total"": 0, ""by_type"": {}}, ""Bogorodica L5"": {""total"": 0, ""by_type"": {}}}",2.5
1096,1,2026-05-02 20:48:56.228229 +00:00,5,0,0,0,0,0,"{""Bogorodica L1"": {""total"": 0, ""by_type"": {}}, ""Bogorodica L2"": {""total"": 0, ""by_type"": {}}, ""Bogorodica L3"": {""total"": 0, ""by_type"": {}}, ""Bogorodica L4"": {""total"": 0, ""by_type"": {}}, ""Bogorodica L5"": {""total"": 0, ""by_type"": {}}}",3
1097,1,2026-05-02 20:53:56.297721 +00:00,5,3,3,0,0,0,"{""Bogorodica L1"": {""total"": 0, ""by_type"": {}}, ""Bogorodica L2"": {""total"": 0, ""by_type"": {}}, ""Bogorodica L3"": {""total"": 0, ""by_type"": {}}, ""Bogorodica L4"": {""total"": 2, ""by_type"": {""car"": 2}}, ""Bogorodica L5"": {""total"": 1, ""by_type"": {""car"": 1}}}",3
1098,1,2026-05-02 20:58:56.399604 +00:00,5,0,0,0,0,0,"{""Bogorodica L1"": {""total"": 0, ""by_type"": {}}, ""Bogorodica L2"": {""total"": 0, ""by_type"": {}}, ""Bogorodica L3"": {""total"": 0, ""by_type"": {}}, ""Bogorodica L4"": {""total"": 0, ""by_type"": {}}, ""Bogorodica L5"": {""total"": 0, ""by_type"": {}}}",3
1099,1,2026-05-02 21:03:56.717855 +00:00,5,0,0,0,0,0,"{""Bogorodica L1"": {""total"": 0, ""by_type"": {}}, ""Bogorodica L2"": {""total"": 0, ""by_type"": {}}, ""Bogorodica L3"": {""total"": 0, ""by_type"": {}}, ""Bogorodica L4"": {""total"": 0, ""by_type"": {}}, ""Bogorodica L5"": {""total"": 0, ""by_type"": {}}}",3
1100,1,2026-05-02 21:08:56.810440 +00:00,5,3,1,0,0,2,"{""Bogorodica L1"": {""total"": 2, ""by_type"": {""truck"": 2}}, ""Bogorodica L2"": {""total"": 0, ""by_type"": {}}, ""Bogorodica L3"": {""total"": 0, ""by_type"": {}}, ""Bogorodica L4"": {""total"": 0, ""by_type"": {}}, ""Bogorodica L5"": {""total"": 1, ""by_type"": {""car"": 1}}}",3
1101,1,2026-05-02 21:13:56.869202 +00:00,5,2,0,0,0,2,"{""Bogorodica L1"": {""total"": 2, ""by_type"": {""truck"": 2}}, ""Bogorodica L2"": {""total"": 0, ""by_type"": {}}, ""Bogorodica L3"": {""total"": 0, ""by_type"": {}}, ""Bogorodica L4"": {""total"": 0, ""by_type"": {}}, ""Bogorodica L5"": {""total"": 0, ""by_type"": {}}}",3
1102,1,2026-05-02 21:18:57.191561 +00:00,5,3,2,0,1,0,"{""Bogorodica L1"": {""total"": 0, ""by_type"": {}}, ""Bogorodica L2"": {""total"": 1, ""by_type"": {""bus"": 1}}, ""Bogorodica L3"": {""total"": 0, ""by_type"": {}}, ""Bogorodica L4"": {""total"": 1, ""by_type"": {""car"": 1}}, ""Bogorodica L5"": {""total"": 1, ""by_type"": {""car"": 1}}}",3
1103,1,2026-05-02 21:23:57.215784 +00:00,5,1,0,0,0,1,"{""Bogorodica L1"": {""total"": 1, ""by_type"": {""truck"": 1}}, ""Bogorodica L2"": {""total"": 0, ""by_type"": {}}, ""Bogorodica L3"": {""total"": 0, ""by_type"": {}}, ""Bogorodica L4"": {""total"": 0, ""by_type"": {}}, ""Bogorodica L5"": {""total"": 0, ""by_type"": {}}}",1.5
1104,1,2026-05-02 21:29:02.413746 +00:00,5,0,0,0,0,0,"{""Bogorodica L1"": {""total"": 0, ""by_type"": {}}, ""Bogorodica L2"": {""total"": 0, ""by_type"": {}}, ""Bogorodica L3"": {""total"": 0, ""by_type"": {}}, ""Bogorodica L4"": {""total"": 0, ""by_type"": {}}, ""Bogorodica L5"": {""total"": 0, ""by_type"": {}}}",0.5
1105,1,2026-05-02 21:34:02.782668 +00:00,5,0,0,0,0,0,"{""Bogorodica L1"": {""total"": 0, ""by_type"": {}}, ""Bogorodica L2"": {""total"": 0, ""by_type"": {}}, ""Bogorodica L3"": {""total"": 0, ""by_type"": {}}, ""Bogorodica L4"": {""total"": 0, ""by_type"": {}}, ""Bogorodica L5"": {""total"": 0, ""by_type"": {}}}",2.5
1106,1,2026-05-02 21:39:02.971806 +00:00,5,0,0,0,0,0,"{""Bogorodica L1"": {""total"": 0, ""by_type"": {}}, ""Bogorodica L2"": {""total"": 0, ""by_type"": {}}, ""Bogorodica L3"": {""total"": 0, ""by_type"": {}}, ""Bogorodica L4"": {""total"": 0, ""by_type"": {}}, ""Bogorodica L5"": {""total"": 0, ""by_type"": {}}}",3
1107,1,2026-05-02 21:44:02.985445 +00:00,5,0,0,0,0,0,"{""Bogorodica L1"": {""total"": 0, ""by_type"": {}}, ""Bogorodica L2"": {""total"": 0, ""by_type"": {}}, ""Bogorodica L3"": {""total"": 0, ""by_type"": {}}, ""Bogorodica L4"": {""total"": 0, ""by_type"": {}}, ""Bogorodica L5"": {""total"": 0, ""by_type"": {}}}",3
1108,1,2026-05-02 21:49:03.156955 +00:00,5,0,0,0,0,0,"{""Bogorodica L1"": {""total"": 0, ""by_type"": {}}, ""Bogorodica L2"": {""total"": 0, ""by_type"": {}}, ""Bogorodica L3"": {""total"": 0, ""by_type"": {}}, ""Bogorodica L4"": {""total"": 0, ""by_type"": {}}, ""Bogorodica L5"": {""total"": 0, ""by_type"": {}}}",3
1109,1,2026-05-02 21:54:03.165881 +00:00,5,0,0,0,0,0,"{""Bogorodica L1"": {""total"": 0, ""by_type"": {}}, ""Bogorodica L2"": {""total"": 0, ""by_type"": {}}, ""Bogorodica L3"": {""total"": 0, ""by_type"": {}}, ""Bogorodica L4"": {""total"": 0, ""by_type"": {}}, ""Bogorodica L5"": {""total"": 0, ""by_type"": {}}}",3
1110,1,2026-05-02 21:59:03.186903 +00:00,5,0,0,0,0,0,"{""Bogorodica L1"": {""total"": 0, ""by_type"": {}}, ""Bogorodica L2"": {""total"": 0, ""by_type"": {}}, ""Bogorodica L3"": {""total"": 0, ""by_type"": {}}, ""Bogorodica L4"": {""total"": 0, ""by_type"": {}}, ""Bogorodica L5"": {""total"": 0, ""by_type"": {}}}",3
1111,1,2026-05-02 22:04:03.355849 +00:00,5,0,0,0,0,0,"{""Bogorodica L1"": {""total"": 0, ""by_type"": {}}, ""Bogorodica L2"": {""total"": 0, ""by_type"": {}}, ""Bogorodica L3"": {""total"": 0, ""by_type"": {}}, ""Bogorodica L4"": {""total"": 0, ""by_type"": {}}, ""Bogorodica L5"": {""total"": 0, ""by_type"": {}}}",3
1112,1,2026-05-02 22:09:03.388503 +00:00,5,1,1,0,0,0,"{""Bogorodica L1"": {""total"": 0, ""by_type"": {}}, ""Bogorodica L2"": {""total"": 0, ""by_type"": {}}, ""Bogorodica L3"": {""total"": 0, ""by_type"": {}}, ""Bogorodica L4"": {""total"": 0, ""by_type"": {}}, ""Bogorodica L5"": {""total"": 1, ""by_type"": {""car"": 1}}}",2.5
1113,1,2026-05-02 22:14:03.597570 +00:00,5,0,0,0,0,0,"{""Bogorodica L1"": {""total"": 0, ""by_type"": {}}, ""Bogorodica L2"": {""total"": 0, ""by_type"": {}}, ""Bogorodica L3"": {""total"": 0, ""by_type"": {}}, ""Bogorodica L4"": {""total"": 0, ""by_type"": {}}, ""Bogorodica L5"": {""total"": 0, ""by_type"": {}}}",3
1114,1,2026-05-02 22:19:03.790944 +00:00,5,0,0,0,0,0,"{""Bogorodica L1"": {""total"": 0, ""by_type"": {}}, ""Bogorodica L2"": {""total"": 0, ""by_type"": {}}, ""Bogorodica L3"": {""total"": 0, ""by_type"": {}}, ""Bogorodica L4"": {""total"": 0, ""by_type"": {}}, ""Bogorodica L5"": {""total"": 0, ""by_type"": {}}}",3
1115,1,2026-05-02 22:24:03.899954 +00:00,5,0,0,0,0,0,"{""Bogorodica L1"": {""total"": 0, ""by_type"": {}}, ""Bogorodica L2"": {""total"": 0, ""by_type"": {}}, ""Bogorodica L3"": {""total"": 0, ""by_type"": {}}, ""Bogorodica L4"": {""total"": 0, ""by_type"": {}}, ""Bogorodica L5"": {""total"": 0, ""by_type"": {}}}",3
1116,1,2026-05-02 22:29:04.003009 +00:00,5,0,0,0,0,0,"{""Bogorodica L1"": {""total"": 0, ""by_type"": {}}, ""Bogorodica L2"": {""total"": 0, ""by_type"": {}}, ""Bogorodica L3"": {""total"": 0, ""by_type"": {}}, ""Bogorodica L4"": {""total"": 0, ""by_type"": {}}, ""Bogorodica L5"": {""total"": 0, ""by_type"": {}}}",3
1117,1,2026-05-02 22:34:04.213328 +00:00,5,2,0,0,0,2,"{""Bogorodica L1"": {""total"": 2, ""by_type"": {""truck"": 2}}, ""Bogorodica L2"": {""total"": 0, ""by_type"": {}}, ""Bogorodica L3"": {""total"": 0, ""by_type"": {}}, ""Bogorodica L4"": {""total"": 0, ""by_type"": {}}, ""Bogorodica L5"": {""total"": 0, ""by_type"": {}}}",3
1118,1,2026-05-02 22:39:04.408434 +00:00,5,2,0,0,0,2,"{""Bogorodica L1"": {""total"": 2, ""by_type"": {""truck"": 2}}, ""Bogorodica L2"": {""total"": 0, ""by_type"": {}}, ""Bogorodica L3"": {""total"": 0, ""by_type"": {}}, ""Bogorodica L4"": {""total"": 0, ""by_type"": {}}, ""Bogorodica L5"": {""total"": 0, ""by_type"": {}}}",3
1119,1,2026-05-02 22:44:04.691227 +00:00,5,1,0,0,0,1,"{""Bogorodica L1"": {""total"": 1, ""by_type"": {""truck"": 1}}, ""Bogorodica L2"": {""total"": 0, ""by_type"": {}}, ""Bogorodica L3"": {""total"": 0, ""by_type"": {}}, ""Bogorodica L4"": {""total"": 0, ""by_type"": {}}, ""Bogorodica L5"": {""total"": 0, ""by_type"": {}}}",3
1120,1,2026-05-02 22:49:04.743336 +00:00,5,1,0,0,0,1,"{""Bogorodica L1"": {""total"": 1, ""by_type"": {""truck"": 1}}, ""Bogorodica L2"": {""total"": 0, ""by_type"": {}}, ""Bogorodica L3"": {""total"": 0, ""by_type"": {}}, ""Bogorodica L4"": {""total"": 0, ""by_type"": {}}, ""Bogorodica L5"": {""total"": 0, ""by_type"": {}}}",3
1121,1,2026-05-02 22:54:04.906396 +00:00,5,1,0,0,0,1,"{""Bogorodica L1"": {""total"": 1, ""by_type"": {""truck"": 1}}, ""Bogorodica L2"": {""total"": 0, ""by_type"": {}}, ""Bogorodica L3"": {""total"": 0, ""by_type"": {}}, ""Bogorodica L4"": {""total"": 0, ""by_type"": {}}, ""Bogorodica L5"": {""total"": 0, ""by_type"": {}}}",3
1122,1,2026-05-02 22:59:05.011795 +00:00,5,1,0,0,0,1,"{""Bogorodica L1"": {""total"": 1, ""by_type"": {""truck"": 1}}, ""Bogorodica L2"": {""total"": 0, ""by_type"": {}}, ""Bogorodica L3"": {""total"": 0, ""by_type"": {}}, ""Bogorodica L4"": {""total"": 0, ""by_type"": {}}, ""Bogorodica L5"": {""total"": 0, ""by_type"": {}}}",3
1123,1,2026-05-02 23:04:05.184120 +00:00,5,0,0,0,0,0,"{""Bogorodica L1"": {""total"": 0, ""by_type"": {}}, ""Bogorodica L2"": {""total"": 0, ""by_type"": {}}, ""Bogorodica L3"": {""total"": 0, ""by_type"": {}}, ""Bogorodica L4"": {""total"": 0, ""by_type"": {}}, ""Bogorodica L5"": {""total"": 0, ""by_type"": {}}}",3
1124,1,2026-05-02 23:09:05.253042 +00:00,5,1,0,0,0,1,"{""Bogorodica L1"": {""total"": 1, ""by_type"": {""truck"": 1}}, ""Bogorodica L2"": {""total"": 0, ""by_type"": {}}, ""Bogorodica L3"": {""total"": 0, ""by_type"": {}}, ""Bogorodica L4"": {""total"": 0, ""by_type"": {}}, ""Bogorodica L5"": {""total"": 0, ""by_type"": {}}}",2.5
1143,1,2026-05-03 00:44:08.617639 +00:00,5,0,0,0,0,0,"{""Bogorodica L1"": {""total"": 0, ""by_type"": {}}, ""Bogorodica L2"": {""total"": 0, ""by_type"": {}}, ""Bogorodica L3"": {""total"": 0, ""by_type"": {}}, ""Bogorodica L4"": {""total"": 0, ""by_type"": {}}, ""Bogorodica L5"": {""total"": 0, ""by_type"": {}}}",3
1125,1,2026-05-02 23:14:05.263054 +00:00,5,2,0,0,0,2,"{""Bogorodica L1"": {""total"": 2, ""by_type"": {""truck"": 2}}, ""Bogorodica L2"": {""total"": 0, ""by_type"": {}}, ""Bogorodica L3"": {""total"": 0, ""by_type"": {}}, ""Bogorodica L4"": {""total"": 0, ""by_type"": {}}, ""Bogorodica L5"": {""total"": 0, ""by_type"": {}}}",3
1126,1,2026-05-02 23:19:05.466266 +00:00,5,0,0,0,0,0,"{""Bogorodica L1"": {""total"": 0, ""by_type"": {}}, ""Bogorodica L2"": {""total"": 0, ""by_type"": {}}, ""Bogorodica L3"": {""total"": 0, ""by_type"": {}}, ""Bogorodica L4"": {""total"": 0, ""by_type"": {}}, ""Bogorodica L5"": {""total"": 0, ""by_type"": {}}}",3
1127,1,2026-05-02 23:24:05.741720 +00:00,5,0,0,0,0,0,"{""Bogorodica L1"": {""total"": 0, ""by_type"": {}}, ""Bogorodica L2"": {""total"": 0, ""by_type"": {}}, ""Bogorodica L3"": {""total"": 0, ""by_type"": {}}, ""Bogorodica L4"": {""total"": 0, ""by_type"": {}}, ""Bogorodica L5"": {""total"": 0, ""by_type"": {}}}",3
1128,1,2026-05-02 23:29:05.763889 +00:00,5,0,0,0,0,0,"{""Bogorodica L1"": {""total"": 0, ""by_type"": {}}, ""Bogorodica L2"": {""total"": 0, ""by_type"": {}}, ""Bogorodica L3"": {""total"": 0, ""by_type"": {}}, ""Bogorodica L4"": {""total"": 0, ""by_type"": {}}, ""Bogorodica L5"": {""total"": 0, ""by_type"": {}}}",3
1129,1,2026-05-02 23:34:05.803063 +00:00,5,0,0,0,0,0,"{""Bogorodica L1"": {""total"": 0, ""by_type"": {}}, ""Bogorodica L2"": {""total"": 0, ""by_type"": {}}, ""Bogorodica L3"": {""total"": 0, ""by_type"": {}}, ""Bogorodica L4"": {""total"": 0, ""by_type"": {}}, ""Bogorodica L5"": {""total"": 0, ""by_type"": {}}}",3
1130,1,2026-05-02 23:39:06.033356 +00:00,5,0,0,0,0,0,"{""Bogorodica L1"": {""total"": 0, ""by_type"": {}}, ""Bogorodica L2"": {""total"": 0, ""by_type"": {}}, ""Bogorodica L3"": {""total"": 0, ""by_type"": {}}, ""Bogorodica L4"": {""total"": 0, ""by_type"": {}}, ""Bogorodica L5"": {""total"": 0, ""by_type"": {}}}",3
1131,1,2026-05-02 23:44:06.117073 +00:00,5,1,0,0,0,1,"{""Bogorodica L1"": {""total"": 1, ""by_type"": {""truck"": 1}}, ""Bogorodica L2"": {""total"": 0, ""by_type"": {}}, ""Bogorodica L3"": {""total"": 0, ""by_type"": {}}, ""Bogorodica L4"": {""total"": 0, ""by_type"": {}}, ""Bogorodica L5"": {""total"": 0, ""by_type"": {}}}",3
1132,1,2026-05-02 23:49:06.451512 +00:00,5,2,0,0,0,2,"{""Bogorodica L1"": {""total"": 2, ""by_type"": {""truck"": 2}}, ""Bogorodica L2"": {""total"": 0, ""by_type"": {}}, ""Bogorodica L3"": {""total"": 0, ""by_type"": {}}, ""Bogorodica L4"": {""total"": 0, ""by_type"": {}}, ""Bogorodica L5"": {""total"": 0, ""by_type"": {}}}",3
1133,1,2026-05-02 23:54:06.487728 +00:00,5,0,0,0,0,0,"{""Bogorodica L1"": {""total"": 0, ""by_type"": {}}, ""Bogorodica L2"": {""total"": 0, ""by_type"": {}}, ""Bogorodica L3"": {""total"": 0, ""by_type"": {}}, ""Bogorodica L4"": {""total"": 0, ""by_type"": {}}, ""Bogorodica L5"": {""total"": 0, ""by_type"": {}}}",2.5
1134,1,2026-05-02 23:59:06.751912 +00:00,5,1,1,0,0,0,"{""Bogorodica L1"": {""total"": 0, ""by_type"": {}}, ""Bogorodica L2"": {""total"": 0, ""by_type"": {}}, ""Bogorodica L3"": {""total"": 0, ""by_type"": {}}, ""Bogorodica L4"": {""total"": 1, ""by_type"": {""car"": 1}}, ""Bogorodica L5"": {""total"": 0, ""by_type"": {}}}",2.5
1135,1,2026-05-03 00:04:07.118060 +00:00,5,1,1,0,0,0,"{""Bogorodica L1"": {""total"": 0, ""by_type"": {}}, ""Bogorodica L2"": {""total"": 0, ""by_type"": {}}, ""Bogorodica L3"": {""total"": 0, ""by_type"": {}}, ""Bogorodica L4"": {""total"": 1, ""by_type"": {""car"": 1}}, ""Bogorodica L5"": {""total"": 0, ""by_type"": {}}}",3
1136,1,2026-05-03 00:09:07.408377 +00:00,5,5,2,0,0,3,"{""Bogorodica L1"": {""total"": 3, ""by_type"": {""truck"": 3}}, ""Bogorodica L2"": {""total"": 0, ""by_type"": {}}, ""Bogorodica L3"": {""total"": 0, ""by_type"": {}}, ""Bogorodica L4"": {""total"": 1, ""by_type"": {""car"": 1}}, ""Bogorodica L5"": {""total"": 1, ""by_type"": {""car"": 1}}}",3
1137,1,2026-05-03 00:14:07.690857 +00:00,5,4,4,0,0,0,"{""Bogorodica L1"": {""total"": 0, ""by_type"": {}}, ""Bogorodica L2"": {""total"": 0, ""by_type"": {}}, ""Bogorodica L3"": {""total"": 0, ""by_type"": {}}, ""Bogorodica L4"": {""total"": 4, ""by_type"": {""car"": 4}}, ""Bogorodica L5"": {""total"": 0, ""by_type"": {}}}",3
1138,1,2026-05-03 00:19:07.925208 +00:00,5,4,3,0,0,1,"{""Bogorodica L1"": {""total"": 1, ""by_type"": {""truck"": 1}}, ""Bogorodica L2"": {""total"": 0, ""by_type"": {}}, ""Bogorodica L3"": {""total"": 0, ""by_type"": {}}, ""Bogorodica L4"": {""total"": 1, ""by_type"": {""car"": 1}}, ""Bogorodica L5"": {""total"": 2, ""by_type"": {""car"": 2}}}",3
1139,1,2026-05-03 00:24:07.958914 +00:00,5,4,4,0,0,0,"{""Bogorodica L1"": {""total"": 0, ""by_type"": {}}, ""Bogorodica L2"": {""total"": 1, ""by_type"": {""car"": 1}}, ""Bogorodica L3"": {""total"": 0, ""by_type"": {}}, ""Bogorodica L4"": {""total"": 1, ""by_type"": {""car"": 1}}, ""Bogorodica L5"": {""total"": 2, ""by_type"": {""car"": 2}}}",3
1140,1,2026-05-03 00:29:08.021502 +00:00,5,4,4,0,0,0,"{""Bogorodica L1"": {""total"": 0, ""by_type"": {}}, ""Bogorodica L2"": {""total"": 1, ""by_type"": {""car"": 1}}, ""Bogorodica L3"": {""total"": 0, ""by_type"": {}}, ""Bogorodica L4"": {""total"": 3, ""by_type"": {""car"": 3}}, ""Bogorodica L5"": {""total"": 0, ""by_type"": {}}}",3
1141,1,2026-05-03 00:34:08.032658 +00:00,5,2,2,0,0,0,"{""Bogorodica L1"": {""total"": 0, ""by_type"": {}}, ""Bogorodica L2"": {""total"": 0, ""by_type"": {}}, ""Bogorodica L3"": {""total"": 0, ""by_type"": {}}, ""Bogorodica L4"": {""total"": 2, ""by_type"": {""car"": 2}}, ""Bogorodica L5"": {""total"": 0, ""by_type"": {}}}",3
1142,1,2026-05-03 00:39:08.321161 +00:00,5,2,2,0,0,0,"{""Bogorodica L1"": {""total"": 0, ""by_type"": {}}, ""Bogorodica L2"": {""total"": 0, ""by_type"": {}}, ""Bogorodica L3"": {""total"": 0, ""by_type"": {}}, ""Bogorodica L4"": {""total"": 2, ""by_type"": {""car"": 2}}, ""Bogorodica L5"": {""total"": 0, ""by_type"": {}}}",3
1144,1,2026-05-03 00:49:08.848015 +00:00,5,0,0,0,0,0,"{""Bogorodica L1"": {""total"": 0, ""by_type"": {}}, ""Bogorodica L2"": {""total"": 0, ""by_type"": {}}, ""Bogorodica L3"": {""total"": 0, ""by_type"": {}}, ""Bogorodica L4"": {""total"": 0, ""by_type"": {}}, ""Bogorodica L5"": {""total"": 0, ""by_type"": {}}}",3
1145,1,2026-05-03 00:54:09.123173 +00:00,5,2,0,0,1,1,"{""Bogorodica L1"": {""total"": 1, ""by_type"": {""truck"": 1}}, ""Bogorodica L2"": {""total"": 1, ""by_type"": {""bus"": 1}}, ""Bogorodica L3"": {""total"": 0, ""by_type"": {}}, ""Bogorodica L4"": {""total"": 0, ""by_type"": {}}, ""Bogorodica L5"": {""total"": 0, ""by_type"": {}}}",3
1146,1,2026-05-03 00:59:09.182777 +00:00,5,0,0,0,0,0,"{""Bogorodica L1"": {""total"": 0, ""by_type"": {}}, ""Bogorodica L2"": {""total"": 0, ""by_type"": {}}, ""Bogorodica L3"": {""total"": 0, ""by_type"": {}}, ""Bogorodica L4"": {""total"": 0, ""by_type"": {}}, ""Bogorodica L5"": {""total"": 0, ""by_type"": {}}}",3
1147,1,2026-05-03 01:04:09.484333 +00:00,5,0,0,0,0,0,"{""Bogorodica L1"": {""total"": 0, ""by_type"": {}}, ""Bogorodica L2"": {""total"": 0, ""by_type"": {}}, ""Bogorodica L3"": {""total"": 0, ""by_type"": {}}, ""Bogorodica L4"": {""total"": 0, ""by_type"": {}}, ""Bogorodica L5"": {""total"": 0, ""by_type"": {}}}",3
1148,1,2026-05-03 01:09:09.575682 +00:00,5,0,0,0,0,0,"{""Bogorodica L1"": {""total"": 0, ""by_type"": {}}, ""Bogorodica L2"": {""total"": 0, ""by_type"": {}}, ""Bogorodica L3"": {""total"": 0, ""by_type"": {}}, ""Bogorodica L4"": {""total"": 0, ""by_type"": {}}, ""Bogorodica L5"": {""total"": 0, ""by_type"": {}}}",3
1149,1,2026-05-03 01:14:09.833024 +00:00,5,1,0,0,0,1,"{""Bogorodica L1"": {""total"": 1, ""by_type"": {""truck"": 1}}, ""Bogorodica L2"": {""total"": 0, ""by_type"": {}}, ""Bogorodica L3"": {""total"": 0, ""by_type"": {}}, ""Bogorodica L4"": {""total"": 0, ""by_type"": {}}, ""Bogorodica L5"": {""total"": 0, ""by_type"": {}}}",2.5
1150,1,2026-05-03 01:19:09.981565 +00:00,5,0,0,0,0,0,"{""Bogorodica L1"": {""total"": 0, ""by_type"": {}}, ""Bogorodica L2"": {""total"": 0, ""by_type"": {}}, ""Bogorodica L3"": {""total"": 0, ""by_type"": {}}, ""Bogorodica L4"": {""total"": 0, ""by_type"": {}}, ""Bogorodica L5"": {""total"": 0, ""by_type"": {}}}",3
1151,1,2026-05-03 01:24:10.359181 +00:00,5,1,0,0,0,1,"{""Bogorodica L1"": {""total"": 1, ""by_type"": {""truck"": 1}}, ""Bogorodica L2"": {""total"": 0, ""by_type"": {}}, ""Bogorodica L3"": {""total"": 0, ""by_type"": {}}, ""Bogorodica L4"": {""total"": 0, ""by_type"": {}}, ""Bogorodica L5"": {""total"": 0, ""by_type"": {}}}",2.5
1152,1,2026-05-03 01:29:10.510780 +00:00,5,2,2,0,0,0,"{""Bogorodica L1"": {""total"": 0, ""by_type"": {}}, ""Bogorodica L2"": {""total"": 0, ""by_type"": {}}, ""Bogorodica L3"": {""total"": 0, ""by_type"": {}}, ""Bogorodica L4"": {""total"": 1, ""by_type"": {""car"": 1}}, ""Bogorodica L5"": {""total"": 1, ""by_type"": {""car"": 1}}}",3
1153,1,2026-05-03 01:34:10.763506 +00:00,5,1,1,0,0,0,"{""Bogorodica L1"": {""total"": 0, ""by_type"": {}}, ""Bogorodica L2"": {""total"": 0, ""by_type"": {}}, ""Bogorodica L3"": {""total"": 0, ""by_type"": {}}, ""Bogorodica L4"": {""total"": 0, ""by_type"": {}}, ""Bogorodica L5"": {""total"": 1, ""by_type"": {""car"": 1}}}",2.5
1154,1,2026-05-03 01:39:11.032402 +00:00,5,0,0,0,0,0,"{""Bogorodica L1"": {""total"": 0, ""by_type"": {}}, ""Bogorodica L2"": {""total"": 0, ""by_type"": {}}, ""Bogorodica L3"": {""total"": 0, ""by_type"": {}}, ""Bogorodica L4"": {""total"": 0, ""by_type"": {}}, ""Bogorodica L5"": {""total"": 0, ""by_type"": {}}}",3
1155,1,2026-05-03 01:44:11.157746 +00:00,5,1,0,0,0,1,"{""Bogorodica L1"": {""total"": 1, ""by_type"": {""truck"": 1}}, ""Bogorodica L2"": {""total"": 0, ""by_type"": {}}, ""Bogorodica L3"": {""total"": 0, ""by_type"": {}}, ""Bogorodica L4"": {""total"": 0, ""by_type"": {}}, ""Bogorodica L5"": {""total"": 0, ""by_type"": {}}}",3
1156,1,2026-05-03 01:49:11.386709 +00:00,5,0,0,0,0,0,"{""Bogorodica L1"": {""total"": 0, ""by_type"": {}}, ""Bogorodica L2"": {""total"": 0, ""by_type"": {}}, ""Bogorodica L3"": {""total"": 0, ""by_type"": {}}, ""Bogorodica L4"": {""total"": 0, ""by_type"": {}}, ""Bogorodica L5"": {""total"": 0, ""by_type"": {}}}",3
1157,1,2026-05-03 01:54:11.448269 +00:00,5,2,0,0,0,2,"{""Bogorodica L1"": {""total"": 2, ""by_type"": {""truck"": 2}}, ""Bogorodica L2"": {""total"": 0, ""by_type"": {}}, ""Bogorodica L3"": {""total"": 0, ""by_type"": {}}, ""Bogorodica L4"": {""total"": 0, ""by_type"": {}}, ""Bogorodica L5"": {""total"": 0, ""by_type"": {}}}",3
1158,1,2026-05-03 01:59:11.536953 +00:00,5,2,0,0,0,2,"{""Bogorodica L1"": {""total"": 2, ""by_type"": {""truck"": 2}}, ""Bogorodica L2"": {""total"": 0, ""by_type"": {}}, ""Bogorodica L3"": {""total"": 0, ""by_type"": {}}, ""Bogorodica L4"": {""total"": 0, ""by_type"": {}}, ""Bogorodica L5"": {""total"": 0, ""by_type"": {}}}",3
1159,1,2026-05-03 02:04:11.744606 +00:00,5,1,0,0,0,1,"{""Bogorodica L1"": {""total"": 1, ""by_type"": {""truck"": 1}}, ""Bogorodica L2"": {""total"": 0, ""by_type"": {}}, ""Bogorodica L3"": {""total"": 0, ""by_type"": {}}, ""Bogorodica L4"": {""total"": 0, ""by_type"": {}}, ""Bogorodica L5"": {""total"": 0, ""by_type"": {}}}",3
1160,1,2026-05-03 02:09:11.859298 +00:00,5,0,0,0,0,0,"{""Bogorodica L1"": {""total"": 0, ""by_type"": {}}, ""Bogorodica L2"": {""total"": 0, ""by_type"": {}}, ""Bogorodica L3"": {""total"": 0, ""by_type"": {}}, ""Bogorodica L4"": {""total"": 0, ""by_type"": {}}, ""Bogorodica L5"": {""total"": 0, ""by_type"": {}}}",3
1161,1,2026-05-03 02:14:12.248837 +00:00,5,1,0,0,0,1,"{""Bogorodica L1"": {""total"": 0, ""by_type"": {}}, ""Bogorodica L2"": {""total"": 1, ""by_type"": {""truck"": 1}}, ""Bogorodica L3"": {""total"": 0, ""by_type"": {}}, ""Bogorodica L4"": {""total"": 0, ""by_type"": {}}, ""Bogorodica L5"": {""total"": 0, ""by_type"": {}}}",3
1162,1,2026-05-03 02:19:12.274628 +00:00,5,1,0,0,0,1,"{""Bogorodica L1"": {""total"": 0, ""by_type"": {}}, ""Bogorodica L2"": {""total"": 1, ""by_type"": {""truck"": 1}}, ""Bogorodica L3"": {""total"": 0, ""by_type"": {}}, ""Bogorodica L4"": {""total"": 0, ""by_type"": {}}, ""Bogorodica L5"": {""total"": 0, ""by_type"": {}}}",3
1163,1,2026-05-03 02:24:12.534250 +00:00,5,0,0,0,0,0,"{""Bogorodica L1"": {""total"": 0, ""by_type"": {}}, ""Bogorodica L2"": {""total"": 0, ""by_type"": {}}, ""Bogorodica L3"": {""total"": 0, ""by_type"": {}}, ""Bogorodica L4"": {""total"": 0, ""by_type"": {}}, ""Bogorodica L5"": {""total"": 0, ""by_type"": {}}}",3
1164,1,2026-05-03 02:29:12.929042 +00:00,5,0,0,0,0,0,"{""Bogorodica L1"": {""total"": 0, ""by_type"": {}}, ""Bogorodica L2"": {""total"": 0, ""by_type"": {}}, ""Bogorodica L3"": {""total"": 0, ""by_type"": {}}, ""Bogorodica L4"": {""total"": 0, ""by_type"": {}}, ""Bogorodica L5"": {""total"": 0, ""by_type"": {}}}",3
1165,1,2026-05-03 02:34:12.940830 +00:00,5,0,0,0,0,0,"{""Bogorodica L1"": {""total"": 0, ""by_type"": {}}, ""Bogorodica L2"": {""total"": 0, ""by_type"": {}}, ""Bogorodica L3"": {""total"": 0, ""by_type"": {}}, ""Bogorodica L4"": {""total"": 0, ""by_type"": {}}, ""Bogorodica L5"": {""total"": 0, ""by_type"": {}}}",3
1166,1,2026-05-03 02:39:13.214782 +00:00,5,0,0,0,0,0,"{""Bogorodica L1"": {""total"": 0, ""by_type"": {}}, ""Bogorodica L2"": {""total"": 0, ""by_type"": {}}, ""Bogorodica L3"": {""total"": 0, ""by_type"": {}}, ""Bogorodica L4"": {""total"": 0, ""by_type"": {}}, ""Bogorodica L5"": {""total"": 0, ""by_type"": {}}}",3
1167,1,2026-05-03 02:44:13.455406 +00:00,5,0,0,0,0,0,"{""Bogorodica L1"": {""total"": 0, ""by_type"": {}}, ""Bogorodica L2"": {""total"": 0, ""by_type"": {}}, ""Bogorodica L3"": {""total"": 0, ""by_type"": {}}, ""Bogorodica L4"": {""total"": 0, ""by_type"": {}}, ""Bogorodica L5"": {""total"": 0, ""by_type"": {}}}",3
1168,1,2026-05-03 02:49:13.705017 +00:00,5,0,0,0,0,0,"{""Bogorodica L1"": {""total"": 0, ""by_type"": {}}, ""Bogorodica L2"": {""total"": 0, ""by_type"": {}}, ""Bogorodica L3"": {""total"": 0, ""by_type"": {}}, ""Bogorodica L4"": {""total"": 0, ""by_type"": {}}, ""Bogorodica L5"": {""total"": 0, ""by_type"": {}}}",3
1169,1,2026-05-03 02:54:13.879706 +00:00,5,0,0,0,0,0,"{""Bogorodica L1"": {""total"": 0, ""by_type"": {}}, ""Bogorodica L2"": {""total"": 0, ""by_type"": {}}, ""Bogorodica L3"": {""total"": 0, ""by_type"": {}}, ""Bogorodica L4"": {""total"": 0, ""by_type"": {}}, ""Bogorodica L5"": {""total"": 0, ""by_type"": {}}}",2.5
1170,1,2026-05-03 02:59:14.047035 +00:00,5,0,0,0,0,0,"{""Bogorodica L1"": {""total"": 0, ""by_type"": {}}, ""Bogorodica L2"": {""total"": 0, ""by_type"": {}}, ""Bogorodica L3"": {""total"": 0, ""by_type"": {}}, ""Bogorodica L4"": {""total"": 0, ""by_type"": {}}, ""Bogorodica L5"": {""total"": 0, ""by_type"": {}}}",3
1171,1,2026-05-03 03:04:14.165479 +00:00,5,0,0,0,0,0,"{""Bogorodica L1"": {""total"": 0, ""by_type"": {}}, ""Bogorodica L2"": {""total"": 0, ""by_type"": {}}, ""Bogorodica L3"": {""total"": 0, ""by_type"": {}}, ""Bogorodica L4"": {""total"": 0, ""by_type"": {}}, ""Bogorodica L5"": {""total"": 0, ""by_type"": {}}}",3
1172,1,2026-05-03 03:09:14.343830 +00:00,5,0,0,0,0,0,"{""Bogorodica L1"": {""total"": 0, ""by_type"": {}}, ""Bogorodica L2"": {""total"": 0, ""by_type"": {}}, ""Bogorodica L3"": {""total"": 0, ""by_type"": {}}, ""Bogorodica L4"": {""total"": 0, ""by_type"": {}}, ""Bogorodica L5"": {""total"": 0, ""by_type"": {}}}",3
1173,1,2026-05-03 03:14:14.676629 +00:00,5,0,0,0,0,0,"{""Bogorodica L1"": {""total"": 0, ""by_type"": {}}, ""Bogorodica L2"": {""total"": 0, ""by_type"": {}}, ""Bogorodica L3"": {""total"": 0, ""by_type"": {}}, ""Bogorodica L4"": {""total"": 0, ""by_type"": {}}, ""Bogorodica L5"": {""total"": 0, ""by_type"": {}}}",3
1174,1,2026-05-03 03:19:14.877977 +00:00,5,1,0,0,0,1,"{""Bogorodica L1"": {""total"": 1, ""by_type"": {""truck"": 1}}, ""Bogorodica L2"": {""total"": 0, ""by_type"": {}}, ""Bogorodica L3"": {""total"": 0, ""by_type"": {}}, ""Bogorodica L4"": {""total"": 0, ""by_type"": {}}, ""Bogorodica L5"": {""total"": 0, ""by_type"": {}}}",3
1175,1,2026-05-03 03:24:14.920268 +00:00,5,1,0,0,0,1,"{""Bogorodica L1"": {""total"": 1, ""by_type"": {""truck"": 1}}, ""Bogorodica L2"": {""total"": 0, ""by_type"": {}}, ""Bogorodica L3"": {""total"": 0, ""by_type"": {}}, ""Bogorodica L4"": {""total"": 0, ""by_type"": {}}, ""Bogorodica L5"": {""total"": 0, ""by_type"": {}}}",3
1176,1,2026-05-03 03:29:15.043610 +00:00,5,0,0,0,0,0,"{""Bogorodica L1"": {""total"": 0, ""by_type"": {}}, ""Bogorodica L2"": {""total"": 0, ""by_type"": {}}, ""Bogorodica L3"": {""total"": 0, ""by_type"": {}}, ""Bogorodica L4"": {""total"": 0, ""by_type"": {}}, ""Bogorodica L5"": {""total"": 0, ""by_type"": {}}}",3
1177,1,2026-05-03 03:34:15.138012 +00:00,5,3,0,0,0,3,"{""Bogorodica L1"": {""total"": 3, ""by_type"": {""truck"": 3}}, ""Bogorodica L2"": {""total"": 0, ""by_type"": {}}, ""Bogorodica L3"": {""total"": 0, ""by_type"": {}}, ""Bogorodica L4"": {""total"": 0, ""by_type"": {}}, ""Bogorodica L5"": {""total"": 0, ""by_type"": {}}}",3
1178,1,2026-05-03 03:39:15.465226 +00:00,5,7,2,0,0,5,"{""Bogorodica L1"": {""total"": 6, ""by_type"": {""car"": 2, ""truck"": 4}}, ""Bogorodica L2"": {""total"": 0, ""by_type"": {}}, ""Bogorodica L3"": {""total"": 0, ""by_type"": {}}, ""Bogorodica L4"": {""total"": 1, ""by_type"": {""truck"": 1}}, ""Bogorodica L5"": {""total"": 0, ""by_type"": {}}}",3
1179,1,2026-05-03 03:44:15.780854 +00:00,5,2,0,0,0,2,"{""Bogorodica L1"": {""total"": 2, ""by_type"": {""truck"": 2}}, ""Bogorodica L2"": {""total"": 0, ""by_type"": {}}, ""Bogorodica L3"": {""total"": 0, ""by_type"": {}}, ""Bogorodica L4"": {""total"": 0, ""by_type"": {}}, ""Bogorodica L5"": {""total"": 0, ""by_type"": {}}}",3
1180,1,2026-05-03 03:49:15.886039 +00:00,5,0,0,0,0,0,"{""Bogorodica L1"": {""total"": 0, ""by_type"": {}}, ""Bogorodica L2"": {""total"": 0, ""by_type"": {}}, ""Bogorodica L3"": {""total"": 0, ""by_type"": {}}, ""Bogorodica L4"": {""total"": 0, ""by_type"": {}}, ""Bogorodica L5"": {""total"": 0, ""by_type"": {}}}",3
1181,1,2026-05-03 03:54:16.112208 +00:00,5,1,0,0,1,0,"{""Bogorodica L1"": {""total"": 0, ""by_type"": {}}, ""Bogorodica L2"": {""total"": 1, ""by_type"": {""bus"": 1}}, ""Bogorodica L3"": {""total"": 0, ""by_type"": {}}, ""Bogorodica L4"": {""total"": 0, ""by_type"": {}}, ""Bogorodica L5"": {""total"": 0, ""by_type"": {}}}",3
1182,1,2026-05-03 03:59:16.245400 +00:00,5,4,1,0,1,2,"{""Bogorodica L1"": {""total"": 2, ""by_type"": {""truck"": 2}}, ""Bogorodica L2"": {""total"": 1, ""by_type"": {""bus"": 1}}, ""Bogorodica L3"": {""total"": 0, ""by_type"": {}}, ""Bogorodica L4"": {""total"": 1, ""by_type"": {""car"": 1}}, ""Bogorodica L5"": {""total"": 0, ""by_type"": {}}}",3
1183,1,2026-05-03 04:04:16.374326 +00:00,5,0,0,0,0,0,"{""Bogorodica L1"": {""total"": 0, ""by_type"": {}}, ""Bogorodica L2"": {""total"": 0, ""by_type"": {}}, ""Bogorodica L3"": {""total"": 0, ""by_type"": {}}, ""Bogorodica L4"": {""total"": 0, ""by_type"": {}}, ""Bogorodica L5"": {""total"": 0, ""by_type"": {}}}",3
1184,1,2026-05-03 04:09:16.467615 +00:00,5,1,0,0,0,1,"{""Bogorodica L1"": {""total"": 1, ""by_type"": {""truck"": 1}}, ""Bogorodica L2"": {""total"": 0, ""by_type"": {}}, ""Bogorodica L3"": {""total"": 0, ""by_type"": {}}, ""Bogorodica L4"": {""total"": 0, ""by_type"": {}}, ""Bogorodica L5"": {""total"": 0, ""by_type"": {}}}",3
1185,1,2026-05-03 04:14:16.650477 +00:00,5,1,1,0,0,0,"{""Bogorodica L1"": {""total"": 0, ""by_type"": {}}, ""Bogorodica L2"": {""total"": 0, ""by_type"": {}}, ""Bogorodica L3"": {""total"": 0, ""by_type"": {}}, ""Bogorodica L4"": {""total"": 0, ""by_type"": {}}, ""Bogorodica L5"": {""total"": 1, ""by_type"": {""car"": 1}}}",2.5
1186,1,2026-05-03 04:19:16.657189 +00:00,5,1,0,0,0,1,"{""Bogorodica L1"": {""total"": 1, ""by_type"": {""truck"": 1}}, ""Bogorodica L2"": {""total"": 0, ""by_type"": {}}, ""Bogorodica L3"": {""total"": 0, ""by_type"": {}}, ""Bogorodica L4"": {""total"": 0, ""by_type"": {}}, ""Bogorodica L5"": {""total"": 0, ""by_type"": {}}}",2.5
1187,1,2026-05-03 04:24:16.871547 +00:00,5,0,0,0,0,0,"{""Bogorodica L1"": {""total"": 0, ""by_type"": {}}, ""Bogorodica L2"": {""total"": 0, ""by_type"": {}}, ""Bogorodica L3"": {""total"": 0, ""by_type"": {}}, ""Bogorodica L4"": {""total"": 0, ""by_type"": {}}, ""Bogorodica L5"": {""total"": 0, ""by_type"": {}}}",3
1188,1,2026-05-03 04:29:17.155922 +00:00,5,1,0,0,1,0,"{""Bogorodica L1"": {""total"": 0, ""by_type"": {}}, ""Bogorodica L2"": {""total"": 1, ""by_type"": {""bus"": 1}}, ""Bogorodica L3"": {""total"": 0, ""by_type"": {}}, ""Bogorodica L4"": {""total"": 0, ""by_type"": {}}, ""Bogorodica L5"": {""total"": 0, ""by_type"": {}}}",3
1189,1,2026-05-03 04:34:17.265123 +00:00,5,1,0,0,0,1,"{""Bogorodica L1"": {""total"": 1, ""by_type"": {""truck"": 1}}, ""Bogorodica L2"": {""total"": 0, ""by_type"": {}}, ""Bogorodica L3"": {""total"": 0, ""by_type"": {}}, ""Bogorodica L4"": {""total"": 0, ""by_type"": {}}, ""Bogorodica L5"": {""total"": 0, ""by_type"": {}}}",3
1190,1,2026-05-03 04:39:17.593635 +00:00,5,2,0,0,0,2,"{""Bogorodica L1"": {""total"": 2, ""by_type"": {""truck"": 2}}, ""Bogorodica L2"": {""total"": 0, ""by_type"": {}}, ""Bogorodica L3"": {""total"": 0, ""by_type"": {}}, ""Bogorodica L4"": {""total"": 0, ""by_type"": {}}, ""Bogorodica L5"": {""total"": 0, ""by_type"": {}}}",3
1191,1,2026-05-03 04:44:17.596824 +00:00,5,3,0,0,0,3,"{""Bogorodica L1"": {""total"": 3, ""by_type"": {""truck"": 3}}, ""Bogorodica L2"": {""total"": 0, ""by_type"": {}}, ""Bogorodica L3"": {""total"": 0, ""by_type"": {}}, ""Bogorodica L4"": {""total"": 0, ""by_type"": {}}, ""Bogorodica L5"": {""total"": 0, ""by_type"": {}}}",3
1192,1,2026-05-03 04:49:17.942284 +00:00,5,2,0,0,0,2,"{""Bogorodica L1"": {""total"": 2, ""by_type"": {""truck"": 2}}, ""Bogorodica L2"": {""total"": 0, ""by_type"": {}}, ""Bogorodica L3"": {""total"": 0, ""by_type"": {}}, ""Bogorodica L4"": {""total"": 0, ""by_type"": {}}, ""Bogorodica L5"": {""total"": 0, ""by_type"": {}}}",3
1193,1,2026-05-03 04:54:18.241222 +00:00,5,0,0,0,0,0,"{""Bogorodica L1"": {""total"": 0, ""by_type"": {}}, ""Bogorodica L2"": {""total"": 0, ""by_type"": {}}, ""Bogorodica L3"": {""total"": 0, ""by_type"": {}}, ""Bogorodica L4"": {""total"": 0, ""by_type"": {}}, ""Bogorodica L5"": {""total"": 0, ""by_type"": {}}}",3
1194,1,2026-05-03 04:59:18.425381 +00:00,5,1,0,0,0,1,"{""Bogorodica L1"": {""total"": 1, ""by_type"": {""truck"": 1}}, ""Bogorodica L2"": {""total"": 0, ""by_type"": {}}, ""Bogorodica L3"": {""total"": 0, ""by_type"": {}}, ""Bogorodica L4"": {""total"": 0, ""by_type"": {}}, ""Bogorodica L5"": {""total"": 0, ""by_type"": {}}}",3
1195,1,2026-05-03 05:04:18.791005 +00:00,5,1,0,0,0,1,"{""Bogorodica L1"": {""total"": 1, ""by_type"": {""truck"": 1}}, ""Bogorodica L2"": {""total"": 0, ""by_type"": {}}, ""Bogorodica L3"": {""total"": 0, ""by_type"": {}}, ""Bogorodica L4"": {""total"": 0, ""by_type"": {}}, ""Bogorodica L5"": {""total"": 0, ""by_type"": {}}}",3
1196,1,2026-05-03 05:09:18.801521 +00:00,5,3,2,0,0,1,"{""Bogorodica L1"": {""total"": 1, ""by_type"": {""truck"": 1}}, ""Bogorodica L2"": {""total"": 1, ""by_type"": {""car"": 1}}, ""Bogorodica L3"": {""total"": 0, ""by_type"": {}}, ""Bogorodica L4"": {""total"": 1, ""by_type"": {""car"": 1}}, ""Bogorodica L5"": {""total"": 0, ""by_type"": {}}}",3
1197,1,2026-05-03 05:14:18.907741 +00:00,5,3,2,0,0,1,"{""Bogorodica L1"": {""total"": 1, ""by_type"": {""truck"": 1}}, ""Bogorodica L2"": {""total"": 0, ""by_type"": {}}, ""Bogorodica L3"": {""total"": 0, ""by_type"": {}}, ""Bogorodica L4"": {""total"": 0, ""by_type"": {}}, ""Bogorodica L5"": {""total"": 2, ""by_type"": {""car"": 2}}}",2.5
1198,1,2026-05-03 05:19:19.225029 +00:00,5,0,0,0,0,0,"{""Bogorodica L1"": {""total"": 0, ""by_type"": {}}, ""Bogorodica L2"": {""total"": 0, ""by_type"": {}}, ""Bogorodica L3"": {""total"": 0, ""by_type"": {}}, ""Bogorodica L4"": {""total"": 0, ""by_type"": {}}, ""Bogorodica L5"": {""total"": 0, ""by_type"": {}}}",3
1199,1,2026-05-03 05:24:19.415036 +00:00,5,1,0,0,0,1,"{""Bogorodica L1"": {""total"": 1, ""by_type"": {""truck"": 1}}, ""Bogorodica L2"": {""total"": 0, ""by_type"": {}}, ""Bogorodica L3"": {""total"": 0, ""by_type"": {}}, ""Bogorodica L4"": {""total"": 0, ""by_type"": {}}, ""Bogorodica L5"": {""total"": 0, ""by_type"": {}}}",3
1200,1,2026-05-03 05:29:19.713064 +00:00,5,4,2,0,0,2,"{""Bogorodica L1"": {""total"": 2, ""by_type"": {""truck"": 2}}, ""Bogorodica L2"": {""total"": 0, ""by_type"": {}}, ""Bogorodica L3"": {""total"": 0, ""by_type"": {}}, ""Bogorodica L4"": {""total"": 2, ""by_type"": {""car"": 2}}, ""Bogorodica L5"": {""total"": 0, ""by_type"": {}}}",3
1201,1,2026-05-03 05:34:20.000573 +00:00,5,4,1,0,0,3,"{""Bogorodica L1"": {""total"": 3, ""by_type"": {""truck"": 3}}, ""Bogorodica L2"": {""total"": 0, ""by_type"": {}}, ""Bogorodica L3"": {""total"": 0, ""by_type"": {}}, ""Bogorodica L4"": {""total"": 1, ""by_type"": {""car"": 1}}, ""Bogorodica L5"": {""total"": 0, ""by_type"": {}}}",3
1202,1,2026-05-03 05:39:20.282150 +00:00,5,2,2,0,0,0,"{""Bogorodica L1"": {""total"": 0, ""by_type"": {}}, ""Bogorodica L2"": {""total"": 0, ""by_type"": {}}, ""Bogorodica L3"": {""total"": 0, ""by_type"": {}}, ""Bogorodica L4"": {""total"": 1, ""by_type"": {""car"": 1}}, ""Bogorodica L5"": {""total"": 1, ""by_type"": {""car"": 1}}}",3
1203,1,2026-05-03 05:44:20.467293 +00:00,5,1,0,0,1,0,"{""Bogorodica L1"": {""total"": 0, ""by_type"": {}}, ""Bogorodica L2"": {""total"": 1, ""by_type"": {""bus"": 1}}, ""Bogorodica L3"": {""total"": 0, ""by_type"": {}}, ""Bogorodica L4"": {""total"": 0, ""by_type"": {}}, ""Bogorodica L5"": {""total"": 0, ""by_type"": {}}}",3
1204,1,2026-05-03 05:49:20.471490 +00:00,5,5,4,0,0,1,"{""Bogorodica L1"": {""total"": 1, ""by_type"": {""truck"": 1}}, ""Bogorodica L2"": {""total"": 0, ""by_type"": {}}, ""Bogorodica L3"": {""total"": 0, ""by_type"": {}}, ""Bogorodica L4"": {""total"": 4, ""by_type"": {""car"": 4}}, ""Bogorodica L5"": {""total"": 0, ""by_type"": {}}}",3
1205,1,2026-05-03 05:54:20.762335 +00:00,5,1,1,0,0,0,"{""Bogorodica L1"": {""total"": 0, ""by_type"": {}}, ""Bogorodica L2"": {""total"": 0, ""by_type"": {}}, ""Bogorodica L3"": {""total"": 0, ""by_type"": {}}, ""Bogorodica L4"": {""total"": 0, ""by_type"": {}}, ""Bogorodica L5"": {""total"": 1, ""by_type"": {""car"": 1}}}",3
1206,1,2026-05-03 05:59:21.104353 +00:00,5,0,0,0,0,0,"{""Bogorodica L1"": {""total"": 0, ""by_type"": {}}, ""Bogorodica L2"": {""total"": 0, ""by_type"": {}}, ""Bogorodica L3"": {""total"": 0, ""by_type"": {}}, ""Bogorodica L4"": {""total"": 0, ""by_type"": {}}, ""Bogorodica L5"": {""total"": 0, ""by_type"": {}}}",3
1207,1,2026-05-03 06:04:21.338061 +00:00,5,0,0,0,0,0,"{""Bogorodica L1"": {""total"": 0, ""by_type"": {}}, ""Bogorodica L2"": {""total"": 0, ""by_type"": {}}, ""Bogorodica L3"": {""total"": 0, ""by_type"": {}}, ""Bogorodica L4"": {""total"": 0, ""by_type"": {}}, ""Bogorodica L5"": {""total"": 0, ""by_type"": {}}}",3
1208,1,2026-05-03 06:09:21.494709 +00:00,5,0,0,0,0,0,"{""Bogorodica L1"": {""total"": 0, ""by_type"": {}}, ""Bogorodica L2"": {""total"": 0, ""by_type"": {}}, ""Bogorodica L3"": {""total"": 0, ""by_type"": {}}, ""Bogorodica L4"": {""total"": 0, ""by_type"": {}}, ""Bogorodica L5"": {""total"": 0, ""by_type"": {}}}",3
1209,1,2026-05-03 06:14:21.863782 +00:00,5,0,0,0,0,0,"{""Bogorodica L1"": {""total"": 0, ""by_type"": {}}, ""Bogorodica L2"": {""total"": 0, ""by_type"": {}}, ""Bogorodica L3"": {""total"": 0, ""by_type"": {}}, ""Bogorodica L4"": {""total"": 0, ""by_type"": {}}, ""Bogorodica L5"": {""total"": 0, ""by_type"": {}}}",3
1210,1,2026-05-03 06:19:22.111169 +00:00,5,0,0,0,0,0,"{""Bogorodica L1"": {""total"": 0, ""by_type"": {}}, ""Bogorodica L2"": {""total"": 0, ""by_type"": {}}, ""Bogorodica L3"": {""total"": 0, ""by_type"": {}}, ""Bogorodica L4"": {""total"": 0, ""by_type"": {}}, ""Bogorodica L5"": {""total"": 0, ""by_type"": {}}}",3
1211,1,2026-05-03 06:24:22.425409 +00:00,5,1,0,0,0,1,"{""Bogorodica L1"": {""total"": 1, ""by_type"": {""truck"": 1}}, ""Bogorodica L2"": {""total"": 0, ""by_type"": {}}, ""Bogorodica L3"": {""total"": 0, ""by_type"": {}}, ""Bogorodica L4"": {""total"": 0, ""by_type"": {}}, ""Bogorodica L5"": {""total"": 0, ""by_type"": {}}}",3
1212,1,2026-05-03 06:29:22.813151 +00:00,5,0,0,0,0,0,"{""Bogorodica L1"": {""total"": 0, ""by_type"": {}}, ""Bogorodica L2"": {""total"": 0, ""by_type"": {}}, ""Bogorodica L3"": {""total"": 0, ""by_type"": {}}, ""Bogorodica L4"": {""total"": 0, ""by_type"": {}}, ""Bogorodica L5"": {""total"": 0, ""by_type"": {}}}",3
1213,1,2026-05-03 06:34:23.107113 +00:00,5,0,0,0,0,0,"{""Bogorodica L1"": {""total"": 0, ""by_type"": {}}, ""Bogorodica L2"": {""total"": 0, ""by_type"": {}}, ""Bogorodica L3"": {""total"": 0, ""by_type"": {}}, ""Bogorodica L4"": {""total"": 0, ""by_type"": {}}, ""Bogorodica L5"": {""total"": 0, ""by_type"": {}}}",3
1214,1,2026-05-03 06:39:23.154169 +00:00,5,0,0,0,0,0,"{""Bogorodica L1"": {""total"": 0, ""by_type"": {}}, ""Bogorodica L2"": {""total"": 0, ""by_type"": {}}, ""Bogorodica L3"": {""total"": 0, ""by_type"": {}}, ""Bogorodica L4"": {""total"": 0, ""by_type"": {}}, ""Bogorodica L5"": {""total"": 0, ""by_type"": {}}}",3
1215,1,2026-05-03 06:44:23.400581 +00:00,5,0,0,0,0,0,"{""Bogorodica L1"": {""total"": 0, ""by_type"": {}}, ""Bogorodica L2"": {""total"": 0, ""by_type"": {}}, ""Bogorodica L3"": {""total"": 0, ""by_type"": {}}, ""Bogorodica L4"": {""total"": 0, ""by_type"": {}}, ""Bogorodica L5"": {""total"": 0, ""by_type"": {}}}",3
1216,1,2026-05-03 06:49:23.479692 +00:00,5,0,0,0,0,0,"{""Bogorodica L1"": {""total"": 0, ""by_type"": {}}, ""Bogorodica L2"": {""total"": 0, ""by_type"": {}}, ""Bogorodica L3"": {""total"": 0, ""by_type"": {}}, ""Bogorodica L4"": {""total"": 0, ""by_type"": {}}, ""Bogorodica L5"": {""total"": 0, ""by_type"": {}}}",3
1217,1,2026-05-03 06:54:23.622124 +00:00,5,2,0,0,0,2,"{""Bogorodica L1"": {""total"": 2, ""by_type"": {""truck"": 2}}, ""Bogorodica L2"": {""total"": 0, ""by_type"": {}}, ""Bogorodica L3"": {""total"": 0, ""by_type"": {}}, ""Bogorodica L4"": {""total"": 0, ""by_type"": {}}, ""Bogorodica L5"": {""total"": 0, ""by_type"": {}}}",3
1218,1,2026-05-03 06:59:23.955808 +00:00,5,2,0,0,0,2,"{""Bogorodica L1"": {""total"": 2, ""by_type"": {""truck"": 2}}, ""Bogorodica L2"": {""total"": 0, ""by_type"": {}}, ""Bogorodica L3"": {""total"": 0, ""by_type"": {}}, ""Bogorodica L4"": {""total"": 0, ""by_type"": {}}, ""Bogorodica L5"": {""total"": 0, ""by_type"": {}}}",3
1219,1,2026-05-03 07:04:24.062708 +00:00,5,1,0,0,0,1,"{""Bogorodica L1"": {""total"": 1, ""by_type"": {""truck"": 1}}, ""Bogorodica L2"": {""total"": 0, ""by_type"": {}}, ""Bogorodica L3"": {""total"": 0, ""by_type"": {}}, ""Bogorodica L4"": {""total"": 0, ""by_type"": {}}, ""Bogorodica L5"": {""total"": 0, ""by_type"": {}}}",3
1220,1,2026-05-03 07:09:24.321358 +00:00,5,1,0,0,0,1,"{""Bogorodica L1"": {""total"": 1, ""by_type"": {""truck"": 1}}, ""Bogorodica L2"": {""total"": 0, ""by_type"": {}}, ""Bogorodica L3"": {""total"": 0, ""by_type"": {}}, ""Bogorodica L4"": {""total"": 0, ""by_type"": {}}, ""Bogorodica L5"": {""total"": 0, ""by_type"": {}}}",3
1221,1,2026-05-03 07:14:24.444989 +00:00,5,1,1,0,0,0,"{""Bogorodica L1"": {""total"": 0, ""by_type"": {}}, ""Bogorodica L2"": {""total"": 0, ""by_type"": {}}, ""Bogorodica L3"": {""total"": 0, ""by_type"": {}}, ""Bogorodica L4"": {""total"": 1, ""by_type"": {""car"": 1}}, ""Bogorodica L5"": {""total"": 0, ""by_type"": {}}}",3
1222,1,2026-05-03 07:19:24.523616 +00:00,5,0,0,0,0,0,"{""Bogorodica L1"": {""total"": 0, ""by_type"": {}}, ""Bogorodica L2"": {""total"": 0, ""by_type"": {}}, ""Bogorodica L3"": {""total"": 0, ""by_type"": {}}, ""Bogorodica L4"": {""total"": 0, ""by_type"": {}}, ""Bogorodica L5"": {""total"": 0, ""by_type"": {}}}",3
1223,1,2026-05-03 07:24:24.705580 +00:00,5,3,1,0,0,2,"{""Bogorodica L1"": {""total"": 2, ""by_type"": {""truck"": 2}}, ""Bogorodica L2"": {""total"": 0, ""by_type"": {}}, ""Bogorodica L3"": {""total"": 0, ""by_type"": {}}, ""Bogorodica L4"": {""total"": 0, ""by_type"": {}}, ""Bogorodica L5"": {""total"": 1, ""by_type"": {""car"": 1}}}",3
1224,1,2026-05-03 07:29:25.037303 +00:00,5,4,1,0,0,3,"{""Bogorodica L1"": {""total"": 3, ""by_type"": {""truck"": 3}}, ""Bogorodica L2"": {""total"": 0, ""by_type"": {}}, ""Bogorodica L3"": {""total"": 0, ""by_type"": {}}, ""Bogorodica L4"": {""total"": 0, ""by_type"": {}}, ""Bogorodica L5"": {""total"": 1, ""by_type"": {""car"": 1}}}",3
1225,1,2026-05-03 07:34:25.373258 +00:00,5,1,0,0,0,1,"{""Bogorodica L1"": {""total"": 1, ""by_type"": {""truck"": 1}}, ""Bogorodica L2"": {""total"": 0, ""by_type"": {}}, ""Bogorodica L3"": {""total"": 0, ""by_type"": {}}, ""Bogorodica L4"": {""total"": 0, ""by_type"": {}}, ""Bogorodica L5"": {""total"": 0, ""by_type"": {}}}",3
1226,1,2026-05-03 07:39:25.446889 +00:00,5,1,1,0,0,0,"{""Bogorodica L1"": {""total"": 0, ""by_type"": {}}, ""Bogorodica L2"": {""total"": 0, ""by_type"": {}}, ""Bogorodica L3"": {""total"": 0, ""by_type"": {}}, ""Bogorodica L4"": {""total"": 0, ""by_type"": {}}, ""Bogorodica L5"": {""total"": 1, ""by_type"": {""car"": 1}}}",3
1227,1,2026-05-03 07:44:25.659760 +00:00,5,0,0,0,0,0,"{""Bogorodica L1"": {""total"": 0, ""by_type"": {}}, ""Bogorodica L2"": {""total"": 0, ""by_type"": {}}, ""Bogorodica L3"": {""total"": 0, ""by_type"": {}}, ""Bogorodica L4"": {""total"": 0, ""by_type"": {}}, ""Bogorodica L5"": {""total"": 0, ""by_type"": {}}}",3
1228,1,2026-05-03 07:49:25.833447 +00:00,5,0,0,0,0,0,"{""Bogorodica L1"": {""total"": 0, ""by_type"": {}}, ""Bogorodica L2"": {""total"": 0, ""by_type"": {}}, ""Bogorodica L3"": {""total"": 0, ""by_type"": {}}, ""Bogorodica L4"": {""total"": 0, ""by_type"": {}}, ""Bogorodica L5"": {""total"": 0, ""by_type"": {}}}",3
1229,1,2026-05-03 07:54:26.062379 +00:00,5,1,1,0,0,0,"{""Bogorodica L1"": {""total"": 0, ""by_type"": {}}, ""Bogorodica L2"": {""total"": 0, ""by_type"": {}}, ""Bogorodica L3"": {""total"": 0, ""by_type"": {}}, ""Bogorodica L4"": {""total"": 0, ""by_type"": {}}, ""Bogorodica L5"": {""total"": 1, ""by_type"": {""car"": 1}}}",2.5
1230,1,2026-05-03 07:59:26.258633 +00:00,5,0,0,0,0,0,"{""Bogorodica L1"": {""total"": 0, ""by_type"": {}}, ""Bogorodica L2"": {""total"": 0, ""by_type"": {}}, ""Bogorodica L3"": {""total"": 0, ""by_type"": {}}, ""Bogorodica L4"": {""total"": 0, ""by_type"": {}}, ""Bogorodica L5"": {""total"": 0, ""by_type"": {}}}",3
1231,1,2026-05-03 08:04:26.424386 +00:00,5,1,1,0,0,0,"{""Bogorodica L1"": {""total"": 0, ""by_type"": {}}, ""Bogorodica L2"": {""total"": 0, ""by_type"": {}}, ""Bogorodica L3"": {""total"": 0, ""by_type"": {}}, ""Bogorodica L4"": {""total"": 1, ""by_type"": {""car"": 1}}, ""Bogorodica L5"": {""total"": 0, ""by_type"": {}}}",3
1232,1,2026-05-03 08:09:26.676806 +00:00,5,0,0,0,0,0,"{""Bogorodica L1"": {""total"": 0, ""by_type"": {}}, ""Bogorodica L2"": {""total"": 0, ""by_type"": {}}, ""Bogorodica L3"": {""total"": 0, ""by_type"": {}}, ""Bogorodica L4"": {""total"": 0, ""by_type"": {}}, ""Bogorodica L5"": {""total"": 0, ""by_type"": {}}}",3
1233,1,2026-05-03 08:14:26.713713 +00:00,5,1,1,0,0,0,"{""Bogorodica L1"": {""total"": 0, ""by_type"": {}}, ""Bogorodica L2"": {""total"": 0, ""by_type"": {}}, ""Bogorodica L3"": {""total"": 0, ""by_type"": {}}, ""Bogorodica L4"": {""total"": 1, ""by_type"": {""car"": 1}}, ""Bogorodica L5"": {""total"": 0, ""by_type"": {}}}",3
1234,1,2026-05-03 08:19:27.004273 +00:00,5,0,0,0,0,0,"{""Bogorodica L1"": {""total"": 0, ""by_type"": {}}, ""Bogorodica L2"": {""total"": 0, ""by_type"": {}}, ""Bogorodica L3"": {""total"": 0, ""by_type"": {}}, ""Bogorodica L4"": {""total"": 0, ""by_type"": {}}, ""Bogorodica L5"": {""total"": 0, ""by_type"": {}}}",3
1235,1,2026-05-03 08:24:27.160453 +00:00,5,1,0,0,0,1,"{""Bogorodica L1"": {""total"": 1, ""by_type"": {""truck"": 1}}, ""Bogorodica L2"": {""total"": 0, ""by_type"": {}}, ""Bogorodica L3"": {""total"": 0, ""by_type"": {}}, ""Bogorodica L4"": {""total"": 0, ""by_type"": {}}, ""Bogorodica L5"": {""total"": 0, ""by_type"": {}}}",3
1236,1,2026-05-03 08:29:27.470896 +00:00,5,2,0,0,0,2,"{""Bogorodica L1"": {""total"": 2, ""by_type"": {""truck"": 2}}, ""Bogorodica L2"": {""total"": 0, ""by_type"": {}}, ""Bogorodica L3"": {""total"": 0, ""by_type"": {}}, ""Bogorodica L4"": {""total"": 0, ""by_type"": {}}, ""Bogorodica L5"": {""total"": 0, ""by_type"": {}}}",3
1237,1,2026-05-03 08:34:27.711334 +00:00,5,1,0,0,0,1,"{""Bogorodica L1"": {""total"": 1, ""by_type"": {""truck"": 1}}, ""Bogorodica L2"": {""total"": 0, ""by_type"": {}}, ""Bogorodica L3"": {""total"": 0, ""by_type"": {}}, ""Bogorodica L4"": {""total"": 0, ""by_type"": {}}, ""Bogorodica L5"": {""total"": 0, ""by_type"": {}}}",3
1238,1,2026-05-03 08:39:27.747957 +00:00,5,1,0,0,0,1,"{""Bogorodica L1"": {""total"": 1, ""by_type"": {""truck"": 1}}, ""Bogorodica L2"": {""total"": 0, ""by_type"": {}}, ""Bogorodica L3"": {""total"": 0, ""by_type"": {}}, ""Bogorodica L4"": {""total"": 0, ""by_type"": {}}, ""Bogorodica L5"": {""total"": 0, ""by_type"": {}}}",3
1239,1,2026-05-03 08:44:27.818585 +00:00,5,1,0,0,0,1,"{""Bogorodica L1"": {""total"": 1, ""by_type"": {""truck"": 1}}, ""Bogorodica L2"": {""total"": 0, ""by_type"": {}}, ""Bogorodica L3"": {""total"": 0, ""by_type"": {}}, ""Bogorodica L4"": {""total"": 0, ""by_type"": {}}, ""Bogorodica L5"": {""total"": 0, ""by_type"": {}}}",3
1240,1,2026-05-03 08:49:27.891063 +00:00,5,1,0,0,0,1,"{""Bogorodica L1"": {""total"": 1, ""by_type"": {""truck"": 1}}, ""Bogorodica L2"": {""total"": 0, ""by_type"": {}}, ""Bogorodica L3"": {""total"": 0, ""by_type"": {}}, ""Bogorodica L4"": {""total"": 0, ""by_type"": {}}, ""Bogorodica L5"": {""total"": 0, ""by_type"": {}}}",3
1241,1,2026-05-03 08:54:28.185341 +00:00,5,4,1,0,1,2,"{""Bogorodica L1"": {""total"": 2, ""by_type"": {""truck"": 2}}, ""Bogorodica L2"": {""total"": 2, ""by_type"": {""bus"": 1, ""car"": 1}}, ""Bogorodica L3"": {""total"": 0, ""by_type"": {}}, ""Bogorodica L4"": {""total"": 0, ""by_type"": {}}, ""Bogorodica L5"": {""total"": 0, ""by_type"": {}}}",3
1242,1,2026-05-03 08:59:28.532150 +00:00,5,4,3,0,0,1,"{""Bogorodica L1"": {""total"": 1, ""by_type"": {""truck"": 1}}, ""Bogorodica L2"": {""total"": 0, ""by_type"": {}}, ""Bogorodica L3"": {""total"": 0, ""by_type"": {}}, ""Bogorodica L4"": {""total"": 0, ""by_type"": {}}, ""Bogorodica L5"": {""total"": 3, ""by_type"": {""car"": 3}}}",3
1243,1,2026-05-03 09:04:28.663241 +00:00,5,2,1,0,0,1,"{""Bogorodica L1"": {""total"": 1, ""by_type"": {""truck"": 1}}, ""Bogorodica L2"": {""total"": 0, ""by_type"": {}}, ""Bogorodica L3"": {""total"": 0, ""by_type"": {}}, ""Bogorodica L4"": {""total"": 0, ""by_type"": {}}, ""Bogorodica L5"": {""total"": 1, ""by_type"": {""car"": 1}}}",3
1244,1,2026-05-03 09:09:28.796509 +00:00,5,1,0,0,0,1,"{""Bogorodica L1"": {""total"": 1, ""by_type"": {""truck"": 1}}, ""Bogorodica L2"": {""total"": 0, ""by_type"": {}}, ""Bogorodica L3"": {""total"": 0, ""by_type"": {}}, ""Bogorodica L4"": {""total"": 0, ""by_type"": {}}, ""Bogorodica L5"": {""total"": 0, ""by_type"": {}}}",3
1245,1,2026-05-03 09:14:28.942836 +00:00,5,1,1,0,0,0,"{""Bogorodica L1"": {""total"": 0, ""by_type"": {}}, ""Bogorodica L2"": {""total"": 0, ""by_type"": {}}, ""Bogorodica L3"": {""total"": 0, ""by_type"": {}}, ""Bogorodica L4"": {""total"": 0, ""by_type"": {}}, ""Bogorodica L5"": {""total"": 1, ""by_type"": {""car"": 1}}}",3
1246,1,2026-05-03 09:19:29.172831 +00:00,5,0,0,0,0,0,"{""Bogorodica L1"": {""total"": 0, ""by_type"": {}}, ""Bogorodica L2"": {""total"": 0, ""by_type"": {}}, ""Bogorodica L3"": {""total"": 0, ""by_type"": {}}, ""Bogorodica L4"": {""total"": 0, ""by_type"": {}}, ""Bogorodica L5"": {""total"": 0, ""by_type"": {}}}",3
1247,1,2026-05-03 09:24:29.451417 +00:00,5,2,0,0,0,2,"{""Bogorodica L1"": {""total"": 2, ""by_type"": {""truck"": 2}}, ""Bogorodica L2"": {""total"": 0, ""by_type"": {}}, ""Bogorodica L3"": {""total"": 0, ""by_type"": {}}, ""Bogorodica L4"": {""total"": 0, ""by_type"": {}}, ""Bogorodica L5"": {""total"": 0, ""by_type"": {}}}",3
1248,1,2026-05-03 09:29:29.534226 +00:00,5,2,1,0,0,1,"{""Bogorodica L1"": {""total"": 1, ""by_type"": {""truck"": 1}}, ""Bogorodica L2"": {""total"": 0, ""by_type"": {}}, ""Bogorodica L3"": {""total"": 0, ""by_type"": {}}, ""Bogorodica L4"": {""total"": 1, ""by_type"": {""car"": 1}}, ""Bogorodica L5"": {""total"": 0, ""by_type"": {}}}",3
1249,1,2026-05-03 09:34:29.780578 +00:00,5,1,0,0,0,1,"{""Bogorodica L1"": {""total"": 1, ""by_type"": {""truck"": 1}}, ""Bogorodica L2"": {""total"": 0, ""by_type"": {}}, ""Bogorodica L3"": {""total"": 0, ""by_type"": {}}, ""Bogorodica L4"": {""total"": 0, ""by_type"": {}}, ""Bogorodica L5"": {""total"": 0, ""by_type"": {}}}",3
1250,1,2026-05-03 09:39:30.126973 +00:00,5,0,0,0,0,0,"{""Bogorodica L1"": {""total"": 0, ""by_type"": {}}, ""Bogorodica L2"": {""total"": 0, ""by_type"": {}}, ""Bogorodica L3"": {""total"": 0, ""by_type"": {}}, ""Bogorodica L4"": {""total"": 0, ""by_type"": {}}, ""Bogorodica L5"": {""total"": 0, ""by_type"": {}}}",3
1251,1,2026-05-03 09:44:30.155921 +00:00,5,3,1,0,0,2,"{""Bogorodica L1"": {""total"": 2, ""by_type"": {""truck"": 2}}, ""Bogorodica L2"": {""total"": 0, ""by_type"": {}}, ""Bogorodica L3"": {""total"": 0, ""by_type"": {}}, ""Bogorodica L4"": {""total"": 0, ""by_type"": {}}, ""Bogorodica L5"": {""total"": 1, ""by_type"": {""car"": 1}}}",3
1252,1,2026-05-03 09:49:30.477517 +00:00,5,1,0,0,0,1,"{""Bogorodica L1"": {""total"": 1, ""by_type"": {""truck"": 1}}, ""Bogorodica L2"": {""total"": 0, ""by_type"": {}}, ""Bogorodica L3"": {""total"": 0, ""by_type"": {}}, ""Bogorodica L4"": {""total"": 0, ""by_type"": {}}, ""Bogorodica L5"": {""total"": 0, ""by_type"": {}}}",3
1253,1,2026-05-03 09:54:30.504972 +00:00,5,3,0,0,0,3,"{""Bogorodica L1"": {""total"": 3, ""by_type"": {""truck"": 3}}, ""Bogorodica L2"": {""total"": 0, ""by_type"": {}}, ""Bogorodica L3"": {""total"": 0, ""by_type"": {}}, ""Bogorodica L4"": {""total"": 0, ""by_type"": {}}, ""Bogorodica L5"": {""total"": 0, ""by_type"": {}}}",3
1254,1,2026-05-03 09:59:30.747067 +00:00,5,2,0,0,0,2,"{""Bogorodica L1"": {""total"": 2, ""by_type"": {""truck"": 2}}, ""Bogorodica L2"": {""total"": 0, ""by_type"": {}}, ""Bogorodica L3"": {""total"": 0, ""by_type"": {}}, ""Bogorodica L4"": {""total"": 0, ""by_type"": {}}, ""Bogorodica L5"": {""total"": 0, ""by_type"": {}}}",3
1255,1,2026-05-03 10:04:31.056361 +00:00,5,1,0,0,0,1,"{""Bogorodica L1"": {""total"": 1, ""by_type"": {""truck"": 1}}, ""Bogorodica L2"": {""total"": 0, ""by_type"": {}}, ""Bogorodica L3"": {""total"": 0, ""by_type"": {}}, ""Bogorodica L4"": {""total"": 0, ""by_type"": {}}, ""Bogorodica L5"": {""total"": 0, ""by_type"": {}}}",3
1256,1,2026-05-03 10:09:31.260678 +00:00,5,0,0,0,0,0,"{""Bogorodica L1"": {""total"": 0, ""by_type"": {}}, ""Bogorodica L2"": {""total"": 0, ""by_type"": {}}, ""Bogorodica L3"": {""total"": 0, ""by_type"": {}}, ""Bogorodica L4"": {""total"": 0, ""by_type"": {}}, ""Bogorodica L5"": {""total"": 0, ""by_type"": {}}}",3
1257,1,2026-05-03 10:14:31.528920 +00:00,5,0,0,0,0,0,"{""Bogorodica L1"": {""total"": 0, ""by_type"": {}}, ""Bogorodica L2"": {""total"": 0, ""by_type"": {}}, ""Bogorodica L3"": {""total"": 0, ""by_type"": {}}, ""Bogorodica L4"": {""total"": 0, ""by_type"": {}}, ""Bogorodica L5"": {""total"": 0, ""by_type"": {}}}",3
1258,1,2026-05-03 10:19:31.692286 +00:00,5,2,1,0,0,1,"{""Bogorodica L1"": {""total"": 1, ""by_type"": {""truck"": 1}}, ""Bogorodica L2"": {""total"": 0, ""by_type"": {}}, ""Bogorodica L3"": {""total"": 1, ""by_type"": {""car"": 1}}, ""Bogorodica L4"": {""total"": 0, ""by_type"": {}}, ""Bogorodica L5"": {""total"": 0, ""by_type"": {}}}",3
1259,1,2026-05-03 10:24:31.801441 +00:00,5,1,0,0,0,1,"{""Bogorodica L1"": {""total"": 1, ""by_type"": {""truck"": 1}}, ""Bogorodica L2"": {""total"": 0, ""by_type"": {}}, ""Bogorodica L3"": {""total"": 0, ""by_type"": {}}, ""Bogorodica L4"": {""total"": 0, ""by_type"": {}}, ""Bogorodica L5"": {""total"": 0, ""by_type"": {}}}",3
1260,1,2026-05-03 10:29:31.917414 +00:00,5,5,2,0,0,3,"{""Bogorodica L1"": {""total"": 3, ""by_type"": {""truck"": 3}}, ""Bogorodica L2"": {""total"": 0, ""by_type"": {}}, ""Bogorodica L3"": {""total"": 0, ""by_type"": {}}, ""Bogorodica L4"": {""total"": 1, ""by_type"": {""car"": 1}}, ""Bogorodica L5"": {""total"": 1, ""by_type"": {""car"": 1}}}",3
1261,1,2026-05-03 10:34:31.978139 +00:00,5,3,0,0,0,3,"{""Bogorodica L1"": {""total"": 3, ""by_type"": {""truck"": 3}}, ""Bogorodica L2"": {""total"": 0, ""by_type"": {}}, ""Bogorodica L3"": {""total"": 0, ""by_type"": {}}, ""Bogorodica L4"": {""total"": 0, ""by_type"": {}}, ""Bogorodica L5"": {""total"": 0, ""by_type"": {}}}",3
1262,1,2026-05-03 10:39:32.306839 +00:00,5,3,0,0,0,3,"{""Bogorodica L1"": {""total"": 3, ""by_type"": {""truck"": 3}}, ""Bogorodica L2"": {""total"": 0, ""by_type"": {}}, ""Bogorodica L3"": {""total"": 0, ""by_type"": {}}, ""Bogorodica L4"": {""total"": 0, ""by_type"": {}}, ""Bogorodica L5"": {""total"": 0, ""by_type"": {}}}",3
1263,1,2026-05-03 10:44:32.362743 +00:00,5,2,0,0,0,2,"{""Bogorodica L1"": {""total"": 2, ""by_type"": {""truck"": 2}}, ""Bogorodica L2"": {""total"": 0, ""by_type"": {}}, ""Bogorodica L3"": {""total"": 0, ""by_type"": {}}, ""Bogorodica L4"": {""total"": 0, ""by_type"": {}}, ""Bogorodica L5"": {""total"": 0, ""by_type"": {}}}",3
1264,1,2026-05-03 10:49:32.629712 +00:00,5,2,0,0,0,2,"{""Bogorodica L1"": {""total"": 2, ""by_type"": {""truck"": 2}}, ""Bogorodica L2"": {""total"": 0, ""by_type"": {}}, ""Bogorodica L3"": {""total"": 0, ""by_type"": {}}, ""Bogorodica L4"": {""total"": 0, ""by_type"": {}}, ""Bogorodica L5"": {""total"": 0, ""by_type"": {}}}",2.5
1265,1,2026-05-03 10:54:32.952393 +00:00,5,1,0,0,0,1,"{""Bogorodica L1"": {""total"": 1, ""by_type"": {""truck"": 1}}, ""Bogorodica L2"": {""total"": 0, ""by_type"": {}}, ""Bogorodica L3"": {""total"": 0, ""by_type"": {}}, ""Bogorodica L4"": {""total"": 0, ""by_type"": {}}, ""Bogorodica L5"": {""total"": 0, ""by_type"": {}}}",3
1266,1,2026-05-03 10:59:32.977048 +00:00,5,1,0,0,0,1,"{""Bogorodica L1"": {""total"": 1, ""by_type"": {""truck"": 1}}, ""Bogorodica L2"": {""total"": 0, ""by_type"": {}}, ""Bogorodica L3"": {""total"": 0, ""by_type"": {}}, ""Bogorodica L4"": {""total"": 0, ""by_type"": {}}, ""Bogorodica L5"": {""total"": 0, ""by_type"": {}}}",3
1267,1,2026-05-03 11:04:33.172824 +00:00,5,1,1,0,0,0,"{""Bogorodica L1"": {""total"": 0, ""by_type"": {}}, ""Bogorodica L2"": {""total"": 0, ""by_type"": {}}, ""Bogorodica L3"": {""total"": 0, ""by_type"": {}}, ""Bogorodica L4"": {""total"": 0, ""by_type"": {}}, ""Bogorodica L5"": {""total"": 1, ""by_type"": {""car"": 1}}}",3
1268,1,2026-05-03 11:09:33.508418 +00:00,5,3,1,0,0,2,"{""Bogorodica L1"": {""total"": 2, ""by_type"": {""truck"": 2}}, ""Bogorodica L2"": {""total"": 0, ""by_type"": {}}, ""Bogorodica L3"": {""total"": 0, ""by_type"": {}}, ""Bogorodica L4"": {""total"": 0, ""by_type"": {}}, ""Bogorodica L5"": {""total"": 1, ""by_type"": {""car"": 1}}}",3
1269,1,2026-05-03 11:14:33.559935 +00:00,5,1,0,0,0,1,"{""Bogorodica L1"": {""total"": 1, ""by_type"": {""truck"": 1}}, ""Bogorodica L2"": {""total"": 0, ""by_type"": {}}, ""Bogorodica L3"": {""total"": 0, ""by_type"": {}}, ""Bogorodica L4"": {""total"": 0, ""by_type"": {}}, ""Bogorodica L5"": {""total"": 0, ""by_type"": {}}}",3
1270,1,2026-05-03 11:19:33.591327 +00:00,5,2,1,0,0,1,"{""Bogorodica L1"": {""total"": 0, ""by_type"": {}}, ""Bogorodica L2"": {""total"": 2, ""by_type"": {""car"": 1, ""truck"": 1}}, ""Bogorodica L3"": {""total"": 0, ""by_type"": {}}, ""Bogorodica L4"": {""total"": 0, ""by_type"": {}}, ""Bogorodica L5"": {""total"": 0, ""by_type"": {}}}",3
1271,1,2026-05-03 11:24:33.687840 +00:00,5,1,1,0,0,0,"{""Bogorodica L1"": {""total"": 0, ""by_type"": {}}, ""Bogorodica L2"": {""total"": 0, ""by_type"": {}}, ""Bogorodica L3"": {""total"": 0, ""by_type"": {}}, ""Bogorodica L4"": {""total"": 1, ""by_type"": {""car"": 1}}, ""Bogorodica L5"": {""total"": 0, ""by_type"": {}}}",3
1272,1,2026-05-03 11:29:34.037323 +00:00,5,2,0,0,0,2,"{""Bogorodica L1"": {""total"": 2, ""by_type"": {""truck"": 2}}, ""Bogorodica L2"": {""total"": 0, ""by_type"": {}}, ""Bogorodica L3"": {""total"": 0, ""by_type"": {}}, ""Bogorodica L4"": {""total"": 0, ""by_type"": {}}, ""Bogorodica L5"": {""total"": 0, ""by_type"": {}}}",3
1273,1,2026-05-03 11:34:34.107775 +00:00,5,2,1,0,0,1,"{""Bogorodica L1"": {""total"": 1, ""by_type"": {""truck"": 1}}, ""Bogorodica L2"": {""total"": 0, ""by_type"": {}}, ""Bogorodica L3"": {""total"": 0, ""by_type"": {}}, ""Bogorodica L4"": {""total"": 0, ""by_type"": {}}, ""Bogorodica L5"": {""total"": 1, ""by_type"": {""car"": 1}}}",3
1274,1,2026-05-03 11:39:34.421715 +00:00,5,2,1,0,0,1,"{""Bogorodica L1"": {""total"": 1, ""by_type"": {""truck"": 1}}, ""Bogorodica L2"": {""total"": 0, ""by_type"": {}}, ""Bogorodica L3"": {""total"": 0, ""by_type"": {}}, ""Bogorodica L4"": {""total"": 1, ""by_type"": {""car"": 1}}, ""Bogorodica L5"": {""total"": 0, ""by_type"": {}}}",3
1275,1,2026-05-03 11:44:34.613387 +00:00,5,0,0,0,0,0,"{""Bogorodica L1"": {""total"": 0, ""by_type"": {}}, ""Bogorodica L2"": {""total"": 0, ""by_type"": {}}, ""Bogorodica L3"": {""total"": 0, ""by_type"": {}}, ""Bogorodica L4"": {""total"": 0, ""by_type"": {}}, ""Bogorodica L5"": {""total"": 0, ""by_type"": {}}}",3
1276,1,2026-05-03 11:49:34.886269 +00:00,5,0,0,0,0,0,"{""Bogorodica L1"": {""total"": 0, ""by_type"": {}}, ""Bogorodica L2"": {""total"": 0, ""by_type"": {}}, ""Bogorodica L3"": {""total"": 0, ""by_type"": {}}, ""Bogorodica L4"": {""total"": 0, ""by_type"": {}}, ""Bogorodica L5"": {""total"": 0, ""by_type"": {}}}",3
1277,1,2026-05-03 11:54:35.038435 +00:00,5,0,0,0,0,0,"{""Bogorodica L1"": {""total"": 0, ""by_type"": {}}, ""Bogorodica L2"": {""total"": 0, ""by_type"": {}}, ""Bogorodica L3"": {""total"": 0, ""by_type"": {}}, ""Bogorodica L4"": {""total"": 0, ""by_type"": {}}, ""Bogorodica L5"": {""total"": 0, ""by_type"": {}}}",3
1278,1,2026-05-03 11:59:35.150612 +00:00,5,0,0,0,0,0,"{""Bogorodica L1"": {""total"": 0, ""by_type"": {}}, ""Bogorodica L2"": {""total"": 0, ""by_type"": {}}, ""Bogorodica L3"": {""total"": 0, ""by_type"": {}}, ""Bogorodica L4"": {""total"": 0, ""by_type"": {}}, ""Bogorodica L5"": {""total"": 0, ""by_type"": {}}}",3
1279,1,2026-05-03 12:04:35.294043 +00:00,5,0,0,0,0,0,"{""Bogorodica L1"": {""total"": 0, ""by_type"": {}}, ""Bogorodica L2"": {""total"": 0, ""by_type"": {}}, ""Bogorodica L3"": {""total"": 0, ""by_type"": {}}, ""Bogorodica L4"": {""total"": 0, ""by_type"": {}}, ""Bogorodica L5"": {""total"": 0, ""by_type"": {}}}",3
1280,1,2026-05-03 12:09:35.667295 +00:00,5,3,0,0,0,3,"{""Bogorodica L1"": {""total"": 3, ""by_type"": {""truck"": 3}}, ""Bogorodica L2"": {""total"": 0, ""by_type"": {}}, ""Bogorodica L3"": {""total"": 0, ""by_type"": {}}, ""Bogorodica L4"": {""total"": 0, ""by_type"": {}}, ""Bogorodica L5"": {""total"": 0, ""by_type"": {}}}",3
1281,1,2026-05-03 12:14:35.721108 +00:00,5,2,0,0,0,2,"{""Bogorodica L1"": {""total"": 2, ""by_type"": {""truck"": 2}}, ""Bogorodica L2"": {""total"": 0, ""by_type"": {}}, ""Bogorodica L3"": {""total"": 0, ""by_type"": {}}, ""Bogorodica L4"": {""total"": 0, ""by_type"": {}}, ""Bogorodica L5"": {""total"": 0, ""by_type"": {}}}",3
1282,1,2026-05-03 12:19:36.111814 +00:00,5,0,0,0,0,0,"{""Bogorodica L1"": {""total"": 0, ""by_type"": {}}, ""Bogorodica L2"": {""total"": 0, ""by_type"": {}}, ""Bogorodica L3"": {""total"": 0, ""by_type"": {}}, ""Bogorodica L4"": {""total"": 0, ""by_type"": {}}, ""Bogorodica L5"": {""total"": 0, ""by_type"": {}}}",3
1283,1,2026-05-03 12:24:36.473969 +00:00,5,3,1,0,0,2,"{""Bogorodica L1"": {""total"": 3, ""by_type"": {""car"": 1, ""truck"": 2}}, ""Bogorodica L2"": {""total"": 0, ""by_type"": {}}, ""Bogorodica L3"": {""total"": 0, ""by_type"": {}}, ""Bogorodica L4"": {""total"": 0, ""by_type"": {}}, ""Bogorodica L5"": {""total"": 0, ""by_type"": {}}}",3
1284,1,2026-05-03 12:29:36.807411 +00:00,5,2,1,0,0,1,"{""Bogorodica L1"": {""total"": 1, ""by_type"": {""truck"": 1}}, ""Bogorodica L2"": {""total"": 0, ""by_type"": {}}, ""Bogorodica L3"": {""total"": 0, ""by_type"": {}}, ""Bogorodica L4"": {""total"": 1, ""by_type"": {""car"": 1}}, ""Bogorodica L5"": {""total"": 0, ""by_type"": {}}}",3
1285,1,2026-05-03 12:34:36.886251 +00:00,5,1,0,0,0,1,"{""Bogorodica L1"": {""total"": 1, ""by_type"": {""truck"": 1}}, ""Bogorodica L2"": {""total"": 0, ""by_type"": {}}, ""Bogorodica L3"": {""total"": 0, ""by_type"": {}}, ""Bogorodica L4"": {""total"": 0, ""by_type"": {}}, ""Bogorodica L5"": {""total"": 0, ""by_type"": {}}}",3
1286,1,2026-05-03 12:39:36.969579 +00:00,5,2,0,0,0,2,"{""Bogorodica L1"": {""total"": 2, ""by_type"": {""truck"": 2}}, ""Bogorodica L2"": {""total"": 0, ""by_type"": {}}, ""Bogorodica L3"": {""total"": 0, ""by_type"": {}}, ""Bogorodica L4"": {""total"": 0, ""by_type"": {}}, ""Bogorodica L5"": {""total"": 0, ""by_type"": {}}}",3
1287,1,2026-05-03 12:44:37.052787 +00:00,5,5,1,0,1,3,"{""Bogorodica L1"": {""total"": 2, ""by_type"": {""truck"": 2}}, ""Bogorodica L2"": {""total"": 2, ""by_type"": {""bus"": 1, ""truck"": 1}}, ""Bogorodica L3"": {""total"": 0, ""by_type"": {}}, ""Bogorodica L4"": {""total"": 1, ""by_type"": {""car"": 1}}, ""Bogorodica L5"": {""total"": 0, ""by_type"": {}}}",3
1288,1,2026-05-03 12:49:37.111142 +00:00,5,4,0,0,1,3,"{""Bogorodica L1"": {""total"": 3, ""by_type"": {""truck"": 3}}, ""Bogorodica L2"": {""total"": 1, ""by_type"": {""bus"": 1}}, ""Bogorodica L3"": {""total"": 0, ""by_type"": {}}, ""Bogorodica L4"": {""total"": 0, ""by_type"": {}}, ""Bogorodica L5"": {""total"": 0, ""by_type"": {}}}",3
1289,1,2026-05-03 12:54:37.458451 +00:00,5,2,0,0,0,2,"{""Bogorodica L1"": {""total"": 2, ""by_type"": {""truck"": 2}}, ""Bogorodica L2"": {""total"": 0, ""by_type"": {}}, ""Bogorodica L3"": {""total"": 0, ""by_type"": {}}, ""Bogorodica L4"": {""total"": 0, ""by_type"": {}}, ""Bogorodica L5"": {""total"": 0, ""by_type"": {}}}",3
1290,1,2026-05-03 12:59:37.731425 +00:00,5,4,1,0,1,2,"{""Bogorodica L1"": {""total"": 2, ""by_type"": {""truck"": 2}}, ""Bogorodica L2"": {""total"": 2, ""by_type"": {""bus"": 1, ""car"": 1}}, ""Bogorodica L3"": {""total"": 0, ""by_type"": {}}, ""Bogorodica L4"": {""total"": 0, ""by_type"": {}}, ""Bogorodica L5"": {""total"": 0, ""by_type"": {}}}",3
1291,1,2026-05-03 13:04:38.014940 +00:00,5,5,3,0,1,1,"{""Bogorodica L1"": {""total"": 1, ""by_type"": {""truck"": 1}}, ""Bogorodica L2"": {""total"": 1, ""by_type"": {""bus"": 1}}, ""Bogorodica L3"": {""total"": 0, ""by_type"": {}}, ""Bogorodica L4"": {""total"": 0, ""by_type"": {}}, ""Bogorodica L5"": {""total"": 3, ""by_type"": {""car"": 3}}}",3
1292,1,2026-05-03 13:09:38.090894 +00:00,5,9,6,0,1,2,"{""Bogorodica L1"": {""total"": 2, ""by_type"": {""truck"": 2}}, ""Bogorodica L2"": {""total"": 1, ""by_type"": {""bus"": 1}}, ""Bogorodica L3"": {""total"": 0, ""by_type"": {}}, ""Bogorodica L4"": {""total"": 0, ""by_type"": {}}, ""Bogorodica L5"": {""total"": 6, ""by_type"": {""car"": 6}}}",3
1293,1,2026-05-03 13:14:38.349473 +00:00,5,10,9,0,1,0,"{""Bogorodica L1"": {""total"": 0, ""by_type"": {}}, ""Bogorodica L2"": {""total"": 1, ""by_type"": {""bus"": 1}}, ""Bogorodica L3"": {""total"": 0, ""by_type"": {}}, ""Bogorodica L4"": {""total"": 4, ""by_type"": {""car"": 4}}, ""Bogorodica L5"": {""total"": 5, ""by_type"": {""car"": 5}}}",2.5
1294,1,2026-05-03 13:19:38.642295 +00:00,5,5,3,0,1,1,"{""Bogorodica L1"": {""total"": 0, ""by_type"": {}}, ""Bogorodica L2"": {""total"": 0, ""by_type"": {}}, ""Bogorodica L3"": {""total"": 0, ""by_type"": {}}, ""Bogorodica L4"": {""total"": 1, ""by_type"": {""car"": 1}}, ""Bogorodica L5"": {""total"": 4, ""by_type"": {""bus"": 1, ""car"": 2, ""truck"": 1}}}",2.5
1295,1,2026-05-03 13:24:38.693785 +00:00,5,10,7,0,0,3,"{""Bogorodica L1"": {""total"": 3, ""by_type"": {""truck"": 3}}, ""Bogorodica L2"": {""total"": 0, ""by_type"": {}}, ""Bogorodica L3"": {""total"": 0, ""by_type"": {}}, ""Bogorodica L4"": {""total"": 3, ""by_type"": {""car"": 3}}, ""Bogorodica L5"": {""total"": 4, ""by_type"": {""car"": 4}}}",3
1296,1,2026-05-03 13:29:38.705783 +00:00,5,0,0,0,0,0,"{""Bogorodica L1"": {""total"": 0, ""by_type"": {}}, ""Bogorodica L2"": {""total"": 0, ""by_type"": {}}, ""Bogorodica L3"": {""total"": 0, ""by_type"": {}}, ""Bogorodica L4"": {""total"": 0, ""by_type"": {}}, ""Bogorodica L5"": {""total"": 0, ""by_type"": {}}}",3
1297,1,2026-05-03 13:34:38.947090 +00:00,5,1,1,0,0,0,"{""Bogorodica L1"": {""total"": 0, ""by_type"": {}}, ""Bogorodica L2"": {""total"": 0, ""by_type"": {}}, ""Bogorodica L3"": {""total"": 0, ""by_type"": {}}, ""Bogorodica L4"": {""total"": 0, ""by_type"": {}}, ""Bogorodica L5"": {""total"": 1, ""by_type"": {""car"": 1}}}",3
1298,1,2026-05-03 13:39:38.966397 +00:00,5,4,0,0,0,4,"{""Bogorodica L1"": {""total"": 4, ""by_type"": {""truck"": 4}}, ""Bogorodica L2"": {""total"": 0, ""by_type"": {}}, ""Bogorodica L3"": {""total"": 0, ""by_type"": {}}, ""Bogorodica L4"": {""total"": 0, ""by_type"": {}}, ""Bogorodica L5"": {""total"": 0, ""by_type"": {}}}",3
1299,1,2026-05-03 13:44:39.070079 +00:00,5,0,0,0,0,0,"{""Bogorodica L1"": {""total"": 0, ""by_type"": {}}, ""Bogorodica L2"": {""total"": 0, ""by_type"": {}}, ""Bogorodica L3"": {""total"": 0, ""by_type"": {}}, ""Bogorodica L4"": {""total"": 0, ""by_type"": {}}, ""Bogorodica L5"": {""total"": 0, ""by_type"": {}}}",3
1300,1,2026-05-03 13:49:39.151802 +00:00,5,5,0,0,0,5,"{""Bogorodica L1"": {""total"": 5, ""by_type"": {""truck"": 5}}, ""Bogorodica L2"": {""total"": 0, ""by_type"": {}}, ""Bogorodica L3"": {""total"": 0, ""by_type"": {}}, ""Bogorodica L4"": {""total"": 0, ""by_type"": {}}, ""Bogorodica L5"": {""total"": 0, ""by_type"": {}}}",3
1301,1,2026-05-03 13:54:39.164350 +00:00,5,0,0,0,0,0,"{""Bogorodica L1"": {""total"": 0, ""by_type"": {}}, ""Bogorodica L2"": {""total"": 0, ""by_type"": {}}, ""Bogorodica L3"": {""total"": 0, ""by_type"": {}}, ""Bogorodica L4"": {""total"": 0, ""by_type"": {}}, ""Bogorodica L5"": {""total"": 0, ""by_type"": {}}}",3
1302,1,2026-05-03 13:59:39.250429 +00:00,5,1,0,0,0,1,"{""Bogorodica L1"": {""total"": 1, ""by_type"": {""truck"": 1}}, ""Bogorodica L2"": {""total"": 0, ""by_type"": {}}, ""Bogorodica L3"": {""total"": 0, ""by_type"": {}}, ""Bogorodica L4"": {""total"": 0, ""by_type"": {}}, ""Bogorodica L5"": {""total"": 0, ""by_type"": {}}}",3
1303,1,2026-05-03 14:04:39.475959 +00:00,5,0,0,0,0,0,"{""Bogorodica L1"": {""total"": 0, ""by_type"": {}}, ""Bogorodica L2"": {""total"": 0, ""by_type"": {}}, ""Bogorodica L3"": {""total"": 0, ""by_type"": {}}, ""Bogorodica L4"": {""total"": 0, ""by_type"": {}}, ""Bogorodica L5"": {""total"": 0, ""by_type"": {}}}",3
1304,1,2026-05-03 14:09:39.573470 +00:00,5,2,0,0,1,1,"{""Bogorodica L1"": {""total"": 2, ""by_type"": {""bus"": 1, ""truck"": 1}}, ""Bogorodica L2"": {""total"": 0, ""by_type"": {}}, ""Bogorodica L3"": {""total"": 0, ""by_type"": {}}, ""Bogorodica L4"": {""total"": 0, ""by_type"": {}}, ""Bogorodica L5"": {""total"": 0, ""by_type"": {}}}",3
1305,1,2026-05-03 14:14:39.645984 +00:00,5,4,2,0,0,2,"{""Bogorodica L1"": {""total"": 1, ""by_type"": {""truck"": 1}}, ""Bogorodica L2"": {""total"": 0, ""by_type"": {}}, ""Bogorodica L3"": {""total"": 0, ""by_type"": {}}, ""Bogorodica L4"": {""total"": 1, ""by_type"": {""truck"": 1}}, ""Bogorodica L5"": {""total"": 2, ""by_type"": {""car"": 2}}}",3
1378,1,2026-05-03 20:19:52.615670 +00:00,5,0,0,0,0,0,"{""Bogorodica L1"": {""total"": 0, ""by_type"": {}}, ""Bogorodica L2"": {""total"": 0, ""by_type"": {}}, ""Bogorodica L3"": {""total"": 0, ""by_type"": {}}, ""Bogorodica L4"": {""total"": 0, ""by_type"": {}}, ""Bogorodica L5"": {""total"": 0, ""by_type"": {}}}",3
1306,1,2026-05-03 14:19:39.948458 +00:00,5,3,0,0,0,3,"{""Bogorodica L1"": {""total"": 3, ""by_type"": {""truck"": 3}}, ""Bogorodica L2"": {""total"": 0, ""by_type"": {}}, ""Bogorodica L3"": {""total"": 0, ""by_type"": {}}, ""Bogorodica L4"": {""total"": 0, ""by_type"": {}}, ""Bogorodica L5"": {""total"": 0, ""by_type"": {}}}",3
1307,1,2026-05-03 14:24:40.197876 +00:00,5,2,0,0,0,2,"{""Bogorodica L1"": {""total"": 2, ""by_type"": {""truck"": 2}}, ""Bogorodica L2"": {""total"": 0, ""by_type"": {}}, ""Bogorodica L3"": {""total"": 0, ""by_type"": {}}, ""Bogorodica L4"": {""total"": 0, ""by_type"": {}}, ""Bogorodica L5"": {""total"": 0, ""by_type"": {}}}",3
1308,1,2026-05-03 14:29:40.203434 +00:00,5,2,0,0,0,2,"{""Bogorodica L1"": {""total"": 2, ""by_type"": {""truck"": 2}}, ""Bogorodica L2"": {""total"": 0, ""by_type"": {}}, ""Bogorodica L3"": {""total"": 0, ""by_type"": {}}, ""Bogorodica L4"": {""total"": 0, ""by_type"": {}}, ""Bogorodica L5"": {""total"": 0, ""by_type"": {}}}",3
1309,1,2026-05-03 14:34:40.256612 +00:00,5,5,0,0,1,4,"{""Bogorodica L1"": {""total"": 5, ""by_type"": {""bus"": 1, ""truck"": 4}}, ""Bogorodica L2"": {""total"": 0, ""by_type"": {}}, ""Bogorodica L3"": {""total"": 0, ""by_type"": {}}, ""Bogorodica L4"": {""total"": 0, ""by_type"": {}}, ""Bogorodica L5"": {""total"": 0, ""by_type"": {}}}",3
1310,1,2026-05-03 14:39:40.350377 +00:00,5,1,0,0,0,1,"{""Bogorodica L1"": {""total"": 1, ""by_type"": {""truck"": 1}}, ""Bogorodica L2"": {""total"": 0, ""by_type"": {}}, ""Bogorodica L3"": {""total"": 0, ""by_type"": {}}, ""Bogorodica L4"": {""total"": 0, ""by_type"": {}}, ""Bogorodica L5"": {""total"": 0, ""by_type"": {}}}",3
1311,1,2026-05-03 14:44:40.491846 +00:00,5,1,0,0,0,1,"{""Bogorodica L1"": {""total"": 1, ""by_type"": {""truck"": 1}}, ""Bogorodica L2"": {""total"": 0, ""by_type"": {}}, ""Bogorodica L3"": {""total"": 0, ""by_type"": {}}, ""Bogorodica L4"": {""total"": 0, ""by_type"": {}}, ""Bogorodica L5"": {""total"": 0, ""by_type"": {}}}",3
1312,1,2026-05-03 14:49:40.785718 +00:00,5,1,0,0,0,1,"{""Bogorodica L1"": {""total"": 1, ""by_type"": {""truck"": 1}}, ""Bogorodica L2"": {""total"": 0, ""by_type"": {}}, ""Bogorodica L3"": {""total"": 0, ""by_type"": {}}, ""Bogorodica L4"": {""total"": 0, ""by_type"": {}}, ""Bogorodica L5"": {""total"": 0, ""by_type"": {}}}",3
1313,1,2026-05-03 14:54:41.098610 +00:00,5,0,0,0,0,0,"{""Bogorodica L1"": {""total"": 0, ""by_type"": {}}, ""Bogorodica L2"": {""total"": 0, ""by_type"": {}}, ""Bogorodica L3"": {""total"": 0, ""by_type"": {}}, ""Bogorodica L4"": {""total"": 0, ""by_type"": {}}, ""Bogorodica L5"": {""total"": 0, ""by_type"": {}}}",3
1314,1,2026-05-03 14:59:41.170850 +00:00,5,5,0,0,0,5,"{""Bogorodica L1"": {""total"": 5, ""by_type"": {""truck"": 5}}, ""Bogorodica L2"": {""total"": 0, ""by_type"": {}}, ""Bogorodica L3"": {""total"": 0, ""by_type"": {}}, ""Bogorodica L4"": {""total"": 0, ""by_type"": {}}, ""Bogorodica L5"": {""total"": 0, ""by_type"": {}}}",3
1315,1,2026-05-03 15:04:41.278108 +00:00,5,2,0,0,1,1,"{""Bogorodica L1"": {""total"": 1, ""by_type"": {""truck"": 1}}, ""Bogorodica L2"": {""total"": 1, ""by_type"": {""bus"": 1}}, ""Bogorodica L3"": {""total"": 0, ""by_type"": {}}, ""Bogorodica L4"": {""total"": 0, ""by_type"": {}}, ""Bogorodica L5"": {""total"": 0, ""by_type"": {}}}",3
1316,1,2026-05-03 15:09:41.542490 +00:00,5,3,0,0,1,2,"{""Bogorodica L1"": {""total"": 2, ""by_type"": {""truck"": 2}}, ""Bogorodica L2"": {""total"": 1, ""by_type"": {""bus"": 1}}, ""Bogorodica L3"": {""total"": 0, ""by_type"": {}}, ""Bogorodica L4"": {""total"": 0, ""by_type"": {}}, ""Bogorodica L5"": {""total"": 0, ""by_type"": {}}}",3
1317,1,2026-05-03 15:14:41.915414 +00:00,5,3,0,0,0,3,"{""Bogorodica L1"": {""total"": 3, ""by_type"": {""truck"": 3}}, ""Bogorodica L2"": {""total"": 0, ""by_type"": {}}, ""Bogorodica L3"": {""total"": 0, ""by_type"": {}}, ""Bogorodica L4"": {""total"": 0, ""by_type"": {}}, ""Bogorodica L5"": {""total"": 0, ""by_type"": {}}}",2.5
1318,1,2026-05-03 15:19:41.938884 +00:00,5,3,0,0,0,3,"{""Bogorodica L1"": {""total"": 3, ""by_type"": {""truck"": 3}}, ""Bogorodica L2"": {""total"": 0, ""by_type"": {}}, ""Bogorodica L3"": {""total"": 0, ""by_type"": {}}, ""Bogorodica L4"": {""total"": 0, ""by_type"": {}}, ""Bogorodica L5"": {""total"": 0, ""by_type"": {}}}",3
1319,1,2026-05-03 15:24:42.046785 +00:00,5,5,1,0,0,4,"{""Bogorodica L1"": {""total"": 2, ""by_type"": {""truck"": 2}}, ""Bogorodica L2"": {""total"": 0, ""by_type"": {}}, ""Bogorodica L3"": {""total"": 0, ""by_type"": {}}, ""Bogorodica L4"": {""total"": 0, ""by_type"": {}}, ""Bogorodica L5"": {""total"": 3, ""by_type"": {""car"": 1, ""truck"": 2}}}",2.5
1320,1,2026-05-03 15:29:42.069395 +00:00,5,4,0,0,1,3,"{""Bogorodica L1"": {""total"": 3, ""by_type"": {""truck"": 3}}, ""Bogorodica L2"": {""total"": 1, ""by_type"": {""bus"": 1}}, ""Bogorodica L3"": {""total"": 0, ""by_type"": {}}, ""Bogorodica L4"": {""total"": 0, ""by_type"": {}}, ""Bogorodica L5"": {""total"": 0, ""by_type"": {}}}",3
1321,1,2026-05-03 15:34:42.194754 +00:00,5,3,0,0,0,3,"{""Bogorodica L1"": {""total"": 3, ""by_type"": {""truck"": 3}}, ""Bogorodica L2"": {""total"": 0, ""by_type"": {}}, ""Bogorodica L3"": {""total"": 0, ""by_type"": {}}, ""Bogorodica L4"": {""total"": 0, ""by_type"": {}}, ""Bogorodica L5"": {""total"": 0, ""by_type"": {}}}",3
1322,1,2026-05-03 15:39:42.549581 +00:00,5,3,0,0,0,3,"{""Bogorodica L1"": {""total"": 3, ""by_type"": {""truck"": 3}}, ""Bogorodica L2"": {""total"": 0, ""by_type"": {}}, ""Bogorodica L3"": {""total"": 0, ""by_type"": {}}, ""Bogorodica L4"": {""total"": 0, ""by_type"": {}}, ""Bogorodica L5"": {""total"": 0, ""by_type"": {}}}",3
1323,1,2026-05-03 15:44:42.576794 +00:00,5,2,0,0,0,2,"{""Bogorodica L1"": {""total"": 2, ""by_type"": {""truck"": 2}}, ""Bogorodica L2"": {""total"": 0, ""by_type"": {}}, ""Bogorodica L3"": {""total"": 0, ""by_type"": {}}, ""Bogorodica L4"": {""total"": 0, ""by_type"": {}}, ""Bogorodica L5"": {""total"": 0, ""by_type"": {}}}",3
1324,1,2026-05-03 15:49:42.606100 +00:00,5,4,1,0,0,3,"{""Bogorodica L1"": {""total"": 3, ""by_type"": {""truck"": 3}}, ""Bogorodica L2"": {""total"": 0, ""by_type"": {}}, ""Bogorodica L3"": {""total"": 0, ""by_type"": {}}, ""Bogorodica L4"": {""total"": 0, ""by_type"": {}}, ""Bogorodica L5"": {""total"": 1, ""by_type"": {""car"": 1}}}",3
1325,1,2026-05-03 15:54:42.869144 +00:00,5,2,0,0,1,1,"{""Bogorodica L1"": {""total"": 1, ""by_type"": {""truck"": 1}}, ""Bogorodica L2"": {""total"": 1, ""by_type"": {""bus"": 1}}, ""Bogorodica L3"": {""total"": 0, ""by_type"": {}}, ""Bogorodica L4"": {""total"": 0, ""by_type"": {}}, ""Bogorodica L5"": {""total"": 0, ""by_type"": {}}}",3
1326,1,2026-05-03 15:59:43.217001 +00:00,5,5,3,0,0,2,"{""Bogorodica L1"": {""total"": 1, ""by_type"": {""truck"": 1}}, ""Bogorodica L2"": {""total"": 0, ""by_type"": {}}, ""Bogorodica L3"": {""total"": 0, ""by_type"": {}}, ""Bogorodica L4"": {""total"": 0, ""by_type"": {}}, ""Bogorodica L5"": {""total"": 4, ""by_type"": {""car"": 3, ""truck"": 1}}}",3
1327,1,2026-05-03 16:04:43.469019 +00:00,5,5,0,0,2,3,"{""Bogorodica L1"": {""total"": 5, ""by_type"": {""bus"": 2, ""truck"": 3}}, ""Bogorodica L2"": {""total"": 0, ""by_type"": {}}, ""Bogorodica L3"": {""total"": 0, ""by_type"": {}}, ""Bogorodica L4"": {""total"": 0, ""by_type"": {}}, ""Bogorodica L5"": {""total"": 0, ""by_type"": {}}}",3
1328,1,2026-05-03 16:09:43.643827 +00:00,5,3,0,0,0,3,"{""Bogorodica L1"": {""total"": 3, ""by_type"": {""truck"": 3}}, ""Bogorodica L2"": {""total"": 0, ""by_type"": {}}, ""Bogorodica L3"": {""total"": 0, ""by_type"": {}}, ""Bogorodica L4"": {""total"": 0, ""by_type"": {}}, ""Bogorodica L5"": {""total"": 0, ""by_type"": {}}}",3
1329,1,2026-05-03 16:14:43.798002 +00:00,5,3,1,0,0,2,"{""Bogorodica L1"": {""total"": 2, ""by_type"": {""truck"": 2}}, ""Bogorodica L2"": {""total"": 0, ""by_type"": {}}, ""Bogorodica L3"": {""total"": 0, ""by_type"": {}}, ""Bogorodica L4"": {""total"": 1, ""by_type"": {""car"": 1}}, ""Bogorodica L5"": {""total"": 0, ""by_type"": {}}}",3
1330,1,2026-05-03 16:19:43.988575 +00:00,5,6,3,0,1,2,"{""Bogorodica L1"": {""total"": 2, ""by_type"": {""truck"": 2}}, ""Bogorodica L2"": {""total"": 2, ""by_type"": {""bus"": 1, ""car"": 1}}, ""Bogorodica L3"": {""total"": 0, ""by_type"": {}}, ""Bogorodica L4"": {""total"": 0, ""by_type"": {}}, ""Bogorodica L5"": {""total"": 2, ""by_type"": {""car"": 2}}}",3
1331,1,2026-05-03 16:24:44.397185 +00:00,5,3,1,0,1,1,"{""Bogorodica L1"": {""total"": 1, ""by_type"": {""truck"": 1}}, ""Bogorodica L2"": {""total"": 1, ""by_type"": {""bus"": 1}}, ""Bogorodica L3"": {""total"": 0, ""by_type"": {}}, ""Bogorodica L4"": {""total"": 0, ""by_type"": {}}, ""Bogorodica L5"": {""total"": 1, ""by_type"": {""car"": 1}}}",3
1332,1,2026-05-03 16:29:44.669297 +00:00,5,1,0,0,0,1,"{""Bogorodica L1"": {""total"": 1, ""by_type"": {""truck"": 1}}, ""Bogorodica L2"": {""total"": 0, ""by_type"": {}}, ""Bogorodica L3"": {""total"": 0, ""by_type"": {}}, ""Bogorodica L4"": {""total"": 0, ""by_type"": {}}, ""Bogorodica L5"": {""total"": 0, ""by_type"": {}}}",3
1333,1,2026-05-03 16:34:44.682694 +00:00,5,4,0,0,0,4,"{""Bogorodica L1"": {""total"": 4, ""by_type"": {""truck"": 4}}, ""Bogorodica L2"": {""total"": 0, ""by_type"": {}}, ""Bogorodica L3"": {""total"": 0, ""by_type"": {}}, ""Bogorodica L4"": {""total"": 0, ""by_type"": {}}, ""Bogorodica L5"": {""total"": 0, ""by_type"": {}}}",3
1334,1,2026-05-03 16:39:44.760726 +00:00,5,5,3,0,0,2,"{""Bogorodica L1"": {""total"": 2, ""by_type"": {""truck"": 2}}, ""Bogorodica L2"": {""total"": 0, ""by_type"": {}}, ""Bogorodica L3"": {""total"": 0, ""by_type"": {}}, ""Bogorodica L4"": {""total"": 0, ""by_type"": {}}, ""Bogorodica L5"": {""total"": 3, ""by_type"": {""car"": 3}}}",3
1335,1,2026-05-03 16:44:44.956476 +00:00,5,2,0,0,0,2,"{""Bogorodica L1"": {""total"": 2, ""by_type"": {""truck"": 2}}, ""Bogorodica L2"": {""total"": 0, ""by_type"": {}}, ""Bogorodica L3"": {""total"": 0, ""by_type"": {}}, ""Bogorodica L4"": {""total"": 0, ""by_type"": {}}, ""Bogorodica L5"": {""total"": 0, ""by_type"": {}}}",3
1336,1,2026-05-03 16:49:45.038360 +00:00,5,0,0,0,0,0,"{""Bogorodica L1"": {""total"": 0, ""by_type"": {}}, ""Bogorodica L2"": {""total"": 0, ""by_type"": {}}, ""Bogorodica L3"": {""total"": 0, ""by_type"": {}}, ""Bogorodica L4"": {""total"": 0, ""by_type"": {}}, ""Bogorodica L5"": {""total"": 0, ""by_type"": {}}}",2.5
1337,1,2026-05-03 16:54:45.189565 +00:00,5,2,0,0,0,2,"{""Bogorodica L1"": {""total"": 2, ""by_type"": {""truck"": 2}}, ""Bogorodica L2"": {""total"": 0, ""by_type"": {}}, ""Bogorodica L3"": {""total"": 0, ""by_type"": {}}, ""Bogorodica L4"": {""total"": 0, ""by_type"": {}}, ""Bogorodica L5"": {""total"": 0, ""by_type"": {}}}",2.5
1338,1,2026-05-03 16:59:45.522437 +00:00,5,0,0,0,0,0,"{""Bogorodica L1"": {""total"": 0, ""by_type"": {}}, ""Bogorodica L2"": {""total"": 0, ""by_type"": {}}, ""Bogorodica L3"": {""total"": 0, ""by_type"": {}}, ""Bogorodica L4"": {""total"": 0, ""by_type"": {}}, ""Bogorodica L5"": {""total"": 0, ""by_type"": {}}}",3
1339,1,2026-05-03 17:04:45.558968 +00:00,5,0,0,0,0,0,"{""Bogorodica L1"": {""total"": 0, ""by_type"": {}}, ""Bogorodica L2"": {""total"": 0, ""by_type"": {}}, ""Bogorodica L3"": {""total"": 0, ""by_type"": {}}, ""Bogorodica L4"": {""total"": 0, ""by_type"": {}}, ""Bogorodica L5"": {""total"": 0, ""by_type"": {}}}",3
1340,1,2026-05-03 17:09:45.844660 +00:00,5,0,0,0,0,0,"{""Bogorodica L1"": {""total"": 0, ""by_type"": {}}, ""Bogorodica L2"": {""total"": 0, ""by_type"": {}}, ""Bogorodica L3"": {""total"": 0, ""by_type"": {}}, ""Bogorodica L4"": {""total"": 0, ""by_type"": {}}, ""Bogorodica L5"": {""total"": 0, ""by_type"": {}}}",3
1359,1,2026-05-03 18:44:49.104678 +00:00,5,2,0,0,1,1,"{""Bogorodica L1"": {""total"": 2, ""by_type"": {""bus"": 1, ""truck"": 1}}, ""Bogorodica L2"": {""total"": 0, ""by_type"": {}}, ""Bogorodica L3"": {""total"": 0, ""by_type"": {}}, ""Bogorodica L4"": {""total"": 0, ""by_type"": {}}, ""Bogorodica L5"": {""total"": 0, ""by_type"": {}}}",3
1341,1,2026-05-03 17:14:45.965206 +00:00,5,5,2,1,0,2,"{""Bogorodica L1"": {""total"": 1, ""by_type"": {""truck"": 1}}, ""Bogorodica L2"": {""total"": 0, ""by_type"": {}}, ""Bogorodica L3"": {""total"": 0, ""by_type"": {}}, ""Bogorodica L4"": {""total"": 3, ""by_type"": {""car"": 2, ""truck"": 1}}, ""Bogorodica L5"": {""total"": 1, ""by_type"": {""motorcycle"": 1}}}",3
1342,1,2026-05-03 17:19:46.063610 +00:00,5,8,6,0,0,2,"{""Bogorodica L1"": {""total"": 2, ""by_type"": {""truck"": 2}}, ""Bogorodica L2"": {""total"": 0, ""by_type"": {}}, ""Bogorodica L3"": {""total"": 0, ""by_type"": {}}, ""Bogorodica L4"": {""total"": 5, ""by_type"": {""car"": 5}}, ""Bogorodica L5"": {""total"": 1, ""by_type"": {""car"": 1}}}",2.5
1343,1,2026-05-03 17:24:46.349874 +00:00,5,6,2,0,0,4,"{""Bogorodica L1"": {""total"": 2, ""by_type"": {""truck"": 2}}, ""Bogorodica L2"": {""total"": 0, ""by_type"": {}}, ""Bogorodica L3"": {""total"": 0, ""by_type"": {}}, ""Bogorodica L4"": {""total"": 2, ""by_type"": {""car"": 1, ""truck"": 1}}, ""Bogorodica L5"": {""total"": 2, ""by_type"": {""car"": 1, ""truck"": 1}}}",3
1344,1,2026-05-03 17:29:46.561496 +00:00,5,2,0,0,0,2,"{""Bogorodica L1"": {""total"": 2, ""by_type"": {""truck"": 2}}, ""Bogorodica L2"": {""total"": 0, ""by_type"": {}}, ""Bogorodica L3"": {""total"": 0, ""by_type"": {}}, ""Bogorodica L4"": {""total"": 0, ""by_type"": {}}, ""Bogorodica L5"": {""total"": 0, ""by_type"": {}}}",3
1345,1,2026-05-03 17:34:46.675686 +00:00,5,4,0,0,0,4,"{""Bogorodica L1"": {""total"": 3, ""by_type"": {""truck"": 3}}, ""Bogorodica L2"": {""total"": 0, ""by_type"": {}}, ""Bogorodica L3"": {""total"": 0, ""by_type"": {}}, ""Bogorodica L4"": {""total"": 1, ""by_type"": {""truck"": 1}}, ""Bogorodica L5"": {""total"": 0, ""by_type"": {}}}",3
1346,1,2026-05-03 17:39:46.680320 +00:00,5,4,1,0,0,3,"{""Bogorodica L1"": {""total"": 3, ""by_type"": {""truck"": 3}}, ""Bogorodica L2"": {""total"": 0, ""by_type"": {}}, ""Bogorodica L3"": {""total"": 0, ""by_type"": {}}, ""Bogorodica L4"": {""total"": 1, ""by_type"": {""car"": 1}}, ""Bogorodica L5"": {""total"": 0, ""by_type"": {}}}",3
1347,1,2026-05-03 17:44:46.732649 +00:00,5,3,1,0,0,2,"{""Bogorodica L1"": {""total"": 2, ""by_type"": {""truck"": 2}}, ""Bogorodica L2"": {""total"": 0, ""by_type"": {}}, ""Bogorodica L3"": {""total"": 0, ""by_type"": {}}, ""Bogorodica L4"": {""total"": 0, ""by_type"": {}}, ""Bogorodica L5"": {""total"": 1, ""by_type"": {""car"": 1}}}",3
1348,1,2026-05-03 17:49:47.036541 +00:00,5,6,3,0,0,3,"{""Bogorodica L1"": {""total"": 3, ""by_type"": {""truck"": 3}}, ""Bogorodica L2"": {""total"": 0, ""by_type"": {}}, ""Bogorodica L3"": {""total"": 1, ""by_type"": {""car"": 1}}, ""Bogorodica L4"": {""total"": 1, ""by_type"": {""car"": 1}}, ""Bogorodica L5"": {""total"": 1, ""by_type"": {""car"": 1}}}",3
1349,1,2026-05-03 17:54:47.115900 +00:00,5,1,0,0,0,1,"{""Bogorodica L1"": {""total"": 1, ""by_type"": {""truck"": 1}}, ""Bogorodica L2"": {""total"": 0, ""by_type"": {}}, ""Bogorodica L3"": {""total"": 0, ""by_type"": {}}, ""Bogorodica L4"": {""total"": 0, ""by_type"": {}}, ""Bogorodica L5"": {""total"": 0, ""by_type"": {}}}",3
1350,1,2026-05-03 17:59:47.339363 +00:00,5,0,0,0,0,0,"{""Bogorodica L1"": {""total"": 0, ""by_type"": {}}, ""Bogorodica L2"": {""total"": 0, ""by_type"": {}}, ""Bogorodica L3"": {""total"": 0, ""by_type"": {}}, ""Bogorodica L4"": {""total"": 0, ""by_type"": {}}, ""Bogorodica L5"": {""total"": 0, ""by_type"": {}}}",3
1351,1,2026-05-03 18:04:47.619989 +00:00,5,0,0,0,0,0,"{""Bogorodica L1"": {""total"": 0, ""by_type"": {}}, ""Bogorodica L2"": {""total"": 0, ""by_type"": {}}, ""Bogorodica L3"": {""total"": 0, ""by_type"": {}}, ""Bogorodica L4"": {""total"": 0, ""by_type"": {}}, ""Bogorodica L5"": {""total"": 0, ""by_type"": {}}}",3
1352,1,2026-05-03 18:09:47.965985 +00:00,5,1,0,0,0,1,"{""Bogorodica L1"": {""total"": 1, ""by_type"": {""truck"": 1}}, ""Bogorodica L2"": {""total"": 0, ""by_type"": {}}, ""Bogorodica L3"": {""total"": 0, ""by_type"": {}}, ""Bogorodica L4"": {""total"": 0, ""by_type"": {}}, ""Bogorodica L5"": {""total"": 0, ""by_type"": {}}}",3
1353,1,2026-05-03 18:14:48.033767 +00:00,5,1,1,0,0,0,"{""Bogorodica L1"": {""total"": 0, ""by_type"": {}}, ""Bogorodica L2"": {""total"": 0, ""by_type"": {}}, ""Bogorodica L3"": {""total"": 0, ""by_type"": {}}, ""Bogorodica L4"": {""total"": 0, ""by_type"": {}}, ""Bogorodica L5"": {""total"": 1, ""by_type"": {""car"": 1}}}",3
1354,1,2026-05-03 18:19:48.077939 +00:00,5,0,0,0,0,0,"{""Bogorodica L1"": {""total"": 0, ""by_type"": {}}, ""Bogorodica L2"": {""total"": 0, ""by_type"": {}}, ""Bogorodica L3"": {""total"": 0, ""by_type"": {}}, ""Bogorodica L4"": {""total"": 0, ""by_type"": {}}, ""Bogorodica L5"": {""total"": 0, ""by_type"": {}}}",3
1355,1,2026-05-03 18:24:48.218663 +00:00,5,0,0,0,0,0,"{""Bogorodica L1"": {""total"": 0, ""by_type"": {}}, ""Bogorodica L2"": {""total"": 0, ""by_type"": {}}, ""Bogorodica L3"": {""total"": 0, ""by_type"": {}}, ""Bogorodica L4"": {""total"": 0, ""by_type"": {}}, ""Bogorodica L5"": {""total"": 0, ""by_type"": {}}}",3
1356,1,2026-05-03 18:29:48.338180 +00:00,5,2,0,0,0,2,"{""Bogorodica L1"": {""total"": 2, ""by_type"": {""truck"": 2}}, ""Bogorodica L2"": {""total"": 0, ""by_type"": {}}, ""Bogorodica L3"": {""total"": 0, ""by_type"": {}}, ""Bogorodica L4"": {""total"": 0, ""by_type"": {}}, ""Bogorodica L5"": {""total"": 0, ""by_type"": {}}}",3
1357,1,2026-05-03 18:34:48.460838 +00:00,5,0,0,0,0,0,"{""Bogorodica L1"": {""total"": 0, ""by_type"": {}}, ""Bogorodica L2"": {""total"": 0, ""by_type"": {}}, ""Bogorodica L3"": {""total"": 0, ""by_type"": {}}, ""Bogorodica L4"": {""total"": 0, ""by_type"": {}}, ""Bogorodica L5"": {""total"": 0, ""by_type"": {}}}",3
1358,1,2026-05-03 18:39:48.850528 +00:00,5,1,1,0,0,0,"{""Bogorodica L1"": {""total"": 1, ""by_type"": {""car"": 1}}, ""Bogorodica L2"": {""total"": 0, ""by_type"": {}}, ""Bogorodica L3"": {""total"": 0, ""by_type"": {}}, ""Bogorodica L4"": {""total"": 0, ""by_type"": {}}, ""Bogorodica L5"": {""total"": 0, ""by_type"": {}}}",3
1360,1,2026-05-03 18:49:49.437202 +00:00,5,1,0,0,0,1,"{""Bogorodica L1"": {""total"": 1, ""by_type"": {""truck"": 1}}, ""Bogorodica L2"": {""total"": 0, ""by_type"": {}}, ""Bogorodica L3"": {""total"": 0, ""by_type"": {}}, ""Bogorodica L4"": {""total"": 0, ""by_type"": {}}, ""Bogorodica L5"": {""total"": 0, ""by_type"": {}}}",2.5
1361,1,2026-05-03 18:54:49.800577 +00:00,5,0,0,0,0,0,"{""Bogorodica L1"": {""total"": 0, ""by_type"": {}}, ""Bogorodica L2"": {""total"": 0, ""by_type"": {}}, ""Bogorodica L3"": {""total"": 0, ""by_type"": {}}, ""Bogorodica L4"": {""total"": 0, ""by_type"": {}}, ""Bogorodica L5"": {""total"": 0, ""by_type"": {}}}",3
1362,1,2026-05-03 18:59:50.085848 +00:00,5,3,0,0,0,3,"{""Bogorodica L1"": {""total"": 3, ""by_type"": {""truck"": 3}}, ""Bogorodica L2"": {""total"": 0, ""by_type"": {}}, ""Bogorodica L3"": {""total"": 0, ""by_type"": {}}, ""Bogorodica L4"": {""total"": 0, ""by_type"": {}}, ""Bogorodica L5"": {""total"": 0, ""by_type"": {}}}",3
1363,1,2026-05-03 19:04:50.326887 +00:00,5,1,0,0,0,1,"{""Bogorodica L1"": {""total"": 1, ""by_type"": {""truck"": 1}}, ""Bogorodica L2"": {""total"": 0, ""by_type"": {}}, ""Bogorodica L3"": {""total"": 0, ""by_type"": {}}, ""Bogorodica L4"": {""total"": 0, ""by_type"": {}}, ""Bogorodica L5"": {""total"": 0, ""by_type"": {}}}",3
1364,1,2026-05-03 19:09:50.517474 +00:00,5,1,0,0,0,1,"{""Bogorodica L1"": {""total"": 1, ""by_type"": {""truck"": 1}}, ""Bogorodica L2"": {""total"": 0, ""by_type"": {}}, ""Bogorodica L3"": {""total"": 0, ""by_type"": {}}, ""Bogorodica L4"": {""total"": 0, ""by_type"": {}}, ""Bogorodica L5"": {""total"": 0, ""by_type"": {}}}",3
1365,1,2026-05-03 19:14:50.545509 +00:00,5,1,1,0,0,0,"{""Bogorodica L1"": {""total"": 1, ""by_type"": {""car"": 1}}, ""Bogorodica L2"": {""total"": 0, ""by_type"": {}}, ""Bogorodica L3"": {""total"": 0, ""by_type"": {}}, ""Bogorodica L4"": {""total"": 0, ""by_type"": {}}, ""Bogorodica L5"": {""total"": 0, ""by_type"": {}}}",2.5
1366,1,2026-05-03 19:19:50.828576 +00:00,5,0,0,0,0,0,"{""Bogorodica L1"": {""total"": 0, ""by_type"": {}}, ""Bogorodica L2"": {""total"": 0, ""by_type"": {}}, ""Bogorodica L3"": {""total"": 0, ""by_type"": {}}, ""Bogorodica L4"": {""total"": 0, ""by_type"": {}}, ""Bogorodica L5"": {""total"": 0, ""by_type"": {}}}",2.5
1367,1,2026-05-03 19:24:50.983017 +00:00,5,2,1,0,1,0,"{""Bogorodica L1"": {""total"": 0, ""by_type"": {}}, ""Bogorodica L2"": {""total"": 2, ""by_type"": {""bus"": 1, ""car"": 1}}, ""Bogorodica L3"": {""total"": 0, ""by_type"": {}}, ""Bogorodica L4"": {""total"": 0, ""by_type"": {}}, ""Bogorodica L5"": {""total"": 0, ""by_type"": {}}}",3
1368,1,2026-05-03 19:29:51.080658 +00:00,5,0,0,0,0,0,"{""Bogorodica L1"": {""total"": 0, ""by_type"": {}}, ""Bogorodica L2"": {""total"": 0, ""by_type"": {}}, ""Bogorodica L3"": {""total"": 0, ""by_type"": {}}, ""Bogorodica L4"": {""total"": 0, ""by_type"": {}}, ""Bogorodica L5"": {""total"": 0, ""by_type"": {}}}",3
1369,1,2026-05-03 19:34:51.382986 +00:00,5,4,3,0,0,1,"{""Bogorodica L1"": {""total"": 0, ""by_type"": {}}, ""Bogorodica L2"": {""total"": 0, ""by_type"": {}}, ""Bogorodica L3"": {""total"": 0, ""by_type"": {}}, ""Bogorodica L4"": {""total"": 2, ""by_type"": {""car"": 2}}, ""Bogorodica L5"": {""total"": 2, ""by_type"": {""car"": 1, ""truck"": 1}}}",3
1370,1,2026-05-03 19:39:51.506785 +00:00,5,0,0,0,0,0,"{""Bogorodica L1"": {""total"": 0, ""by_type"": {}}, ""Bogorodica L2"": {""total"": 0, ""by_type"": {}}, ""Bogorodica L3"": {""total"": 0, ""by_type"": {}}, ""Bogorodica L4"": {""total"": 0, ""by_type"": {}}, ""Bogorodica L5"": {""total"": 0, ""by_type"": {}}}",3
1371,1,2026-05-03 19:44:51.676540 +00:00,5,0,0,0,0,0,"{""Bogorodica L1"": {""total"": 0, ""by_type"": {}}, ""Bogorodica L2"": {""total"": 0, ""by_type"": {}}, ""Bogorodica L3"": {""total"": 0, ""by_type"": {}}, ""Bogorodica L4"": {""total"": 0, ""by_type"": {}}, ""Bogorodica L5"": {""total"": 0, ""by_type"": {}}}",3
1372,1,2026-05-03 19:49:51.934343 +00:00,5,2,0,0,0,2,"{""Bogorodica L1"": {""total"": 2, ""by_type"": {""truck"": 2}}, ""Bogorodica L2"": {""total"": 0, ""by_type"": {}}, ""Bogorodica L3"": {""total"": 0, ""by_type"": {}}, ""Bogorodica L4"": {""total"": 0, ""by_type"": {}}, ""Bogorodica L5"": {""total"": 0, ""by_type"": {}}}",3
1373,1,2026-05-03 19:54:52.139624 +00:00,5,0,0,0,0,0,"{""Bogorodica L1"": {""total"": 0, ""by_type"": {}}, ""Bogorodica L2"": {""total"": 0, ""by_type"": {}}, ""Bogorodica L3"": {""total"": 0, ""by_type"": {}}, ""Bogorodica L4"": {""total"": 0, ""by_type"": {}}, ""Bogorodica L5"": {""total"": 0, ""by_type"": {}}}",3
1374,1,2026-05-03 19:59:52.344515 +00:00,5,0,0,0,0,0,"{""Bogorodica L1"": {""total"": 0, ""by_type"": {}}, ""Bogorodica L2"": {""total"": 0, ""by_type"": {}}, ""Bogorodica L3"": {""total"": 0, ""by_type"": {}}, ""Bogorodica L4"": {""total"": 0, ""by_type"": {}}, ""Bogorodica L5"": {""total"": 0, ""by_type"": {}}}",3
1375,1,2026-05-03 20:04:52.358488 +00:00,5,2,2,0,0,0,"{""Bogorodica L1"": {""total"": 2, ""by_type"": {""car"": 2}}, ""Bogorodica L2"": {""total"": 0, ""by_type"": {}}, ""Bogorodica L3"": {""total"": 0, ""by_type"": {}}, ""Bogorodica L4"": {""total"": 0, ""by_type"": {}}, ""Bogorodica L5"": {""total"": 0, ""by_type"": {}}}",3
1376,1,2026-05-03 20:09:52.471197 +00:00,5,0,0,0,0,0,"{""Bogorodica L1"": {""total"": 0, ""by_type"": {}}, ""Bogorodica L2"": {""total"": 0, ""by_type"": {}}, ""Bogorodica L3"": {""total"": 0, ""by_type"": {}}, ""Bogorodica L4"": {""total"": 0, ""by_type"": {}}, ""Bogorodica L5"": {""total"": 0, ""by_type"": {}}}",3
1377,1,2026-05-03 20:14:52.572272 +00:00,5,0,0,0,0,0,"{""Bogorodica L1"": {""total"": 0, ""by_type"": {}}, ""Bogorodica L2"": {""total"": 0, ""by_type"": {}}, ""Bogorodica L3"": {""total"": 0, ""by_type"": {}}, ""Bogorodica L4"": {""total"": 0, ""by_type"": {}}, ""Bogorodica L5"": {""total"": 0, ""by_type"": {}}}",3
1379,1,2026-05-03 20:24:52.902437 +00:00,5,0,0,0,0,0,"{""Bogorodica L1"": {""total"": 0, ""by_type"": {}}, ""Bogorodica L2"": {""total"": 0, ""by_type"": {}}, ""Bogorodica L3"": {""total"": 0, ""by_type"": {}}, ""Bogorodica L4"": {""total"": 0, ""by_type"": {}}, ""Bogorodica L5"": {""total"": 0, ""by_type"": {}}}",3
1380,1,2026-05-03 20:29:53.206624 +00:00,5,0,0,0,0,0,"{""Bogorodica L1"": {""total"": 0, ""by_type"": {}}, ""Bogorodica L2"": {""total"": 0, ""by_type"": {}}, ""Bogorodica L3"": {""total"": 0, ""by_type"": {}}, ""Bogorodica L4"": {""total"": 0, ""by_type"": {}}, ""Bogorodica L5"": {""total"": 0, ""by_type"": {}}}",2.5
1381,1,2026-05-03 20:34:53.375571 +00:00,5,0,0,0,0,0,"{""Bogorodica L1"": {""total"": 0, ""by_type"": {}}, ""Bogorodica L2"": {""total"": 0, ""by_type"": {}}, ""Bogorodica L3"": {""total"": 0, ""by_type"": {}}, ""Bogorodica L4"": {""total"": 0, ""by_type"": {}}, ""Bogorodica L5"": {""total"": 0, ""by_type"": {}}}",3
1382,1,2026-05-03 20:39:53.477103 +00:00,5,2,0,0,0,2,"{""Bogorodica L1"": {""total"": 2, ""by_type"": {""truck"": 2}}, ""Bogorodica L2"": {""total"": 0, ""by_type"": {}}, ""Bogorodica L3"": {""total"": 0, ""by_type"": {}}, ""Bogorodica L4"": {""total"": 0, ""by_type"": {}}, ""Bogorodica L5"": {""total"": 0, ""by_type"": {}}}",2.5
1383,1,2026-05-03 20:44:53.522817 +00:00,5,0,0,0,0,0,"{""Bogorodica L1"": {""total"": 0, ""by_type"": {}}, ""Bogorodica L2"": {""total"": 0, ""by_type"": {}}, ""Bogorodica L3"": {""total"": 0, ""by_type"": {}}, ""Bogorodica L4"": {""total"": 0, ""by_type"": {}}, ""Bogorodica L5"": {""total"": 0, ""by_type"": {}}}",3
1384,1,2026-05-03 20:49:53.794237 +00:00,5,0,0,0,0,0,"{""Bogorodica L1"": {""total"": 0, ""by_type"": {}}, ""Bogorodica L2"": {""total"": 0, ""by_type"": {}}, ""Bogorodica L3"": {""total"": 0, ""by_type"": {}}, ""Bogorodica L4"": {""total"": 0, ""by_type"": {}}, ""Bogorodica L5"": {""total"": 0, ""by_type"": {}}}",3
1385,1,2026-05-03 20:54:53.925621 +00:00,5,3,0,0,0,3,"{""Bogorodica L1"": {""total"": 3, ""by_type"": {""truck"": 3}}, ""Bogorodica L2"": {""total"": 0, ""by_type"": {}}, ""Bogorodica L3"": {""total"": 0, ""by_type"": {}}, ""Bogorodica L4"": {""total"": 0, ""by_type"": {}}, ""Bogorodica L5"": {""total"": 0, ""by_type"": {}}}",3
1386,1,2026-05-03 20:59:54.101061 +00:00,5,0,0,0,0,0,"{""Bogorodica L1"": {""total"": 0, ""by_type"": {}}, ""Bogorodica L2"": {""total"": 0, ""by_type"": {}}, ""Bogorodica L3"": {""total"": 0, ""by_type"": {}}, ""Bogorodica L4"": {""total"": 0, ""by_type"": {}}, ""Bogorodica L5"": {""total"": 0, ""by_type"": {}}}",3
1387,1,2026-05-03 21:04:54.418352 +00:00,5,0,0,0,0,0,"{""Bogorodica L1"": {""total"": 0, ""by_type"": {}}, ""Bogorodica L2"": {""total"": 0, ""by_type"": {}}, ""Bogorodica L3"": {""total"": 0, ""by_type"": {}}, ""Bogorodica L4"": {""total"": 0, ""by_type"": {}}, ""Bogorodica L5"": {""total"": 0, ""by_type"": {}}}",3
1388,1,2026-05-03 21:09:54.604645 +00:00,5,0,0,0,0,0,"{""Bogorodica L1"": {""total"": 0, ""by_type"": {}}, ""Bogorodica L2"": {""total"": 0, ""by_type"": {}}, ""Bogorodica L3"": {""total"": 0, ""by_type"": {}}, ""Bogorodica L4"": {""total"": 0, ""by_type"": {}}, ""Bogorodica L5"": {""total"": 0, ""by_type"": {}}}",3
1389,1,2026-05-03 21:14:54.983917 +00:00,5,3,1,0,0,2,"{""Bogorodica L1"": {""total"": 2, ""by_type"": {""truck"": 2}}, ""Bogorodica L2"": {""total"": 1, ""by_type"": {""car"": 1}}, ""Bogorodica L3"": {""total"": 0, ""by_type"": {}}, ""Bogorodica L4"": {""total"": 0, ""by_type"": {}}, ""Bogorodica L5"": {""total"": 0, ""by_type"": {}}}",3
1390,1,2026-05-03 21:19:55.054148 +00:00,5,6,2,0,0,4,"{""Bogorodica L1"": {""total"": 4, ""by_type"": {""truck"": 4}}, ""Bogorodica L2"": {""total"": 0, ""by_type"": {}}, ""Bogorodica L3"": {""total"": 0, ""by_type"": {}}, ""Bogorodica L4"": {""total"": 1, ""by_type"": {""car"": 1}}, ""Bogorodica L5"": {""total"": 1, ""by_type"": {""car"": 1}}}",2.5
1391,1,2026-05-03 21:24:55.158474 +00:00,5,2,0,0,0,2,"{""Bogorodica L1"": {""total"": 2, ""by_type"": {""truck"": 2}}, ""Bogorodica L2"": {""total"": 0, ""by_type"": {}}, ""Bogorodica L3"": {""total"": 0, ""by_type"": {}}, ""Bogorodica L4"": {""total"": 0, ""by_type"": {}}, ""Bogorodica L5"": {""total"": 0, ""by_type"": {}}}",3
1392,1,2026-05-03 21:29:55.277949 +00:00,5,2,0,0,0,2,"{""Bogorodica L1"": {""total"": 2, ""by_type"": {""truck"": 2}}, ""Bogorodica L2"": {""total"": 0, ""by_type"": {}}, ""Bogorodica L3"": {""total"": 0, ""by_type"": {}}, ""Bogorodica L4"": {""total"": 0, ""by_type"": {}}, ""Bogorodica L5"": {""total"": 0, ""by_type"": {}}}",3
1393,1,2026-05-03 21:34:55.369362 +00:00,5,2,0,0,0,2,"{""Bogorodica L1"": {""total"": 2, ""by_type"": {""truck"": 2}}, ""Bogorodica L2"": {""total"": 0, ""by_type"": {}}, ""Bogorodica L3"": {""total"": 0, ""by_type"": {}}, ""Bogorodica L4"": {""total"": 0, ""by_type"": {}}, ""Bogorodica L5"": {""total"": 0, ""by_type"": {}}}",3
1394,1,2026-05-03 21:39:55.389486 +00:00,5,0,0,0,0,0,"{""Bogorodica L1"": {""total"": 0, ""by_type"": {}}, ""Bogorodica L2"": {""total"": 0, ""by_type"": {}}, ""Bogorodica L3"": {""total"": 0, ""by_type"": {}}, ""Bogorodica L4"": {""total"": 0, ""by_type"": {}}, ""Bogorodica L5"": {""total"": 0, ""by_type"": {}}}",3
1395,1,2026-05-03 21:44:55.411246 +00:00,5,2,0,0,0,2,"{""Bogorodica L1"": {""total"": 2, ""by_type"": {""truck"": 2}}, ""Bogorodica L2"": {""total"": 0, ""by_type"": {}}, ""Bogorodica L3"": {""total"": 0, ""by_type"": {}}, ""Bogorodica L4"": {""total"": 0, ""by_type"": {}}, ""Bogorodica L5"": {""total"": 0, ""by_type"": {}}}",3
1396,1,2026-05-03 21:49:55.439954 +00:00,5,0,0,0,0,0,"{""Bogorodica L1"": {""total"": 0, ""by_type"": {}}, ""Bogorodica L2"": {""total"": 0, ""by_type"": {}}, ""Bogorodica L3"": {""total"": 0, ""by_type"": {}}, ""Bogorodica L4"": {""total"": 0, ""by_type"": {}}, ""Bogorodica L5"": {""total"": 0, ""by_type"": {}}}",3
1397,1,2026-05-03 21:54:55.520552 +00:00,5,2,0,0,0,2,"{""Bogorodica L1"": {""total"": 2, ""by_type"": {""truck"": 2}}, ""Bogorodica L2"": {""total"": 0, ""by_type"": {}}, ""Bogorodica L3"": {""total"": 0, ""by_type"": {}}, ""Bogorodica L4"": {""total"": 0, ""by_type"": {}}, ""Bogorodica L5"": {""total"": 0, ""by_type"": {}}}",3
1398,1,2026-05-03 21:59:55.868433 +00:00,5,4,1,0,0,3,"{""Bogorodica L1"": {""total"": 3, ""by_type"": {""truck"": 3}}, ""Bogorodica L2"": {""total"": 0, ""by_type"": {}}, ""Bogorodica L3"": {""total"": 0, ""by_type"": {}}, ""Bogorodica L4"": {""total"": 1, ""by_type"": {""car"": 1}}, ""Bogorodica L5"": {""total"": 0, ""by_type"": {}}}",2.5
1399,1,2026-05-03 22:04:56.096060 +00:00,5,3,0,0,0,3,"{""Bogorodica L1"": {""total"": 3, ""by_type"": {""truck"": 3}}, ""Bogorodica L2"": {""total"": 0, ""by_type"": {}}, ""Bogorodica L3"": {""total"": 0, ""by_type"": {}}, ""Bogorodica L4"": {""total"": 0, ""by_type"": {}}, ""Bogorodica L5"": {""total"": 0, ""by_type"": {}}}",3
1400,1,2026-05-03 22:09:56.381681 +00:00,5,3,0,0,0,3,"{""Bogorodica L1"": {""total"": 3, ""by_type"": {""truck"": 3}}, ""Bogorodica L2"": {""total"": 0, ""by_type"": {}}, ""Bogorodica L3"": {""total"": 0, ""by_type"": {}}, ""Bogorodica L4"": {""total"": 0, ""by_type"": {}}, ""Bogorodica L5"": {""total"": 0, ""by_type"": {}}}",3
1401,1,2026-05-03 22:14:56.766941 +00:00,5,0,0,0,0,0,"{""Bogorodica L1"": {""total"": 0, ""by_type"": {}}, ""Bogorodica L2"": {""total"": 0, ""by_type"": {}}, ""Bogorodica L3"": {""total"": 0, ""by_type"": {}}, ""Bogorodica L4"": {""total"": 0, ""by_type"": {}}, ""Bogorodica L5"": {""total"": 0, ""by_type"": {}}}",3
1402,1,2026-05-03 22:19:56.894244 +00:00,5,0,0,0,0,0,"{""Bogorodica L1"": {""total"": 0, ""by_type"": {}}, ""Bogorodica L2"": {""total"": 0, ""by_type"": {}}, ""Bogorodica L3"": {""total"": 0, ""by_type"": {}}, ""Bogorodica L4"": {""total"": 0, ""by_type"": {}}, ""Bogorodica L5"": {""total"": 0, ""by_type"": {}}}",3
1403,1,2026-05-03 22:24:56.936104 +00:00,5,2,0,0,0,2,"{""Bogorodica L1"": {""total"": 2, ""by_type"": {""truck"": 2}}, ""Bogorodica L2"": {""total"": 0, ""by_type"": {}}, ""Bogorodica L3"": {""total"": 0, ""by_type"": {}}, ""Bogorodica L4"": {""total"": 0, ""by_type"": {}}, ""Bogorodica L5"": {""total"": 0, ""by_type"": {}}}",3
1404,1,2026-05-03 22:29:57.107230 +00:00,5,2,0,0,0,2,"{""Bogorodica L1"": {""total"": 2, ""by_type"": {""truck"": 2}}, ""Bogorodica L2"": {""total"": 0, ""by_type"": {}}, ""Bogorodica L3"": {""total"": 0, ""by_type"": {}}, ""Bogorodica L4"": {""total"": 0, ""by_type"": {}}, ""Bogorodica L5"": {""total"": 0, ""by_type"": {}}}",3
1405,1,2026-05-03 22:34:57.342803 +00:00,5,3,0,0,0,3,"{""Bogorodica L1"": {""total"": 3, ""by_type"": {""truck"": 3}}, ""Bogorodica L2"": {""total"": 0, ""by_type"": {}}, ""Bogorodica L3"": {""total"": 0, ""by_type"": {}}, ""Bogorodica L4"": {""total"": 0, ""by_type"": {}}, ""Bogorodica L5"": {""total"": 0, ""by_type"": {}}}",3
1406,1,2026-05-03 22:39:57.395023 +00:00,5,1,0,0,0,1,"{""Bogorodica L1"": {""total"": 1, ""by_type"": {""truck"": 1}}, ""Bogorodica L2"": {""total"": 0, ""by_type"": {}}, ""Bogorodica L3"": {""total"": 0, ""by_type"": {}}, ""Bogorodica L4"": {""total"": 0, ""by_type"": {}}, ""Bogorodica L5"": {""total"": 0, ""by_type"": {}}}",3
1407,1,2026-05-03 22:44:57.741852 +00:00,5,2,0,0,0,2,"{""Bogorodica L1"": {""total"": 2, ""by_type"": {""truck"": 2}}, ""Bogorodica L2"": {""total"": 0, ""by_type"": {}}, ""Bogorodica L3"": {""total"": 0, ""by_type"": {}}, ""Bogorodica L4"": {""total"": 0, ""by_type"": {}}, ""Bogorodica L5"": {""total"": 0, ""by_type"": {}}}",2.5
1408,1,2026-05-03 22:49:57.746390 +00:00,5,2,0,0,0,2,"{""Bogorodica L1"": {""total"": 2, ""by_type"": {""truck"": 2}}, ""Bogorodica L2"": {""total"": 0, ""by_type"": {}}, ""Bogorodica L3"": {""total"": 0, ""by_type"": {}}, ""Bogorodica L4"": {""total"": 0, ""by_type"": {}}, ""Bogorodica L5"": {""total"": 0, ""by_type"": {}}}",3
1409,1,2026-05-03 22:54:58.092061 +00:00,5,0,0,0,0,0,"{""Bogorodica L1"": {""total"": 0, ""by_type"": {}}, ""Bogorodica L2"": {""total"": 0, ""by_type"": {}}, ""Bogorodica L3"": {""total"": 0, ""by_type"": {}}, ""Bogorodica L4"": {""total"": 0, ""by_type"": {}}, ""Bogorodica L5"": {""total"": 0, ""by_type"": {}}}",3
1410,1,2026-05-03 22:59:58.459191 +00:00,5,1,0,0,0,1,"{""Bogorodica L1"": {""total"": 1, ""by_type"": {""truck"": 1}}, ""Bogorodica L2"": {""total"": 0, ""by_type"": {}}, ""Bogorodica L3"": {""total"": 0, ""by_type"": {}}, ""Bogorodica L4"": {""total"": 0, ""by_type"": {}}, ""Bogorodica L5"": {""total"": 0, ""by_type"": {}}}",3
1411,1,2026-05-03 23:04:58.519618 +00:00,5,1,0,0,0,1,"{""Bogorodica L1"": {""total"": 1, ""by_type"": {""truck"": 1}}, ""Bogorodica L2"": {""total"": 0, ""by_type"": {}}, ""Bogorodica L3"": {""total"": 0, ""by_type"": {}}, ""Bogorodica L4"": {""total"": 0, ""by_type"": {}}, ""Bogorodica L5"": {""total"": 0, ""by_type"": {}}}",3
1412,1,2026-05-03 23:09:58.561051 +00:00,5,0,0,0,0,0,"{""Bogorodica L1"": {""total"": 0, ""by_type"": {}}, ""Bogorodica L2"": {""total"": 0, ""by_type"": {}}, ""Bogorodica L3"": {""total"": 0, ""by_type"": {}}, ""Bogorodica L4"": {""total"": 0, ""by_type"": {}}, ""Bogorodica L5"": {""total"": 0, ""by_type"": {}}}",3
1413,1,2026-05-03 23:14:58.915788 +00:00,5,0,0,0,0,0,"{""Bogorodica L1"": {""total"": 0, ""by_type"": {}}, ""Bogorodica L2"": {""total"": 0, ""by_type"": {}}, ""Bogorodica L3"": {""total"": 0, ""by_type"": {}}, ""Bogorodica L4"": {""total"": 0, ""by_type"": {}}, ""Bogorodica L5"": {""total"": 0, ""by_type"": {}}}",3
1414,1,2026-05-03 23:19:59.159199 +00:00,5,0,0,0,0,0,"{""Bogorodica L1"": {""total"": 0, ""by_type"": {}}, ""Bogorodica L2"": {""total"": 0, ""by_type"": {}}, ""Bogorodica L3"": {""total"": 0, ""by_type"": {}}, ""Bogorodica L4"": {""total"": 0, ""by_type"": {}}, ""Bogorodica L5"": {""total"": 0, ""by_type"": {}}}",3
1415,1,2026-05-03 23:24:59.412192 +00:00,5,1,0,0,0,1,"{""Bogorodica L1"": {""total"": 1, ""by_type"": {""truck"": 1}}, ""Bogorodica L2"": {""total"": 0, ""by_type"": {}}, ""Bogorodica L3"": {""total"": 0, ""by_type"": {}}, ""Bogorodica L4"": {""total"": 0, ""by_type"": {}}, ""Bogorodica L5"": {""total"": 0, ""by_type"": {}}}",3
1416,1,2026-05-03 23:29:59.577013 +00:00,5,0,0,0,0,0,"{""Bogorodica L1"": {""total"": 0, ""by_type"": {}}, ""Bogorodica L2"": {""total"": 0, ""by_type"": {}}, ""Bogorodica L3"": {""total"": 0, ""by_type"": {}}, ""Bogorodica L4"": {""total"": 0, ""by_type"": {}}, ""Bogorodica L5"": {""total"": 0, ""by_type"": {}}}",3
1417,1,2026-05-03 23:34:59.946210 +00:00,5,1,0,0,0,1,"{""Bogorodica L1"": {""total"": 1, ""by_type"": {""truck"": 1}}, ""Bogorodica L2"": {""total"": 0, ""by_type"": {}}, ""Bogorodica L3"": {""total"": 0, ""by_type"": {}}, ""Bogorodica L4"": {""total"": 0, ""by_type"": {}}, ""Bogorodica L5"": {""total"": 0, ""by_type"": {}}}",3
1418,1,2026-05-03 23:40:00.111904 +00:00,5,2,0,0,0,2,"{""Bogorodica L1"": {""total"": 2, ""by_type"": {""truck"": 2}}, ""Bogorodica L2"": {""total"": 0, ""by_type"": {}}, ""Bogorodica L3"": {""total"": 0, ""by_type"": {}}, ""Bogorodica L4"": {""total"": 0, ""by_type"": {}}, ""Bogorodica L5"": {""total"": 0, ""by_type"": {}}}",2.5
1419,1,2026-05-03 23:45:00.436764 +00:00,5,0,0,0,0,0,"{""Bogorodica L1"": {""total"": 0, ""by_type"": {}}, ""Bogorodica L2"": {""total"": 0, ""by_type"": {}}, ""Bogorodica L3"": {""total"": 0, ""by_type"": {}}, ""Bogorodica L4"": {""total"": 0, ""by_type"": {}}, ""Bogorodica L5"": {""total"": 0, ""by_type"": {}}}",3
1420,1,2026-05-03 23:50:00.471988 +00:00,5,0,0,0,0,0,"{""Bogorodica L1"": {""total"": 0, ""by_type"": {}}, ""Bogorodica L2"": {""total"": 0, ""by_type"": {}}, ""Bogorodica L3"": {""total"": 0, ""by_type"": {}}, ""Bogorodica L4"": {""total"": 0, ""by_type"": {}}, ""Bogorodica L5"": {""total"": 0, ""by_type"": {}}}",3
1421,1,2026-05-03 23:55:00.544046 +00:00,5,0,0,0,0,0,"{""Bogorodica L1"": {""total"": 0, ""by_type"": {}}, ""Bogorodica L2"": {""total"": 0, ""by_type"": {}}, ""Bogorodica L3"": {""total"": 0, ""by_type"": {}}, ""Bogorodica L4"": {""total"": 0, ""by_type"": {}}, ""Bogorodica L5"": {""total"": 0, ""by_type"": {}}}",3
1422,1,2026-05-04 00:00:00.823152 +00:00,5,0,0,0,0,0,"{""Bogorodica L1"": {""total"": 0, ""by_type"": {}}, ""Bogorodica L2"": {""total"": 0, ""by_type"": {}}, ""Bogorodica L3"": {""total"": 0, ""by_type"": {}}, ""Bogorodica L4"": {""total"": 0, ""by_type"": {}}, ""Bogorodica L5"": {""total"": 0, ""by_type"": {}}}",3
1423,1,2026-05-04 00:05:00.918063 +00:00,5,1,0,0,0,1,"{""Bogorodica L1"": {""total"": 1, ""by_type"": {""truck"": 1}}, ""Bogorodica L2"": {""total"": 0, ""by_type"": {}}, ""Bogorodica L3"": {""total"": 0, ""by_type"": {}}, ""Bogorodica L4"": {""total"": 0, ""by_type"": {}}, ""Bogorodica L5"": {""total"": 0, ""by_type"": {}}}",3
1424,1,2026-05-04 00:10:01.165569 +00:00,5,2,0,0,0,2,"{""Bogorodica L1"": {""total"": 2, ""by_type"": {""truck"": 2}}, ""Bogorodica L2"": {""total"": 0, ""by_type"": {}}, ""Bogorodica L3"": {""total"": 0, ""by_type"": {}}, ""Bogorodica L4"": {""total"": 0, ""by_type"": {}}, ""Bogorodica L5"": {""total"": 0, ""by_type"": {}}}",3
1425,1,2026-05-04 00:15:01.318895 +00:00,5,2,0,0,0,2,"{""Bogorodica L1"": {""total"": 2, ""by_type"": {""truck"": 2}}, ""Bogorodica L2"": {""total"": 0, ""by_type"": {}}, ""Bogorodica L3"": {""total"": 0, ""by_type"": {}}, ""Bogorodica L4"": {""total"": 0, ""by_type"": {}}, ""Bogorodica L5"": {""total"": 0, ""by_type"": {}}}",3
1426,1,2026-05-04 00:20:01.398170 +00:00,5,2,0,0,0,2,"{""Bogorodica L1"": {""total"": 2, ""by_type"": {""truck"": 2}}, ""Bogorodica L2"": {""total"": 0, ""by_type"": {}}, ""Bogorodica L3"": {""total"": 0, ""by_type"": {}}, ""Bogorodica L4"": {""total"": 0, ""by_type"": {}}, ""Bogorodica L5"": {""total"": 0, ""by_type"": {}}}",2.5
1427,1,2026-05-04 00:25:01.704736 +00:00,5,1,0,0,0,1,"{""Bogorodica L1"": {""total"": 1, ""by_type"": {""truck"": 1}}, ""Bogorodica L2"": {""total"": 0, ""by_type"": {}}, ""Bogorodica L3"": {""total"": 0, ""by_type"": {}}, ""Bogorodica L4"": {""total"": 0, ""by_type"": {}}, ""Bogorodica L5"": {""total"": 0, ""by_type"": {}}}",3
1428,1,2026-05-04 00:30:01.943089 +00:00,5,1,0,0,0,1,"{""Bogorodica L1"": {""total"": 1, ""by_type"": {""truck"": 1}}, ""Bogorodica L2"": {""total"": 0, ""by_type"": {}}, ""Bogorodica L3"": {""total"": 0, ""by_type"": {}}, ""Bogorodica L4"": {""total"": 0, ""by_type"": {}}, ""Bogorodica L5"": {""total"": 0, ""by_type"": {}}}",3
1429,1,2026-05-04 00:35:02.116832 +00:00,5,0,0,0,0,0,"{""Bogorodica L1"": {""total"": 0, ""by_type"": {}}, ""Bogorodica L2"": {""total"": 0, ""by_type"": {}}, ""Bogorodica L3"": {""total"": 0, ""by_type"": {}}, ""Bogorodica L4"": {""total"": 0, ""by_type"": {}}, ""Bogorodica L5"": {""total"": 0, ""by_type"": {}}}",3
1430,1,2026-05-04 00:40:02.370878 +00:00,5,1,0,0,0,1,"{""Bogorodica L1"": {""total"": 1, ""by_type"": {""truck"": 1}}, ""Bogorodica L2"": {""total"": 0, ""by_type"": {}}, ""Bogorodica L3"": {""total"": 0, ""by_type"": {}}, ""Bogorodica L4"": {""total"": 0, ""by_type"": {}}, ""Bogorodica L5"": {""total"": 0, ""by_type"": {}}}",3
1431,1,2026-05-04 00:45:02.683614 +00:00,5,1,0,0,0,1,"{""Bogorodica L1"": {""total"": 1, ""by_type"": {""truck"": 1}}, ""Bogorodica L2"": {""total"": 0, ""by_type"": {}}, ""Bogorodica L3"": {""total"": 0, ""by_type"": {}}, ""Bogorodica L4"": {""total"": 0, ""by_type"": {}}, ""Bogorodica L5"": {""total"": 0, ""by_type"": {}}}",2.5
1432,1,2026-05-04 00:50:02.745429 +00:00,5,3,1,0,0,2,"{""Bogorodica L1"": {""total"": 3, ""by_type"": {""car"": 1, ""truck"": 2}}, ""Bogorodica L2"": {""total"": 0, ""by_type"": {}}, ""Bogorodica L3"": {""total"": 0, ""by_type"": {}}, ""Bogorodica L4"": {""total"": 0, ""by_type"": {}}, ""Bogorodica L5"": {""total"": 0, ""by_type"": {}}}",3
1433,1,2026-05-04 00:55:03.064717 +00:00,5,4,0,0,1,3,"{""Bogorodica L1"": {""total"": 3, ""by_type"": {""truck"": 3}}, ""Bogorodica L2"": {""total"": 0, ""by_type"": {}}, ""Bogorodica L3"": {""total"": 0, ""by_type"": {}}, ""Bogorodica L4"": {""total"": 0, ""by_type"": {}}, ""Bogorodica L5"": {""total"": 1, ""by_type"": {""bus"": 1}}}",3
1434,1,2026-05-04 01:00:03.269681 +00:00,5,3,1,0,0,2,"{""Bogorodica L1"": {""total"": 3, ""by_type"": {""car"": 1, ""truck"": 2}}, ""Bogorodica L2"": {""total"": 0, ""by_type"": {}}, ""Bogorodica L3"": {""total"": 0, ""by_type"": {}}, ""Bogorodica L4"": {""total"": 0, ""by_type"": {}}, ""Bogorodica L5"": {""total"": 0, ""by_type"": {}}}",3
1435,1,2026-05-04 01:05:03.512963 +00:00,5,2,0,0,0,2,"{""Bogorodica L1"": {""total"": 2, ""by_type"": {""truck"": 2}}, ""Bogorodica L2"": {""total"": 0, ""by_type"": {}}, ""Bogorodica L3"": {""total"": 0, ""by_type"": {}}, ""Bogorodica L4"": {""total"": 0, ""by_type"": {}}, ""Bogorodica L5"": {""total"": 0, ""by_type"": {}}}",3
1436,1,2026-05-04 01:10:03.726667 +00:00,5,1,0,0,0,1,"{""Bogorodica L1"": {""total"": 1, ""by_type"": {""truck"": 1}}, ""Bogorodica L2"": {""total"": 0, ""by_type"": {}}, ""Bogorodica L3"": {""total"": 0, ""by_type"": {}}, ""Bogorodica L4"": {""total"": 0, ""by_type"": {}}, ""Bogorodica L5"": {""total"": 0, ""by_type"": {}}}",3
1437,1,2026-05-04 01:15:04.047778 +00:00,5,2,0,0,0,2,"{""Bogorodica L1"": {""total"": 2, ""by_type"": {""truck"": 2}}, ""Bogorodica L2"": {""total"": 0, ""by_type"": {}}, ""Bogorodica L3"": {""total"": 0, ""by_type"": {}}, ""Bogorodica L4"": {""total"": 0, ""by_type"": {}}, ""Bogorodica L5"": {""total"": 0, ""by_type"": {}}}",3
1438,1,2026-05-04 01:20:04.246358 +00:00,5,3,0,0,0,3,"{""Bogorodica L1"": {""total"": 3, ""by_type"": {""truck"": 3}}, ""Bogorodica L2"": {""total"": 0, ""by_type"": {}}, ""Bogorodica L3"": {""total"": 0, ""by_type"": {}}, ""Bogorodica L4"": {""total"": 0, ""by_type"": {}}, ""Bogorodica L5"": {""total"": 0, ""by_type"": {}}}",3
1439,1,2026-05-04 01:25:04.359280 +00:00,5,1,0,0,0,1,"{""Bogorodica L1"": {""total"": 1, ""by_type"": {""truck"": 1}}, ""Bogorodica L2"": {""total"": 0, ""by_type"": {}}, ""Bogorodica L3"": {""total"": 0, ""by_type"": {}}, ""Bogorodica L4"": {""total"": 0, ""by_type"": {}}, ""Bogorodica L5"": {""total"": 0, ""by_type"": {}}}",3
1440,1,2026-05-04 01:30:04.401382 +00:00,5,0,0,0,0,0,"{""Bogorodica L1"": {""total"": 0, ""by_type"": {}}, ""Bogorodica L2"": {""total"": 0, ""by_type"": {}}, ""Bogorodica L3"": {""total"": 0, ""by_type"": {}}, ""Bogorodica L4"": {""total"": 0, ""by_type"": {}}, ""Bogorodica L5"": {""total"": 0, ""by_type"": {}}}",3
1441,1,2026-05-04 01:35:04.747804 +00:00,5,2,0,0,0,2,"{""Bogorodica L1"": {""total"": 2, ""by_type"": {""truck"": 2}}, ""Bogorodica L2"": {""total"": 0, ""by_type"": {}}, ""Bogorodica L3"": {""total"": 0, ""by_type"": {}}, ""Bogorodica L4"": {""total"": 0, ""by_type"": {}}, ""Bogorodica L5"": {""total"": 0, ""by_type"": {}}}",2.5
1442,1,2026-05-04 01:40:04.887772 +00:00,5,1,0,0,0,1,"{""Bogorodica L1"": {""total"": 1, ""by_type"": {""truck"": 1}}, ""Bogorodica L2"": {""total"": 0, ""by_type"": {}}, ""Bogorodica L3"": {""total"": 0, ""by_type"": {}}, ""Bogorodica L4"": {""total"": 0, ""by_type"": {}}, ""Bogorodica L5"": {""total"": 0, ""by_type"": {}}}",3
1443,1,2026-05-04 01:45:05.141680 +00:00,5,0,0,0,0,0,"{""Bogorodica L1"": {""total"": 0, ""by_type"": {}}, ""Bogorodica L2"": {""total"": 0, ""by_type"": {}}, ""Bogorodica L3"": {""total"": 0, ""by_type"": {}}, ""Bogorodica L4"": {""total"": 0, ""by_type"": {}}, ""Bogorodica L5"": {""total"": 0, ""by_type"": {}}}",3
1444,1,2026-05-04 01:50:05.365466 +00:00,5,0,0,0,0,0,"{""Bogorodica L1"": {""total"": 0, ""by_type"": {}}, ""Bogorodica L2"": {""total"": 0, ""by_type"": {}}, ""Bogorodica L3"": {""total"": 0, ""by_type"": {}}, ""Bogorodica L4"": {""total"": 0, ""by_type"": {}}, ""Bogorodica L5"": {""total"": 0, ""by_type"": {}}}",3
1445,1,2026-05-04 01:55:05.514119 +00:00,5,0,0,0,0,0,"{""Bogorodica L1"": {""total"": 0, ""by_type"": {}}, ""Bogorodica L2"": {""total"": 0, ""by_type"": {}}, ""Bogorodica L3"": {""total"": 0, ""by_type"": {}}, ""Bogorodica L4"": {""total"": 0, ""by_type"": {}}, ""Bogorodica L5"": {""total"": 0, ""by_type"": {}}}",3
1446,1,2026-05-04 02:00:05.734541 +00:00,5,2,0,0,0,2,"{""Bogorodica L1"": {""total"": 2, ""by_type"": {""truck"": 2}}, ""Bogorodica L2"": {""total"": 0, ""by_type"": {}}, ""Bogorodica L3"": {""total"": 0, ""by_type"": {}}, ""Bogorodica L4"": {""total"": 0, ""by_type"": {}}, ""Bogorodica L5"": {""total"": 0, ""by_type"": {}}}",3
1447,1,2026-05-04 02:05:05.757233 +00:00,5,1,0,0,0,1,"{""Bogorodica L1"": {""total"": 1, ""by_type"": {""truck"": 1}}, ""Bogorodica L2"": {""total"": 0, ""by_type"": {}}, ""Bogorodica L3"": {""total"": 0, ""by_type"": {}}, ""Bogorodica L4"": {""total"": 0, ""by_type"": {}}, ""Bogorodica L5"": {""total"": 0, ""by_type"": {}}}",2.5
1448,1,2026-05-04 02:10:05.973602 +00:00,5,2,0,0,0,2,"{""Bogorodica L1"": {""total"": 2, ""by_type"": {""truck"": 2}}, ""Bogorodica L2"": {""total"": 0, ""by_type"": {}}, ""Bogorodica L3"": {""total"": 0, ""by_type"": {}}, ""Bogorodica L4"": {""total"": 0, ""by_type"": {}}, ""Bogorodica L5"": {""total"": 0, ""by_type"": {}}}",3
1449,1,2026-05-04 02:15:06.349592 +00:00,5,0,0,0,0,0,"{""Bogorodica L1"": {""total"": 0, ""by_type"": {}}, ""Bogorodica L2"": {""total"": 0, ""by_type"": {}}, ""Bogorodica L3"": {""total"": 0, ""by_type"": {}}, ""Bogorodica L4"": {""total"": 0, ""by_type"": {}}, ""Bogorodica L5"": {""total"": 0, ""by_type"": {}}}",3
1450,1,2026-05-04 02:20:06.629436 +00:00,5,1,0,0,1,0,"{""Bogorodica L1"": {""total"": 0, ""by_type"": {}}, ""Bogorodica L2"": {""total"": 1, ""by_type"": {""bus"": 1}}, ""Bogorodica L3"": {""total"": 0, ""by_type"": {}}, ""Bogorodica L4"": {""total"": 0, ""by_type"": {}}, ""Bogorodica L5"": {""total"": 0, ""by_type"": {}}}",3
1451,1,2026-05-04 02:25:07.022240 +00:00,5,1,0,0,1,0,"{""Bogorodica L1"": {""total"": 0, ""by_type"": {}}, ""Bogorodica L2"": {""total"": 1, ""by_type"": {""bus"": 1}}, ""Bogorodica L3"": {""total"": 0, ""by_type"": {}}, ""Bogorodica L4"": {""total"": 0, ""by_type"": {}}, ""Bogorodica L5"": {""total"": 0, ""by_type"": {}}}",3
1452,1,2026-05-04 02:30:07.092132 +00:00,5,1,0,0,1,0,"{""Bogorodica L1"": {""total"": 0, ""by_type"": {}}, ""Bogorodica L2"": {""total"": 1, ""by_type"": {""bus"": 1}}, ""Bogorodica L3"": {""total"": 0, ""by_type"": {}}, ""Bogorodica L4"": {""total"": 0, ""by_type"": {}}, ""Bogorodica L5"": {""total"": 0, ""by_type"": {}}}",3
1453,1,2026-05-04 02:35:07.289165 +00:00,5,1,0,0,0,1,"{""Bogorodica L1"": {""total"": 1, ""by_type"": {""truck"": 1}}, ""Bogorodica L2"": {""total"": 0, ""by_type"": {}}, ""Bogorodica L3"": {""total"": 0, ""by_type"": {}}, ""Bogorodica L4"": {""total"": 0, ""by_type"": {}}, ""Bogorodica L5"": {""total"": 0, ""by_type"": {}}}",3
1454,1,2026-05-04 02:40:07.411946 +00:00,5,1,0,0,0,1,"{""Bogorodica L1"": {""total"": 1, ""by_type"": {""truck"": 1}}, ""Bogorodica L2"": {""total"": 0, ""by_type"": {}}, ""Bogorodica L3"": {""total"": 0, ""by_type"": {}}, ""Bogorodica L4"": {""total"": 0, ""by_type"": {}}, ""Bogorodica L5"": {""total"": 0, ""by_type"": {}}}",3
1455,1,2026-05-04 02:45:07.542670 +00:00,5,3,0,0,0,3,"{""Bogorodica L1"": {""total"": 3, ""by_type"": {""truck"": 3}}, ""Bogorodica L2"": {""total"": 0, ""by_type"": {}}, ""Bogorodica L3"": {""total"": 0, ""by_type"": {}}, ""Bogorodica L4"": {""total"": 0, ""by_type"": {}}, ""Bogorodica L5"": {""total"": 0, ""by_type"": {}}}",3
1456,1,2026-05-04 02:50:07.822966 +00:00,5,2,0,0,0,2,"{""Bogorodica L1"": {""total"": 2, ""by_type"": {""truck"": 2}}, ""Bogorodica L2"": {""total"": 0, ""by_type"": {}}, ""Bogorodica L3"": {""total"": 0, ""by_type"": {}}, ""Bogorodica L4"": {""total"": 0, ""by_type"": {}}, ""Bogorodica L5"": {""total"": 0, ""by_type"": {}}}",3
1457,1,2026-05-04 02:55:07.966656 +00:00,5,2,0,0,0,2,"{""Bogorodica L1"": {""total"": 2, ""by_type"": {""truck"": 2}}, ""Bogorodica L2"": {""total"": 0, ""by_type"": {}}, ""Bogorodica L3"": {""total"": 0, ""by_type"": {}}, ""Bogorodica L4"": {""total"": 0, ""by_type"": {}}, ""Bogorodica L5"": {""total"": 0, ""by_type"": {}}}",3
1458,1,2026-05-04 03:00:08.341000 +00:00,5,2,0,0,0,2,"{""Bogorodica L1"": {""total"": 2, ""by_type"": {""truck"": 2}}, ""Bogorodica L2"": {""total"": 0, ""by_type"": {}}, ""Bogorodica L3"": {""total"": 0, ""by_type"": {}}, ""Bogorodica L4"": {""total"": 0, ""by_type"": {}}, ""Bogorodica L5"": {""total"": 0, ""by_type"": {}}}",3
1459,1,2026-05-04 03:05:08.396203 +00:00,5,2,0,0,0,2,"{""Bogorodica L1"": {""total"": 2, ""by_type"": {""truck"": 2}}, ""Bogorodica L2"": {""total"": 0, ""by_type"": {}}, ""Bogorodica L3"": {""total"": 0, ""by_type"": {}}, ""Bogorodica L4"": {""total"": 0, ""by_type"": {}}, ""Bogorodica L5"": {""total"": 0, ""by_type"": {}}}",3
1460,1,2026-05-04 03:10:08.550076 +00:00,5,3,0,0,0,3,"{""Bogorodica L1"": {""total"": 3, ""by_type"": {""truck"": 3}}, ""Bogorodica L2"": {""total"": 0, ""by_type"": {}}, ""Bogorodica L3"": {""total"": 0, ""by_type"": {}}, ""Bogorodica L4"": {""total"": 0, ""by_type"": {}}, ""Bogorodica L5"": {""total"": 0, ""by_type"": {}}}",3
1461,1,2026-05-04 03:15:08.871033 +00:00,5,4,0,0,0,4,"{""Bogorodica L1"": {""total"": 4, ""by_type"": {""truck"": 4}}, ""Bogorodica L2"": {""total"": 0, ""by_type"": {}}, ""Bogorodica L3"": {""total"": 0, ""by_type"": {}}, ""Bogorodica L4"": {""total"": 0, ""by_type"": {}}, ""Bogorodica L5"": {""total"": 0, ""by_type"": {}}}",2.5
1462,1,2026-05-04 03:20:09.141129 +00:00,5,4,0,0,0,4,"{""Bogorodica L1"": {""total"": 4, ""by_type"": {""truck"": 4}}, ""Bogorodica L2"": {""total"": 0, ""by_type"": {}}, ""Bogorodica L3"": {""total"": 0, ""by_type"": {}}, ""Bogorodica L4"": {""total"": 0, ""by_type"": {}}, ""Bogorodica L5"": {""total"": 0, ""by_type"": {}}}",3
1463,1,2026-05-04 03:25:09.373218 +00:00,5,2,0,0,0,2,"{""Bogorodica L1"": {""total"": 2, ""by_type"": {""truck"": 2}}, ""Bogorodica L2"": {""total"": 0, ""by_type"": {}}, ""Bogorodica L3"": {""total"": 0, ""by_type"": {}}, ""Bogorodica L4"": {""total"": 0, ""by_type"": {}}, ""Bogorodica L5"": {""total"": 0, ""by_type"": {}}}",3
1464,1,2026-05-04 03:30:09.538689 +00:00,5,4,1,0,0,3,"{""Bogorodica L1"": {""total"": 3, ""by_type"": {""truck"": 3}}, ""Bogorodica L2"": {""total"": 0, ""by_type"": {}}, ""Bogorodica L3"": {""total"": 0, ""by_type"": {}}, ""Bogorodica L4"": {""total"": 0, ""by_type"": {}}, ""Bogorodica L5"": {""total"": 1, ""by_type"": {""car"": 1}}}",3
1465,1,2026-05-04 03:35:09.689636 +00:00,5,3,0,0,0,3,"{""Bogorodica L1"": {""total"": 3, ""by_type"": {""truck"": 3}}, ""Bogorodica L2"": {""total"": 0, ""by_type"": {}}, ""Bogorodica L3"": {""total"": 0, ""by_type"": {}}, ""Bogorodica L4"": {""total"": 0, ""by_type"": {}}, ""Bogorodica L5"": {""total"": 0, ""by_type"": {}}}",3
1466,1,2026-05-04 03:40:09.936337 +00:00,5,1,0,0,0,1,"{""Bogorodica L1"": {""total"": 1, ""by_type"": {""truck"": 1}}, ""Bogorodica L2"": {""total"": 0, ""by_type"": {}}, ""Bogorodica L3"": {""total"": 0, ""by_type"": {}}, ""Bogorodica L4"": {""total"": 0, ""by_type"": {}}, ""Bogorodica L5"": {""total"": 0, ""by_type"": {}}}",3
1467,1,2026-05-04 03:45:10.106807 +00:00,5,2,0,1,0,1,"{""Bogorodica L1"": {""total"": 2, ""by_type"": {""truck"": 1, ""motorcycle"": 1}}, ""Bogorodica L2"": {""total"": 0, ""by_type"": {}}, ""Bogorodica L3"": {""total"": 0, ""by_type"": {}}, ""Bogorodica L4"": {""total"": 0, ""by_type"": {}}, ""Bogorodica L5"": {""total"": 0, ""by_type"": {}}}",2.5
1468,1,2026-05-04 03:50:10.351862 +00:00,5,3,0,0,0,3,"{""Bogorodica L1"": {""total"": 3, ""by_type"": {""truck"": 3}}, ""Bogorodica L2"": {""total"": 0, ""by_type"": {}}, ""Bogorodica L3"": {""total"": 0, ""by_type"": {}}, ""Bogorodica L4"": {""total"": 0, ""by_type"": {}}, ""Bogorodica L5"": {""total"": 0, ""by_type"": {}}}",3
1469,1,2026-05-04 03:55:10.433993 +00:00,5,2,0,0,0,2,"{""Bogorodica L1"": {""total"": 2, ""by_type"": {""truck"": 2}}, ""Bogorodica L2"": {""total"": 0, ""by_type"": {}}, ""Bogorodica L3"": {""total"": 0, ""by_type"": {}}, ""Bogorodica L4"": {""total"": 0, ""by_type"": {}}, ""Bogorodica L5"": {""total"": 0, ""by_type"": {}}}",3
1470,1,2026-05-04 04:00:10.541620 +00:00,5,3,0,0,0,3,"{""Bogorodica L1"": {""total"": 3, ""by_type"": {""truck"": 3}}, ""Bogorodica L2"": {""total"": 0, ""by_type"": {}}, ""Bogorodica L3"": {""total"": 0, ""by_type"": {}}, ""Bogorodica L4"": {""total"": 0, ""by_type"": {}}, ""Bogorodica L5"": {""total"": 0, ""by_type"": {}}}",3
1471,1,2026-05-04 04:05:10.557781 +00:00,5,3,0,0,0,3,"{""Bogorodica L1"": {""total"": 3, ""by_type"": {""truck"": 3}}, ""Bogorodica L2"": {""total"": 0, ""by_type"": {}}, ""Bogorodica L3"": {""total"": 0, ""by_type"": {}}, ""Bogorodica L4"": {""total"": 0, ""by_type"": {}}, ""Bogorodica L5"": {""total"": 0, ""by_type"": {}}}",3
1472,1,2026-05-04 04:10:10.635881 +00:00,5,1,0,0,1,0,"{""Bogorodica L1"": {""total"": 0, ""by_type"": {}}, ""Bogorodica L2"": {""total"": 1, ""by_type"": {""bus"": 1}}, ""Bogorodica L3"": {""total"": 0, ""by_type"": {}}, ""Bogorodica L4"": {""total"": 0, ""by_type"": {}}, ""Bogorodica L5"": {""total"": 0, ""by_type"": {}}}",3
1473,1,2026-05-04 04:15:10.990279 +00:00,5,3,0,0,1,2,"{""Bogorodica L1"": {""total"": 2, ""by_type"": {""truck"": 2}}, ""Bogorodica L2"": {""total"": 1, ""by_type"": {""bus"": 1}}, ""Bogorodica L3"": {""total"": 0, ""by_type"": {}}, ""Bogorodica L4"": {""total"": 0, ""by_type"": {}}, ""Bogorodica L5"": {""total"": 0, ""by_type"": {}}}",3
1474,1,2026-05-04 04:20:11.061130 +00:00,5,3,0,0,0,3,"{""Bogorodica L1"": {""total"": 3, ""by_type"": {""truck"": 3}}, ""Bogorodica L2"": {""total"": 0, ""by_type"": {}}, ""Bogorodica L3"": {""total"": 0, ""by_type"": {}}, ""Bogorodica L4"": {""total"": 0, ""by_type"": {}}, ""Bogorodica L5"": {""total"": 0, ""by_type"": {}}}",2.5
1475,1,2026-05-04 04:25:11.289409 +00:00,5,0,0,0,0,0,"{""Bogorodica L1"": {""total"": 0, ""by_type"": {}}, ""Bogorodica L2"": {""total"": 0, ""by_type"": {}}, ""Bogorodica L3"": {""total"": 0, ""by_type"": {}}, ""Bogorodica L4"": {""total"": 0, ""by_type"": {}}, ""Bogorodica L5"": {""total"": 0, ""by_type"": {}}}",3
1476,1,2026-05-04 04:30:11.438729 +00:00,5,2,0,0,0,2,"{""Bogorodica L1"": {""total"": 2, ""by_type"": {""truck"": 2}}, ""Bogorodica L2"": {""total"": 0, ""by_type"": {}}, ""Bogorodica L3"": {""total"": 0, ""by_type"": {}}, ""Bogorodica L4"": {""total"": 0, ""by_type"": {}}, ""Bogorodica L5"": {""total"": 0, ""by_type"": {}}}",3
1477,1,2026-05-04 04:35:11.607097 +00:00,5,3,1,0,1,1,"{""Bogorodica L1"": {""total"": 2, ""by_type"": {""car"": 1, ""truck"": 1}}, ""Bogorodica L2"": {""total"": 1, ""by_type"": {""bus"": 1}}, ""Bogorodica L3"": {""total"": 0, ""by_type"": {}}, ""Bogorodica L4"": {""total"": 0, ""by_type"": {}}, ""Bogorodica L5"": {""total"": 0, ""by_type"": {}}}",3
1478,1,2026-05-04 04:40:11.748850 +00:00,5,2,0,0,0,2,"{""Bogorodica L1"": {""total"": 2, ""by_type"": {""truck"": 2}}, ""Bogorodica L2"": {""total"": 0, ""by_type"": {}}, ""Bogorodica L3"": {""total"": 0, ""by_type"": {}}, ""Bogorodica L4"": {""total"": 0, ""by_type"": {}}, ""Bogorodica L5"": {""total"": 0, ""by_type"": {}}}",3
1479,1,2026-05-04 04:45:12.039552 +00:00,5,0,0,0,0,0,"{""Bogorodica L1"": {""total"": 0, ""by_type"": {}}, ""Bogorodica L2"": {""total"": 0, ""by_type"": {}}, ""Bogorodica L3"": {""total"": 0, ""by_type"": {}}, ""Bogorodica L4"": {""total"": 0, ""by_type"": {}}, ""Bogorodica L5"": {""total"": 0, ""by_type"": {}}}",3
1480,1,2026-05-04 04:50:12.317866 +00:00,5,2,0,0,0,2,"{""Bogorodica L1"": {""total"": 2, ""by_type"": {""truck"": 2}}, ""Bogorodica L2"": {""total"": 0, ""by_type"": {}}, ""Bogorodica L3"": {""total"": 0, ""by_type"": {}}, ""Bogorodica L4"": {""total"": 0, ""by_type"": {}}, ""Bogorodica L5"": {""total"": 0, ""by_type"": {}}}",3
1481,1,2026-05-04 04:55:12.659584 +00:00,5,4,0,0,0,4,"{""Bogorodica L1"": {""total"": 4, ""by_type"": {""truck"": 4}}, ""Bogorodica L2"": {""total"": 0, ""by_type"": {}}, ""Bogorodica L3"": {""total"": 0, ""by_type"": {}}, ""Bogorodica L4"": {""total"": 0, ""by_type"": {}}, ""Bogorodica L5"": {""total"": 0, ""by_type"": {}}}",3
1482,1,2026-05-04 05:00:12.725144 +00:00,5,2,0,0,0,2,"{""Bogorodica L1"": {""total"": 2, ""by_type"": {""truck"": 2}}, ""Bogorodica L2"": {""total"": 0, ""by_type"": {}}, ""Bogorodica L3"": {""total"": 0, ""by_type"": {}}, ""Bogorodica L4"": {""total"": 0, ""by_type"": {}}, ""Bogorodica L5"": {""total"": 0, ""by_type"": {}}}",3
1483,1,2026-05-04 05:05:12.942748 +00:00,5,1,1,0,0,0,"{""Bogorodica L1"": {""total"": 0, ""by_type"": {}}, ""Bogorodica L2"": {""total"": 0, ""by_type"": {}}, ""Bogorodica L3"": {""total"": 0, ""by_type"": {}}, ""Bogorodica L4"": {""total"": 0, ""by_type"": {}}, ""Bogorodica L5"": {""total"": 1, ""by_type"": {""car"": 1}}}",3
1484,1,2026-05-04 05:10:12.978832 +00:00,5,4,0,0,0,4,"{""Bogorodica L1"": {""total"": 4, ""by_type"": {""truck"": 4}}, ""Bogorodica L2"": {""total"": 0, ""by_type"": {}}, ""Bogorodica L3"": {""total"": 0, ""by_type"": {}}, ""Bogorodica L4"": {""total"": 0, ""by_type"": {}}, ""Bogorodica L5"": {""total"": 0, ""by_type"": {}}}",3
1485,1,2026-05-04 05:15:13.030881 +00:00,5,3,0,0,0,3,"{""Bogorodica L1"": {""total"": 3, ""by_type"": {""truck"": 3}}, ""Bogorodica L2"": {""total"": 0, ""by_type"": {}}, ""Bogorodica L3"": {""total"": 0, ""by_type"": {}}, ""Bogorodica L4"": {""total"": 0, ""by_type"": {}}, ""Bogorodica L5"": {""total"": 0, ""by_type"": {}}}",3
1486,1,2026-05-04 05:20:13.191001 +00:00,5,4,0,0,1,3,"{""Bogorodica L1"": {""total"": 4, ""by_type"": {""bus"": 1, ""truck"": 3}}, ""Bogorodica L2"": {""total"": 0, ""by_type"": {}}, ""Bogorodica L3"": {""total"": 0, ""by_type"": {}}, ""Bogorodica L4"": {""total"": 0, ""by_type"": {}}, ""Bogorodica L5"": {""total"": 0, ""by_type"": {}}}",3
1487,1,2026-05-04 05:25:13.220922 +00:00,5,1,0,0,1,0,"{""Bogorodica L1"": {""total"": 0, ""by_type"": {}}, ""Bogorodica L2"": {""total"": 1, ""by_type"": {""bus"": 1}}, ""Bogorodica L3"": {""total"": 0, ""by_type"": {}}, ""Bogorodica L4"": {""total"": 0, ""by_type"": {}}, ""Bogorodica L5"": {""total"": 0, ""by_type"": {}}}",3
1488,1,2026-05-04 05:30:13.304485 +00:00,5,2,0,0,2,0,"{""Bogorodica L1"": {""total"": 0, ""by_type"": {}}, ""Bogorodica L2"": {""total"": 2, ""by_type"": {""bus"": 2}}, ""Bogorodica L3"": {""total"": 0, ""by_type"": {}}, ""Bogorodica L4"": {""total"": 0, ""by_type"": {}}, ""Bogorodica L5"": {""total"": 0, ""by_type"": {}}}",3
1489,1,2026-05-04 05:35:13.470060 +00:00,5,4,0,0,3,1,"{""Bogorodica L1"": {""total"": 2, ""by_type"": {""bus"": 1, ""truck"": 1}}, ""Bogorodica L2"": {""total"": 2, ""by_type"": {""bus"": 2}}, ""Bogorodica L3"": {""total"": 0, ""by_type"": {}}, ""Bogorodica L4"": {""total"": 0, ""by_type"": {}}, ""Bogorodica L5"": {""total"": 0, ""by_type"": {}}}",3
1490,1,2026-05-04 05:40:13.581463 +00:00,5,3,0,0,3,0,"{""Bogorodica L1"": {""total"": 1, ""by_type"": {""bus"": 1}}, ""Bogorodica L2"": {""total"": 2, ""by_type"": {""bus"": 2}}, ""Bogorodica L3"": {""total"": 0, ""by_type"": {}}, ""Bogorodica L4"": {""total"": 0, ""by_type"": {}}, ""Bogorodica L5"": {""total"": 0, ""by_type"": {}}}",3
1491,1,2026-05-04 05:45:13.583515 +00:00,5,3,0,0,3,0,"{""Bogorodica L1"": {""total"": 2, ""by_type"": {""bus"": 2}}, ""Bogorodica L2"": {""total"": 1, ""by_type"": {""bus"": 1}}, ""Bogorodica L3"": {""total"": 0, ""by_type"": {}}, ""Bogorodica L4"": {""total"": 0, ""by_type"": {}}, ""Bogorodica L5"": {""total"": 0, ""by_type"": {}}}",3
1492,1,2026-05-04 05:50:13.833439 +00:00,5,3,0,0,1,2,"{""Bogorodica L1"": {""total"": 2, ""by_type"": {""truck"": 2}}, ""Bogorodica L2"": {""total"": 1, ""by_type"": {""bus"": 1}}, ""Bogorodica L3"": {""total"": 0, ""by_type"": {}}, ""Bogorodica L4"": {""total"": 0, ""by_type"": {}}, ""Bogorodica L5"": {""total"": 0, ""by_type"": {}}}",3
1493,1,2026-05-04 05:55:13.986135 +00:00,5,4,0,0,1,3,"{""Bogorodica L1"": {""total"": 3, ""by_type"": {""truck"": 3}}, ""Bogorodica L2"": {""total"": 1, ""by_type"": {""bus"": 1}}, ""Bogorodica L3"": {""total"": 0, ""by_type"": {}}, ""Bogorodica L4"": {""total"": 0, ""by_type"": {}}, ""Bogorodica L5"": {""total"": 0, ""by_type"": {}}}",3
1494,1,2026-05-04 06:00:14.122701 +00:00,5,2,0,0,1,1,"{""Bogorodica L1"": {""total"": 1, ""by_type"": {""truck"": 1}}, ""Bogorodica L2"": {""total"": 1, ""by_type"": {""bus"": 1}}, ""Bogorodica L3"": {""total"": 0, ""by_type"": {}}, ""Bogorodica L4"": {""total"": 0, ""by_type"": {}}, ""Bogorodica L5"": {""total"": 0, ""by_type"": {}}}",1.5
1495,1,2026-05-04 06:05:14.524726 +00:00,5,3,0,0,0,3,"{""Bogorodica L1"": {""total"": 3, ""by_type"": {""truck"": 3}}, ""Bogorodica L2"": {""total"": 0, ""by_type"": {}}, ""Bogorodica L3"": {""total"": 0, ""by_type"": {}}, ""Bogorodica L4"": {""total"": 0, ""by_type"": {}}, ""Bogorodica L5"": {""total"": 0, ""by_type"": {}}}",2
1496,1,2026-05-04 06:10:14.821507 +00:00,5,4,0,0,0,4,"{""Bogorodica L1"": {""total"": 3, ""by_type"": {""truck"": 3}}, ""Bogorodica L2"": {""total"": 1, ""by_type"": {""truck"": 1}}, ""Bogorodica L3"": {""total"": 0, ""by_type"": {}}, ""Bogorodica L4"": {""total"": 0, ""by_type"": {}}, ""Bogorodica L5"": {""total"": 0, ""by_type"": {}}}",0.5
1497,1,2026-05-04 06:15:14.856775 +00:00,5,3,0,0,0,3,"{""Bogorodica L1"": {""total"": 3, ""by_type"": {""truck"": 3}}, ""Bogorodica L2"": {""total"": 0, ""by_type"": {}}, ""Bogorodica L3"": {""total"": 0, ""by_type"": {}}, ""Bogorodica L4"": {""total"": 0, ""by_type"": {}}, ""Bogorodica L5"": {""total"": 0, ""by_type"": {}}}",2.5
1498,1,2026-05-04 06:20:15.097937 +00:00,5,2,0,0,0,2,"{""Bogorodica L1"": {""total"": 2, ""by_type"": {""truck"": 2}}, ""Bogorodica L2"": {""total"": 0, ""by_type"": {}}, ""Bogorodica L3"": {""total"": 0, ""by_type"": {}}, ""Bogorodica L4"": {""total"": 0, ""by_type"": {}}, ""Bogorodica L5"": {""total"": 0, ""by_type"": {}}}",2.5
1499,1,2026-05-04 06:25:15.274223 +00:00,5,1,0,0,0,1,"{""Bogorodica L1"": {""total"": 1, ""by_type"": {""truck"": 1}}, ""Bogorodica L2"": {""total"": 0, ""by_type"": {}}, ""Bogorodica L3"": {""total"": 0, ""by_type"": {}}, ""Bogorodica L4"": {""total"": 0, ""by_type"": {}}, ""Bogorodica L5"": {""total"": 0, ""by_type"": {}}}",2.5
1500,1,2026-05-04 06:30:15.348598 +00:00,5,1,0,0,0,1,"{""Bogorodica L1"": {""total"": 1, ""by_type"": {""truck"": 1}}, ""Bogorodica L2"": {""total"": 0, ""by_type"": {}}, ""Bogorodica L3"": {""total"": 0, ""by_type"": {}}, ""Bogorodica L4"": {""total"": 0, ""by_type"": {}}, ""Bogorodica L5"": {""total"": 0, ""by_type"": {}}}",2.5
1501,1,2026-05-04 06:35:15.523587 +00:00,5,5,0,0,0,5,"{""Bogorodica L1"": {""total"": 5, ""by_type"": {""truck"": 5}}, ""Bogorodica L2"": {""total"": 0, ""by_type"": {}}, ""Bogorodica L3"": {""total"": 0, ""by_type"": {}}, ""Bogorodica L4"": {""total"": 0, ""by_type"": {}}, ""Bogorodica L5"": {""total"": 0, ""by_type"": {}}}",2.5
1502,1,2026-05-04 06:40:15.982280 +00:00,5,5,0,0,0,5,"{""Bogorodica L1"": {""total"": 5, ""by_type"": {""truck"": 5}}, ""Bogorodica L2"": {""total"": 0, ""by_type"": {}}, ""Bogorodica L3"": {""total"": 0, ""by_type"": {}}, ""Bogorodica L4"": {""total"": 0, ""by_type"": {}}, ""Bogorodica L5"": {""total"": 0, ""by_type"": {}}}",2.5
1503,1,2026-05-04 06:45:16.039403 +00:00,5,6,1,0,0,5,"{""Bogorodica L1"": {""total"": 4, ""by_type"": {""truck"": 4}}, ""Bogorodica L2"": {""total"": 0, ""by_type"": {}}, ""Bogorodica L3"": {""total"": 0, ""by_type"": {}}, ""Bogorodica L4"": {""total"": 2, ""by_type"": {""car"": 1, ""truck"": 1}}, ""Bogorodica L5"": {""total"": 0, ""by_type"": {}}}",2.5
1504,1,2026-05-04 06:50:16.402950 +00:00,5,1,0,0,0,1,"{""Bogorodica L1"": {""total"": 1, ""by_type"": {""truck"": 1}}, ""Bogorodica L2"": {""total"": 0, ""by_type"": {}}, ""Bogorodica L3"": {""total"": 0, ""by_type"": {}}, ""Bogorodica L4"": {""total"": 0, ""by_type"": {}}, ""Bogorodica L5"": {""total"": 0, ""by_type"": {}}}",3
1505,1,2026-05-04 06:55:16.591327 +00:00,5,3,0,0,1,2,"{""Bogorodica L1"": {""total"": 2, ""by_type"": {""truck"": 2}}, ""Bogorodica L2"": {""total"": 1, ""by_type"": {""bus"": 1}}, ""Bogorodica L3"": {""total"": 0, ""by_type"": {}}, ""Bogorodica L4"": {""total"": 0, ""by_type"": {}}, ""Bogorodica L5"": {""total"": 0, ""by_type"": {}}}",2.5
1506,1,2026-05-04 07:00:16.636619 +00:00,5,0,0,0,0,0,"{""Bogorodica L1"": {""total"": 0, ""by_type"": {}}, ""Bogorodica L2"": {""total"": 0, ""by_type"": {}}, ""Bogorodica L3"": {""total"": 0, ""by_type"": {}}, ""Bogorodica L4"": {""total"": 0, ""by_type"": {}}, ""Bogorodica L5"": {""total"": 0, ""by_type"": {}}}",3
1507,1,2026-05-04 07:05:16.954416 +00:00,5,0,0,0,0,0,"{""Bogorodica L1"": {""total"": 0, ""by_type"": {}}, ""Bogorodica L2"": {""total"": 0, ""by_type"": {}}, ""Bogorodica L3"": {""total"": 0, ""by_type"": {}}, ""Bogorodica L4"": {""total"": 0, ""by_type"": {}}, ""Bogorodica L5"": {""total"": 0, ""by_type"": {}}}",3
1508,1,2026-05-04 07:10:17.023092 +00:00,5,1,0,0,0,1,"{""Bogorodica L1"": {""total"": 1, ""by_type"": {""truck"": 1}}, ""Bogorodica L2"": {""total"": 0, ""by_type"": {}}, ""Bogorodica L3"": {""total"": 0, ""by_type"": {}}, ""Bogorodica L4"": {""total"": 0, ""by_type"": {}}, ""Bogorodica L5"": {""total"": 0, ""by_type"": {}}}",3
1509,1,2026-05-04 07:15:17.103118 +00:00,5,1,1,0,0,0,"{""Bogorodica L1"": {""total"": 0, ""by_type"": {}}, ""Bogorodica L2"": {""total"": 0, ""by_type"": {}}, ""Bogorodica L3"": {""total"": 0, ""by_type"": {}}, ""Bogorodica L4"": {""total"": 0, ""by_type"": {}}, ""Bogorodica L5"": {""total"": 1, ""by_type"": {""car"": 1}}}",3
1510,1,2026-05-04 07:20:17.268471 +00:00,5,0,0,0,0,0,"{""Bogorodica L1"": {""total"": 0, ""by_type"": {}}, ""Bogorodica L2"": {""total"": 0, ""by_type"": {}}, ""Bogorodica L3"": {""total"": 0, ""by_type"": {}}, ""Bogorodica L4"": {""total"": 0, ""by_type"": {}}, ""Bogorodica L5"": {""total"": 0, ""by_type"": {}}}",3
1511,1,2026-05-04 07:25:17.559897 +00:00,5,0,0,0,0,0,"{""Bogorodica L1"": {""total"": 0, ""by_type"": {}}, ""Bogorodica L2"": {""total"": 0, ""by_type"": {}}, ""Bogorodica L3"": {""total"": 0, ""by_type"": {}}, ""Bogorodica L4"": {""total"": 0, ""by_type"": {}}, ""Bogorodica L5"": {""total"": 0, ""by_type"": {}}}",2.5
1512,1,2026-05-04 07:30:17.677776 +00:00,5,0,0,0,0,0,"{""Bogorodica L1"": {""total"": 0, ""by_type"": {}}, ""Bogorodica L2"": {""total"": 0, ""by_type"": {}}, ""Bogorodica L3"": {""total"": 0, ""by_type"": {}}, ""Bogorodica L4"": {""total"": 0, ""by_type"": {}}, ""Bogorodica L5"": {""total"": 0, ""by_type"": {}}}",3
1513,1,2026-05-04 07:35:17.824010 +00:00,5,3,1,0,0,2,"{""Bogorodica L1"": {""total"": 2, ""by_type"": {""truck"": 2}}, ""Bogorodica L2"": {""total"": 0, ""by_type"": {}}, ""Bogorodica L3"": {""total"": 0, ""by_type"": {}}, ""Bogorodica L4"": {""total"": 0, ""by_type"": {}}, ""Bogorodica L5"": {""total"": 1, ""by_type"": {""car"": 1}}}",2.5
1514,1,2026-05-04 07:40:18.153864 +00:00,5,1,0,0,0,1,"{""Bogorodica L1"": {""total"": 1, ""by_type"": {""truck"": 1}}, ""Bogorodica L2"": {""total"": 0, ""by_type"": {}}, ""Bogorodica L3"": {""total"": 0, ""by_type"": {}}, ""Bogorodica L4"": {""total"": 0, ""by_type"": {}}, ""Bogorodica L5"": {""total"": 0, ""by_type"": {}}}",2.5
1515,1,2026-05-04 07:45:19.560140 +00:00,5,0,0,0,0,0,"{""Bogorodica L1"": {""total"": 0, ""by_type"": {}}, ""Bogorodica L2"": {""total"": 0, ""by_type"": {}}, ""Bogorodica L3"": {""total"": 0, ""by_type"": {}}, ""Bogorodica L4"": {""total"": 0, ""by_type"": {}}, ""Bogorodica L5"": {""total"": 0, ""by_type"": {}}}",0.5
1516,1,2026-05-04 07:50:19.991570 +00:00,5,1,1,0,0,0,"{""Bogorodica L1"": {""total"": 0, ""by_type"": {}}, ""Bogorodica L2"": {""total"": 0, ""by_type"": {}}, ""Bogorodica L3"": {""total"": 0, ""by_type"": {}}, ""Bogorodica L4"": {""total"": 0, ""by_type"": {}}, ""Bogorodica L5"": {""total"": 1, ""by_type"": {""car"": 1}}}",2
1517,1,2026-05-04 07:55:20.110671 +00:00,5,0,0,0,0,0,"{""Bogorodica L1"": {""total"": 0, ""by_type"": {}}, ""Bogorodica L2"": {""total"": 0, ""by_type"": {}}, ""Bogorodica L3"": {""total"": 0, ""by_type"": {}}, ""Bogorodica L4"": {""total"": 0, ""by_type"": {}}, ""Bogorodica L5"": {""total"": 0, ""by_type"": {}}}",2.5
1518,1,2026-05-04 08:00:44.397908 +00:00,5,1,1,0,0,0,"{""Bogorodica L1"": {""total"": 0, ""by_type"": {}}, ""Bogorodica L2"": {""total"": 0, ""by_type"": {}}, ""Bogorodica L3"": {""total"": 0, ""by_type"": {}}, ""Bogorodica L4"": {""total"": 0, ""by_type"": {}}, ""Bogorodica L5"": {""total"": 1, ""by_type"": {""car"": 1}}}",1
1519,1,2026-05-04 08:05:45.521777 +00:00,5,3,1,0,0,2,"{""Bogorodica L1"": {""total"": 2, ""by_type"": {""truck"": 2}}, ""Bogorodica L2"": {""total"": 0, ""by_type"": {}}, ""Bogorodica L3"": {""total"": 0, ""by_type"": {}}, ""Bogorodica L4"": {""total"": 0, ""by_type"": {}}, ""Bogorodica L5"": {""total"": 1, ""by_type"": {""car"": 1}}}",1.5
1520,1,2026-05-04 08:10:46.040294 +00:00,5,2,1,0,1,0,"{""Bogorodica L1"": {""total"": 1, ""by_type"": {""bus"": 1}}, ""Bogorodica L2"": {""total"": 0, ""by_type"": {}}, ""Bogorodica L3"": {""total"": 0, ""by_type"": {}}, ""Bogorodica L4"": {""total"": 0, ""by_type"": {}}, ""Bogorodica L5"": {""total"": 1, ""by_type"": {""car"": 1}}}",2.5
1521,1,2026-05-04 08:15:46.479276 +00:00,5,1,0,0,0,1,"{""Bogorodica L1"": {""total"": 1, ""by_type"": {""truck"": 1}}, ""Bogorodica L2"": {""total"": 0, ""by_type"": {}}, ""Bogorodica L3"": {""total"": 0, ""by_type"": {}}, ""Bogorodica L4"": {""total"": 0, ""by_type"": {}}, ""Bogorodica L5"": {""total"": 0, ""by_type"": {}}}",2.5
1522,1,2026-05-04 08:20:46.818990 +00:00,5,1,1,0,0,0,"{""Bogorodica L1"": {""total"": 0, ""by_type"": {}}, ""Bogorodica L2"": {""total"": 0, ""by_type"": {}}, ""Bogorodica L3"": {""total"": 0, ""by_type"": {}}, ""Bogorodica L4"": {""total"": 0, ""by_type"": {}}, ""Bogorodica L5"": {""total"": 1, ""by_type"": {""car"": 1}}}",3
1523,1,2026-05-04 08:25:46.994012 +00:00,5,2,0,0,2,0,"{""Bogorodica L1"": {""total"": 0, ""by_type"": {}}, ""Bogorodica L2"": {""total"": 2, ""by_type"": {""bus"": 2}}, ""Bogorodica L3"": {""total"": 0, ""by_type"": {}}, ""Bogorodica L4"": {""total"": 0, ""by_type"": {}}, ""Bogorodica L5"": {""total"": 0, ""by_type"": {}}}",2
1524,1,2026-05-04 08:30:47.238388 +00:00,5,1,1,0,0,0,"{""Bogorodica L1"": {""total"": 0, ""by_type"": {}}, ""Bogorodica L2"": {""total"": 1, ""by_type"": {""car"": 1}}, ""Bogorodica L3"": {""total"": 0, ""by_type"": {}}, ""Bogorodica L4"": {""total"": 0, ""by_type"": {}}, ""Bogorodica L5"": {""total"": 0, ""by_type"": {}}}",2.5
1525,1,2026-05-04 08:35:47.268936 +00:00,5,3,2,0,1,0,"{""Bogorodica L1"": {""total"": 0, ""by_type"": {}}, ""Bogorodica L2"": {""total"": 2, ""by_type"": {""bus"": 1, ""car"": 1}}, ""Bogorodica L3"": {""total"": 0, ""by_type"": {}}, ""Bogorodica L4"": {""total"": 0, ""by_type"": {}}, ""Bogorodica L5"": {""total"": 1, ""by_type"": {""car"": 1}}}",2.5
1526,1,2026-05-04 08:40:47.558654 +00:00,5,0,0,0,0,0,"{""Bogorodica L1"": {""total"": 0, ""by_type"": {}}, ""Bogorodica L2"": {""total"": 0, ""by_type"": {}}, ""Bogorodica L3"": {""total"": 0, ""by_type"": {}}, ""Bogorodica L4"": {""total"": 0, ""by_type"": {}}, ""Bogorodica L5"": {""total"": 0, ""by_type"": {}}}",3
1527,1,2026-05-04 08:45:47.693148 +00:00,5,0,0,0,0,0,"{""Bogorodica L1"": {""total"": 0, ""by_type"": {}}, ""Bogorodica L2"": {""total"": 0, ""by_type"": {}}, ""Bogorodica L3"": {""total"": 0, ""by_type"": {}}, ""Bogorodica L4"": {""total"": 0, ""by_type"": {}}, ""Bogorodica L5"": {""total"": 0, ""by_type"": {}}}",3
1528,1,2026-05-04 08:50:48.131237 +00:00,5,1,0,0,0,1,"{""Bogorodica L1"": {""total"": 1, ""by_type"": {""truck"": 1}}, ""Bogorodica L2"": {""total"": 0, ""by_type"": {}}, ""Bogorodica L3"": {""total"": 0, ""by_type"": {}}, ""Bogorodica L4"": {""total"": 0, ""by_type"": {}}, ""Bogorodica L5"": {""total"": 0, ""by_type"": {}}}",2.5
1529,1,2026-05-04 08:55:48.338199 +00:00,5,2,1,0,0,1,"{""Bogorodica L1"": {""total"": 1, ""by_type"": {""truck"": 1}}, ""Bogorodica L2"": {""total"": 0, ""by_type"": {}}, ""Bogorodica L3"": {""total"": 0, ""by_type"": {}}, ""Bogorodica L4"": {""total"": 0, ""by_type"": {}}, ""Bogorodica L5"": {""total"": 1, ""by_type"": {""car"": 1}}}",3
1530,1,2026-05-04 09:00:48.738840 +00:00,5,2,0,0,0,2,"{""Bogorodica L1"": {""total"": 2, ""by_type"": {""truck"": 2}}, ""Bogorodica L2"": {""total"": 0, ""by_type"": {}}, ""Bogorodica L3"": {""total"": 0, ""by_type"": {}}, ""Bogorodica L4"": {""total"": 0, ""by_type"": {}}, ""Bogorodica L5"": {""total"": 0, ""by_type"": {}}}",3
1531,1,2026-05-04 09:05:49.052319 +00:00,5,1,0,0,0,1,"{""Bogorodica L1"": {""total"": 1, ""by_type"": {""truck"": 1}}, ""Bogorodica L2"": {""total"": 0, ""by_type"": {}}, ""Bogorodica L3"": {""total"": 0, ""by_type"": {}}, ""Bogorodica L4"": {""total"": 0, ""by_type"": {}}, ""Bogorodica L5"": {""total"": 0, ""by_type"": {}}}",3
1532,1,2026-05-04 09:10:49.205156 +00:00,5,1,0,0,0,1,"{""Bogorodica L1"": {""total"": 1, ""by_type"": {""truck"": 1}}, ""Bogorodica L2"": {""total"": 0, ""by_type"": {}}, ""Bogorodica L3"": {""total"": 0, ""by_type"": {}}, ""Bogorodica L4"": {""total"": 0, ""by_type"": {}}, ""Bogorodica L5"": {""total"": 0, ""by_type"": {}}}",3
1533,1,2026-05-04 09:15:49.747596 +00:00,5,2,1,0,0,1,"{""Bogorodica L1"": {""total"": 1, ""by_type"": {""truck"": 1}}, ""Bogorodica L2"": {""total"": 0, ""by_type"": {}}, ""Bogorodica L3"": {""total"": 0, ""by_type"": {}}, ""Bogorodica L4"": {""total"": 0, ""by_type"": {}}, ""Bogorodica L5"": {""total"": 1, ""by_type"": {""car"": 1}}}",2
1534,1,2026-05-04 09:20:49.931789 +00:00,5,0,0,0,0,0,"{""Bogorodica L1"": {""total"": 0, ""by_type"": {}}, ""Bogorodica L2"": {""total"": 0, ""by_type"": {}}, ""Bogorodica L3"": {""total"": 0, ""by_type"": {}}, ""Bogorodica L4"": {""total"": 0, ""by_type"": {}}, ""Bogorodica L5"": {""total"": 0, ""by_type"": {}}}",1.5
1535,1,2026-05-04 09:25:50.224350 +00:00,5,4,1,0,0,3,"{""Bogorodica L1"": {""total"": 3, ""by_type"": {""truck"": 3}}, ""Bogorodica L2"": {""total"": 0, ""by_type"": {}}, ""Bogorodica L3"": {""total"": 0, ""by_type"": {}}, ""Bogorodica L4"": {""total"": 1, ""by_type"": {""car"": 1}}, ""Bogorodica L5"": {""total"": 0, ""by_type"": {}}}",3
1536,1,2026-05-04 09:30:50.789071 +00:00,5,0,0,0,0,0,"{""Bogorodica L1"": {""total"": 0, ""by_type"": {}}, ""Bogorodica L2"": {""total"": 0, ""by_type"": {}}, ""Bogorodica L3"": {""total"": 0, ""by_type"": {}}, ""Bogorodica L4"": {""total"": 0, ""by_type"": {}}, ""Bogorodica L5"": {""total"": 0, ""by_type"": {}}}",1
1537,1,2026-05-04 09:35:51.223623 +00:00,5,0,0,0,0,0,"{""Bogorodica L1"": {""total"": 0, ""by_type"": {}}, ""Bogorodica L2"": {""total"": 0, ""by_type"": {}}, ""Bogorodica L3"": {""total"": 0, ""by_type"": {}}, ""Bogorodica L4"": {""total"": 0, ""by_type"": {}}, ""Bogorodica L5"": {""total"": 0, ""by_type"": {}}}",2.5
1538,1,2026-05-04 09:40:51.467113 +00:00,5,0,0,0,0,0,"{""Bogorodica L1"": {""total"": 0, ""by_type"": {}}, ""Bogorodica L2"": {""total"": 0, ""by_type"": {}}, ""Bogorodica L3"": {""total"": 0, ""by_type"": {}}, ""Bogorodica L4"": {""total"": 0, ""by_type"": {}}, ""Bogorodica L5"": {""total"": 0, ""by_type"": {}}}",2.5
1539,1,2026-05-04 09:45:51.481823 +00:00,5,3,3,0,0,0,"{""Bogorodica L1"": {""total"": 0, ""by_type"": {}}, ""Bogorodica L2"": {""total"": 0, ""by_type"": {}}, ""Bogorodica L3"": {""total"": 0, ""by_type"": {}}, ""Bogorodica L4"": {""total"": 0, ""by_type"": {}}, ""Bogorodica L5"": {""total"": 3, ""by_type"": {""car"": 3}}}",2.5
1540,1,2026-05-04 09:50:51.990857 +00:00,5,0,0,0,0,0,"{""Bogorodica L1"": {""total"": 0, ""by_type"": {}}, ""Bogorodica L2"": {""total"": 0, ""by_type"": {}}, ""Bogorodica L3"": {""total"": 0, ""by_type"": {}}, ""Bogorodica L4"": {""total"": 0, ""by_type"": {}}, ""Bogorodica L5"": {""total"": 0, ""by_type"": {}}}",2
1541,1,2026-05-04 09:55:52.144412 +00:00,5,1,0,0,0,1,"{""Bogorodica L1"": {""total"": 1, ""by_type"": {""truck"": 1}}, ""Bogorodica L2"": {""total"": 0, ""by_type"": {}}, ""Bogorodica L3"": {""total"": 0, ""by_type"": {}}, ""Bogorodica L4"": {""total"": 0, ""by_type"": {}}, ""Bogorodica L5"": {""total"": 0, ""by_type"": {}}}",2.5
1542,1,2026-05-04 10:00:52.210338 +00:00,5,3,1,0,1,1,"{""Bogorodica L1"": {""total"": 1, ""by_type"": {""car"": 1}}, ""Bogorodica L2"": {""total"": 2, ""by_type"": {""bus"": 1, ""truck"": 1}}, ""Bogorodica L3"": {""total"": 0, ""by_type"": {}}, ""Bogorodica L4"": {""total"": 0, ""by_type"": {}}, ""Bogorodica L5"": {""total"": 0, ""by_type"": {}}}",2.5
1543,1,2026-05-04 10:05:52.579782 +00:00,5,3,1,0,2,0,"{""Bogorodica L1"": {""total"": 0, ""by_type"": {}}, ""Bogorodica L2"": {""total"": 2, ""by_type"": {""bus"": 2}}, ""Bogorodica L3"": {""total"": 0, ""by_type"": {}}, ""Bogorodica L4"": {""total"": 0, ""by_type"": {}}, ""Bogorodica L5"": {""total"": 1, ""by_type"": {""car"": 1}}}",2.5
1544,1,2026-05-04 10:10:52.876054 +00:00,5,3,2,0,1,0,"{""Bogorodica L1"": {""total"": 0, ""by_type"": {}}, ""Bogorodica L2"": {""total"": 1, ""by_type"": {""bus"": 1}}, ""Bogorodica L3"": {""total"": 0, ""by_type"": {}}, ""Bogorodica L4"": {""total"": 1, ""by_type"": {""car"": 1}}, ""Bogorodica L5"": {""total"": 1, ""by_type"": {""car"": 1}}}",2
1545,1,2026-05-04 10:15:52.962152 +00:00,5,10,4,0,4,2,"{""Bogorodica L1"": {""total"": 2, ""by_type"": {""bus"": 2}}, ""Bogorodica L2"": {""total"": 1, ""by_type"": {""bus"": 1}}, ""Bogorodica L3"": {""total"": 0, ""by_type"": {}}, ""Bogorodica L4"": {""total"": 5, ""by_type"": {""car"": 4, ""truck"": 1}}, ""Bogorodica L5"": {""total"": 2, ""by_type"": {""bus"": 1, ""truck"": 1}}}",2.5
1546,1,2026-05-04 10:20:53.220334 +00:00,5,1,0,0,0,1,"{""Bogorodica L1"": {""total"": 1, ""by_type"": {""truck"": 1}}, ""Bogorodica L2"": {""total"": 0, ""by_type"": {}}, ""Bogorodica L3"": {""total"": 0, ""by_type"": {}}, ""Bogorodica L4"": {""total"": 0, ""by_type"": {}}, ""Bogorodica L5"": {""total"": 0, ""by_type"": {}}}",3
1547,1,2026-05-04 10:25:53.518606 +00:00,5,4,2,0,0,2,"{""Bogorodica L1"": {""total"": 1, ""by_type"": {""truck"": 1}}, ""Bogorodica L2"": {""total"": 0, ""by_type"": {}}, ""Bogorodica L3"": {""total"": 0, ""by_type"": {}}, ""Bogorodica L4"": {""total"": 2, ""by_type"": {""car"": 2}}, ""Bogorodica L5"": {""total"": 1, ""by_type"": {""truck"": 1}}}",2
1548,1,2026-05-04 10:30:54.020951 +00:00,5,8,4,0,1,3,"{""Bogorodica L1"": {""total"": 1, ""by_type"": {""truck"": 1}}, ""Bogorodica L2"": {""total"": 1, ""by_type"": {""bus"": 1}}, ""Bogorodica L3"": {""total"": 0, ""by_type"": {}}, ""Bogorodica L4"": {""total"": 4, ""by_type"": {""car"": 4}}, ""Bogorodica L5"": {""total"": 2, ""by_type"": {""truck"": 2}}}",2
1549,1,2026-05-04 10:35:54.333398 +00:00,5,8,3,0,1,4,"{""Bogorodica L1"": {""total"": 3, ""by_type"": {""truck"": 3}}, ""Bogorodica L2"": {""total"": 1, ""by_type"": {""bus"": 1}}, ""Bogorodica L3"": {""total"": 0, ""by_type"": {}}, ""Bogorodica L4"": {""total"": 4, ""by_type"": {""car"": 3, ""truck"": 1}}, ""Bogorodica L5"": {""total"": 0, ""by_type"": {}}}",2.5
1550,1,2026-05-04 10:40:54.541869 +00:00,5,3,1,0,1,1,"{""Bogorodica L1"": {""total"": 1, ""by_type"": {""truck"": 1}}, ""Bogorodica L2"": {""total"": 1, ""by_type"": {""bus"": 1}}, ""Bogorodica L3"": {""total"": 0, ""by_type"": {}}, ""Bogorodica L4"": {""total"": 1, ""by_type"": {""car"": 1}}, ""Bogorodica L5"": {""total"": 0, ""by_type"": {}}}",3
1551,1,2026-05-04 10:45:54.716236 +00:00,5,2,1,0,0,1,"{""Bogorodica L1"": {""total"": 1, ""by_type"": {""truck"": 1}}, ""Bogorodica L2"": {""total"": 0, ""by_type"": {}}, ""Bogorodica L3"": {""total"": 0, ""by_type"": {}}, ""Bogorodica L4"": {""total"": 0, ""by_type"": {}}, ""Bogorodica L5"": {""total"": 1, ""by_type"": {""car"": 1}}}",2.5
1552,1,2026-05-04 10:50:55.132705 +00:00,5,8,7,0,0,1,"{""Bogorodica L1"": {""total"": 1, ""by_type"": {""truck"": 1}}, ""Bogorodica L2"": {""total"": 0, ""by_type"": {}}, ""Bogorodica L3"": {""total"": 0, ""by_type"": {}}, ""Bogorodica L4"": {""total"": 7, ""by_type"": {""car"": 7}}, ""Bogorodica L5"": {""total"": 0, ""by_type"": {}}}",2
1553,1,2026-05-04 10:55:55.322447 +00:00,5,7,7,0,0,0,"{""Bogorodica L1"": {""total"": 0, ""by_type"": {}}, ""Bogorodica L2"": {""total"": 0, ""by_type"": {}}, ""Bogorodica L3"": {""total"": 0, ""by_type"": {}}, ""Bogorodica L4"": {""total"": 7, ""by_type"": {""car"": 7}}, ""Bogorodica L5"": {""total"": 0, ""by_type"": {}}}",2.5
1554,1,2026-05-04 11:00:55.512453 +00:00,5,12,10,0,0,2,"{""Bogorodica L1"": {""total"": 2, ""by_type"": {""truck"": 2}}, ""Bogorodica L2"": {""total"": 0, ""by_type"": {}}, ""Bogorodica L3"": {""total"": 0, ""by_type"": {}}, ""Bogorodica L4"": {""total"": 6, ""by_type"": {""car"": 6}}, ""Bogorodica L5"": {""total"": 4, ""by_type"": {""car"": 4}}}",2.5
1555,1,2026-05-04 11:05:55.838439 +00:00,5,2,1,0,0,1,"{""Bogorodica L1"": {""total"": 1, ""by_type"": {""truck"": 1}}, ""Bogorodica L2"": {""total"": 0, ""by_type"": {}}, ""Bogorodica L3"": {""total"": 0, ""by_type"": {}}, ""Bogorodica L4"": {""total"": 0, ""by_type"": {}}, ""Bogorodica L5"": {""total"": 1, ""by_type"": {""car"": 1}}}",2
1556,1,2026-05-04 11:10:56.079737 +00:00,5,1,0,0,0,1,"{""Bogorodica L1"": {""total"": 1, ""by_type"": {""truck"": 1}}, ""Bogorodica L2"": {""total"": 0, ""by_type"": {}}, ""Bogorodica L3"": {""total"": 0, ""by_type"": {}}, ""Bogorodica L4"": {""total"": 0, ""by_type"": {}}, ""Bogorodica L5"": {""total"": 0, ""by_type"": {}}}",1.5
1557,1,2026-05-04 11:15:56.234473 +00:00,5,2,1,0,0,1,"{""Bogorodica L1"": {""total"": 1, ""by_type"": {""truck"": 1}}, ""Bogorodica L2"": {""total"": 0, ""by_type"": {}}, ""Bogorodica L3"": {""total"": 0, ""by_type"": {}}, ""Bogorodica L4"": {""total"": 0, ""by_type"": {}}, ""Bogorodica L5"": {""total"": 1, ""by_type"": {""car"": 1}}}",3
1558,1,2026-05-04 11:20:56.270289 +00:00,5,1,0,0,0,1,"{""Bogorodica L1"": {""total"": 1, ""by_type"": {""truck"": 1}}, ""Bogorodica L2"": {""total"": 0, ""by_type"": {}}, ""Bogorodica L3"": {""total"": 0, ""by_type"": {}}, ""Bogorodica L4"": {""total"": 0, ""by_type"": {}}, ""Bogorodica L5"": {""total"": 0, ""by_type"": {}}}",3
1559,1,2026-05-04 11:25:56.468041 +00:00,5,8,6,0,0,2,"{""Bogorodica L1"": {""total"": 1, ""by_type"": {""truck"": 1}}, ""Bogorodica L2"": {""total"": 0, ""by_type"": {}}, ""Bogorodica L3"": {""total"": 0, ""by_type"": {}}, ""Bogorodica L4"": {""total"": 0, ""by_type"": {}}, ""Bogorodica L5"": {""total"": 7, ""by_type"": {""car"": 6, ""truck"": 1}}}",2.5
1560,1,2026-05-04 11:30:56.852710 +00:00,5,3,0,0,0,3,"{""Bogorodica L1"": {""total"": 2, ""by_type"": {""truck"": 2}}, ""Bogorodica L2"": {""total"": 0, ""by_type"": {}}, ""Bogorodica L3"": {""total"": 0, ""by_type"": {}}, ""Bogorodica L4"": {""total"": 1, ""by_type"": {""truck"": 1}}, ""Bogorodica L5"": {""total"": 0, ""by_type"": {}}}",2.5
1561,1,2026-05-04 11:35:57.185967 +00:00,5,1,0,0,0,1,"{""Bogorodica L1"": {""total"": 1, ""by_type"": {""truck"": 1}}, ""Bogorodica L2"": {""total"": 0, ""by_type"": {}}, ""Bogorodica L3"": {""total"": 0, ""by_type"": {}}, ""Bogorodica L4"": {""total"": 0, ""by_type"": {}}, ""Bogorodica L5"": {""total"": 0, ""by_type"": {}}}",3
1562,1,2026-05-04 11:40:57.542315 +00:00,5,2,1,0,0,1,"{""Bogorodica L1"": {""total"": 1, ""by_type"": {""truck"": 1}}, ""Bogorodica L2"": {""total"": 0, ""by_type"": {}}, ""Bogorodica L3"": {""total"": 0, ""by_type"": {}}, ""Bogorodica L4"": {""total"": 0, ""by_type"": {}}, ""Bogorodica L5"": {""total"": 1, ""by_type"": {""car"": 1}}}",3
1563,1,2026-05-04 11:45:57.759809 +00:00,5,2,0,0,0,2,"{""Bogorodica L1"": {""total"": 1, ""by_type"": {""truck"": 1}}, ""Bogorodica L2"": {""total"": 0, ""by_type"": {}}, ""Bogorodica L3"": {""total"": 0, ""by_type"": {}}, ""Bogorodica L4"": {""total"": 0, ""by_type"": {}}, ""Bogorodica L5"": {""total"": 1, ""by_type"": {""truck"": 1}}}",2.5
1564,1,2026-05-04 11:50:57.883620 +00:00,5,0,0,0,0,0,"{""Bogorodica L1"": {""total"": 0, ""by_type"": {}}, ""Bogorodica L2"": {""total"": 0, ""by_type"": {}}, ""Bogorodica L3"": {""total"": 0, ""by_type"": {}}, ""Bogorodica L4"": {""total"": 0, ""by_type"": {}}, ""Bogorodica L5"": {""total"": 0, ""by_type"": {}}}",1.5
1565,1,2026-05-04 11:55:58.246269 +00:00,5,1,0,0,0,1,"{""Bogorodica L1"": {""total"": 1, ""by_type"": {""truck"": 1}}, ""Bogorodica L2"": {""total"": 0, ""by_type"": {}}, ""Bogorodica L3"": {""total"": 0, ""by_type"": {}}, ""Bogorodica L4"": {""total"": 0, ""by_type"": {}}, ""Bogorodica L5"": {""total"": 0, ""by_type"": {}}}",3
1566,1,2026-05-04 12:00:58.695284 +00:00,5,2,0,0,0,2,"{""Bogorodica L1"": {""total"": 2, ""by_type"": {""truck"": 2}}, ""Bogorodica L2"": {""total"": 0, ""by_type"": {}}, ""Bogorodica L3"": {""total"": 0, ""by_type"": {}}, ""Bogorodica L4"": {""total"": 0, ""by_type"": {}}, ""Bogorodica L5"": {""total"": 0, ""by_type"": {}}}",2.5
1567,1,2026-05-04 12:05:58.858717 +00:00,5,0,0,0,0,0,"{""Bogorodica L1"": {""total"": 0, ""by_type"": {}}, ""Bogorodica L2"": {""total"": 0, ""by_type"": {}}, ""Bogorodica L3"": {""total"": 0, ""by_type"": {}}, ""Bogorodica L4"": {""total"": 0, ""by_type"": {}}, ""Bogorodica L5"": {""total"": 0, ""by_type"": {}}}",2.5
1568,1,2026-05-04 12:10:59.181803 +00:00,5,0,0,0,0,0,"{""Bogorodica L1"": {""total"": 0, ""by_type"": {}}, ""Bogorodica L2"": {""total"": 0, ""by_type"": {}}, ""Bogorodica L3"": {""total"": 0, ""by_type"": {}}, ""Bogorodica L4"": {""total"": 0, ""by_type"": {}}, ""Bogorodica L5"": {""total"": 0, ""by_type"": {}}}",2
1569,1,2026-05-04 12:15:59.603629 +00:00,5,0,0,0,0,0,"{""Bogorodica L1"": {""total"": 0, ""by_type"": {}}, ""Bogorodica L2"": {""total"": 0, ""by_type"": {}}, ""Bogorodica L3"": {""total"": 0, ""by_type"": {}}, ""Bogorodica L4"": {""total"": 0, ""by_type"": {}}, ""Bogorodica L5"": {""total"": 0, ""by_type"": {}}}",2
1570,1,2026-05-04 12:20:59.761870 +00:00,5,3,2,0,0,1,"{""Bogorodica L1"": {""total"": 1, ""by_type"": {""truck"": 1}}, ""Bogorodica L2"": {""total"": 0, ""by_type"": {}}, ""Bogorodica L3"": {""total"": 0, ""by_type"": {}}, ""Bogorodica L4"": {""total"": 0, ""by_type"": {}}, ""Bogorodica L5"": {""total"": 2, ""by_type"": {""car"": 2}}}",1.5
1571,1,2026-05-04 12:26:00.000709 +00:00,5,0,0,0,0,0,"{""Bogorodica L1"": {""total"": 0, ""by_type"": {}}, ""Bogorodica L2"": {""total"": 0, ""by_type"": {}}, ""Bogorodica L3"": {""total"": 0, ""by_type"": {}}, ""Bogorodica L4"": {""total"": 0, ""by_type"": {}}, ""Bogorodica L5"": {""total"": 0, ""by_type"": {}}}",2
1572,1,2026-05-04 12:31:00.052495 +00:00,5,0,0,0,0,0,"{""Bogorodica L1"": {""total"": 0, ""by_type"": {}}, ""Bogorodica L2"": {""total"": 0, ""by_type"": {}}, ""Bogorodica L3"": {""total"": 0, ""by_type"": {}}, ""Bogorodica L4"": {""total"": 0, ""by_type"": {}}, ""Bogorodica L5"": {""total"": 0, ""by_type"": {}}}",2
1573,1,2026-05-04 12:36:00.121625 +00:00,5,1,0,0,1,0,"{""Bogorodica L1"": {""total"": 0, ""by_type"": {}}, ""Bogorodica L2"": {""total"": 1, ""by_type"": {""bus"": 1}}, ""Bogorodica L3"": {""total"": 0, ""by_type"": {}}, ""Bogorodica L4"": {""total"": 0, ""by_type"": {}}, ""Bogorodica L5"": {""total"": 0, ""by_type"": {}}}",2.5
1574,1,2026-05-04 12:41:00.302956 +00:00,5,2,0,0,0,2,"{""Bogorodica L1"": {""total"": 2, ""by_type"": {""truck"": 2}}, ""Bogorodica L2"": {""total"": 0, ""by_type"": {}}, ""Bogorodica L3"": {""total"": 0, ""by_type"": {}}, ""Bogorodica L4"": {""total"": 0, ""by_type"": {}}, ""Bogorodica L5"": {""total"": 0, ""by_type"": {}}}",1
1575,1,2026-05-04 12:46:01.169683 +00:00,5,2,1,0,0,1,"{""Bogorodica L1"": {""total"": 1, ""by_type"": {""truck"": 1}}, ""Bogorodica L2"": {""total"": 0, ""by_type"": {}}, ""Bogorodica L3"": {""total"": 0, ""by_type"": {}}, ""Bogorodica L4"": {""total"": 0, ""by_type"": {}}, ""Bogorodica L5"": {""total"": 1, ""by_type"": {""car"": 1}}}",1
1576,1,2026-05-04 12:51:01.221063 +00:00,5,1,0,0,0,1,"{""Bogorodica L1"": {""total"": 0, ""by_type"": {}}, ""Bogorodica L2"": {""total"": 0, ""by_type"": {}}, ""Bogorodica L3"": {""total"": 0, ""by_type"": {}}, ""Bogorodica L4"": {""total"": 0, ""by_type"": {}}, ""Bogorodica L5"": {""total"": 1, ""by_type"": {""truck"": 1}}}",2.5
1577,1,2026-05-04 12:56:01.384957 +00:00,5,0,0,0,0,0,"{""Bogorodica L1"": {""total"": 0, ""by_type"": {}}, ""Bogorodica L2"": {""total"": 0, ""by_type"": {}}, ""Bogorodica L3"": {""total"": 0, ""by_type"": {}}, ""Bogorodica L4"": {""total"": 0, ""by_type"": {}}, ""Bogorodica L5"": {""total"": 0, ""by_type"": {}}}",2.5
1578,1,2026-05-04 13:01:01.605240 +00:00,5,0,0,0,0,0,"{""Bogorodica L1"": {""total"": 0, ""by_type"": {}}, ""Bogorodica L2"": {""total"": 0, ""by_type"": {}}, ""Bogorodica L3"": {""total"": 0, ""by_type"": {}}, ""Bogorodica L4"": {""total"": 0, ""by_type"": {}}, ""Bogorodica L5"": {""total"": 0, ""by_type"": {}}}",2.5
1579,1,2026-05-04 13:06:01.888886 +00:00,5,1,1,0,0,0,"{""Bogorodica L1"": {""total"": 0, ""by_type"": {}}, ""Bogorodica L2"": {""total"": 0, ""by_type"": {}}, ""Bogorodica L3"": {""total"": 0, ""by_type"": {}}, ""Bogorodica L4"": {""total"": 1, ""by_type"": {""car"": 1}}, ""Bogorodica L5"": {""total"": 0, ""by_type"": {}}}",1
1580,1,2026-05-04 13:11:01.897354 +00:00,5,3,0,0,0,3,"{""Bogorodica L1"": {""total"": 2, ""by_type"": {""truck"": 2}}, ""Bogorodica L2"": {""total"": 0, ""by_type"": {}}, ""Bogorodica L3"": {""total"": 0, ""by_type"": {}}, ""Bogorodica L4"": {""total"": 0, ""by_type"": {}}, ""Bogorodica L5"": {""total"": 1, ""by_type"": {""truck"": 1}}}",2.5
1581,1,2026-05-04 13:16:02.519741 +00:00,5,0,0,0,0,0,"{""Bogorodica L1"": {""total"": 0, ""by_type"": {}}, ""Bogorodica L2"": {""total"": 0, ""by_type"": {}}, ""Bogorodica L3"": {""total"": 0, ""by_type"": {}}, ""Bogorodica L4"": {""total"": 0, ""by_type"": {}}, ""Bogorodica L5"": {""total"": 0, ""by_type"": {}}}",2
1582,1,2026-05-04 13:21:02.976501 +00:00,5,3,0,0,0,3,"{""Bogorodica L1"": {""total"": 3, ""by_type"": {""truck"": 3}}, ""Bogorodica L2"": {""total"": 0, ""by_type"": {}}, ""Bogorodica L3"": {""total"": 0, ""by_type"": {}}, ""Bogorodica L4"": {""total"": 0, ""by_type"": {}}, ""Bogorodica L5"": {""total"": 0, ""by_type"": {}}}",1
1583,1,2026-05-04 13:26:03.013576 +00:00,5,3,0,0,0,3,"{""Bogorodica L1"": {""total"": 3, ""by_type"": {""truck"": 3}}, ""Bogorodica L2"": {""total"": 0, ""by_type"": {}}, ""Bogorodica L3"": {""total"": 0, ""by_type"": {}}, ""Bogorodica L4"": {""total"": 0, ""by_type"": {}}, ""Bogorodica L5"": {""total"": 0, ""by_type"": {}}}",2.5
1584,1,2026-05-04 13:31:03.426414 +00:00,5,0,0,0,0,0,"{""Bogorodica L1"": {""total"": 0, ""by_type"": {}}, ""Bogorodica L2"": {""total"": 0, ""by_type"": {}}, ""Bogorodica L3"": {""total"": 0, ""by_type"": {}}, ""Bogorodica L4"": {""total"": 0, ""by_type"": {}}, ""Bogorodica L5"": {""total"": 0, ""by_type"": {}}}",2
1585,1,2026-05-04 13:36:03.655964 +00:00,5,3,3,0,0,0,"{""Bogorodica L1"": {""total"": 0, ""by_type"": {}}, ""Bogorodica L2"": {""total"": 0, ""by_type"": {}}, ""Bogorodica L3"": {""total"": 0, ""by_type"": {}}, ""Bogorodica L4"": {""total"": 0, ""by_type"": {}}, ""Bogorodica L5"": {""total"": 3, ""by_type"": {""car"": 3}}}",1.5
1586,1,2026-05-04 13:41:03.691314 +00:00,5,6,2,0,0,4,"{""Bogorodica L1"": {""total"": 4, ""by_type"": {""truck"": 4}}, ""Bogorodica L2"": {""total"": 0, ""by_type"": {}}, ""Bogorodica L3"": {""total"": 0, ""by_type"": {}}, ""Bogorodica L4"": {""total"": 1, ""by_type"": {""car"": 1}}, ""Bogorodica L5"": {""total"": 1, ""by_type"": {""car"": 1}}}",3
1587,1,2026-05-04 13:46:04.132107 +00:00,5,4,3,0,0,1,"{""Bogorodica L1"": {""total"": 1, ""by_type"": {""truck"": 1}}, ""Bogorodica L2"": {""total"": 0, ""by_type"": {}}, ""Bogorodica L3"": {""total"": 0, ""by_type"": {}}, ""Bogorodica L4"": {""total"": 0, ""by_type"": {}}, ""Bogorodica L5"": {""total"": 3, ""by_type"": {""car"": 3}}}",2
1588,1,2026-05-04 13:51:05.106957 +00:00,5,6,2,0,0,4,"{""Bogorodica L1"": {""total"": 3, ""by_type"": {""truck"": 3}}, ""Bogorodica L2"": {""total"": 0, ""by_type"": {}}, ""Bogorodica L3"": {""total"": 0, ""by_type"": {}}, ""Bogorodica L4"": {""total"": 0, ""by_type"": {}}, ""Bogorodica L5"": {""total"": 3, ""by_type"": {""car"": 2, ""truck"": 1}}}",1.5
1589,1,2026-05-04 13:56:05.995260 +00:00,5,3,2,0,0,1,"{""Bogorodica L1"": {""total"": 1, ""by_type"": {""truck"": 1}}, ""Bogorodica L2"": {""total"": 0, ""by_type"": {}}, ""Bogorodica L3"": {""total"": 0, ""by_type"": {}}, ""Bogorodica L4"": {""total"": 0, ""by_type"": {}}, ""Bogorodica L5"": {""total"": 2, ""by_type"": {""car"": 2}}}",0.5
1590,1,2026-05-04 14:01:06.605070 +00:00,5,8,1,0,0,7,"{""Bogorodica L1"": {""total"": 5, ""by_type"": {""truck"": 5}}, ""Bogorodica L2"": {""total"": 0, ""by_type"": {}}, ""Bogorodica L3"": {""total"": 0, ""by_type"": {}}, ""Bogorodica L4"": {""total"": 0, ""by_type"": {}}, ""Bogorodica L5"": {""total"": 3, ""by_type"": {""car"": 1, ""truck"": 2}}}",1.5
1591,1,2026-05-04 14:06:06.628561 +00:00,5,6,3,0,0,3,"{""Bogorodica L1"": {""total"": 3, ""by_type"": {""truck"": 3}}, ""Bogorodica L2"": {""total"": 0, ""by_type"": {}}, ""Bogorodica L3"": {""total"": 0, ""by_type"": {}}, ""Bogorodica L4"": {""total"": 0, ""by_type"": {}}, ""Bogorodica L5"": {""total"": 3, ""by_type"": {""car"": 3}}}",3
1592,1,2026-05-04 14:11:06.844072 +00:00,5,4,2,0,0,2,"{""Bogorodica L1"": {""total"": 2, ""by_type"": {""truck"": 2}}, ""Bogorodica L2"": {""total"": 0, ""by_type"": {}}, ""Bogorodica L3"": {""total"": 0, ""by_type"": {}}, ""Bogorodica L4"": {""total"": 0, ""by_type"": {}}, ""Bogorodica L5"": {""total"": 2, ""by_type"": {""car"": 2}}}",3
1593,1,2026-05-04 14:16:06.924129 +00:00,5,0,0,0,0,0,"{""Bogorodica L1"": {""total"": 0, ""by_type"": {}}, ""Bogorodica L2"": {""total"": 0, ""by_type"": {}}, ""Bogorodica L3"": {""total"": 0, ""by_type"": {}}, ""Bogorodica L4"": {""total"": 0, ""by_type"": {}}, ""Bogorodica L5"": {""total"": 0, ""by_type"": {}}}",2.5
1594,1,2026-05-04 14:21:06.986661 +00:00,5,0,0,0,0,0,"{""Bogorodica L1"": {""total"": 0, ""by_type"": {}}, ""Bogorodica L2"": {""total"": 0, ""by_type"": {}}, ""Bogorodica L3"": {""total"": 0, ""by_type"": {}}, ""Bogorodica L4"": {""total"": 0, ""by_type"": {}}, ""Bogorodica L5"": {""total"": 0, ""by_type"": {}}}",3
1595,1,2026-05-04 14:26:07.318120 +00:00,5,4,1,0,0,3,"{""Bogorodica L1"": {""total"": 3, ""by_type"": {""truck"": 3}}, ""Bogorodica L2"": {""total"": 0, ""by_type"": {}}, ""Bogorodica L3"": {""total"": 0, ""by_type"": {}}, ""Bogorodica L4"": {""total"": 0, ""by_type"": {}}, ""Bogorodica L5"": {""total"": 1, ""by_type"": {""car"": 1}}}",3
1596,1,2026-05-04 14:31:07.525974 +00:00,5,2,0,0,0,2,"{""Bogorodica L1"": {""total"": 2, ""by_type"": {""truck"": 2}}, ""Bogorodica L2"": {""total"": 0, ""by_type"": {}}, ""Bogorodica L3"": {""total"": 0, ""by_type"": {}}, ""Bogorodica L4"": {""total"": 0, ""by_type"": {}}, ""Bogorodica L5"": {""total"": 0, ""by_type"": {}}}",3
1597,1,2026-05-04 14:36:07.595356 +00:00,5,3,0,0,0,3,"{""Bogorodica L1"": {""total"": 3, ""by_type"": {""truck"": 3}}, ""Bogorodica L2"": {""total"": 0, ""by_type"": {}}, ""Bogorodica L3"": {""total"": 0, ""by_type"": {}}, ""Bogorodica L4"": {""total"": 0, ""by_type"": {}}, ""Bogorodica L5"": {""total"": 0, ""by_type"": {}}}",2.5
1598,1,2026-05-04 14:41:07.791880 +00:00,5,3,0,0,0,3,"{""Bogorodica L1"": {""total"": 3, ""by_type"": {""truck"": 3}}, ""Bogorodica L2"": {""total"": 0, ""by_type"": {}}, ""Bogorodica L3"": {""total"": 0, ""by_type"": {}}, ""Bogorodica L4"": {""total"": 0, ""by_type"": {}}, ""Bogorodica L5"": {""total"": 0, ""by_type"": {}}}",3
1599,1,2026-05-04 14:46:07.956876 +00:00,5,1,0,0,0,1,"{""Bogorodica L1"": {""total"": 1, ""by_type"": {""truck"": 1}}, ""Bogorodica L2"": {""total"": 0, ""by_type"": {}}, ""Bogorodica L3"": {""total"": 0, ""by_type"": {}}, ""Bogorodica L4"": {""total"": 0, ""by_type"": {}}, ""Bogorodica L5"": {""total"": 0, ""by_type"": {}}}",3
1600,1,2026-05-04 14:51:08.041670 +00:00,5,6,3,0,0,3,"{""Bogorodica L1"": {""total"": 3, ""by_type"": {""truck"": 3}}, ""Bogorodica L2"": {""total"": 0, ""by_type"": {}}, ""Bogorodica L3"": {""total"": 0, ""by_type"": {}}, ""Bogorodica L4"": {""total"": 0, ""by_type"": {}}, ""Bogorodica L5"": {""total"": 3, ""by_type"": {""car"": 3}}}",3
1601,1,2026-05-04 14:56:08.122541 +00:00,5,9,6,0,0,3,"{""Bogorodica L1"": {""total"": 3, ""by_type"": {""truck"": 3}}, ""Bogorodica L2"": {""total"": 0, ""by_type"": {}}, ""Bogorodica L3"": {""total"": 0, ""by_type"": {}}, ""Bogorodica L4"": {""total"": 2, ""by_type"": {""car"": 2}}, ""Bogorodica L5"": {""total"": 4, ""by_type"": {""car"": 4}}}",3
1602,1,2026-05-04 15:01:08.340058 +00:00,5,2,0,0,0,2,"{""Bogorodica L1"": {""total"": 2, ""by_type"": {""truck"": 2}}, ""Bogorodica L2"": {""total"": 0, ""by_type"": {}}, ""Bogorodica L3"": {""total"": 0, ""by_type"": {}}, ""Bogorodica L4"": {""total"": 0, ""by_type"": {}}, ""Bogorodica L5"": {""total"": 0, ""by_type"": {}}}",3
1603,1,2026-05-04 15:06:08.512683 +00:00,5,1,0,0,0,1,"{""Bogorodica L1"": {""total"": 1, ""by_type"": {""truck"": 1}}, ""Bogorodica L2"": {""total"": 0, ""by_type"": {}}, ""Bogorodica L3"": {""total"": 0, ""by_type"": {}}, ""Bogorodica L4"": {""total"": 0, ""by_type"": {}}, ""Bogorodica L5"": {""total"": 0, ""by_type"": {}}}",3
1604,1,2026-05-04 15:11:08.828592 +00:00,5,2,0,0,0,2,"{""Bogorodica L1"": {""total"": 2, ""by_type"": {""truck"": 2}}, ""Bogorodica L2"": {""total"": 0, ""by_type"": {}}, ""Bogorodica L3"": {""total"": 0, ""by_type"": {}}, ""Bogorodica L4"": {""total"": 0, ""by_type"": {}}, ""Bogorodica L5"": {""total"": 0, ""by_type"": {}}}",3
1605,1,2026-05-04 15:16:09.135876 +00:00,5,3,1,0,1,1,"{""Bogorodica L1"": {""total"": 2, ""by_type"": {""bus"": 1, ""truck"": 1}}, ""Bogorodica L2"": {""total"": 1, ""by_type"": {""car"": 1}}, ""Bogorodica L3"": {""total"": 0, ""by_type"": {}}, ""Bogorodica L4"": {""total"": 0, ""by_type"": {}}, ""Bogorodica L5"": {""total"": 0, ""by_type"": {}}}",3
1606,1,2026-05-04 15:21:09.287036 +00:00,5,4,0,0,0,4,"{""Bogorodica L1"": {""total"": 3, ""by_type"": {""truck"": 3}}, ""Bogorodica L2"": {""total"": 0, ""by_type"": {}}, ""Bogorodica L3"": {""total"": 1, ""by_type"": {""truck"": 1}}, ""Bogorodica L4"": {""total"": 0, ""by_type"": {}}, ""Bogorodica L5"": {""total"": 0, ""by_type"": {}}}",3
1607,1,2026-05-04 15:26:09.571923 +00:00,5,1,0,0,0,1,"{""Bogorodica L1"": {""total"": 1, ""by_type"": {""truck"": 1}}, ""Bogorodica L2"": {""total"": 0, ""by_type"": {}}, ""Bogorodica L3"": {""total"": 0, ""by_type"": {}}, ""Bogorodica L4"": {""total"": 0, ""by_type"": {}}, ""Bogorodica L5"": {""total"": 0, ""by_type"": {}}}",3
1608,1,2026-05-04 15:31:09.819438 +00:00,5,1,0,0,0,1,"{""Bogorodica L1"": {""total"": 1, ""by_type"": {""truck"": 1}}, ""Bogorodica L2"": {""total"": 0, ""by_type"": {}}, ""Bogorodica L3"": {""total"": 0, ""by_type"": {}}, ""Bogorodica L4"": {""total"": 0, ""by_type"": {}}, ""Bogorodica L5"": {""total"": 0, ""by_type"": {}}}",3
1609,1,2026-05-04 15:36:10.102354 +00:00,5,2,2,0,0,0,"{""Bogorodica L1"": {""total"": 0, ""by_type"": {}}, ""Bogorodica L2"": {""total"": 0, ""by_type"": {}}, ""Bogorodica L3"": {""total"": 0, ""by_type"": {}}, ""Bogorodica L4"": {""total"": 0, ""by_type"": {}}, ""Bogorodica L5"": {""total"": 2, ""by_type"": {""car"": 2}}}",3
1610,1,2026-05-04 15:41:10.323530 +00:00,5,1,0,0,0,1,"{""Bogorodica L1"": {""total"": 1, ""by_type"": {""truck"": 1}}, ""Bogorodica L2"": {""total"": 0, ""by_type"": {}}, ""Bogorodica L3"": {""total"": 0, ""by_type"": {}}, ""Bogorodica L4"": {""total"": 0, ""by_type"": {}}, ""Bogorodica L5"": {""total"": 0, ""by_type"": {}}}",3
1611,1,2026-05-04 15:46:10.642805 +00:00,5,2,0,0,0,2,"{""Bogorodica L1"": {""total"": 2, ""by_type"": {""truck"": 2}}, ""Bogorodica L2"": {""total"": 0, ""by_type"": {}}, ""Bogorodica L3"": {""total"": 0, ""by_type"": {}}, ""Bogorodica L4"": {""total"": 0, ""by_type"": {}}, ""Bogorodica L5"": {""total"": 0, ""by_type"": {}}}",3
1612,1,2026-05-04 15:51:10.975010 +00:00,5,4,2,0,0,2,"{""Bogorodica L1"": {""total"": 3, ""by_type"": {""car"": 1, ""truck"": 2}}, ""Bogorodica L2"": {""total"": 0, ""by_type"": {}}, ""Bogorodica L3"": {""total"": 0, ""by_type"": {}}, ""Bogorodica L4"": {""total"": 0, ""by_type"": {}}, ""Bogorodica L5"": {""total"": 1, ""by_type"": {""car"": 1}}}",3
1613,1,2026-05-04 15:56:11.139969 +00:00,5,1,1,0,0,0,"{""Bogorodica L1"": {""total"": 1, ""by_type"": {""car"": 1}}, ""Bogorodica L2"": {""total"": 0, ""by_type"": {}}, ""Bogorodica L3"": {""total"": 0, ""by_type"": {}}, ""Bogorodica L4"": {""total"": 0, ""by_type"": {}}, ""Bogorodica L5"": {""total"": 0, ""by_type"": {}}}",3
1614,1,2026-05-04 16:01:11.372751 +00:00,5,0,0,0,0,0,"{""Bogorodica L1"": {""total"": 0, ""by_type"": {}}, ""Bogorodica L2"": {""total"": 0, ""by_type"": {}}, ""Bogorodica L3"": {""total"": 0, ""by_type"": {}}, ""Bogorodica L4"": {""total"": 0, ""by_type"": {}}, ""Bogorodica L5"": {""total"": 0, ""by_type"": {}}}",3
1615,1,2026-05-04 16:06:11.457826 +00:00,5,1,1,0,0,0,"{""Bogorodica L1"": {""total"": 0, ""by_type"": {}}, ""Bogorodica L2"": {""total"": 0, ""by_type"": {}}, ""Bogorodica L3"": {""total"": 0, ""by_type"": {}}, ""Bogorodica L4"": {""total"": 0, ""by_type"": {}}, ""Bogorodica L5"": {""total"": 1, ""by_type"": {""car"": 1}}}",3
1616,1,2026-05-04 16:11:11.580830 +00:00,5,0,0,0,0,0,"{""Bogorodica L1"": {""total"": 0, ""by_type"": {}}, ""Bogorodica L2"": {""total"": 0, ""by_type"": {}}, ""Bogorodica L3"": {""total"": 0, ""by_type"": {}}, ""Bogorodica L4"": {""total"": 0, ""by_type"": {}}, ""Bogorodica L5"": {""total"": 0, ""by_type"": {}}}",3
1617,1,2026-05-04 16:16:11.819734 +00:00,5,0,0,0,0,0,"{""Bogorodica L1"": {""total"": 0, ""by_type"": {}}, ""Bogorodica L2"": {""total"": 0, ""by_type"": {}}, ""Bogorodica L3"": {""total"": 0, ""by_type"": {}}, ""Bogorodica L4"": {""total"": 0, ""by_type"": {}}, ""Bogorodica L5"": {""total"": 0, ""by_type"": {}}}",3
1618,1,2026-05-04 16:21:11.821431 +00:00,5,1,0,0,0,1,"{""Bogorodica L1"": {""total"": 1, ""by_type"": {""truck"": 1}}, ""Bogorodica L2"": {""total"": 0, ""by_type"": {}}, ""Bogorodica L3"": {""total"": 0, ""by_type"": {}}, ""Bogorodica L4"": {""total"": 0, ""by_type"": {}}, ""Bogorodica L5"": {""total"": 0, ""by_type"": {}}}",3
1619,1,2026-05-04 16:26:11.872074 +00:00,5,1,1,0,0,0,"{""Bogorodica L1"": {""total"": 0, ""by_type"": {}}, ""Bogorodica L2"": {""total"": 0, ""by_type"": {}}, ""Bogorodica L3"": {""total"": 0, ""by_type"": {}}, ""Bogorodica L4"": {""total"": 0, ""by_type"": {}}, ""Bogorodica L5"": {""total"": 1, ""by_type"": {""car"": 1}}}",3
1620,1,2026-05-04 16:31:12.163968 +00:00,5,3,0,0,0,3,"{""Bogorodica L1"": {""total"": 3, ""by_type"": {""truck"": 3}}, ""Bogorodica L2"": {""total"": 0, ""by_type"": {}}, ""Bogorodica L3"": {""total"": 0, ""by_type"": {}}, ""Bogorodica L4"": {""total"": 0, ""by_type"": {}}, ""Bogorodica L5"": {""total"": 0, ""by_type"": {}}}",3
1621,1,2026-05-04 16:36:12.375312 +00:00,5,8,5,0,0,3,"{""Bogorodica L1"": {""total"": 3, ""by_type"": {""truck"": 3}}, ""Bogorodica L2"": {""total"": 0, ""by_type"": {}}, ""Bogorodica L3"": {""total"": 0, ""by_type"": {}}, ""Bogorodica L4"": {""total"": 0, ""by_type"": {}}, ""Bogorodica L5"": {""total"": 5, ""by_type"": {""car"": 5}}}",3
1622,1,2026-05-04 16:41:12.680917 +00:00,5,0,0,0,0,0,"{""Bogorodica L1"": {""total"": 0, ""by_type"": {}}, ""Bogorodica L2"": {""total"": 0, ""by_type"": {}}, ""Bogorodica L3"": {""total"": 0, ""by_type"": {}}, ""Bogorodica L4"": {""total"": 0, ""by_type"": {}}, ""Bogorodica L5"": {""total"": 0, ""by_type"": {}}}",3
1623,1,2026-05-04 16:46:12.989442 +00:00,5,0,0,0,0,0,"{""Bogorodica L1"": {""total"": 0, ""by_type"": {}}, ""Bogorodica L2"": {""total"": 0, ""by_type"": {}}, ""Bogorodica L3"": {""total"": 0, ""by_type"": {}}, ""Bogorodica L4"": {""total"": 0, ""by_type"": {}}, ""Bogorodica L5"": {""total"": 0, ""by_type"": {}}}",3
1624,1,2026-05-04 16:51:13.102520 +00:00,5,0,0,0,0,0,"{""Bogorodica L1"": {""total"": 0, ""by_type"": {}}, ""Bogorodica L2"": {""total"": 0, ""by_type"": {}}, ""Bogorodica L3"": {""total"": 0, ""by_type"": {}}, ""Bogorodica L4"": {""total"": 0, ""by_type"": {}}, ""Bogorodica L5"": {""total"": 0, ""by_type"": {}}}",3
1625,1,2026-05-04 16:56:13.242599 +00:00,5,0,0,0,0,0,"{""Bogorodica L1"": {""total"": 0, ""by_type"": {}}, ""Bogorodica L2"": {""total"": 0, ""by_type"": {}}, ""Bogorodica L3"": {""total"": 0, ""by_type"": {}}, ""Bogorodica L4"": {""total"": 0, ""by_type"": {}}, ""Bogorodica L5"": {""total"": 0, ""by_type"": {}}}",3
1626,1,2026-05-04 17:01:13.288562 +00:00,5,3,3,0,0,0,"{""Bogorodica L1"": {""total"": 0, ""by_type"": {}}, ""Bogorodica L2"": {""total"": 0, ""by_type"": {}}, ""Bogorodica L3"": {""total"": 0, ""by_type"": {}}, ""Bogorodica L4"": {""total"": 0, ""by_type"": {}}, ""Bogorodica L5"": {""total"": 3, ""by_type"": {""car"": 3}}}",3
1627,1,2026-05-04 17:06:13.478664 +00:00,5,6,5,0,0,1,"{""Bogorodica L1"": {""total"": 1, ""by_type"": {""truck"": 1}}, ""Bogorodica L2"": {""total"": 0, ""by_type"": {}}, ""Bogorodica L3"": {""total"": 0, ""by_type"": {}}, ""Bogorodica L4"": {""total"": 0, ""by_type"": {}}, ""Bogorodica L5"": {""total"": 5, ""by_type"": {""car"": 5}}}",3
1628,1,2026-05-04 17:11:13.504999 +00:00,5,2,0,0,0,2,"{""Bogorodica L1"": {""total"": 2, ""by_type"": {""truck"": 2}}, ""Bogorodica L2"": {""total"": 0, ""by_type"": {}}, ""Bogorodica L3"": {""total"": 0, ""by_type"": {}}, ""Bogorodica L4"": {""total"": 0, ""by_type"": {}}, ""Bogorodica L5"": {""total"": 0, ""by_type"": {}}}",3
1629,1,2026-05-04 17:16:13.590649 +00:00,5,3,0,0,0,3,"{""Bogorodica L1"": {""total"": 3, ""by_type"": {""truck"": 3}}, ""Bogorodica L2"": {""total"": 0, ""by_type"": {}}, ""Bogorodica L3"": {""total"": 0, ""by_type"": {}}, ""Bogorodica L4"": {""total"": 0, ""by_type"": {}}, ""Bogorodica L5"": {""total"": 0, ""by_type"": {}}}",3
1630,1,2026-05-04 17:21:13.897475 +00:00,5,3,0,0,0,3,"{""Bogorodica L1"": {""total"": 3, ""by_type"": {""truck"": 3}}, ""Bogorodica L2"": {""total"": 0, ""by_type"": {}}, ""Bogorodica L3"": {""total"": 0, ""by_type"": {}}, ""Bogorodica L4"": {""total"": 0, ""by_type"": {}}, ""Bogorodica L5"": {""total"": 0, ""by_type"": {}}}",3
1631,1,2026-05-04 17:26:14.104523 +00:00,5,1,0,0,0,1,"{""Bogorodica L1"": {""total"": 1, ""by_type"": {""truck"": 1}}, ""Bogorodica L2"": {""total"": 0, ""by_type"": {}}, ""Bogorodica L3"": {""total"": 0, ""by_type"": {}}, ""Bogorodica L4"": {""total"": 0, ""by_type"": {}}, ""Bogorodica L5"": {""total"": 0, ""by_type"": {}}}",3
1632,1,2026-05-04 17:31:14.141282 +00:00,5,2,0,0,0,2,"{""Bogorodica L1"": {""total"": 2, ""by_type"": {""truck"": 2}}, ""Bogorodica L2"": {""total"": 0, ""by_type"": {}}, ""Bogorodica L3"": {""total"": 0, ""by_type"": {}}, ""Bogorodica L4"": {""total"": 0, ""by_type"": {}}, ""Bogorodica L5"": {""total"": 0, ""by_type"": {}}}",3
1633,1,2026-05-04 17:36:14.332542 +00:00,5,3,0,0,0,3,"{""Bogorodica L1"": {""total"": 3, ""by_type"": {""truck"": 3}}, ""Bogorodica L2"": {""total"": 0, ""by_type"": {}}, ""Bogorodica L3"": {""total"": 0, ""by_type"": {}}, ""Bogorodica L4"": {""total"": 0, ""by_type"": {}}, ""Bogorodica L5"": {""total"": 0, ""by_type"": {}}}",3
1634,1,2026-05-04 17:41:14.451819 +00:00,5,4,0,0,0,4,"{""Bogorodica L1"": {""total"": 4, ""by_type"": {""truck"": 4}}, ""Bogorodica L2"": {""total"": 0, ""by_type"": {}}, ""Bogorodica L3"": {""total"": 0, ""by_type"": {}}, ""Bogorodica L4"": {""total"": 0, ""by_type"": {}}, ""Bogorodica L5"": {""total"": 0, ""by_type"": {}}}",3
1635,1,2026-05-04 17:46:14.591521 +00:00,5,4,0,0,0,4,"{""Bogorodica L1"": {""total"": 4, ""by_type"": {""truck"": 4}}, ""Bogorodica L2"": {""total"": 0, ""by_type"": {}}, ""Bogorodica L3"": {""total"": 0, ""by_type"": {}}, ""Bogorodica L4"": {""total"": 0, ""by_type"": {}}, ""Bogorodica L5"": {""total"": 0, ""by_type"": {}}}",3
1636,1,2026-05-04 17:51:14.640185 +00:00,5,3,0,0,0,3,"{""Bogorodica L1"": {""total"": 3, ""by_type"": {""truck"": 3}}, ""Bogorodica L2"": {""total"": 0, ""by_type"": {}}, ""Bogorodica L3"": {""total"": 0, ""by_type"": {}}, ""Bogorodica L4"": {""total"": 0, ""by_type"": {}}, ""Bogorodica L5"": {""total"": 0, ""by_type"": {}}}",3
1637,1,2026-05-04 17:56:14.964639 +00:00,5,2,0,0,0,2,"{""Bogorodica L1"": {""total"": 2, ""by_type"": {""truck"": 2}}, ""Bogorodica L2"": {""total"": 0, ""by_type"": {}}, ""Bogorodica L3"": {""total"": 0, ""by_type"": {}}, ""Bogorodica L4"": {""total"": 0, ""by_type"": {}}, ""Bogorodica L5"": {""total"": 0, ""by_type"": {}}}",3
1638,1,2026-05-04 18:01:15.348093 +00:00,5,2,0,0,0,2,"{""Bogorodica L1"": {""total"": 2, ""by_type"": {""truck"": 2}}, ""Bogorodica L2"": {""total"": 0, ""by_type"": {}}, ""Bogorodica L3"": {""total"": 0, ""by_type"": {}}, ""Bogorodica L4"": {""total"": 0, ""by_type"": {}}, ""Bogorodica L5"": {""total"": 0, ""by_type"": {}}}",3
1639,1,2026-05-04 18:06:15.722568 +00:00,5,2,1,0,0,1,"{""Bogorodica L1"": {""total"": 1, ""by_type"": {""truck"": 1}}, ""Bogorodica L2"": {""total"": 0, ""by_type"": {}}, ""Bogorodica L3"": {""total"": 0, ""by_type"": {}}, ""Bogorodica L4"": {""total"": 0, ""by_type"": {}}, ""Bogorodica L5"": {""total"": 1, ""by_type"": {""car"": 1}}}",2.5
1640,1,2026-05-04 18:11:15.832812 +00:00,5,0,0,0,0,0,"{""Bogorodica L1"": {""total"": 0, ""by_type"": {}}, ""Bogorodica L2"": {""total"": 0, ""by_type"": {}}, ""Bogorodica L3"": {""total"": 0, ""by_type"": {}}, ""Bogorodica L4"": {""total"": 0, ""by_type"": {}}, ""Bogorodica L5"": {""total"": 0, ""by_type"": {}}}",3
1641,1,2026-05-04 18:16:15.868393 +00:00,5,4,2,0,0,2,"{""Bogorodica L1"": {""total"": 3, ""by_type"": {""car"": 1, ""truck"": 2}}, ""Bogorodica L2"": {""total"": 0, ""by_type"": {}}, ""Bogorodica L3"": {""total"": 0, ""by_type"": {}}, ""Bogorodica L4"": {""total"": 0, ""by_type"": {}}, ""Bogorodica L5"": {""total"": 1, ""by_type"": {""car"": 1}}}",3
1642,1,2026-05-04 18:21:15.921276 +00:00,5,1,0,0,0,1,"{""Bogorodica L1"": {""total"": 1, ""by_type"": {""truck"": 1}}, ""Bogorodica L2"": {""total"": 0, ""by_type"": {}}, ""Bogorodica L3"": {""total"": 0, ""by_type"": {}}, ""Bogorodica L4"": {""total"": 0, ""by_type"": {}}, ""Bogorodica L5"": {""total"": 0, ""by_type"": {}}}",3
1643,1,2026-05-04 18:26:16.204840 +00:00,5,0,0,0,0,0,"{""Bogorodica L1"": {""total"": 0, ""by_type"": {}}, ""Bogorodica L2"": {""total"": 0, ""by_type"": {}}, ""Bogorodica L3"": {""total"": 0, ""by_type"": {}}, ""Bogorodica L4"": {""total"": 0, ""by_type"": {}}, ""Bogorodica L5"": {""total"": 0, ""by_type"": {}}}",3
1644,1,2026-05-04 18:31:16.383232 +00:00,5,2,2,0,0,0,"{""Bogorodica L1"": {""total"": 0, ""by_type"": {}}, ""Bogorodica L2"": {""total"": 0, ""by_type"": {}}, ""Bogorodica L3"": {""total"": 0, ""by_type"": {}}, ""Bogorodica L4"": {""total"": 2, ""by_type"": {""car"": 2}}, ""Bogorodica L5"": {""total"": 0, ""by_type"": {}}}",3
1645,1,2026-05-04 18:36:16.601843 +00:00,5,1,1,0,0,0,"{""Bogorodica L1"": {""total"": 0, ""by_type"": {}}, ""Bogorodica L2"": {""total"": 0, ""by_type"": {}}, ""Bogorodica L3"": {""total"": 0, ""by_type"": {}}, ""Bogorodica L4"": {""total"": 1, ""by_type"": {""car"": 1}}, ""Bogorodica L5"": {""total"": 0, ""by_type"": {}}}",2.5
1646,1,2026-05-04 18:41:16.683822 +00:00,5,3,2,0,0,1,"{""Bogorodica L1"": {""total"": 1, ""by_type"": {""truck"": 1}}, ""Bogorodica L2"": {""total"": 0, ""by_type"": {}}, ""Bogorodica L3"": {""total"": 0, ""by_type"": {}}, ""Bogorodica L4"": {""total"": 0, ""by_type"": {}}, ""Bogorodica L5"": {""total"": 2, ""by_type"": {""car"": 2}}}",3
1647,1,2026-05-04 18:46:17.002597 +00:00,5,0,0,0,0,0,"{""Bogorodica L1"": {""total"": 0, ""by_type"": {}}, ""Bogorodica L2"": {""total"": 0, ""by_type"": {}}, ""Bogorodica L3"": {""total"": 0, ""by_type"": {}}, ""Bogorodica L4"": {""total"": 0, ""by_type"": {}}, ""Bogorodica L5"": {""total"": 0, ""by_type"": {}}}",3
1648,1,2026-05-04 18:51:17.153354 +00:00,5,3,1,0,0,2,"{""Bogorodica L1"": {""total"": 3, ""by_type"": {""car"": 1, ""truck"": 2}}, ""Bogorodica L2"": {""total"": 0, ""by_type"": {}}, ""Bogorodica L3"": {""total"": 0, ""by_type"": {}}, ""Bogorodica L4"": {""total"": 0, ""by_type"": {}}, ""Bogorodica L5"": {""total"": 0, ""by_type"": {}}}",3
1649,1,2026-05-04 18:56:17.530341 +00:00,5,2,1,0,1,0,"{""Bogorodica L1"": {""total"": 0, ""by_type"": {}}, ""Bogorodica L2"": {""total"": 1, ""by_type"": {""bus"": 1}}, ""Bogorodica L3"": {""total"": 0, ""by_type"": {}}, ""Bogorodica L4"": {""total"": 0, ""by_type"": {}}, ""Bogorodica L5"": {""total"": 1, ""by_type"": {""car"": 1}}}",3
1650,1,2026-05-04 19:01:17.578006 +00:00,5,2,0,0,0,2,"{""Bogorodica L1"": {""total"": 2, ""by_type"": {""truck"": 2}}, ""Bogorodica L2"": {""total"": 0, ""by_type"": {}}, ""Bogorodica L3"": {""total"": 0, ""by_type"": {}}, ""Bogorodica L4"": {""total"": 0, ""by_type"": {}}, ""Bogorodica L5"": {""total"": 0, ""by_type"": {}}}",3
1651,1,2026-05-04 19:06:17.903856 +00:00,5,4,4,0,0,0,"{""Bogorodica L1"": {""total"": 0, ""by_type"": {}}, ""Bogorodica L2"": {""total"": 0, ""by_type"": {}}, ""Bogorodica L3"": {""total"": 0, ""by_type"": {}}, ""Bogorodica L4"": {""total"": 4, ""by_type"": {""car"": 4}}, ""Bogorodica L5"": {""total"": 0, ""by_type"": {}}}",3
1652,1,2026-05-04 19:11:18.034685 +00:00,5,2,2,0,0,0,"{""Bogorodica L1"": {""total"": 0, ""by_type"": {}}, ""Bogorodica L2"": {""total"": 0, ""by_type"": {}}, ""Bogorodica L3"": {""total"": 0, ""by_type"": {}}, ""Bogorodica L4"": {""total"": 1, ""by_type"": {""car"": 1}}, ""Bogorodica L5"": {""total"": 1, ""by_type"": {""car"": 1}}}",3
1653,1,2026-05-04 19:16:18.122397 +00:00,5,1,1,0,0,0,"{""Bogorodica L1"": {""total"": 0, ""by_type"": {}}, ""Bogorodica L2"": {""total"": 0, ""by_type"": {}}, ""Bogorodica L3"": {""total"": 0, ""by_type"": {}}, ""Bogorodica L4"": {""total"": 0, ""by_type"": {}}, ""Bogorodica L5"": {""total"": 1, ""by_type"": {""car"": 1}}}",3
1654,1,2026-05-04 19:21:18.270377 +00:00,5,0,0,0,0,0,"{""Bogorodica L1"": {""total"": 0, ""by_type"": {}}, ""Bogorodica L2"": {""total"": 0, ""by_type"": {}}, ""Bogorodica L3"": {""total"": 0, ""by_type"": {}}, ""Bogorodica L4"": {""total"": 0, ""by_type"": {}}, ""Bogorodica L5"": {""total"": 0, ""by_type"": {}}}",3
1655,1,2026-05-04 19:26:18.579096 +00:00,5,0,0,0,0,0,"{""Bogorodica L1"": {""total"": 0, ""by_type"": {}}, ""Bogorodica L2"": {""total"": 0, ""by_type"": {}}, ""Bogorodica L3"": {""total"": 0, ""by_type"": {}}, ""Bogorodica L4"": {""total"": 0, ""by_type"": {}}, ""Bogorodica L5"": {""total"": 0, ""by_type"": {}}}",3
1656,1,2026-05-04 19:31:18.648366 +00:00,5,0,0,0,0,0,"{""Bogorodica L1"": {""total"": 0, ""by_type"": {}}, ""Bogorodica L2"": {""total"": 0, ""by_type"": {}}, ""Bogorodica L3"": {""total"": 0, ""by_type"": {}}, ""Bogorodica L4"": {""total"": 0, ""by_type"": {}}, ""Bogorodica L5"": {""total"": 0, ""by_type"": {}}}",3
1657,1,2026-05-04 19:36:18.723424 +00:00,5,2,2,0,0,0,"{""Bogorodica L1"": {""total"": 1, ""by_type"": {""car"": 1}}, ""Bogorodica L2"": {""total"": 0, ""by_type"": {}}, ""Bogorodica L3"": {""total"": 0, ""by_type"": {}}, ""Bogorodica L4"": {""total"": 1, ""by_type"": {""car"": 1}}, ""Bogorodica L5"": {""total"": 0, ""by_type"": {}}}",3
1658,1,2026-05-04 19:41:18.801810 +00:00,5,0,0,0,0,0,"{""Bogorodica L1"": {""total"": 0, ""by_type"": {}}, ""Bogorodica L2"": {""total"": 0, ""by_type"": {}}, ""Bogorodica L3"": {""total"": 0, ""by_type"": {}}, ""Bogorodica L4"": {""total"": 0, ""by_type"": {}}, ""Bogorodica L5"": {""total"": 0, ""by_type"": {}}}",3
1659,1,2026-05-04 19:46:18.963171 +00:00,5,0,0,0,0,0,"{""Bogorodica L1"": {""total"": 0, ""by_type"": {}}, ""Bogorodica L2"": {""total"": 0, ""by_type"": {}}, ""Bogorodica L3"": {""total"": 0, ""by_type"": {}}, ""Bogorodica L4"": {""total"": 0, ""by_type"": {}}, ""Bogorodica L5"": {""total"": 0, ""by_type"": {}}}",3
1660,1,2026-05-04 19:51:19.259847 +00:00,5,0,0,0,0,0,"{""Bogorodica L1"": {""total"": 0, ""by_type"": {}}, ""Bogorodica L2"": {""total"": 0, ""by_type"": {}}, ""Bogorodica L3"": {""total"": 0, ""by_type"": {}}, ""Bogorodica L4"": {""total"": 0, ""by_type"": {}}, ""Bogorodica L5"": {""total"": 0, ""by_type"": {}}}",3
1661,1,2026-05-04 19:56:19.321823 +00:00,5,0,0,0,0,0,"{""Bogorodica L1"": {""total"": 0, ""by_type"": {}}, ""Bogorodica L2"": {""total"": 0, ""by_type"": {}}, ""Bogorodica L3"": {""total"": 0, ""by_type"": {}}, ""Bogorodica L4"": {""total"": 0, ""by_type"": {}}, ""Bogorodica L5"": {""total"": 0, ""by_type"": {}}}",3
1662,1,2026-05-04 20:01:19.365987 +00:00,5,0,0,0,0,0,"{""Bogorodica L1"": {""total"": 0, ""by_type"": {}}, ""Bogorodica L2"": {""total"": 0, ""by_type"": {}}, ""Bogorodica L3"": {""total"": 0, ""by_type"": {}}, ""Bogorodica L4"": {""total"": 0, ""by_type"": {}}, ""Bogorodica L5"": {""total"": 0, ""by_type"": {}}}",3
1663,1,2026-05-04 20:06:19.515871 +00:00,5,4,4,0,0,0,"{""Bogorodica L1"": {""total"": 0, ""by_type"": {}}, ""Bogorodica L2"": {""total"": 0, ""by_type"": {}}, ""Bogorodica L3"": {""total"": 0, ""by_type"": {}}, ""Bogorodica L4"": {""total"": 4, ""by_type"": {""car"": 4}}, ""Bogorodica L5"": {""total"": 0, ""by_type"": {}}}",3
1664,1,2026-05-04 20:11:19.578588 +00:00,5,3,3,0,0,0,"{""Bogorodica L1"": {""total"": 0, ""by_type"": {}}, ""Bogorodica L2"": {""total"": 0, ""by_type"": {}}, ""Bogorodica L3"": {""total"": 0, ""by_type"": {}}, ""Bogorodica L4"": {""total"": 3, ""by_type"": {""car"": 3}}, ""Bogorodica L5"": {""total"": 0, ""by_type"": {}}}",2.5
1665,1,2026-05-04 20:16:19.677937 +00:00,5,1,1,0,0,0,"{""Bogorodica L1"": {""total"": 0, ""by_type"": {}}, ""Bogorodica L2"": {""total"": 0, ""by_type"": {}}, ""Bogorodica L3"": {""total"": 0, ""by_type"": {}}, ""Bogorodica L4"": {""total"": 1, ""by_type"": {""car"": 1}}, ""Bogorodica L5"": {""total"": 0, ""by_type"": {}}}",3
1666,1,2026-05-04 20:21:19.713703 +00:00,5,6,5,0,1,0,"{""Bogorodica L1"": {""total"": 0, ""by_type"": {}}, ""Bogorodica L2"": {""total"": 0, ""by_type"": {}}, ""Bogorodica L3"": {""total"": 0, ""by_type"": {}}, ""Bogorodica L4"": {""total"": 2, ""by_type"": {""car"": 2}}, ""Bogorodica L5"": {""total"": 4, ""by_type"": {""bus"": 1, ""car"": 3}}}",3
1667,1,2026-05-04 20:26:19.874178 +00:00,5,5,4,0,0,1,"{""Bogorodica L1"": {""total"": 1, ""by_type"": {""truck"": 1}}, ""Bogorodica L2"": {""total"": 0, ""by_type"": {}}, ""Bogorodica L3"": {""total"": 0, ""by_type"": {}}, ""Bogorodica L4"": {""total"": 4, ""by_type"": {""car"": 4}}, ""Bogorodica L5"": {""total"": 0, ""by_type"": {}}}",3
1668,1,2026-05-04 20:31:20.261429 +00:00,5,8,5,0,0,3,"{""Bogorodica L1"": {""total"": 3, ""by_type"": {""truck"": 3}}, ""Bogorodica L2"": {""total"": 0, ""by_type"": {}}, ""Bogorodica L3"": {""total"": 0, ""by_type"": {}}, ""Bogorodica L4"": {""total"": 4, ""by_type"": {""car"": 4}}, ""Bogorodica L5"": {""total"": 1, ""by_type"": {""car"": 1}}}",3
1669,1,2026-05-04 20:36:20.566170 +00:00,5,6,5,0,0,1,"{""Bogorodica L1"": {""total"": 1, ""by_type"": {""truck"": 1}}, ""Bogorodica L2"": {""total"": 0, ""by_type"": {}}, ""Bogorodica L3"": {""total"": 0, ""by_type"": {}}, ""Bogorodica L4"": {""total"": 3, ""by_type"": {""car"": 3}}, ""Bogorodica L5"": {""total"": 2, ""by_type"": {""car"": 2}}}",3
1670,1,2026-05-04 20:41:20.685992 +00:00,5,9,6,0,0,3,"{""Bogorodica L1"": {""total"": 3, ""by_type"": {""truck"": 3}}, ""Bogorodica L2"": {""total"": 0, ""by_type"": {}}, ""Bogorodica L3"": {""total"": 0, ""by_type"": {}}, ""Bogorodica L4"": {""total"": 2, ""by_type"": {""car"": 2}}, ""Bogorodica L5"": {""total"": 4, ""by_type"": {""car"": 4}}}",3
1671,1,2026-05-04 20:46:20.710846 +00:00,5,3,2,0,0,1,"{""Bogorodica L1"": {""total"": 1, ""by_type"": {""truck"": 1}}, ""Bogorodica L2"": {""total"": 1, ""by_type"": {""car"": 1}}, ""Bogorodica L3"": {""total"": 0, ""by_type"": {}}, ""Bogorodica L4"": {""total"": 1, ""by_type"": {""car"": 1}}, ""Bogorodica L5"": {""total"": 0, ""by_type"": {}}}",3
1672,1,2026-05-04 20:51:21.083242 +00:00,5,2,0,0,0,2,"{""Bogorodica L1"": {""total"": 2, ""by_type"": {""truck"": 2}}, ""Bogorodica L2"": {""total"": 0, ""by_type"": {}}, ""Bogorodica L3"": {""total"": 0, ""by_type"": {}}, ""Bogorodica L4"": {""total"": 0, ""by_type"": {}}, ""Bogorodica L5"": {""total"": 0, ""by_type"": {}}}",3
1673,1,2026-05-04 20:56:21.402131 +00:00,5,0,0,0,0,0,"{""Bogorodica L1"": {""total"": 0, ""by_type"": {}}, ""Bogorodica L2"": {""total"": 0, ""by_type"": {}}, ""Bogorodica L3"": {""total"": 0, ""by_type"": {}}, ""Bogorodica L4"": {""total"": 0, ""by_type"": {}}, ""Bogorodica L5"": {""total"": 0, ""by_type"": {}}}",3
1674,1,2026-05-04 21:01:21.409638 +00:00,5,0,0,0,0,0,"{""Bogorodica L1"": {""total"": 0, ""by_type"": {}}, ""Bogorodica L2"": {""total"": 0, ""by_type"": {}}, ""Bogorodica L3"": {""total"": 0, ""by_type"": {}}, ""Bogorodica L4"": {""total"": 0, ""by_type"": {}}, ""Bogorodica L5"": {""total"": 0, ""by_type"": {}}}",3
1675,1,2026-05-04 21:06:21.777955 +00:00,5,0,0,0,0,0,"{""Bogorodica L1"": {""total"": 0, ""by_type"": {}}, ""Bogorodica L2"": {""total"": 0, ""by_type"": {}}, ""Bogorodica L3"": {""total"": 0, ""by_type"": {}}, ""Bogorodica L4"": {""total"": 0, ""by_type"": {}}, ""Bogorodica L5"": {""total"": 0, ""by_type"": {}}}",3
1676,1,2026-05-04 21:11:22.081501 +00:00,5,0,0,0,0,0,"{""Bogorodica L1"": {""total"": 0, ""by_type"": {}}, ""Bogorodica L2"": {""total"": 0, ""by_type"": {}}, ""Bogorodica L3"": {""total"": 0, ""by_type"": {}}, ""Bogorodica L4"": {""total"": 0, ""by_type"": {}}, ""Bogorodica L5"": {""total"": 0, ""by_type"": {}}}",3
1677,1,2026-05-04 21:16:22.439651 +00:00,5,0,0,0,0,0,"{""Bogorodica L1"": {""total"": 0, ""by_type"": {}}, ""Bogorodica L2"": {""total"": 0, ""by_type"": {}}, ""Bogorodica L3"": {""total"": 0, ""by_type"": {}}, ""Bogorodica L4"": {""total"": 0, ""by_type"": {}}, ""Bogorodica L5"": {""total"": 0, ""by_type"": {}}}",3
1678,1,2026-05-04 21:21:22.614360 +00:00,5,0,0,0,0,0,"{""Bogorodica L1"": {""total"": 0, ""by_type"": {}}, ""Bogorodica L2"": {""total"": 0, ""by_type"": {}}, ""Bogorodica L3"": {""total"": 0, ""by_type"": {}}, ""Bogorodica L4"": {""total"": 0, ""by_type"": {}}, ""Bogorodica L5"": {""total"": 0, ""by_type"": {}}}",3
1679,1,2026-05-04 21:26:22.928142 +00:00,5,0,0,0,0,0,"{""Bogorodica L1"": {""total"": 0, ""by_type"": {}}, ""Bogorodica L2"": {""total"": 0, ""by_type"": {}}, ""Bogorodica L3"": {""total"": 0, ""by_type"": {}}, ""Bogorodica L4"": {""total"": 0, ""by_type"": {}}, ""Bogorodica L5"": {""total"": 0, ""by_type"": {}}}",3
1680,1,2026-05-04 21:31:22.955652 +00:00,5,2,0,0,0,2,"{""Bogorodica L1"": {""total"": 2, ""by_type"": {""truck"": 2}}, ""Bogorodica L2"": {""total"": 0, ""by_type"": {}}, ""Bogorodica L3"": {""total"": 0, ""by_type"": {}}, ""Bogorodica L4"": {""total"": 0, ""by_type"": {}}, ""Bogorodica L5"": {""total"": 0, ""by_type"": {}}}",3
1681,1,2026-05-04 21:36:23.146630 +00:00,5,2,1,0,0,1,"{""Bogorodica L1"": {""total"": 1, ""by_type"": {""truck"": 1}}, ""Bogorodica L2"": {""total"": 0, ""by_type"": {}}, ""Bogorodica L3"": {""total"": 0, ""by_type"": {}}, ""Bogorodica L4"": {""total"": 0, ""by_type"": {}}, ""Bogorodica L5"": {""total"": 1, ""by_type"": {""car"": 1}}}",3
1682,1,2026-05-04 21:41:23.244406 +00:00,5,1,0,0,0,1,"{""Bogorodica L1"": {""total"": 1, ""by_type"": {""truck"": 1}}, ""Bogorodica L2"": {""total"": 0, ""by_type"": {}}, ""Bogorodica L3"": {""total"": 0, ""by_type"": {}}, ""Bogorodica L4"": {""total"": 0, ""by_type"": {}}, ""Bogorodica L5"": {""total"": 0, ""by_type"": {}}}",3
1683,1,2026-05-04 21:46:23.532124 +00:00,5,0,0,0,0,0,"{""Bogorodica L1"": {""total"": 0, ""by_type"": {}}, ""Bogorodica L2"": {""total"": 0, ""by_type"": {}}, ""Bogorodica L3"": {""total"": 0, ""by_type"": {}}, ""Bogorodica L4"": {""total"": 0, ""by_type"": {}}, ""Bogorodica L5"": {""total"": 0, ""by_type"": {}}}",3
1684,1,2026-05-04 21:51:23.540578 +00:00,5,0,0,0,0,0,"{""Bogorodica L1"": {""total"": 0, ""by_type"": {}}, ""Bogorodica L2"": {""total"": 0, ""by_type"": {}}, ""Bogorodica L3"": {""total"": 0, ""by_type"": {}}, ""Bogorodica L4"": {""total"": 0, ""by_type"": {}}, ""Bogorodica L5"": {""total"": 0, ""by_type"": {}}}",3
1685,1,2026-05-04 21:56:23.643201 +00:00,5,1,0,0,0,1,"{""Bogorodica L1"": {""total"": 1, ""by_type"": {""truck"": 1}}, ""Bogorodica L2"": {""total"": 0, ""by_type"": {}}, ""Bogorodica L3"": {""total"": 0, ""by_type"": {}}, ""Bogorodica L4"": {""total"": 0, ""by_type"": {}}, ""Bogorodica L5"": {""total"": 0, ""by_type"": {}}}",3
1686,1,2026-05-04 22:01:23.875087 +00:00,5,0,0,0,0,0,"{""Bogorodica L1"": {""total"": 0, ""by_type"": {}}, ""Bogorodica L2"": {""total"": 0, ""by_type"": {}}, ""Bogorodica L3"": {""total"": 0, ""by_type"": {}}, ""Bogorodica L4"": {""total"": 0, ""by_type"": {}}, ""Bogorodica L5"": {""total"": 0, ""by_type"": {}}}",3
1687,1,2026-05-04 22:06:24.257857 +00:00,5,2,1,0,0,1,"{""Bogorodica L1"": {""total"": 1, ""by_type"": {""truck"": 1}}, ""Bogorodica L2"": {""total"": 0, ""by_type"": {}}, ""Bogorodica L3"": {""total"": 0, ""by_type"": {}}, ""Bogorodica L4"": {""total"": 0, ""by_type"": {}}, ""Bogorodica L5"": {""total"": 1, ""by_type"": {""car"": 1}}}",3
1688,1,2026-05-04 22:11:24.287949 +00:00,5,1,0,0,0,1,"{""Bogorodica L1"": {""total"": 1, ""by_type"": {""truck"": 1}}, ""Bogorodica L2"": {""total"": 0, ""by_type"": {}}, ""Bogorodica L3"": {""total"": 0, ""by_type"": {}}, ""Bogorodica L4"": {""total"": 0, ""by_type"": {}}, ""Bogorodica L5"": {""total"": 0, ""by_type"": {}}}",3
1689,1,2026-05-04 22:16:24.565488 +00:00,5,0,0,0,0,0,"{""Bogorodica L1"": {""total"": 0, ""by_type"": {}}, ""Bogorodica L2"": {""total"": 0, ""by_type"": {}}, ""Bogorodica L3"": {""total"": 0, ""by_type"": {}}, ""Bogorodica L4"": {""total"": 0, ""by_type"": {}}, ""Bogorodica L5"": {""total"": 0, ""by_type"": {}}}",3
1690,1,2026-05-04 22:21:24.679646 +00:00,5,1,0,0,0,1,"{""Bogorodica L1"": {""total"": 1, ""by_type"": {""truck"": 1}}, ""Bogorodica L2"": {""total"": 0, ""by_type"": {}}, ""Bogorodica L3"": {""total"": 0, ""by_type"": {}}, ""Bogorodica L4"": {""total"": 0, ""by_type"": {}}, ""Bogorodica L5"": {""total"": 0, ""by_type"": {}}}",3
1691,1,2026-05-04 22:26:24.709255 +00:00,5,1,0,0,0,1,"{""Bogorodica L1"": {""total"": 1, ""by_type"": {""truck"": 1}}, ""Bogorodica L2"": {""total"": 0, ""by_type"": {}}, ""Bogorodica L3"": {""total"": 0, ""by_type"": {}}, ""Bogorodica L4"": {""total"": 0, ""by_type"": {}}, ""Bogorodica L5"": {""total"": 0, ""by_type"": {}}}",3
1692,1,2026-05-04 22:31:24.996722 +00:00,5,1,0,0,0,1,"{""Bogorodica L1"": {""total"": 1, ""by_type"": {""truck"": 1}}, ""Bogorodica L2"": {""total"": 0, ""by_type"": {}}, ""Bogorodica L3"": {""total"": 0, ""by_type"": {}}, ""Bogorodica L4"": {""total"": 0, ""by_type"": {}}, ""Bogorodica L5"": {""total"": 0, ""by_type"": {}}}",3
1693,1,2026-05-04 22:36:25.218952 +00:00,5,1,1,0,0,0,"{""Bogorodica L1"": {""total"": 1, ""by_type"": {""car"": 1}}, ""Bogorodica L2"": {""total"": 0, ""by_type"": {}}, ""Bogorodica L3"": {""total"": 0, ""by_type"": {}}, ""Bogorodica L4"": {""total"": 0, ""by_type"": {}}, ""Bogorodica L5"": {""total"": 0, ""by_type"": {}}}",3
1694,1,2026-05-04 22:41:25.536904 +00:00,5,3,0,0,0,3,"{""Bogorodica L1"": {""total"": 3, ""by_type"": {""truck"": 3}}, ""Bogorodica L2"": {""total"": 0, ""by_type"": {}}, ""Bogorodica L3"": {""total"": 0, ""by_type"": {}}, ""Bogorodica L4"": {""total"": 0, ""by_type"": {}}, ""Bogorodica L5"": {""total"": 0, ""by_type"": {}}}",3
1695,1,2026-05-04 22:46:25.654367 +00:00,5,2,0,0,0,2,"{""Bogorodica L1"": {""total"": 2, ""by_type"": {""truck"": 2}}, ""Bogorodica L2"": {""total"": 0, ""by_type"": {}}, ""Bogorodica L3"": {""total"": 0, ""by_type"": {}}, ""Bogorodica L4"": {""total"": 0, ""by_type"": {}}, ""Bogorodica L5"": {""total"": 0, ""by_type"": {}}}",3
1696,1,2026-05-04 22:51:25.943979 +00:00,5,2,0,0,0,2,"{""Bogorodica L1"": {""total"": 2, ""by_type"": {""truck"": 2}}, ""Bogorodica L2"": {""total"": 0, ""by_type"": {}}, ""Bogorodica L3"": {""total"": 0, ""by_type"": {}}, ""Bogorodica L4"": {""total"": 0, ""by_type"": {}}, ""Bogorodica L5"": {""total"": 0, ""by_type"": {}}}",3
1697,1,2026-05-04 22:56:26.169293 +00:00,5,5,2,0,1,2,"{""Bogorodica L1"": {""total"": 5, ""by_type"": {""bus"": 1, ""car"": 2, ""truck"": 2}}, ""Bogorodica L2"": {""total"": 0, ""by_type"": {}}, ""Bogorodica L3"": {""total"": 0, ""by_type"": {}}, ""Bogorodica L4"": {""total"": 0, ""by_type"": {}}, ""Bogorodica L5"": {""total"": 0, ""by_type"": {}}}",3
1698,1,2026-05-04 23:01:26.291000 +00:00,5,3,0,0,1,2,"{""Bogorodica L1"": {""total"": 3, ""by_type"": {""bus"": 1, ""truck"": 2}}, ""Bogorodica L2"": {""total"": 0, ""by_type"": {}}, ""Bogorodica L3"": {""total"": 0, ""by_type"": {}}, ""Bogorodica L4"": {""total"": 0, ""by_type"": {}}, ""Bogorodica L5"": {""total"": 0, ""by_type"": {}}}",3
1699,1,2026-05-04 23:06:26.631229 +00:00,5,0,0,0,0,0,"{""Bogorodica L1"": {""total"": 0, ""by_type"": {}}, ""Bogorodica L2"": {""total"": 0, ""by_type"": {}}, ""Bogorodica L3"": {""total"": 0, ""by_type"": {}}, ""Bogorodica L4"": {""total"": 0, ""by_type"": {}}, ""Bogorodica L5"": {""total"": 0, ""by_type"": {}}}",3
1700,1,2026-05-04 23:11:26.766259 +00:00,5,0,0,0,0,0,"{""Bogorodica L1"": {""total"": 0, ""by_type"": {}}, ""Bogorodica L2"": {""total"": 0, ""by_type"": {}}, ""Bogorodica L3"": {""total"": 0, ""by_type"": {}}, ""Bogorodica L4"": {""total"": 0, ""by_type"": {}}, ""Bogorodica L5"": {""total"": 0, ""by_type"": {}}}",3
1701,1,2026-05-04 23:16:26.982554 +00:00,5,3,0,0,0,3,"{""Bogorodica L1"": {""total"": 3, ""by_type"": {""truck"": 3}}, ""Bogorodica L2"": {""total"": 0, ""by_type"": {}}, ""Bogorodica L3"": {""total"": 0, ""by_type"": {}}, ""Bogorodica L4"": {""total"": 0, ""by_type"": {}}, ""Bogorodica L5"": {""total"": 0, ""by_type"": {}}}",3
1702,1,2026-05-04 23:21:27.277404 +00:00,5,0,0,0,0,0,"{""Bogorodica L1"": {""total"": 0, ""by_type"": {}}, ""Bogorodica L2"": {""total"": 0, ""by_type"": {}}, ""Bogorodica L3"": {""total"": 0, ""by_type"": {}}, ""Bogorodica L4"": {""total"": 0, ""by_type"": {}}, ""Bogorodica L5"": {""total"": 0, ""by_type"": {}}}",2.5
1703,1,2026-05-04 23:26:27.378872 +00:00,5,0,0,0,0,0,"{""Bogorodica L1"": {""total"": 0, ""by_type"": {}}, ""Bogorodica L2"": {""total"": 0, ""by_type"": {}}, ""Bogorodica L3"": {""total"": 0, ""by_type"": {}}, ""Bogorodica L4"": {""total"": 0, ""by_type"": {}}, ""Bogorodica L5"": {""total"": 0, ""by_type"": {}}}",3
1704,1,2026-05-04 23:31:27.694116 +00:00,5,1,1,0,0,0,"{""Bogorodica L1"": {""total"": 1, ""by_type"": {""car"": 1}}, ""Bogorodica L2"": {""total"": 0, ""by_type"": {}}, ""Bogorodica L3"": {""total"": 0, ""by_type"": {}}, ""Bogorodica L4"": {""total"": 0, ""by_type"": {}}, ""Bogorodica L5"": {""total"": 0, ""by_type"": {}}}",3
1705,1,2026-05-04 23:36:28.000030 +00:00,5,3,1,0,0,2,"{""Bogorodica L1"": {""total"": 2, ""by_type"": {""truck"": 2}}, ""Bogorodica L2"": {""total"": 0, ""by_type"": {}}, ""Bogorodica L3"": {""total"": 0, ""by_type"": {}}, ""Bogorodica L4"": {""total"": 1, ""by_type"": {""car"": 1}}, ""Bogorodica L5"": {""total"": 0, ""by_type"": {}}}",2.5
1706,1,2026-05-04 23:41:28.251730 +00:00,5,1,1,0,0,0,"{""Bogorodica L1"": {""total"": 1, ""by_type"": {""car"": 1}}, ""Bogorodica L2"": {""total"": 0, ""by_type"": {}}, ""Bogorodica L3"": {""total"": 0, ""by_type"": {}}, ""Bogorodica L4"": {""total"": 0, ""by_type"": {}}, ""Bogorodica L5"": {""total"": 0, ""by_type"": {}}}",3
1707,1,2026-05-04 23:46:28.402225 +00:00,5,0,0,0,0,0,"{""Bogorodica L1"": {""total"": 0, ""by_type"": {}}, ""Bogorodica L2"": {""total"": 0, ""by_type"": {}}, ""Bogorodica L3"": {""total"": 0, ""by_type"": {}}, ""Bogorodica L4"": {""total"": 0, ""by_type"": {}}, ""Bogorodica L5"": {""total"": 0, ""by_type"": {}}}",3
1708,1,2026-05-04 23:51:28.622664 +00:00,5,1,0,0,0,1,"{""Bogorodica L1"": {""total"": 1, ""by_type"": {""truck"": 1}}, ""Bogorodica L2"": {""total"": 0, ""by_type"": {}}, ""Bogorodica L3"": {""total"": 0, ""by_type"": {}}, ""Bogorodica L4"": {""total"": 0, ""by_type"": {}}, ""Bogorodica L5"": {""total"": 0, ""by_type"": {}}}",3
1709,1,2026-05-04 23:56:28.679968 +00:00,5,2,1,0,0,1,"{""Bogorodica L1"": {""total"": 1, ""by_type"": {""truck"": 1}}, ""Bogorodica L2"": {""total"": 0, ""by_type"": {}}, ""Bogorodica L3"": {""total"": 0, ""by_type"": {}}, ""Bogorodica L4"": {""total"": 0, ""by_type"": {}}, ""Bogorodica L5"": {""total"": 1, ""by_type"": {""car"": 1}}}",3
1710,1,2026-05-05 00:01:29.019836 +00:00,5,0,0,0,0,0,"{""Bogorodica L1"": {""total"": 0, ""by_type"": {}}, ""Bogorodica L2"": {""total"": 0, ""by_type"": {}}, ""Bogorodica L3"": {""total"": 0, ""by_type"": {}}, ""Bogorodica L4"": {""total"": 0, ""by_type"": {}}, ""Bogorodica L5"": {""total"": 0, ""by_type"": {}}}",3
1711,1,2026-05-05 00:06:29.237481 +00:00,5,0,0,0,0,0,"{""Bogorodica L1"": {""total"": 0, ""by_type"": {}}, ""Bogorodica L2"": {""total"": 0, ""by_type"": {}}, ""Bogorodica L3"": {""total"": 0, ""by_type"": {}}, ""Bogorodica L4"": {""total"": 0, ""by_type"": {}}, ""Bogorodica L5"": {""total"": 0, ""by_type"": {}}}",3
1712,1,2026-05-05 00:11:29.330702 +00:00,5,0,0,0,0,0,"{""Bogorodica L1"": {""total"": 0, ""by_type"": {}}, ""Bogorodica L2"": {""total"": 0, ""by_type"": {}}, ""Bogorodica L3"": {""total"": 0, ""by_type"": {}}, ""Bogorodica L4"": {""total"": 0, ""by_type"": {}}, ""Bogorodica L5"": {""total"": 0, ""by_type"": {}}}",3
1713,1,2026-05-05 00:16:29.346414 +00:00,5,2,0,0,0,2,"{""Bogorodica L1"": {""total"": 2, ""by_type"": {""truck"": 2}}, ""Bogorodica L2"": {""total"": 0, ""by_type"": {}}, ""Bogorodica L3"": {""total"": 0, ""by_type"": {}}, ""Bogorodica L4"": {""total"": 0, ""by_type"": {}}, ""Bogorodica L5"": {""total"": 0, ""by_type"": {}}}",3
1714,1,2026-05-05 00:21:29.436744 +00:00,5,0,0,0,0,0,"{""Bogorodica L1"": {""total"": 0, ""by_type"": {}}, ""Bogorodica L2"": {""total"": 0, ""by_type"": {}}, ""Bogorodica L3"": {""total"": 0, ""by_type"": {}}, ""Bogorodica L4"": {""total"": 0, ""by_type"": {}}, ""Bogorodica L5"": {""total"": 0, ""by_type"": {}}}",3
1715,1,2026-05-05 00:26:29.563552 +00:00,5,2,0,0,0,2,"{""Bogorodica L1"": {""total"": 2, ""by_type"": {""truck"": 2}}, ""Bogorodica L2"": {""total"": 0, ""by_type"": {}}, ""Bogorodica L3"": {""total"": 0, ""by_type"": {}}, ""Bogorodica L4"": {""total"": 0, ""by_type"": {}}, ""Bogorodica L5"": {""total"": 0, ""by_type"": {}}}",3
1716,1,2026-05-05 00:31:29.583118 +00:00,5,1,1,0,0,0,"{""Bogorodica L1"": {""total"": 1, ""by_type"": {""car"": 1}}, ""Bogorodica L2"": {""total"": 0, ""by_type"": {}}, ""Bogorodica L3"": {""total"": 0, ""by_type"": {}}, ""Bogorodica L4"": {""total"": 0, ""by_type"": {}}, ""Bogorodica L5"": {""total"": 0, ""by_type"": {}}}",3
1717,1,2026-05-05 00:36:29.599441 +00:00,5,0,0,0,0,0,"{""Bogorodica L1"": {""total"": 0, ""by_type"": {}}, ""Bogorodica L2"": {""total"": 0, ""by_type"": {}}, ""Bogorodica L3"": {""total"": 0, ""by_type"": {}}, ""Bogorodica L4"": {""total"": 0, ""by_type"": {}}, ""Bogorodica L5"": {""total"": 0, ""by_type"": {}}}",3
1718,1,2026-05-05 00:41:29.784982 +00:00,5,0,0,0,0,0,"{""Bogorodica L1"": {""total"": 0, ""by_type"": {}}, ""Bogorodica L2"": {""total"": 0, ""by_type"": {}}, ""Bogorodica L3"": {""total"": 0, ""by_type"": {}}, ""Bogorodica L4"": {""total"": 0, ""by_type"": {}}, ""Bogorodica L5"": {""total"": 0, ""by_type"": {}}}",3
1719,1,2026-05-05 00:46:30.136028 +00:00,5,1,0,0,0,1,"{""Bogorodica L1"": {""total"": 1, ""by_type"": {""truck"": 1}}, ""Bogorodica L2"": {""total"": 0, ""by_type"": {}}, ""Bogorodica L3"": {""total"": 0, ""by_type"": {}}, ""Bogorodica L4"": {""total"": 0, ""by_type"": {}}, ""Bogorodica L5"": {""total"": 0, ""by_type"": {}}}",3
1720,1,2026-05-05 00:51:30.323661 +00:00,5,3,0,0,0,3,"{""Bogorodica L1"": {""total"": 3, ""by_type"": {""truck"": 3}}, ""Bogorodica L2"": {""total"": 0, ""by_type"": {}}, ""Bogorodica L3"": {""total"": 0, ""by_type"": {}}, ""Bogorodica L4"": {""total"": 0, ""by_type"": {}}, ""Bogorodica L5"": {""total"": 0, ""by_type"": {}}}",3
1721,1,2026-05-05 00:56:30.671398 +00:00,5,3,1,0,0,2,"{""Bogorodica L1"": {""total"": 3, ""by_type"": {""car"": 1, ""truck"": 2}}, ""Bogorodica L2"": {""total"": 0, ""by_type"": {}}, ""Bogorodica L3"": {""total"": 0, ""by_type"": {}}, ""Bogorodica L4"": {""total"": 0, ""by_type"": {}}, ""Bogorodica L5"": {""total"": 0, ""by_type"": {}}}",3
1722,1,2026-05-05 01:01:30.682558 +00:00,5,1,0,0,0,1,"{""Bogorodica L1"": {""total"": 1, ""by_type"": {""truck"": 1}}, ""Bogorodica L2"": {""total"": 0, ""by_type"": {}}, ""Bogorodica L3"": {""total"": 0, ""by_type"": {}}, ""Bogorodica L4"": {""total"": 0, ""by_type"": {}}, ""Bogorodica L5"": {""total"": 0, ""by_type"": {}}}",3
1723,1,2026-05-05 01:06:30.927481 +00:00,5,4,1,0,0,3,"{""Bogorodica L1"": {""total"": 4, ""by_type"": {""car"": 1, ""truck"": 3}}, ""Bogorodica L2"": {""total"": 0, ""by_type"": {}}, ""Bogorodica L3"": {""total"": 0, ""by_type"": {}}, ""Bogorodica L4"": {""total"": 0, ""by_type"": {}}, ""Bogorodica L5"": {""total"": 0, ""by_type"": {}}}",3
1724,1,2026-05-05 01:11:30.996255 +00:00,5,4,1,0,0,3,"{""Bogorodica L1"": {""total"": 4, ""by_type"": {""car"": 1, ""truck"": 3}}, ""Bogorodica L2"": {""total"": 0, ""by_type"": {}}, ""Bogorodica L3"": {""total"": 0, ""by_type"": {}}, ""Bogorodica L4"": {""total"": 0, ""by_type"": {}}, ""Bogorodica L5"": {""total"": 0, ""by_type"": {}}}",3
1725,1,2026-05-05 01:16:31.181284 +00:00,5,2,0,0,0,2,"{""Bogorodica L1"": {""total"": 2, ""by_type"": {""truck"": 2}}, ""Bogorodica L2"": {""total"": 0, ""by_type"": {}}, ""Bogorodica L3"": {""total"": 0, ""by_type"": {}}, ""Bogorodica L4"": {""total"": 0, ""by_type"": {}}, ""Bogorodica L5"": {""total"": 0, ""by_type"": {}}}",3
1726,1,2026-05-05 01:21:31.496764 +00:00,5,3,0,0,0,3,"{""Bogorodica L1"": {""total"": 3, ""by_type"": {""truck"": 3}}, ""Bogorodica L2"": {""total"": 0, ""by_type"": {}}, ""Bogorodica L3"": {""total"": 0, ""by_type"": {}}, ""Bogorodica L4"": {""total"": 0, ""by_type"": {}}, ""Bogorodica L5"": {""total"": 0, ""by_type"": {}}}",3
1727,1,2026-05-05 01:26:31.809838 +00:00,5,3,0,0,0,3,"{""Bogorodica L1"": {""total"": 3, ""by_type"": {""truck"": 3}}, ""Bogorodica L2"": {""total"": 0, ""by_type"": {}}, ""Bogorodica L3"": {""total"": 0, ""by_type"": {}}, ""Bogorodica L4"": {""total"": 0, ""by_type"": {}}, ""Bogorodica L5"": {""total"": 0, ""by_type"": {}}}",3
1728,1,2026-05-05 01:31:31.985700 +00:00,5,2,0,0,0,2,"{""Bogorodica L1"": {""total"": 2, ""by_type"": {""truck"": 2}}, ""Bogorodica L2"": {""total"": 0, ""by_type"": {}}, ""Bogorodica L3"": {""total"": 0, ""by_type"": {}}, ""Bogorodica L4"": {""total"": 0, ""by_type"": {}}, ""Bogorodica L5"": {""total"": 0, ""by_type"": {}}}",3
1729,1,2026-05-05 01:36:32.200408 +00:00,5,2,0,0,0,2,"{""Bogorodica L1"": {""total"": 2, ""by_type"": {""truck"": 2}}, ""Bogorodica L2"": {""total"": 0, ""by_type"": {}}, ""Bogorodica L3"": {""total"": 0, ""by_type"": {}}, ""Bogorodica L4"": {""total"": 0, ""by_type"": {}}, ""Bogorodica L5"": {""total"": 0, ""by_type"": {}}}",3
1730,1,2026-05-05 01:41:32.418478 +00:00,5,2,0,0,0,2,"{""Bogorodica L1"": {""total"": 2, ""by_type"": {""truck"": 2}}, ""Bogorodica L2"": {""total"": 0, ""by_type"": {}}, ""Bogorodica L3"": {""total"": 0, ""by_type"": {}}, ""Bogorodica L4"": {""total"": 0, ""by_type"": {}}, ""Bogorodica L5"": {""total"": 0, ""by_type"": {}}}",3
1731,1,2026-05-05 01:46:32.524652 +00:00,5,1,0,0,0,1,"{""Bogorodica L1"": {""total"": 1, ""by_type"": {""truck"": 1}}, ""Bogorodica L2"": {""total"": 0, ""by_type"": {}}, ""Bogorodica L3"": {""total"": 0, ""by_type"": {}}, ""Bogorodica L4"": {""total"": 0, ""by_type"": {}}, ""Bogorodica L5"": {""total"": 0, ""by_type"": {}}}",3
1732,1,2026-05-05 01:51:32.758424 +00:00,5,2,0,0,0,2,"{""Bogorodica L1"": {""total"": 2, ""by_type"": {""truck"": 2}}, ""Bogorodica L2"": {""total"": 0, ""by_type"": {}}, ""Bogorodica L3"": {""total"": 0, ""by_type"": {}}, ""Bogorodica L4"": {""total"": 0, ""by_type"": {}}, ""Bogorodica L5"": {""total"": 0, ""by_type"": {}}}",3
1733,1,2026-05-05 01:56:32.878842 +00:00,5,2,0,0,0,2,"{""Bogorodica L1"": {""total"": 2, ""by_type"": {""truck"": 2}}, ""Bogorodica L2"": {""total"": 0, ""by_type"": {}}, ""Bogorodica L3"": {""total"": 0, ""by_type"": {}}, ""Bogorodica L4"": {""total"": 0, ""by_type"": {}}, ""Bogorodica L5"": {""total"": 0, ""by_type"": {}}}",3
1734,1,2026-05-05 02:01:33.173218 +00:00,5,2,0,0,0,2,"{""Bogorodica L1"": {""total"": 2, ""by_type"": {""truck"": 2}}, ""Bogorodica L2"": {""total"": 0, ""by_type"": {}}, ""Bogorodica L3"": {""total"": 0, ""by_type"": {}}, ""Bogorodica L4"": {""total"": 0, ""by_type"": {}}, ""Bogorodica L5"": {""total"": 0, ""by_type"": {}}}",3
1735,1,2026-05-05 02:06:33.261120 +00:00,5,0,0,0,0,0,"{""Bogorodica L1"": {""total"": 0, ""by_type"": {}}, ""Bogorodica L2"": {""total"": 0, ""by_type"": {}}, ""Bogorodica L3"": {""total"": 0, ""by_type"": {}}, ""Bogorodica L4"": {""total"": 0, ""by_type"": {}}, ""Bogorodica L5"": {""total"": 0, ""by_type"": {}}}",3
1736,1,2026-05-05 02:11:33.620257 +00:00,5,1,0,0,0,1,"{""Bogorodica L1"": {""total"": 1, ""by_type"": {""truck"": 1}}, ""Bogorodica L2"": {""total"": 0, ""by_type"": {}}, ""Bogorodica L3"": {""total"": 0, ""by_type"": {}}, ""Bogorodica L4"": {""total"": 0, ""by_type"": {}}, ""Bogorodica L5"": {""total"": 0, ""by_type"": {}}}",3
1737,1,2026-05-05 02:16:33.665700 +00:00,5,0,0,0,0,0,"{""Bogorodica L1"": {""total"": 0, ""by_type"": {}}, ""Bogorodica L2"": {""total"": 0, ""by_type"": {}}, ""Bogorodica L3"": {""total"": 0, ""by_type"": {}}, ""Bogorodica L4"": {""total"": 0, ""by_type"": {}}, ""Bogorodica L5"": {""total"": 0, ""by_type"": {}}}",3
1738,1,2026-05-05 02:21:33.900437 +00:00,5,0,0,0,0,0,"{""Bogorodica L1"": {""total"": 0, ""by_type"": {}}, ""Bogorodica L2"": {""total"": 0, ""by_type"": {}}, ""Bogorodica L3"": {""total"": 0, ""by_type"": {}}, ""Bogorodica L4"": {""total"": 0, ""by_type"": {}}, ""Bogorodica L5"": {""total"": 0, ""by_type"": {}}}",3
1739,1,2026-05-05 02:26:34.103442 +00:00,5,0,0,0,0,0,"{""Bogorodica L1"": {""total"": 0, ""by_type"": {}}, ""Bogorodica L2"": {""total"": 0, ""by_type"": {}}, ""Bogorodica L3"": {""total"": 0, ""by_type"": {}}, ""Bogorodica L4"": {""total"": 0, ""by_type"": {}}, ""Bogorodica L5"": {""total"": 0, ""by_type"": {}}}",3
1740,1,2026-05-05 02:31:34.321228 +00:00,5,0,0,0,0,0,"{""Bogorodica L1"": {""total"": 0, ""by_type"": {}}, ""Bogorodica L2"": {""total"": 0, ""by_type"": {}}, ""Bogorodica L3"": {""total"": 0, ""by_type"": {}}, ""Bogorodica L4"": {""total"": 0, ""by_type"": {}}, ""Bogorodica L5"": {""total"": 0, ""by_type"": {}}}",3
1741,1,2026-05-05 02:36:34.436683 +00:00,5,0,0,0,0,0,"{""Bogorodica L1"": {""total"": 0, ""by_type"": {}}, ""Bogorodica L2"": {""total"": 0, ""by_type"": {}}, ""Bogorodica L3"": {""total"": 0, ""by_type"": {}}, ""Bogorodica L4"": {""total"": 0, ""by_type"": {}}, ""Bogorodica L5"": {""total"": 0, ""by_type"": {}}}",3
1742,1,2026-05-05 02:41:34.733313 +00:00,5,2,0,0,0,2,"{""Bogorodica L1"": {""total"": 2, ""by_type"": {""truck"": 2}}, ""Bogorodica L2"": {""total"": 0, ""by_type"": {}}, ""Bogorodica L3"": {""total"": 0, ""by_type"": {}}, ""Bogorodica L4"": {""total"": 0, ""by_type"": {}}, ""Bogorodica L5"": {""total"": 0, ""by_type"": {}}}",3
1743,1,2026-05-05 02:46:34.962937 +00:00,5,1,0,0,0,1,"{""Bogorodica L1"": {""total"": 1, ""by_type"": {""truck"": 1}}, ""Bogorodica L2"": {""total"": 0, ""by_type"": {}}, ""Bogorodica L3"": {""total"": 0, ""by_type"": {}}, ""Bogorodica L4"": {""total"": 0, ""by_type"": {}}, ""Bogorodica L5"": {""total"": 0, ""by_type"": {}}}",3
1744,1,2026-05-05 02:51:35.229405 +00:00,5,2,0,0,0,2,"{""Bogorodica L1"": {""total"": 2, ""by_type"": {""truck"": 2}}, ""Bogorodica L2"": {""total"": 0, ""by_type"": {}}, ""Bogorodica L3"": {""total"": 0, ""by_type"": {}}, ""Bogorodica L4"": {""total"": 0, ""by_type"": {}}, ""Bogorodica L5"": {""total"": 0, ""by_type"": {}}}",3
1745,1,2026-05-05 02:56:35.362830 +00:00,5,0,0,0,0,0,"{""Bogorodica L1"": {""total"": 0, ""by_type"": {}}, ""Bogorodica L2"": {""total"": 0, ""by_type"": {}}, ""Bogorodica L3"": {""total"": 0, ""by_type"": {}}, ""Bogorodica L4"": {""total"": 0, ""by_type"": {}}, ""Bogorodica L5"": {""total"": 0, ""by_type"": {}}}",3
1746,1,2026-05-05 03:01:35.538829 +00:00,5,3,0,0,0,3,"{""Bogorodica L1"": {""total"": 3, ""by_type"": {""truck"": 3}}, ""Bogorodica L2"": {""total"": 0, ""by_type"": {}}, ""Bogorodica L3"": {""total"": 0, ""by_type"": {}}, ""Bogorodica L4"": {""total"": 0, ""by_type"": {}}, ""Bogorodica L5"": {""total"": 0, ""by_type"": {}}}",3
1747,1,2026-05-05 03:06:35.690903 +00:00,5,1,0,0,0,1,"{""Bogorodica L1"": {""total"": 1, ""by_type"": {""truck"": 1}}, ""Bogorodica L2"": {""total"": 0, ""by_type"": {}}, ""Bogorodica L3"": {""total"": 0, ""by_type"": {}}, ""Bogorodica L4"": {""total"": 0, ""by_type"": {}}, ""Bogorodica L5"": {""total"": 0, ""by_type"": {}}}",3
1748,1,2026-05-05 03:11:35.691822 +00:00,5,2,0,0,0,2,"{""Bogorodica L1"": {""total"": 2, ""by_type"": {""truck"": 2}}, ""Bogorodica L2"": {""total"": 0, ""by_type"": {}}, ""Bogorodica L3"": {""total"": 0, ""by_type"": {}}, ""Bogorodica L4"": {""total"": 0, ""by_type"": {}}, ""Bogorodica L5"": {""total"": 0, ""by_type"": {}}}",3
1749,1,2026-05-05 03:16:35.986280 +00:00,5,5,0,0,1,4,"{""Bogorodica L1"": {""total"": 4, ""by_type"": {""truck"": 4}}, ""Bogorodica L2"": {""total"": 1, ""by_type"": {""bus"": 1}}, ""Bogorodica L3"": {""total"": 0, ""by_type"": {}}, ""Bogorodica L4"": {""total"": 0, ""by_type"": {}}, ""Bogorodica L5"": {""total"": 0, ""by_type"": {}}}",3
1750,1,2026-05-05 03:21:35.996222 +00:00,5,5,0,0,0,5,"{""Bogorodica L1"": {""total"": 5, ""by_type"": {""truck"": 5}}, ""Bogorodica L2"": {""total"": 0, ""by_type"": {}}, ""Bogorodica L3"": {""total"": 0, ""by_type"": {}}, ""Bogorodica L4"": {""total"": 0, ""by_type"": {}}, ""Bogorodica L5"": {""total"": 0, ""by_type"": {}}}",3
1751,1,2026-05-05 03:26:36.001241 +00:00,5,2,0,0,0,2,"{""Bogorodica L1"": {""total"": 2, ""by_type"": {""truck"": 2}}, ""Bogorodica L2"": {""total"": 0, ""by_type"": {}}, ""Bogorodica L3"": {""total"": 0, ""by_type"": {}}, ""Bogorodica L4"": {""total"": 0, ""by_type"": {}}, ""Bogorodica L5"": {""total"": 0, ""by_type"": {}}}",3
1752,1,2026-05-05 03:31:36.190444 +00:00,5,2,0,0,0,2,"{""Bogorodica L1"": {""total"": 2, ""by_type"": {""truck"": 2}}, ""Bogorodica L2"": {""total"": 0, ""by_type"": {}}, ""Bogorodica L3"": {""total"": 0, ""by_type"": {}}, ""Bogorodica L4"": {""total"": 0, ""by_type"": {}}, ""Bogorodica L5"": {""total"": 0, ""by_type"": {}}}",3
1753,1,2026-05-05 03:36:36.453150 +00:00,5,1,0,0,0,1,"{""Bogorodica L1"": {""total"": 1, ""by_type"": {""truck"": 1}}, ""Bogorodica L2"": {""total"": 0, ""by_type"": {}}, ""Bogorodica L3"": {""total"": 0, ""by_type"": {}}, ""Bogorodica L4"": {""total"": 0, ""by_type"": {}}, ""Bogorodica L5"": {""total"": 0, ""by_type"": {}}}",3
1754,1,2026-05-05 03:41:36.766238 +00:00,5,2,1,0,0,1,"{""Bogorodica L1"": {""total"": 1, ""by_type"": {""truck"": 1}}, ""Bogorodica L2"": {""total"": 0, ""by_type"": {}}, ""Bogorodica L3"": {""total"": 0, ""by_type"": {}}, ""Bogorodica L4"": {""total"": 1, ""by_type"": {""car"": 1}}, ""Bogorodica L5"": {""total"": 0, ""by_type"": {}}}",3
1755,1,2026-05-05 03:46:36.961110 +00:00,5,2,0,0,0,2,"{""Bogorodica L1"": {""total"": 2, ""by_type"": {""truck"": 2}}, ""Bogorodica L2"": {""total"": 0, ""by_type"": {}}, ""Bogorodica L3"": {""total"": 0, ""by_type"": {}}, ""Bogorodica L4"": {""total"": 0, ""by_type"": {}}, ""Bogorodica L5"": {""total"": 0, ""by_type"": {}}}",3
1756,1,2026-05-05 03:51:37.132696 +00:00,5,2,0,0,0,2,"{""Bogorodica L1"": {""total"": 2, ""by_type"": {""truck"": 2}}, ""Bogorodica L2"": {""total"": 0, ""by_type"": {}}, ""Bogorodica L3"": {""total"": 0, ""by_type"": {}}, ""Bogorodica L4"": {""total"": 0, ""by_type"": {}}, ""Bogorodica L5"": {""total"": 0, ""by_type"": {}}}",3
1757,1,2026-05-05 03:56:37.217176 +00:00,5,2,0,0,0,2,"{""Bogorodica L1"": {""total"": 2, ""by_type"": {""truck"": 2}}, ""Bogorodica L2"": {""total"": 0, ""by_type"": {}}, ""Bogorodica L3"": {""total"": 0, ""by_type"": {}}, ""Bogorodica L4"": {""total"": 0, ""by_type"": {}}, ""Bogorodica L5"": {""total"": 0, ""by_type"": {}}}",3
1758,1,2026-05-05 04:01:37.371704 +00:00,5,2,1,0,0,1,"{""Bogorodica L1"": {""total"": 1, ""by_type"": {""truck"": 1}}, ""Bogorodica L2"": {""total"": 0, ""by_type"": {}}, ""Bogorodica L3"": {""total"": 0, ""by_type"": {}}, ""Bogorodica L4"": {""total"": 1, ""by_type"": {""car"": 1}}, ""Bogorodica L5"": {""total"": 0, ""by_type"": {}}}",3
1759,1,2026-05-05 04:06:37.615699 +00:00,5,4,0,0,0,4,"{""Bogorodica L1"": {""total"": 4, ""by_type"": {""truck"": 4}}, ""Bogorodica L2"": {""total"": 0, ""by_type"": {}}, ""Bogorodica L3"": {""total"": 0, ""by_type"": {}}, ""Bogorodica L4"": {""total"": 0, ""by_type"": {}}, ""Bogorodica L5"": {""total"": 0, ""by_type"": {}}}",3
1760,1,2026-05-05 04:11:37.674819 +00:00,5,4,1,0,0,3,"{""Bogorodica L1"": {""total"": 3, ""by_type"": {""truck"": 3}}, ""Bogorodica L2"": {""total"": 0, ""by_type"": {}}, ""Bogorodica L3"": {""total"": 0, ""by_type"": {}}, ""Bogorodica L4"": {""total"": 0, ""by_type"": {}}, ""Bogorodica L5"": {""total"": 1, ""by_type"": {""car"": 1}}}",3
1761,1,2026-05-05 04:16:37.928521 +00:00,5,3,0,0,0,3,"{""Bogorodica L1"": {""total"": 3, ""by_type"": {""truck"": 3}}, ""Bogorodica L2"": {""total"": 0, ""by_type"": {}}, ""Bogorodica L3"": {""total"": 0, ""by_type"": {}}, ""Bogorodica L4"": {""total"": 0, ""by_type"": {}}, ""Bogorodica L5"": {""total"": 0, ""by_type"": {}}}",3
1762,1,2026-05-05 04:21:38.017440 +00:00,5,5,0,0,0,5,"{""Bogorodica L1"": {""total"": 5, ""by_type"": {""truck"": 5}}, ""Bogorodica L2"": {""total"": 0, ""by_type"": {}}, ""Bogorodica L3"": {""total"": 0, ""by_type"": {}}, ""Bogorodica L4"": {""total"": 0, ""by_type"": {}}, ""Bogorodica L5"": {""total"": 0, ""by_type"": {}}}",3
1763,1,2026-05-05 04:26:38.258323 +00:00,5,2,0,0,0,2,"{""Bogorodica L1"": {""total"": 2, ""by_type"": {""truck"": 2}}, ""Bogorodica L2"": {""total"": 0, ""by_type"": {}}, ""Bogorodica L3"": {""total"": 0, ""by_type"": {}}, ""Bogorodica L4"": {""total"": 0, ""by_type"": {}}, ""Bogorodica L5"": {""total"": 0, ""by_type"": {}}}",3
1764,1,2026-05-05 04:31:38.530020 +00:00,5,2,0,0,0,2,"{""Bogorodica L1"": {""total"": 2, ""by_type"": {""truck"": 2}}, ""Bogorodica L2"": {""total"": 0, ""by_type"": {}}, ""Bogorodica L3"": {""total"": 0, ""by_type"": {}}, ""Bogorodica L4"": {""total"": 0, ""by_type"": {}}, ""Bogorodica L5"": {""total"": 0, ""by_type"": {}}}",3
1765,1,2026-05-05 04:36:38.832703 +00:00,5,4,0,0,0,4,"{""Bogorodica L1"": {""total"": 4, ""by_type"": {""truck"": 4}}, ""Bogorodica L2"": {""total"": 0, ""by_type"": {}}, ""Bogorodica L3"": {""total"": 0, ""by_type"": {}}, ""Bogorodica L4"": {""total"": 0, ""by_type"": {}}, ""Bogorodica L5"": {""total"": 0, ""by_type"": {}}}",3
1766,1,2026-05-05 04:41:39.100799 +00:00,5,3,0,0,0,3,"{""Bogorodica L1"": {""total"": 3, ""by_type"": {""truck"": 3}}, ""Bogorodica L2"": {""total"": 0, ""by_type"": {}}, ""Bogorodica L3"": {""total"": 0, ""by_type"": {}}, ""Bogorodica L4"": {""total"": 0, ""by_type"": {}}, ""Bogorodica L5"": {""total"": 0, ""by_type"": {}}}",3
1767,1,2026-05-05 04:46:39.283384 +00:00,5,2,0,0,0,2,"{""Bogorodica L1"": {""total"": 2, ""by_type"": {""truck"": 2}}, ""Bogorodica L2"": {""total"": 0, ""by_type"": {}}, ""Bogorodica L3"": {""total"": 0, ""by_type"": {}}, ""Bogorodica L4"": {""total"": 0, ""by_type"": {}}, ""Bogorodica L5"": {""total"": 0, ""by_type"": {}}}",3
1768,1,2026-05-05 04:51:39.301591 +00:00,5,2,0,0,0,2,"{""Bogorodica L1"": {""total"": 2, ""by_type"": {""truck"": 2}}, ""Bogorodica L2"": {""total"": 0, ""by_type"": {}}, ""Bogorodica L3"": {""total"": 0, ""by_type"": {}}, ""Bogorodica L4"": {""total"": 0, ""by_type"": {}}, ""Bogorodica L5"": {""total"": 0, ""by_type"": {}}}",3
1769,1,2026-05-05 04:56:39.764932 +00:00,5,4,0,0,0,4,"{""Bogorodica L1"": {""total"": 4, ""by_type"": {""truck"": 4}}, ""Bogorodica L2"": {""total"": 0, ""by_type"": {}}, ""Bogorodica L3"": {""total"": 0, ""by_type"": {}}, ""Bogorodica L4"": {""total"": 0, ""by_type"": {}}, ""Bogorodica L5"": {""total"": 0, ""by_type"": {}}}",3
1770,1,2026-05-05 05:01:39.798974 +00:00,5,3,0,0,0,3,"{""Bogorodica L1"": {""total"": 3, ""by_type"": {""truck"": 3}}, ""Bogorodica L2"": {""total"": 0, ""by_type"": {}}, ""Bogorodica L3"": {""total"": 0, ""by_type"": {}}, ""Bogorodica L4"": {""total"": 0, ""by_type"": {}}, ""Bogorodica L5"": {""total"": 0, ""by_type"": {}}}",3
1771,1,2026-05-05 05:06:39.996792 +00:00,5,2,1,0,0,1,"{""Bogorodica L1"": {""total"": 1, ""by_type"": {""truck"": 1}}, ""Bogorodica L2"": {""total"": 0, ""by_type"": {}}, ""Bogorodica L3"": {""total"": 0, ""by_type"": {}}, ""Bogorodica L4"": {""total"": 0, ""by_type"": {}}, ""Bogorodica L5"": {""total"": 1, ""by_type"": {""car"": 1}}}",3
1772,1,2026-05-05 05:11:40.160163 +00:00,5,4,0,0,0,4,"{""Bogorodica L1"": {""total"": 4, ""by_type"": {""truck"": 4}}, ""Bogorodica L2"": {""total"": 0, ""by_type"": {}}, ""Bogorodica L3"": {""total"": 0, ""by_type"": {}}, ""Bogorodica L4"": {""total"": 0, ""by_type"": {}}, ""Bogorodica L5"": {""total"": 0, ""by_type"": {}}}",3
1773,1,2026-05-05 05:16:40.301586 +00:00,5,1,0,0,0,1,"{""Bogorodica L1"": {""total"": 1, ""by_type"": {""truck"": 1}}, ""Bogorodica L2"": {""total"": 0, ""by_type"": {}}, ""Bogorodica L3"": {""total"": 0, ""by_type"": {}}, ""Bogorodica L4"": {""total"": 0, ""by_type"": {}}, ""Bogorodica L5"": {""total"": 0, ""by_type"": {}}}",3
1774,1,2026-05-05 05:21:40.617015 +00:00,5,2,0,0,0,2,"{""Bogorodica L1"": {""total"": 2, ""by_type"": {""truck"": 2}}, ""Bogorodica L2"": {""total"": 0, ""by_type"": {}}, ""Bogorodica L3"": {""total"": 0, ""by_type"": {}}, ""Bogorodica L4"": {""total"": 0, ""by_type"": {}}, ""Bogorodica L5"": {""total"": 0, ""by_type"": {}}}",3
1775,1,2026-05-05 05:26:40.905164 +00:00,5,4,0,0,0,4,"{""Bogorodica L1"": {""total"": 4, ""by_type"": {""truck"": 4}}, ""Bogorodica L2"": {""total"": 0, ""by_type"": {}}, ""Bogorodica L3"": {""total"": 0, ""by_type"": {}}, ""Bogorodica L4"": {""total"": 0, ""by_type"": {}}, ""Bogorodica L5"": {""total"": 0, ""by_type"": {}}}",3
1776,1,2026-05-05 05:31:41.183957 +00:00,5,4,0,0,0,4,"{""Bogorodica L1"": {""total"": 4, ""by_type"": {""truck"": 4}}, ""Bogorodica L2"": {""total"": 0, ""by_type"": {}}, ""Bogorodica L3"": {""total"": 0, ""by_type"": {}}, ""Bogorodica L4"": {""total"": 0, ""by_type"": {}}, ""Bogorodica L5"": {""total"": 0, ""by_type"": {}}}",3
1777,1,2026-05-05 05:36:41.260200 +00:00,5,4,0,0,0,4,"{""Bogorodica L1"": {""total"": 4, ""by_type"": {""truck"": 4}}, ""Bogorodica L2"": {""total"": 0, ""by_type"": {}}, ""Bogorodica L3"": {""total"": 0, ""by_type"": {}}, ""Bogorodica L4"": {""total"": 0, ""by_type"": {}}, ""Bogorodica L5"": {""total"": 0, ""by_type"": {}}}",3
1778,1,2026-05-05 05:41:41.519988 +00:00,5,5,0,0,0,5,"{""Bogorodica L1"": {""total"": 5, ""by_type"": {""truck"": 5}}, ""Bogorodica L2"": {""total"": 0, ""by_type"": {}}, ""Bogorodica L3"": {""total"": 0, ""by_type"": {}}, ""Bogorodica L4"": {""total"": 0, ""by_type"": {}}, ""Bogorodica L5"": {""total"": 0, ""by_type"": {}}}",3
1779,1,2026-05-05 05:46:41.758028 +00:00,5,4,0,0,0,4,"{""Bogorodica L1"": {""total"": 4, ""by_type"": {""truck"": 4}}, ""Bogorodica L2"": {""total"": 0, ""by_type"": {}}, ""Bogorodica L3"": {""total"": 0, ""by_type"": {}}, ""Bogorodica L4"": {""total"": 0, ""by_type"": {}}, ""Bogorodica L5"": {""total"": 0, ""by_type"": {}}}",3
1780,1,2026-05-05 05:51:41.854230 +00:00,5,4,0,0,0,4,"{""Bogorodica L1"": {""total"": 4, ""by_type"": {""truck"": 4}}, ""Bogorodica L2"": {""total"": 0, ""by_type"": {}}, ""Bogorodica L3"": {""total"": 0, ""by_type"": {}}, ""Bogorodica L4"": {""total"": 0, ""by_type"": {}}, ""Bogorodica L5"": {""total"": 0, ""by_type"": {}}}",3
1781,1,2026-05-05 05:56:42.198173 +00:00,5,2,0,0,0,2,"{""Bogorodica L1"": {""total"": 2, ""by_type"": {""truck"": 2}}, ""Bogorodica L2"": {""total"": 0, ""by_type"": {}}, ""Bogorodica L3"": {""total"": 0, ""by_type"": {}}, ""Bogorodica L4"": {""total"": 0, ""by_type"": {}}, ""Bogorodica L5"": {""total"": 0, ""by_type"": {}}}",3
1782,1,2026-05-05 06:01:42.503249 +00:00,5,1,0,0,0,1,"{""Bogorodica L1"": {""total"": 1, ""by_type"": {""truck"": 1}}, ""Bogorodica L2"": {""total"": 0, ""by_type"": {}}, ""Bogorodica L3"": {""total"": 0, ""by_type"": {}}, ""Bogorodica L4"": {""total"": 0, ""by_type"": {}}, ""Bogorodica L5"": {""total"": 0, ""by_type"": {}}}",3
1783,1,2026-05-05 06:06:42.883854 +00:00,5,5,1,0,0,4,"{""Bogorodica L1"": {""total"": 5, ""by_type"": {""car"": 1, ""truck"": 4}}, ""Bogorodica L2"": {""total"": 0, ""by_type"": {}}, ""Bogorodica L3"": {""total"": 0, ""by_type"": {}}, ""Bogorodica L4"": {""total"": 0, ""by_type"": {}}, ""Bogorodica L5"": {""total"": 0, ""by_type"": {}}}",3
1784,1,2026-05-05 06:11:43.138099 +00:00,5,5,1,0,0,4,"{""Bogorodica L1"": {""total"": 4, ""by_type"": {""truck"": 4}}, ""Bogorodica L2"": {""total"": 0, ""by_type"": {}}, ""Bogorodica L3"": {""total"": 0, ""by_type"": {}}, ""Bogorodica L4"": {""total"": 0, ""by_type"": {}}, ""Bogorodica L5"": {""total"": 1, ""by_type"": {""car"": 1}}}",3
1785,1,2026-05-05 06:16:43.448912 +00:00,5,4,0,0,0,4,"{""Bogorodica L1"": {""total"": 4, ""by_type"": {""truck"": 4}}, ""Bogorodica L2"": {""total"": 0, ""by_type"": {}}, ""Bogorodica L3"": {""total"": 0, ""by_type"": {}}, ""Bogorodica L4"": {""total"": 0, ""by_type"": {}}, ""Bogorodica L5"": {""total"": 0, ""by_type"": {}}}",3
1786,1,2026-05-05 06:21:43.726859 +00:00,5,1,0,0,0,1,"{""Bogorodica L1"": {""total"": 1, ""by_type"": {""truck"": 1}}, ""Bogorodica L2"": {""total"": 0, ""by_type"": {}}, ""Bogorodica L3"": {""total"": 0, ""by_type"": {}}, ""Bogorodica L4"": {""total"": 0, ""by_type"": {}}, ""Bogorodica L5"": {""total"": 0, ""by_type"": {}}}",3
1787,1,2026-05-05 06:26:44.004520 +00:00,5,6,0,0,0,6,"{""Bogorodica L1"": {""total"": 6, ""by_type"": {""truck"": 6}}, ""Bogorodica L2"": {""total"": 0, ""by_type"": {}}, ""Bogorodica L3"": {""total"": 0, ""by_type"": {}}, ""Bogorodica L4"": {""total"": 0, ""by_type"": {}}, ""Bogorodica L5"": {""total"": 0, ""by_type"": {}}}",3
1788,1,2026-05-05 06:31:45.758849 +00:00,5,3,0,0,0,3,"{""Bogorodica L1"": {""total"": 3, ""by_type"": {""truck"": 3}}, ""Bogorodica L2"": {""total"": 0, ""by_type"": {}}, ""Bogorodica L3"": {""total"": 0, ""by_type"": {}}, ""Bogorodica L4"": {""total"": 0, ""by_type"": {}}, ""Bogorodica L5"": {""total"": 0, ""by_type"": {}}}",3
1789,1,2026-05-05 06:36:46.009470 +00:00,5,3,0,0,0,3,"{""Bogorodica L1"": {""total"": 3, ""by_type"": {""truck"": 3}}, ""Bogorodica L2"": {""total"": 0, ""by_type"": {}}, ""Bogorodica L3"": {""total"": 0, ""by_type"": {}}, ""Bogorodica L4"": {""total"": 0, ""by_type"": {}}, ""Bogorodica L5"": {""total"": 0, ""by_type"": {}}}",3
1790,1,2026-05-05 06:41:46.197382 +00:00,5,2,0,0,0,2,"{""Bogorodica L1"": {""total"": 2, ""by_type"": {""truck"": 2}}, ""Bogorodica L2"": {""total"": 0, ""by_type"": {}}, ""Bogorodica L3"": {""total"": 0, ""by_type"": {}}, ""Bogorodica L4"": {""total"": 0, ""by_type"": {}}, ""Bogorodica L5"": {""total"": 0, ""by_type"": {}}}",3
1791,1,2026-05-05 06:46:46.509904 +00:00,5,1,0,0,0,1,"{""Bogorodica L1"": {""total"": 1, ""by_type"": {""truck"": 1}}, ""Bogorodica L2"": {""total"": 0, ""by_type"": {}}, ""Bogorodica L3"": {""total"": 0, ""by_type"": {}}, ""Bogorodica L4"": {""total"": 0, ""by_type"": {}}, ""Bogorodica L5"": {""total"": 0, ""by_type"": {}}}",3
1792,1,2026-05-05 06:51:46.716357 +00:00,5,2,0,0,0,2,"{""Bogorodica L1"": {""total"": 2, ""by_type"": {""truck"": 2}}, ""Bogorodica L2"": {""total"": 0, ""by_type"": {}}, ""Bogorodica L3"": {""total"": 0, ""by_type"": {}}, ""Bogorodica L4"": {""total"": 0, ""by_type"": {}}, ""Bogorodica L5"": {""total"": 0, ""by_type"": {}}}",3
1793,1,2026-05-05 06:56:46.959010 +00:00,5,1,0,0,0,1,"{""Bogorodica L1"": {""total"": 1, ""by_type"": {""truck"": 1}}, ""Bogorodica L2"": {""total"": 0, ""by_type"": {}}, ""Bogorodica L3"": {""total"": 0, ""by_type"": {}}, ""Bogorodica L4"": {""total"": 0, ""by_type"": {}}, ""Bogorodica L5"": {""total"": 0, ""by_type"": {}}}",3
1794,1,2026-05-05 07:01:57.129684 +00:00,5,2,0,0,0,2,"{""Bogorodica L1"": {""total"": 2, ""by_type"": {""truck"": 2}}, ""Bogorodica L2"": {""total"": 0, ""by_type"": {}}, ""Bogorodica L3"": {""total"": 0, ""by_type"": {}}, ""Bogorodica L4"": {""total"": 0, ""by_type"": {}}, ""Bogorodica L5"": {""total"": 0, ""by_type"": {}}}",3
1795,1,2026-05-05 07:06:57.261520 +00:00,5,0,0,0,0,0,"{""Bogorodica L1"": {""total"": 0, ""by_type"": {}}, ""Bogorodica L2"": {""total"": 0, ""by_type"": {}}, ""Bogorodica L3"": {""total"": 0, ""by_type"": {}}, ""Bogorodica L4"": {""total"": 0, ""by_type"": {}}, ""Bogorodica L5"": {""total"": 0, ""by_type"": {}}}",3
1796,1,2026-05-05 07:11:57.279913 +00:00,5,0,0,0,0,0,"{""Bogorodica L1"": {""total"": 0, ""by_type"": {}}, ""Bogorodica L2"": {""total"": 0, ""by_type"": {}}, ""Bogorodica L3"": {""total"": 0, ""by_type"": {}}, ""Bogorodica L4"": {""total"": 0, ""by_type"": {}}, ""Bogorodica L5"": {""total"": 0, ""by_type"": {}}}",1.5
1797,1,2026-05-05 07:16:57.295519 +00:00,5,1,1,0,0,0,"{""Bogorodica L1"": {""total"": 0, ""by_type"": {}}, ""Bogorodica L2"": {""total"": 0, ""by_type"": {}}, ""Bogorodica L3"": {""total"": 0, ""by_type"": {}}, ""Bogorodica L4"": {""total"": 0, ""by_type"": {}}, ""Bogorodica L5"": {""total"": 1, ""by_type"": {""car"": 1}}}",3
1798,1,2026-05-05 07:21:57.456518 +00:00,5,2,0,0,0,2,"{""Bogorodica L1"": {""total"": 2, ""by_type"": {""truck"": 2}}, ""Bogorodica L2"": {""total"": 0, ""by_type"": {}}, ""Bogorodica L3"": {""total"": 0, ""by_type"": {}}, ""Bogorodica L4"": {""total"": 0, ""by_type"": {}}, ""Bogorodica L5"": {""total"": 0, ""by_type"": {}}}",2
1799,1,2026-05-05 07:26:57.878815 +00:00,5,1,1,0,0,0,"{""Bogorodica L1"": {""total"": 1, ""by_type"": {""car"": 1}}, ""Bogorodica L2"": {""total"": 0, ""by_type"": {}}, ""Bogorodica L3"": {""total"": 0, ""by_type"": {}}, ""Bogorodica L4"": {""total"": 0, ""by_type"": {}}, ""Bogorodica L5"": {""total"": 0, ""by_type"": {}}}",2
1800,1,2026-05-05 07:32:00.204570 +00:00,5,1,0,0,0,1,"{""Bogorodica L1"": {""total"": 1, ""by_type"": {""truck"": 1}}, ""Bogorodica L2"": {""total"": 0, ""by_type"": {}}, ""Bogorodica L3"": {""total"": 0, ""by_type"": {}}, ""Bogorodica L4"": {""total"": 0, ""by_type"": {}}, ""Bogorodica L5"": {""total"": 0, ""by_type"": {}}}",0.5
1801,1,2026-05-05 07:37:01.157853 +00:00,5,1,1,0,0,0,"{""Bogorodica L1"": {""total"": 0, ""by_type"": {}}, ""Bogorodica L2"": {""total"": 0, ""by_type"": {}}, ""Bogorodica L3"": {""total"": 0, ""by_type"": {}}, ""Bogorodica L4"": {""total"": 1, ""by_type"": {""car"": 1}}, ""Bogorodica L5"": {""total"": 0, ""by_type"": {}}}",2.5
1802,1,2026-05-05 07:42:01.222862 +00:00,5,0,0,0,0,0,"{""Bogorodica L1"": {""total"": 0, ""by_type"": {}}, ""Bogorodica L2"": {""total"": 0, ""by_type"": {}}, ""Bogorodica L3"": {""total"": 0, ""by_type"": {}}, ""Bogorodica L4"": {""total"": 0, ""by_type"": {}}, ""Bogorodica L5"": {""total"": 0, ""by_type"": {}}}",1
1803,1,2026-05-05 07:47:01.506114 +00:00,5,0,0,0,0,0,"{""Bogorodica L1"": {""total"": 0, ""by_type"": {}}, ""Bogorodica L2"": {""total"": 0, ""by_type"": {}}, ""Bogorodica L3"": {""total"": 0, ""by_type"": {}}, ""Bogorodica L4"": {""total"": 0, ""by_type"": {}}, ""Bogorodica L5"": {""total"": 0, ""by_type"": {}}}",2.5
1804,1,2026-05-05 07:52:01.559617 +00:00,5,0,0,0,0,0,"{""Bogorodica L1"": {""total"": 0, ""by_type"": {}}, ""Bogorodica L2"": {""total"": 0, ""by_type"": {}}, ""Bogorodica L3"": {""total"": 0, ""by_type"": {}}, ""Bogorodica L4"": {""total"": 0, ""by_type"": {}}, ""Bogorodica L5"": {""total"": 0, ""by_type"": {}}}",3
1805,1,2026-05-05 07:57:01.715286 +00:00,5,1,0,0,0,1,"{""Bogorodica L1"": {""total"": 1, ""by_type"": {""truck"": 1}}, ""Bogorodica L2"": {""total"": 0, ""by_type"": {}}, ""Bogorodica L3"": {""total"": 0, ""by_type"": {}}, ""Bogorodica L4"": {""total"": 0, ""by_type"": {}}, ""Bogorodica L5"": {""total"": 0, ""by_type"": {}}}",2
1806,1,2026-05-05 08:02:02.026604 +00:00,5,0,0,0,0,0,"{""Bogorodica L1"": {""total"": 0, ""by_type"": {}}, ""Bogorodica L2"": {""total"": 0, ""by_type"": {}}, ""Bogorodica L3"": {""total"": 0, ""by_type"": {}}, ""Bogorodica L4"": {""total"": 0, ""by_type"": {}}, ""Bogorodica L5"": {""total"": 0, ""by_type"": {}}}",2.5
1807,1,2026-05-05 08:07:02.709351 +00:00,5,1,0,0,0,1,"{""Bogorodica L1"": {""total"": 0, ""by_type"": {}}, ""Bogorodica L2"": {""total"": 0, ""by_type"": {}}, ""Bogorodica L3"": {""total"": 0, ""by_type"": {}}, ""Bogorodica L4"": {""total"": 0, ""by_type"": {}}, ""Bogorodica L5"": {""total"": 1, ""by_type"": {""truck"": 1}}}",1.5
1808,1,2026-05-05 08:12:02.861664 +00:00,5,1,0,0,0,1,"{""Bogorodica L1"": {""total"": 1, ""by_type"": {""truck"": 1}}, ""Bogorodica L2"": {""total"": 0, ""by_type"": {}}, ""Bogorodica L3"": {""total"": 0, ""by_type"": {}}, ""Bogorodica L4"": {""total"": 0, ""by_type"": {}}, ""Bogorodica L5"": {""total"": 0, ""by_type"": {}}}",3
1809,1,2026-05-05 08:17:02.887023 +00:00,5,0,0,0,0,0,"{""Bogorodica L1"": {""total"": 0, ""by_type"": {}}, ""Bogorodica L2"": {""total"": 0, ""by_type"": {}}, ""Bogorodica L3"": {""total"": 0, ""by_type"": {}}, ""Bogorodica L4"": {""total"": 0, ""by_type"": {}}, ""Bogorodica L5"": {""total"": 0, ""by_type"": {}}}",3
1810,1,2026-05-05 08:22:03.015124 +00:00,5,1,0,0,0,1,"{""Bogorodica L1"": {""total"": 1, ""by_type"": {""truck"": 1}}, ""Bogorodica L2"": {""total"": 0, ""by_type"": {}}, ""Bogorodica L3"": {""total"": 0, ""by_type"": {}}, ""Bogorodica L4"": {""total"": 0, ""by_type"": {}}, ""Bogorodica L5"": {""total"": 0, ""by_type"": {}}}",2
1811,1,2026-05-05 08:27:03.333943 +00:00,5,1,1,0,0,0,"{""Bogorodica L1"": {""total"": 0, ""by_type"": {}}, ""Bogorodica L2"": {""total"": 0, ""by_type"": {}}, ""Bogorodica L3"": {""total"": 0, ""by_type"": {}}, ""Bogorodica L4"": {""total"": 0, ""by_type"": {}}, ""Bogorodica L5"": {""total"": 1, ""by_type"": {""car"": 1}}}",3
1812,1,2026-05-05 08:32:03.523500 +00:00,5,0,0,0,0,0,"{""Bogorodica L1"": {""total"": 0, ""by_type"": {}}, ""Bogorodica L2"": {""total"": 0, ""by_type"": {}}, ""Bogorodica L3"": {""total"": 0, ""by_type"": {}}, ""Bogorodica L4"": {""total"": 0, ""by_type"": {}}, ""Bogorodica L5"": {""total"": 0, ""by_type"": {}}}",3
1813,1,2026-05-05 08:37:03.681491 +00:00,5,6,5,0,0,1,"{""Bogorodica L1"": {""total"": 1, ""by_type"": {""truck"": 1}}, ""Bogorodica L2"": {""total"": 0, ""by_type"": {}}, ""Bogorodica L3"": {""total"": 0, ""by_type"": {}}, ""Bogorodica L4"": {""total"": 0, ""by_type"": {}}, ""Bogorodica L5"": {""total"": 5, ""by_type"": {""car"": 5}}}",2.5
1814,1,2026-05-05 08:42:03.974533 +00:00,5,2,2,0,0,0,"{""Bogorodica L1"": {""total"": 0, ""by_type"": {}}, ""Bogorodica L2"": {""total"": 0, ""by_type"": {}}, ""Bogorodica L3"": {""total"": 0, ""by_type"": {}}, ""Bogorodica L4"": {""total"": 1, ""by_type"": {""car"": 1}}, ""Bogorodica L5"": {""total"": 1, ""by_type"": {""car"": 1}}}",3
1815,1,2026-05-05 08:47:03.993149 +00:00,5,2,0,0,0,2,"{""Bogorodica L1"": {""total"": 2, ""by_type"": {""truck"": 2}}, ""Bogorodica L2"": {""total"": 0, ""by_type"": {}}, ""Bogorodica L3"": {""total"": 0, ""by_type"": {}}, ""Bogorodica L4"": {""total"": 0, ""by_type"": {}}, ""Bogorodica L5"": {""total"": 0, ""by_type"": {}}}",3
1816,1,2026-05-05 08:52:04.264325 +00:00,5,2,0,0,0,2,"{""Bogorodica L1"": {""total"": 2, ""by_type"": {""truck"": 2}}, ""Bogorodica L2"": {""total"": 0, ""by_type"": {}}, ""Bogorodica L3"": {""total"": 0, ""by_type"": {}}, ""Bogorodica L4"": {""total"": 0, ""by_type"": {}}, ""Bogorodica L5"": {""total"": 0, ""by_type"": {}}}",1.5
1817,1,2026-05-05 08:57:04.431205 +00:00,5,0,0,0,0,0,"{""Bogorodica L1"": {""total"": 0, ""by_type"": {}}, ""Bogorodica L2"": {""total"": 0, ""by_type"": {}}, ""Bogorodica L3"": {""total"": 0, ""by_type"": {}}, ""Bogorodica L4"": {""total"": 0, ""by_type"": {}}, ""Bogorodica L5"": {""total"": 0, ""by_type"": {}}}",1.5
1818,1,2026-05-05 09:02:04.647601 +00:00,5,1,1,0,0,0,"{""Bogorodica L1"": {""total"": 0, ""by_type"": {}}, ""Bogorodica L2"": {""total"": 0, ""by_type"": {}}, ""Bogorodica L3"": {""total"": 0, ""by_type"": {}}, ""Bogorodica L4"": {""total"": 1, ""by_type"": {""car"": 1}}, ""Bogorodica L5"": {""total"": 0, ""by_type"": {}}}",2.5
1819,1,2026-05-05 09:07:05.136133 +00:00,5,1,1,0,0,0,"{""Bogorodica L1"": {""total"": 0, ""by_type"": {}}, ""Bogorodica L2"": {""total"": 0, ""by_type"": {}}, ""Bogorodica L3"": {""total"": 0, ""by_type"": {}}, ""Bogorodica L4"": {""total"": 1, ""by_type"": {""car"": 1}}, ""Bogorodica L5"": {""total"": 0, ""by_type"": {}}}",2.5
1820,1,2026-05-05 09:12:05.342768 +00:00,5,1,1,0,0,0,"{""Bogorodica L1"": {""total"": 0, ""by_type"": {}}, ""Bogorodica L2"": {""total"": 0, ""by_type"": {}}, ""Bogorodica L3"": {""total"": 0, ""by_type"": {}}, ""Bogorodica L4"": {""total"": 0, ""by_type"": {}}, ""Bogorodica L5"": {""total"": 1, ""by_type"": {""car"": 1}}}",2.5
1821,1,2026-05-05 09:17:05.514597 +00:00,5,2,1,0,0,1,"{""Bogorodica L1"": {""total"": 0, ""by_type"": {}}, ""Bogorodica L2"": {""total"": 0, ""by_type"": {}}, ""Bogorodica L3"": {""total"": 0, ""by_type"": {}}, ""Bogorodica L4"": {""total"": 1, ""by_type"": {""car"": 1}}, ""Bogorodica L5"": {""total"": 1, ""by_type"": {""truck"": 1}}}",2
1822,1,2026-05-05 09:22:05.590939 +00:00,5,1,0,0,0,1,"{""Bogorodica L1"": {""total"": 0, ""by_type"": {}}, ""Bogorodica L2"": {""total"": 0, ""by_type"": {}}, ""Bogorodica L3"": {""total"": 0, ""by_type"": {}}, ""Bogorodica L4"": {""total"": 0, ""by_type"": {}}, ""Bogorodica L5"": {""total"": 1, ""by_type"": {""truck"": 1}}}",2
1823,1,2026-05-05 09:27:05.823607 +00:00,5,3,1,0,0,2,"{""Bogorodica L1"": {""total"": 1, ""by_type"": {""truck"": 1}}, ""Bogorodica L2"": {""total"": 0, ""by_type"": {}}, ""Bogorodica L3"": {""total"": 0, ""by_type"": {}}, ""Bogorodica L4"": {""total"": 0, ""by_type"": {}}, ""Bogorodica L5"": {""total"": 2, ""by_type"": {""car"": 1, ""truck"": 1}}}",2.5
1824,1,2026-05-05 09:32:06.156911 +00:00,5,1,0,0,0,1,"{""Bogorodica L1"": {""total"": 0, ""by_type"": {}}, ""Bogorodica L2"": {""total"": 0, ""by_type"": {}}, ""Bogorodica L3"": {""total"": 0, ""by_type"": {}}, ""Bogorodica L4"": {""total"": 0, ""by_type"": {}}, ""Bogorodica L5"": {""total"": 1, ""by_type"": {""truck"": 1}}}",1.5
1825,1,2026-05-05 09:37:06.157821 +00:00,5,2,1,0,0,1,"{""Bogorodica L1"": {""total"": 0, ""by_type"": {}}, ""Bogorodica L2"": {""total"": 0, ""by_type"": {}}, ""Bogorodica L3"": {""total"": 0, ""by_type"": {}}, ""Bogorodica L4"": {""total"": 1, ""by_type"": {""car"": 1}}, ""Bogorodica L5"": {""total"": 1, ""by_type"": {""truck"": 1}}}",2.5
1826,1,2026-05-05 09:42:06.389812 +00:00,5,1,0,0,0,1,"{""Bogorodica L1"": {""total"": 0, ""by_type"": {}}, ""Bogorodica L2"": {""total"": 0, ""by_type"": {}}, ""Bogorodica L3"": {""total"": 0, ""by_type"": {}}, ""Bogorodica L4"": {""total"": 0, ""by_type"": {}}, ""Bogorodica L5"": {""total"": 1, ""by_type"": {""truck"": 1}}}",2
1827,1,2026-05-05 09:47:06.430010 +00:00,5,2,1,0,0,1,"{""Bogorodica L1"": {""total"": 1, ""by_type"": {""truck"": 1}}, ""Bogorodica L2"": {""total"": 0, ""by_type"": {}}, ""Bogorodica L3"": {""total"": 0, ""by_type"": {}}, ""Bogorodica L4"": {""total"": 1, ""by_type"": {""car"": 1}}, ""Bogorodica L5"": {""total"": 0, ""by_type"": {}}}",2
1828,1,2026-05-05 09:52:06.970958 +00:00,5,0,0,0,0,0,"{""Bogorodica L1"": {""total"": 0, ""by_type"": {}}, ""Bogorodica L2"": {""total"": 0, ""by_type"": {}}, ""Bogorodica L3"": {""total"": 0, ""by_type"": {}}, ""Bogorodica L4"": {""total"": 0, ""by_type"": {}}, ""Bogorodica L5"": {""total"": 0, ""by_type"": {}}}",1.5
1829,1,2026-05-05 09:57:07.102719 +00:00,5,1,1,0,0,0,"{""Bogorodica L1"": {""total"": 0, ""by_type"": {}}, ""Bogorodica L2"": {""total"": 0, ""by_type"": {}}, ""Bogorodica L3"": {""total"": 0, ""by_type"": {}}, ""Bogorodica L4"": {""total"": 0, ""by_type"": {}}, ""Bogorodica L5"": {""total"": 1, ""by_type"": {""car"": 1}}}",2.5
1830,1,2026-05-05 10:02:07.491257 +00:00,5,0,0,0,0,0,"{""Bogorodica L1"": {""total"": 0, ""by_type"": {}}, ""Bogorodica L2"": {""total"": 0, ""by_type"": {}}, ""Bogorodica L3"": {""total"": 0, ""by_type"": {}}, ""Bogorodica L4"": {""total"": 0, ""by_type"": {}}, ""Bogorodica L5"": {""total"": 0, ""by_type"": {}}}",2.5
1831,1,2026-05-05 10:07:08.213233 +00:00,5,4,3,0,0,1,"{""Bogorodica L1"": {""total"": 0, ""by_type"": {}}, ""Bogorodica L2"": {""total"": 0, ""by_type"": {}}, ""Bogorodica L3"": {""total"": 0, ""by_type"": {}}, ""Bogorodica L4"": {""total"": 0, ""by_type"": {}}, ""Bogorodica L5"": {""total"": 4, ""by_type"": {""car"": 3, ""truck"": 1}}}",1.5
1832,1,2026-05-05 10:12:08.708508 +00:00,5,4,3,0,0,1,"{""Bogorodica L1"": {""total"": 1, ""by_type"": {""truck"": 1}}, ""Bogorodica L2"": {""total"": 0, ""by_type"": {}}, ""Bogorodica L3"": {""total"": 0, ""by_type"": {}}, ""Bogorodica L4"": {""total"": 0, ""by_type"": {}}, ""Bogorodica L5"": {""total"": 3, ""by_type"": {""car"": 3}}}",2
1833,1,2026-05-05 10:17:08.915384 +00:00,5,0,0,0,0,0,"{""Bogorodica L1"": {""total"": 0, ""by_type"": {}}, ""Bogorodica L2"": {""total"": 0, ""by_type"": {}}, ""Bogorodica L3"": {""total"": 0, ""by_type"": {}}, ""Bogorodica L4"": {""total"": 0, ""by_type"": {}}, ""Bogorodica L5"": {""total"": 0, ""by_type"": {}}}",2.5
1834,1,2026-05-05 10:22:09.287004 +00:00,5,0,0,0,0,0,"{""Bogorodica L1"": {""total"": 0, ""by_type"": {}}, ""Bogorodica L2"": {""total"": 0, ""by_type"": {}}, ""Bogorodica L3"": {""total"": 0, ""by_type"": {}}, ""Bogorodica L4"": {""total"": 0, ""by_type"": {}}, ""Bogorodica L5"": {""total"": 0, ""by_type"": {}}}",2
1835,1,2026-05-05 10:27:09.622303 +00:00,5,2,0,0,0,2,"{""Bogorodica L1"": {""total"": 2, ""by_type"": {""truck"": 2}}, ""Bogorodica L2"": {""total"": 0, ""by_type"": {}}, ""Bogorodica L3"": {""total"": 0, ""by_type"": {}}, ""Bogorodica L4"": {""total"": 0, ""by_type"": {}}, ""Bogorodica L5"": {""total"": 0, ""by_type"": {}}}",1.5
1836,1,2026-05-05 10:32:09.696144 +00:00,5,2,0,0,0,2,"{""Bogorodica L1"": {""total"": 2, ""by_type"": {""truck"": 2}}, ""Bogorodica L2"": {""total"": 0, ""by_type"": {}}, ""Bogorodica L3"": {""total"": 0, ""by_type"": {}}, ""Bogorodica L4"": {""total"": 0, ""by_type"": {}}, ""Bogorodica L5"": {""total"": 0, ""by_type"": {}}}",1.5
1837,1,2026-05-05 10:37:09.820186 +00:00,5,2,0,0,0,2,"{""Bogorodica L1"": {""total"": 2, ""by_type"": {""truck"": 2}}, ""Bogorodica L2"": {""total"": 0, ""by_type"": {}}, ""Bogorodica L3"": {""total"": 0, ""by_type"": {}}, ""Bogorodica L4"": {""total"": 0, ""by_type"": {}}, ""Bogorodica L5"": {""total"": 0, ""by_type"": {}}}",2
1838,1,2026-05-05 10:42:09.969230 +00:00,5,2,0,0,0,2,"{""Bogorodica L1"": {""total"": 2, ""by_type"": {""truck"": 2}}, ""Bogorodica L2"": {""total"": 0, ""by_type"": {}}, ""Bogorodica L3"": {""total"": 0, ""by_type"": {}}, ""Bogorodica L4"": {""total"": 0, ""by_type"": {}}, ""Bogorodica L5"": {""total"": 0, ""by_type"": {}}}",2
1839,1,2026-05-05 10:47:10.295049 +00:00,5,2,0,0,0,2,"{""Bogorodica L1"": {""total"": 2, ""by_type"": {""truck"": 2}}, ""Bogorodica L2"": {""total"": 0, ""by_type"": {}}, ""Bogorodica L3"": {""total"": 0, ""by_type"": {}}, ""Bogorodica L4"": {""total"": 0, ""by_type"": {}}, ""Bogorodica L5"": {""total"": 0, ""by_type"": {}}}",2.5
1840,1,2026-05-05 10:52:10.657316 +00:00,5,1,0,0,0,1,"{""Bogorodica L1"": {""total"": 1, ""by_type"": {""truck"": 1}}, ""Bogorodica L2"": {""total"": 0, ""by_type"": {}}, ""Bogorodica L3"": {""total"": 0, ""by_type"": {}}, ""Bogorodica L4"": {""total"": 0, ""by_type"": {}}, ""Bogorodica L5"": {""total"": 0, ""by_type"": {}}}",2
1841,1,2026-05-05 10:57:10.986250 +00:00,5,2,0,0,0,2,"{""Bogorodica L1"": {""total"": 2, ""by_type"": {""truck"": 2}}, ""Bogorodica L2"": {""total"": 0, ""by_type"": {}}, ""Bogorodica L3"": {""total"": 0, ""by_type"": {}}, ""Bogorodica L4"": {""total"": 0, ""by_type"": {}}, ""Bogorodica L5"": {""total"": 0, ""by_type"": {}}}",2.5
1842,1,2026-05-05 11:02:11.260427 +00:00,5,0,0,0,0,0,"{""Bogorodica L1"": {""total"": 0, ""by_type"": {}}, ""Bogorodica L2"": {""total"": 0, ""by_type"": {}}, ""Bogorodica L3"": {""total"": 0, ""by_type"": {}}, ""Bogorodica L4"": {""total"": 0, ""by_type"": {}}, ""Bogorodica L5"": {""total"": 0, ""by_type"": {}}}",3
1843,1,2026-05-05 11:07:11.273337 +00:00,5,5,1,0,0,4,"{""Bogorodica L1"": {""total"": 3, ""by_type"": {""truck"": 3}}, ""Bogorodica L2"": {""total"": 0, ""by_type"": {}}, ""Bogorodica L3"": {""total"": 0, ""by_type"": {}}, ""Bogorodica L4"": {""total"": 1, ""by_type"": {""car"": 1}}, ""Bogorodica L5"": {""total"": 1, ""by_type"": {""truck"": 1}}}",2.5
1844,1,2026-05-05 11:12:11.366667 +00:00,5,3,1,0,0,2,"{""Bogorodica L1"": {""total"": 2, ""by_type"": {""truck"": 2}}, ""Bogorodica L2"": {""total"": 0, ""by_type"": {}}, ""Bogorodica L3"": {""total"": 0, ""by_type"": {}}, ""Bogorodica L4"": {""total"": 0, ""by_type"": {}}, ""Bogorodica L5"": {""total"": 1, ""by_type"": {""car"": 1}}}",2.5
1845,1,2026-05-05 11:17:11.548882 +00:00,5,5,0,0,2,3,"{""Bogorodica L1"": {""total"": 5, ""by_type"": {""bus"": 2, ""truck"": 3}}, ""Bogorodica L2"": {""total"": 0, ""by_type"": {}}, ""Bogorodica L3"": {""total"": 0, ""by_type"": {}}, ""Bogorodica L4"": {""total"": 0, ""by_type"": {}}, ""Bogorodica L5"": {""total"": 0, ""by_type"": {}}}",3
1846,1,2026-05-05 11:22:11.765894 +00:00,5,4,0,0,1,3,"{""Bogorodica L1"": {""total"": 4, ""by_type"": {""bus"": 1, ""truck"": 3}}, ""Bogorodica L2"": {""total"": 0, ""by_type"": {}}, ""Bogorodica L3"": {""total"": 0, ""by_type"": {}}, ""Bogorodica L4"": {""total"": 0, ""by_type"": {}}, ""Bogorodica L5"": {""total"": 0, ""by_type"": {}}}",1.5
1847,1,2026-05-05 11:27:12.243340 +00:00,5,3,0,0,0,3,"{""Bogorodica L1"": {""total"": 3, ""by_type"": {""truck"": 3}}, ""Bogorodica L2"": {""total"": 0, ""by_type"": {}}, ""Bogorodica L3"": {""total"": 0, ""by_type"": {}}, ""Bogorodica L4"": {""total"": 0, ""by_type"": {}}, ""Bogorodica L5"": {""total"": 0, ""by_type"": {}}}",2
1848,1,2026-05-05 11:32:12.505604 +00:00,5,7,1,0,1,5,"{""Bogorodica L1"": {""total"": 7, ""by_type"": {""bus"": 1, ""car"": 1, ""truck"": 5}}, ""Bogorodica L2"": {""total"": 0, ""by_type"": {}}, ""Bogorodica L3"": {""total"": 0, ""by_type"": {}}, ""Bogorodica L4"": {""total"": 0, ""by_type"": {}}, ""Bogorodica L5"": {""total"": 0, ""by_type"": {}}}",1.5
1849,1,2026-05-05 11:37:12.963609 +00:00,5,6,1,0,1,4,"{""Bogorodica L1"": {""total"": 6, ""by_type"": {""bus"": 1, ""car"": 1, ""truck"": 4}}, ""Bogorodica L2"": {""total"": 0, ""by_type"": {}}, ""Bogorodica L3"": {""total"": 0, ""by_type"": {}}, ""Bogorodica L4"": {""total"": 0, ""by_type"": {}}, ""Bogorodica L5"": {""total"": 0, ""by_type"": {}}}",2.5
1850,1,2026-05-05 11:42:13.402466 +00:00,5,2,0,0,0,2,"{""Bogorodica L1"": {""total"": 2, ""by_type"": {""truck"": 2}}, ""Bogorodica L2"": {""total"": 0, ""by_type"": {}}, ""Bogorodica L3"": {""total"": 0, ""by_type"": {}}, ""Bogorodica L4"": {""total"": 0, ""by_type"": {}}, ""Bogorodica L5"": {""total"": 0, ""by_type"": {}}}",2
1851,1,2026-05-05 11:47:13.572969 +00:00,5,0,0,0,0,0,"{""Bogorodica L1"": {""total"": 0, ""by_type"": {}}, ""Bogorodica L2"": {""total"": 0, ""by_type"": {}}, ""Bogorodica L3"": {""total"": 0, ""by_type"": {}}, ""Bogorodica L4"": {""total"": 0, ""by_type"": {}}, ""Bogorodica L5"": {""total"": 0, ""by_type"": {}}}",2
1852,1,2026-05-05 11:52:13.902953 +00:00,5,3,1,0,0,2,"{""Bogorodica L1"": {""total"": 2, ""by_type"": {""truck"": 2}}, ""Bogorodica L2"": {""total"": 0, ""by_type"": {}}, ""Bogorodica L3"": {""total"": 0, ""by_type"": {}}, ""Bogorodica L4"": {""total"": 0, ""by_type"": {}}, ""Bogorodica L5"": {""total"": 1, ""by_type"": {""car"": 1}}}",2
1853,1,2026-05-05 11:57:14.296648 +00:00,5,0,0,0,0,0,"{""Bogorodica L1"": {""total"": 0, ""by_type"": {}}, ""Bogorodica L2"": {""total"": 0, ""by_type"": {}}, ""Bogorodica L3"": {""total"": 0, ""by_type"": {}}, ""Bogorodica L4"": {""total"": 0, ""by_type"": {}}, ""Bogorodica L5"": {""total"": 0, ""by_type"": {}}}",1
1854,1,2026-05-05 12:02:14.975726 +00:00,5,0,0,0,0,0,"{""Bogorodica L1"": {""total"": 0, ""by_type"": {}}, ""Bogorodica L2"": {""total"": 0, ""by_type"": {}}, ""Bogorodica L3"": {""total"": 0, ""by_type"": {}}, ""Bogorodica L4"": {""total"": 0, ""by_type"": {}}, ""Bogorodica L5"": {""total"": 0, ""by_type"": {}}}",1.5
1855,1,2026-05-05 12:07:15.808884 +00:00,5,2,0,0,0,2,"{""Bogorodica L1"": {""total"": 2, ""by_type"": {""truck"": 2}}, ""Bogorodica L2"": {""total"": 0, ""by_type"": {}}, ""Bogorodica L3"": {""total"": 0, ""by_type"": {}}, ""Bogorodica L4"": {""total"": 0, ""by_type"": {}}, ""Bogorodica L5"": {""total"": 0, ""by_type"": {}}}",1
1856,1,2026-05-05 12:12:16.580951 +00:00,5,5,1,0,0,4,"{""Bogorodica L1"": {""total"": 4, ""by_type"": {""truck"": 4}}, ""Bogorodica L2"": {""total"": 0, ""by_type"": {}}, ""Bogorodica L3"": {""total"": 0, ""by_type"": {}}, ""Bogorodica L4"": {""total"": 0, ""by_type"": {}}, ""Bogorodica L5"": {""total"": 1, ""by_type"": {""car"": 1}}}",1
1857,1,2026-05-05 12:17:17.495707 +00:00,5,3,0,0,0,3,"{""Bogorodica L1"": {""total"": 3, ""by_type"": {""truck"": 3}}, ""Bogorodica L2"": {""total"": 0, ""by_type"": {}}, ""Bogorodica L3"": {""total"": 0, ""by_type"": {}}, ""Bogorodica L4"": {""total"": 0, ""by_type"": {}}, ""Bogorodica L5"": {""total"": 0, ""by_type"": {}}}",1
1858,1,2026-05-05 12:22:18.019183 +00:00,5,2,0,0,0,2,"{""Bogorodica L1"": {""total"": 2, ""by_type"": {""truck"": 2}}, ""Bogorodica L2"": {""total"": 0, ""by_type"": {}}, ""Bogorodica L3"": {""total"": 0, ""by_type"": {}}, ""Bogorodica L4"": {""total"": 0, ""by_type"": {}}, ""Bogorodica L5"": {""total"": 0, ""by_type"": {}}}",2
1859,1,2026-05-05 12:27:18.026032 +00:00,5,1,1,0,0,0,"{""Bogorodica L1"": {""total"": 0, ""by_type"": {}}, ""Bogorodica L2"": {""total"": 0, ""by_type"": {}}, ""Bogorodica L3"": {""total"": 0, ""by_type"": {}}, ""Bogorodica L4"": {""total"": 0, ""by_type"": {}}, ""Bogorodica L5"": {""total"": 1, ""by_type"": {""car"": 1}}}",2
1860,1,2026-05-05 12:32:18.520455 +00:00,5,2,0,0,0,2,"{""Bogorodica L1"": {""total"": 2, ""by_type"": {""truck"": 2}}, ""Bogorodica L2"": {""total"": 0, ""by_type"": {}}, ""Bogorodica L3"": {""total"": 0, ""by_type"": {}}, ""Bogorodica L4"": {""total"": 0, ""by_type"": {}}, ""Bogorodica L5"": {""total"": 0, ""by_type"": {}}}",1
1861,1,2026-05-05 12:37:19.038167 +00:00,5,4,0,0,1,3,"{""Bogorodica L1"": {""total"": 3, ""by_type"": {""truck"": 3}}, ""Bogorodica L2"": {""total"": 1, ""by_type"": {""bus"": 1}}, ""Bogorodica L3"": {""total"": 0, ""by_type"": {}}, ""Bogorodica L4"": {""total"": 0, ""by_type"": {}}, ""Bogorodica L5"": {""total"": 0, ""by_type"": {}}}",2
1862,1,2026-05-05 12:42:19.051488 +00:00,5,2,0,0,0,2,"{""Bogorodica L1"": {""total"": 2, ""by_type"": {""truck"": 2}}, ""Bogorodica L2"": {""total"": 0, ""by_type"": {}}, ""Bogorodica L3"": {""total"": 0, ""by_type"": {}}, ""Bogorodica L4"": {""total"": 0, ""by_type"": {}}, ""Bogorodica L5"": {""total"": 0, ""by_type"": {}}}",1
1863,1,2026-05-05 12:47:19.454721 +00:00,5,4,2,0,0,2,"{""Bogorodica L1"": {""total"": 0, ""by_type"": {}}, ""Bogorodica L2"": {""total"": 0, ""by_type"": {}}, ""Bogorodica L3"": {""total"": 0, ""by_type"": {}}, ""Bogorodica L4"": {""total"": 0, ""by_type"": {}}, ""Bogorodica L5"": {""total"": 4, ""by_type"": {""car"": 2, ""truck"": 2}}}",1.5
1864,1,2026-05-05 12:52:19.563085 +00:00,5,3,0,0,0,3,"{""Bogorodica L1"": {""total"": 2, ""by_type"": {""truck"": 2}}, ""Bogorodica L2"": {""total"": 0, ""by_type"": {}}, ""Bogorodica L3"": {""total"": 0, ""by_type"": {}}, ""Bogorodica L4"": {""total"": 0, ""by_type"": {}}, ""Bogorodica L5"": {""total"": 1, ""by_type"": {""truck"": 1}}}",2
1865,1,2026-05-05 12:57:21.136482 +00:00,5,0,0,0,0,0,"{""Bogorodica L1"": {""total"": 0, ""by_type"": {}}, ""Bogorodica L2"": {""total"": 0, ""by_type"": {}}, ""Bogorodica L3"": {""total"": 0, ""by_type"": {}}, ""Bogorodica L4"": {""total"": 0, ""by_type"": {}}, ""Bogorodica L5"": {""total"": 0, ""by_type"": {}}}",0.5
1866,1,2026-05-05 13:02:22.034017 +00:00,5,0,0,0,0,0,"{""Bogorodica L1"": {""total"": 0, ""by_type"": {}}, ""Bogorodica L2"": {""total"": 0, ""by_type"": {}}, ""Bogorodica L3"": {""total"": 0, ""by_type"": {}}, ""Bogorodica L4"": {""total"": 0, ""by_type"": {}}, ""Bogorodica L5"": {""total"": 0, ""by_type"": {}}}",1
1867,1,2026-05-05 13:07:22.234906 +00:00,5,1,0,0,0,1,"{""Bogorodica L1"": {""total"": 1, ""by_type"": {""truck"": 1}}, ""Bogorodica L2"": {""total"": 0, ""by_type"": {}}, ""Bogorodica L3"": {""total"": 0, ""by_type"": {}}, ""Bogorodica L4"": {""total"": 0, ""by_type"": {}}, ""Bogorodica L5"": {""total"": 0, ""by_type"": {}}}",2
1868,1,2026-05-05 13:12:33.469235 +00:00,5,2,0,0,0,2,"{""Bogorodica L1"": {""total"": 2, ""by_type"": {""truck"": 2}}, ""Bogorodica L2"": {""total"": 0, ""by_type"": {}}, ""Bogorodica L3"": {""total"": 0, ""by_type"": {}}, ""Bogorodica L4"": {""total"": 0, ""by_type"": {}}, ""Bogorodica L5"": {""total"": 0, ""by_type"": {}}}",0.5
1869,1,2026-05-05 13:17:33.804844 +00:00,5,3,1,0,0,2,"{""Bogorodica L1"": {""total"": 2, ""by_type"": {""truck"": 2}}, ""Bogorodica L2"": {""total"": 0, ""by_type"": {}}, ""Bogorodica L3"": {""total"": 0, ""by_type"": {}}, ""Bogorodica L4"": {""total"": 0, ""by_type"": {}}, ""Bogorodica L5"": {""total"": 1, ""by_type"": {""car"": 1}}}",1.5
1870,1,2026-05-05 13:22:34.008402 +00:00,5,0,0,0,0,0,"{""Bogorodica L1"": {""total"": 0, ""by_type"": {}}, ""Bogorodica L2"": {""total"": 0, ""by_type"": {}}, ""Bogorodica L3"": {""total"": 0, ""by_type"": {}}, ""Bogorodica L4"": {""total"": 0, ""by_type"": {}}, ""Bogorodica L5"": {""total"": 0, ""by_type"": {}}}",2.5
1871,1,2026-05-05 13:27:36.597553 +00:00,5,1,0,0,0,1,"{""Bogorodica L1"": {""total"": 1, ""by_type"": {""truck"": 1}}, ""Bogorodica L2"": {""total"": 0, ""by_type"": {}}, ""Bogorodica L3"": {""total"": 0, ""by_type"": {}}, ""Bogorodica L4"": {""total"": 0, ""by_type"": {}}, ""Bogorodica L5"": {""total"": 0, ""by_type"": {}}}",0.5
1872,1,2026-05-05 13:33:08.747033 +00:00,5,1,0,0,0,1,"{""Bogorodica L1"": {""total"": 1, ""by_type"": {""truck"": 1}}, ""Bogorodica L2"": {""total"": 0, ""by_type"": {}}, ""Bogorodica L3"": {""total"": 0, ""by_type"": {}}, ""Bogorodica L4"": {""total"": 0, ""by_type"": {}}, ""Bogorodica L5"": {""total"": 0, ""by_type"": {}}}",0.5
1873,1,2026-05-05 13:38:09.149201 +00:00,5,1,0,0,0,1,"{""Bogorodica L1"": {""total"": 1, ""by_type"": {""truck"": 1}}, ""Bogorodica L2"": {""total"": 0, ""by_type"": {}}, ""Bogorodica L3"": {""total"": 0, ""by_type"": {}}, ""Bogorodica L4"": {""total"": 0, ""by_type"": {}}, ""Bogorodica L5"": {""total"": 0, ""by_type"": {}}}",2
1874,1,2026-05-05 13:43:09.381970 +00:00,5,1,0,0,0,1,"{""Bogorodica L1"": {""total"": 1, ""by_type"": {""truck"": 1}}, ""Bogorodica L2"": {""total"": 0, ""by_type"": {}}, ""Bogorodica L3"": {""total"": 0, ""by_type"": {}}, ""Bogorodica L4"": {""total"": 0, ""by_type"": {}}, ""Bogorodica L5"": {""total"": 0, ""by_type"": {}}}",2
1875,1,2026-05-05 13:48:09.762763 +00:00,5,3,0,0,0,3,"{""Bogorodica L1"": {""total"": 3, ""by_type"": {""truck"": 3}}, ""Bogorodica L2"": {""total"": 0, ""by_type"": {}}, ""Bogorodica L3"": {""total"": 0, ""by_type"": {}}, ""Bogorodica L4"": {""total"": 0, ""by_type"": {}}, ""Bogorodica L5"": {""total"": 0, ""by_type"": {}}}",2
1876,1,2026-05-05 13:53:10.098317 +00:00,5,4,0,0,0,4,"{""Bogorodica L1"": {""total"": 4, ""by_type"": {""truck"": 4}}, ""Bogorodica L2"": {""total"": 0, ""by_type"": {}}, ""Bogorodica L3"": {""total"": 0, ""by_type"": {}}, ""Bogorodica L4"": {""total"": 0, ""by_type"": {}}, ""Bogorodica L5"": {""total"": 0, ""by_type"": {}}}",1.5
1877,1,2026-05-05 13:58:10.200544 +00:00,5,3,1,0,0,2,"{""Bogorodica L1"": {""total"": 2, ""by_type"": {""truck"": 2}}, ""Bogorodica L2"": {""total"": 0, ""by_type"": {}}, ""Bogorodica L3"": {""total"": 0, ""by_type"": {}}, ""Bogorodica L4"": {""total"": 0, ""by_type"": {}}, ""Bogorodica L5"": {""total"": 1, ""by_type"": {""car"": 1}}}",3
1878,1,2026-05-05 14:03:10.367241 +00:00,5,1,0,0,0,1,"{""Bogorodica L1"": {""total"": 1, ""by_type"": {""truck"": 1}}, ""Bogorodica L2"": {""total"": 0, ""by_type"": {}}, ""Bogorodica L3"": {""total"": 0, ""by_type"": {}}, ""Bogorodica L4"": {""total"": 0, ""by_type"": {}}, ""Bogorodica L5"": {""total"": 0, ""by_type"": {}}}",3
1879,1,2026-05-05 14:08:10.382426 +00:00,5,1,0,0,0,1,"{""Bogorodica L1"": {""total"": 1, ""by_type"": {""truck"": 1}}, ""Bogorodica L2"": {""total"": 0, ""by_type"": {}}, ""Bogorodica L3"": {""total"": 0, ""by_type"": {}}, ""Bogorodica L4"": {""total"": 0, ""by_type"": {}}, ""Bogorodica L5"": {""total"": 0, ""by_type"": {}}}",2.5
1880,1,2026-05-05 14:13:10.550552 +00:00,5,5,1,0,0,4,"{""Bogorodica L1"": {""total"": 4, ""by_type"": {""truck"": 4}}, ""Bogorodica L2"": {""total"": 0, ""by_type"": {}}, ""Bogorodica L3"": {""total"": 0, ""by_type"": {}}, ""Bogorodica L4"": {""total"": 0, ""by_type"": {}}, ""Bogorodica L5"": {""total"": 1, ""by_type"": {""car"": 1}}}",3
1881,1,2026-05-05 14:18:10.792249 +00:00,5,2,0,0,0,2,"{""Bogorodica L1"": {""total"": 2, ""by_type"": {""truck"": 2}}, ""Bogorodica L2"": {""total"": 0, ""by_type"": {}}, ""Bogorodica L3"": {""total"": 0, ""by_type"": {}}, ""Bogorodica L4"": {""total"": 0, ""by_type"": {}}, ""Bogorodica L5"": {""total"": 0, ""by_type"": {}}}",3
1882,1,2026-05-05 14:23:11.143936 +00:00,5,2,0,0,0,2,"{""Bogorodica L1"": {""total"": 2, ""by_type"": {""truck"": 2}}, ""Bogorodica L2"": {""total"": 0, ""by_type"": {}}, ""Bogorodica L3"": {""total"": 0, ""by_type"": {}}, ""Bogorodica L4"": {""total"": 0, ""by_type"": {}}, ""Bogorodica L5"": {""total"": 0, ""by_type"": {}}}",3
1883,1,2026-05-05 14:28:11.261517 +00:00,5,2,0,0,0,2,"{""Bogorodica L1"": {""total"": 2, ""by_type"": {""truck"": 2}}, ""Bogorodica L2"": {""total"": 0, ""by_type"": {}}, ""Bogorodica L3"": {""total"": 0, ""by_type"": {}}, ""Bogorodica L4"": {""total"": 0, ""by_type"": {}}, ""Bogorodica L5"": {""total"": 0, ""by_type"": {}}}",3
1884,1,2026-05-05 14:33:11.555401 +00:00,5,2,0,0,0,2,"{""Bogorodica L1"": {""total"": 1, ""by_type"": {""truck"": 1}}, ""Bogorodica L2"": {""total"": 1, ""by_type"": {""truck"": 1}}, ""Bogorodica L3"": {""total"": 0, ""by_type"": {}}, ""Bogorodica L4"": {""total"": 0, ""by_type"": {}}, ""Bogorodica L5"": {""total"": 0, ""by_type"": {}}}",3
1885,1,2026-05-05 14:38:11.876554 +00:00,5,1,0,0,0,1,"{""Bogorodica L1"": {""total"": 1, ""by_type"": {""truck"": 1}}, ""Bogorodica L2"": {""total"": 0, ""by_type"": {}}, ""Bogorodica L3"": {""total"": 0, ""by_type"": {}}, ""Bogorodica L4"": {""total"": 0, ""by_type"": {}}, ""Bogorodica L5"": {""total"": 0, ""by_type"": {}}}",3
1886,1,2026-05-05 14:43:12.071398 +00:00,5,0,0,0,0,0,"{""Bogorodica L1"": {""total"": 0, ""by_type"": {}}, ""Bogorodica L2"": {""total"": 0, ""by_type"": {}}, ""Bogorodica L3"": {""total"": 0, ""by_type"": {}}, ""Bogorodica L4"": {""total"": 0, ""by_type"": {}}, ""Bogorodica L5"": {""total"": 0, ""by_type"": {}}}",3
1887,1,2026-05-05 14:48:12.234514 +00:00,5,2,0,0,0,2,"{""Bogorodica L1"": {""total"": 2, ""by_type"": {""truck"": 2}}, ""Bogorodica L2"": {""total"": 0, ""by_type"": {}}, ""Bogorodica L3"": {""total"": 0, ""by_type"": {}}, ""Bogorodica L4"": {""total"": 0, ""by_type"": {}}, ""Bogorodica L5"": {""total"": 0, ""by_type"": {}}}",3
1888,1,2026-05-05 14:53:12.521131 +00:00,5,2,1,0,0,1,"{""Bogorodica L1"": {""total"": 1, ""by_type"": {""truck"": 1}}, ""Bogorodica L2"": {""total"": 0, ""by_type"": {}}, ""Bogorodica L3"": {""total"": 0, ""by_type"": {}}, ""Bogorodica L4"": {""total"": 0, ""by_type"": {}}, ""Bogorodica L5"": {""total"": 1, ""by_type"": {""car"": 1}}}",3
1889,1,2026-05-05 14:58:12.759489 +00:00,5,0,0,0,0,0,"{""Bogorodica L1"": {""total"": 0, ""by_type"": {}}, ""Bogorodica L2"": {""total"": 0, ""by_type"": {}}, ""Bogorodica L3"": {""total"": 0, ""by_type"": {}}, ""Bogorodica L4"": {""total"": 0, ""by_type"": {}}, ""Bogorodica L5"": {""total"": 0, ""by_type"": {}}}",3
1890,1,2026-05-05 15:03:12.897170 +00:00,5,5,1,0,0,4,"{""Bogorodica L1"": {""total"": 5, ""by_type"": {""car"": 1, ""truck"": 4}}, ""Bogorodica L2"": {""total"": 0, ""by_type"": {}}, ""Bogorodica L3"": {""total"": 0, ""by_type"": {}}, ""Bogorodica L4"": {""total"": 0, ""by_type"": {}}, ""Bogorodica L5"": {""total"": 0, ""by_type"": {}}}",3
1891,1,2026-05-05 15:08:12.912748 +00:00,5,9,6,0,0,3,"{""Bogorodica L1"": {""total"": 3, ""by_type"": {""truck"": 3}}, ""Bogorodica L2"": {""total"": 0, ""by_type"": {}}, ""Bogorodica L3"": {""total"": 0, ""by_type"": {}}, ""Bogorodica L4"": {""total"": 2, ""by_type"": {""car"": 2}}, ""Bogorodica L5"": {""total"": 4, ""by_type"": {""car"": 4}}}",3
1892,1,2026-05-05 15:13:12.936087 +00:00,5,3,0,0,0,3,"{""Bogorodica L1"": {""total"": 3, ""by_type"": {""truck"": 3}}, ""Bogorodica L2"": {""total"": 0, ""by_type"": {}}, ""Bogorodica L3"": {""total"": 0, ""by_type"": {}}, ""Bogorodica L4"": {""total"": 0, ""by_type"": {}}, ""Bogorodica L5"": {""total"": 0, ""by_type"": {}}}",3
1893,1,2026-05-05 15:18:13.304886 +00:00,5,4,2,0,0,2,"{""Bogorodica L1"": {""total"": 2, ""by_type"": {""truck"": 2}}, ""Bogorodica L2"": {""total"": 0, ""by_type"": {}}, ""Bogorodica L3"": {""total"": 0, ""by_type"": {}}, ""Bogorodica L4"": {""total"": 0, ""by_type"": {}}, ""Bogorodica L5"": {""total"": 2, ""by_type"": {""car"": 2}}}",2.5
1894,1,2026-05-05 15:23:13.323515 +00:00,5,2,1,0,0,1,"{""Bogorodica L1"": {""total"": 1, ""by_type"": {""truck"": 1}}, ""Bogorodica L2"": {""total"": 0, ""by_type"": {}}, ""Bogorodica L3"": {""total"": 0, ""by_type"": {}}, ""Bogorodica L4"": {""total"": 0, ""by_type"": {}}, ""Bogorodica L5"": {""total"": 1, ""by_type"": {""car"": 1}}}",2.5
1895,1,2026-05-05 15:28:13.595093 +00:00,5,4,0,0,0,4,"{""Bogorodica L1"": {""total"": 4, ""by_type"": {""truck"": 4}}, ""Bogorodica L2"": {""total"": 0, ""by_type"": {}}, ""Bogorodica L3"": {""total"": 0, ""by_type"": {}}, ""Bogorodica L4"": {""total"": 0, ""by_type"": {}}, ""Bogorodica L5"": {""total"": 0, ""by_type"": {}}}",3
1896,1,2026-05-05 15:33:13.720948 +00:00,5,2,0,0,0,2,"{""Bogorodica L1"": {""total"": 2, ""by_type"": {""truck"": 2}}, ""Bogorodica L2"": {""total"": 0, ""by_type"": {}}, ""Bogorodica L3"": {""total"": 0, ""by_type"": {}}, ""Bogorodica L4"": {""total"": 0, ""by_type"": {}}, ""Bogorodica L5"": {""total"": 0, ""by_type"": {}}}",3
1897,1,2026-05-05 15:38:13.935310 +00:00,5,2,0,0,0,2,"{""Bogorodica L1"": {""total"": 2, ""by_type"": {""truck"": 2}}, ""Bogorodica L2"": {""total"": 0, ""by_type"": {}}, ""Bogorodica L3"": {""total"": 0, ""by_type"": {}}, ""Bogorodica L4"": {""total"": 0, ""by_type"": {}}, ""Bogorodica L5"": {""total"": 0, ""by_type"": {}}}",3
1898,1,2026-05-05 15:43:14.107271 +00:00,5,1,0,0,0,1,"{""Bogorodica L1"": {""total"": 1, ""by_type"": {""truck"": 1}}, ""Bogorodica L2"": {""total"": 0, ""by_type"": {}}, ""Bogorodica L3"": {""total"": 0, ""by_type"": {}}, ""Bogorodica L4"": {""total"": 0, ""by_type"": {}}, ""Bogorodica L5"": {""total"": 0, ""by_type"": {}}}",3
1899,1,2026-05-05 15:48:14.164771 +00:00,5,4,0,0,0,4,"{""Bogorodica L1"": {""total"": 4, ""by_type"": {""truck"": 4}}, ""Bogorodica L2"": {""total"": 0, ""by_type"": {}}, ""Bogorodica L3"": {""total"": 0, ""by_type"": {}}, ""Bogorodica L4"": {""total"": 0, ""by_type"": {}}, ""Bogorodica L5"": {""total"": 0, ""by_type"": {}}}",3
1900,1,2026-05-05 15:53:14.501036 +00:00,5,4,1,0,0,3,"{""Bogorodica L1"": {""total"": 3, ""by_type"": {""truck"": 3}}, ""Bogorodica L2"": {""total"": 0, ""by_type"": {}}, ""Bogorodica L3"": {""total"": 0, ""by_type"": {}}, ""Bogorodica L4"": {""total"": 0, ""by_type"": {}}, ""Bogorodica L5"": {""total"": 1, ""by_type"": {""car"": 1}}}",3
1901,1,2026-05-05 15:58:14.824462 +00:00,5,4,1,0,0,3,"{""Bogorodica L1"": {""total"": 3, ""by_type"": {""truck"": 3}}, ""Bogorodica L2"": {""total"": 0, ""by_type"": {}}, ""Bogorodica L3"": {""total"": 0, ""by_type"": {}}, ""Bogorodica L4"": {""total"": 0, ""by_type"": {}}, ""Bogorodica L5"": {""total"": 1, ""by_type"": {""car"": 1}}}",2.5
1902,1,2026-05-05 16:03:14.959340 +00:00,5,2,0,0,0,2,"{""Bogorodica L1"": {""total"": 2, ""by_type"": {""truck"": 2}}, ""Bogorodica L2"": {""total"": 0, ""by_type"": {}}, ""Bogorodica L3"": {""total"": 0, ""by_type"": {}}, ""Bogorodica L4"": {""total"": 0, ""by_type"": {}}, ""Bogorodica L5"": {""total"": 0, ""by_type"": {}}}",3
1903,1,2026-05-05 16:08:15.028433 +00:00,5,5,2,0,0,3,"{""Bogorodica L1"": {""total"": 3, ""by_type"": {""truck"": 3}}, ""Bogorodica L2"": {""total"": 0, ""by_type"": {}}, ""Bogorodica L3"": {""total"": 0, ""by_type"": {}}, ""Bogorodica L4"": {""total"": 0, ""by_type"": {}}, ""Bogorodica L5"": {""total"": 2, ""by_type"": {""car"": 2}}}",3
1904,1,2026-05-05 16:13:15.117957 +00:00,5,2,0,0,0,2,"{""Bogorodica L1"": {""total"": 2, ""by_type"": {""truck"": 2}}, ""Bogorodica L2"": {""total"": 0, ""by_type"": {}}, ""Bogorodica L3"": {""total"": 0, ""by_type"": {}}, ""Bogorodica L4"": {""total"": 0, ""by_type"": {}}, ""Bogorodica L5"": {""total"": 0, ""by_type"": {}}}",3
1905,1,2026-05-05 16:18:15.278553 +00:00,5,4,0,0,0,4,"{""Bogorodica L1"": {""total"": 4, ""by_type"": {""truck"": 4}}, ""Bogorodica L2"": {""total"": 0, ""by_type"": {}}, ""Bogorodica L3"": {""total"": 0, ""by_type"": {}}, ""Bogorodica L4"": {""total"": 0, ""by_type"": {}}, ""Bogorodica L5"": {""total"": 0, ""by_type"": {}}}",3
1906,1,2026-05-05 16:23:15.582131 +00:00,5,1,0,0,0,1,"{""Bogorodica L1"": {""total"": 1, ""by_type"": {""truck"": 1}}, ""Bogorodica L2"": {""total"": 0, ""by_type"": {}}, ""Bogorodica L3"": {""total"": 0, ""by_type"": {}}, ""Bogorodica L4"": {""total"": 0, ""by_type"": {}}, ""Bogorodica L5"": {""total"": 0, ""by_type"": {}}}",3
1907,1,2026-05-05 16:28:15.757203 +00:00,5,3,0,0,0,3,"{""Bogorodica L1"": {""total"": 3, ""by_type"": {""truck"": 3}}, ""Bogorodica L2"": {""total"": 0, ""by_type"": {}}, ""Bogorodica L3"": {""total"": 0, ""by_type"": {}}, ""Bogorodica L4"": {""total"": 0, ""by_type"": {}}, ""Bogorodica L5"": {""total"": 0, ""by_type"": {}}}",3
1908,1,2026-05-05 16:33:15.763029 +00:00,5,2,0,0,0,2,"{""Bogorodica L1"": {""total"": 2, ""by_type"": {""truck"": 2}}, ""Bogorodica L2"": {""total"": 0, ""by_type"": {}}, ""Bogorodica L3"": {""total"": 0, ""by_type"": {}}, ""Bogorodica L4"": {""total"": 0, ""by_type"": {}}, ""Bogorodica L5"": {""total"": 0, ""by_type"": {}}}",3
1909,1,2026-05-05 16:38:15.913580 +00:00,5,0,0,0,0,0,"{""Bogorodica L1"": {""total"": 0, ""by_type"": {}}, ""Bogorodica L2"": {""total"": 0, ""by_type"": {}}, ""Bogorodica L3"": {""total"": 0, ""by_type"": {}}, ""Bogorodica L4"": {""total"": 0, ""by_type"": {}}, ""Bogorodica L5"": {""total"": 0, ""by_type"": {}}}",3
1910,1,2026-05-05 16:43:15.936185 +00:00,5,3,0,0,0,3,"{""Bogorodica L1"": {""total"": 3, ""by_type"": {""truck"": 3}}, ""Bogorodica L2"": {""total"": 0, ""by_type"": {}}, ""Bogorodica L3"": {""total"": 0, ""by_type"": {}}, ""Bogorodica L4"": {""total"": 0, ""by_type"": {}}, ""Bogorodica L5"": {""total"": 0, ""by_type"": {}}}",3
1911,1,2026-05-05 16:48:16.034330 +00:00,5,2,0,0,0,2,"{""Bogorodica L1"": {""total"": 2, ""by_type"": {""truck"": 2}}, ""Bogorodica L2"": {""total"": 0, ""by_type"": {}}, ""Bogorodica L3"": {""total"": 0, ""by_type"": {}}, ""Bogorodica L4"": {""total"": 0, ""by_type"": {}}, ""Bogorodica L5"": {""total"": 0, ""by_type"": {}}}",3
1912,1,2026-05-05 16:53:16.323933 +00:00,5,3,0,0,0,3,"{""Bogorodica L1"": {""total"": 3, ""by_type"": {""truck"": 3}}, ""Bogorodica L2"": {""total"": 0, ""by_type"": {}}, ""Bogorodica L3"": {""total"": 0, ""by_type"": {}}, ""Bogorodica L4"": {""total"": 0, ""by_type"": {}}, ""Bogorodica L5"": {""total"": 0, ""by_type"": {}}}",2.5
1913,1,2026-05-05 16:58:16.593047 +00:00,5,0,0,0,0,0,"{""Bogorodica L1"": {""total"": 0, ""by_type"": {}}, ""Bogorodica L2"": {""total"": 0, ""by_type"": {}}, ""Bogorodica L3"": {""total"": 0, ""by_type"": {}}, ""Bogorodica L4"": {""total"": 0, ""by_type"": {}}, ""Bogorodica L5"": {""total"": 0, ""by_type"": {}}}",3
1914,1,2026-05-05 17:03:16.873777 +00:00,5,1,0,0,1,0,"{""Bogorodica L1"": {""total"": 0, ""by_type"": {}}, ""Bogorodica L2"": {""total"": 1, ""by_type"": {""bus"": 1}}, ""Bogorodica L3"": {""total"": 0, ""by_type"": {}}, ""Bogorodica L4"": {""total"": 0, ""by_type"": {}}, ""Bogorodica L5"": {""total"": 0, ""by_type"": {}}}",3
1915,1,2026-05-05 17:08:17.202922 +00:00,5,3,1,0,0,2,"{""Bogorodica L1"": {""total"": 1, ""by_type"": {""truck"": 1}}, ""Bogorodica L2"": {""total"": 1, ""by_type"": {""truck"": 1}}, ""Bogorodica L3"": {""total"": 0, ""by_type"": {}}, ""Bogorodica L4"": {""total"": 0, ""by_type"": {}}, ""Bogorodica L5"": {""total"": 1, ""by_type"": {""car"": 1}}}",3
1916,1,2026-05-05 17:13:17.398106 +00:00,5,4,0,0,0,4,"{""Bogorodica L1"": {""total"": 4, ""by_type"": {""truck"": 4}}, ""Bogorodica L2"": {""total"": 0, ""by_type"": {}}, ""Bogorodica L3"": {""total"": 0, ""by_type"": {}}, ""Bogorodica L4"": {""total"": 0, ""by_type"": {}}, ""Bogorodica L5"": {""total"": 0, ""by_type"": {}}}",3
1917,1,2026-05-05 17:18:17.453689 +00:00,5,5,0,0,0,5,"{""Bogorodica L1"": {""total"": 5, ""by_type"": {""truck"": 5}}, ""Bogorodica L2"": {""total"": 0, ""by_type"": {}}, ""Bogorodica L3"": {""total"": 0, ""by_type"": {}}, ""Bogorodica L4"": {""total"": 0, ""by_type"": {}}, ""Bogorodica L5"": {""total"": 0, ""by_type"": {}}}",3
1918,1,2026-05-05 17:23:17.522551 +00:00,5,7,2,0,0,5,"{""Bogorodica L1"": {""total"": 6, ""by_type"": {""car"": 1, ""truck"": 5}}, ""Bogorodica L2"": {""total"": 0, ""by_type"": {}}, ""Bogorodica L3"": {""total"": 0, ""by_type"": {}}, ""Bogorodica L4"": {""total"": 1, ""by_type"": {""car"": 1}}, ""Bogorodica L5"": {""total"": 0, ""by_type"": {}}}",3
1919,1,2026-05-05 17:28:17.739764 +00:00,5,6,3,0,0,3,"{""Bogorodica L1"": {""total"": 3, ""by_type"": {""truck"": 3}}, ""Bogorodica L2"": {""total"": 0, ""by_type"": {}}, ""Bogorodica L3"": {""total"": 0, ""by_type"": {}}, ""Bogorodica L4"": {""total"": 1, ""by_type"": {""car"": 1}}, ""Bogorodica L5"": {""total"": 2, ""by_type"": {""car"": 2}}}",3
1920,1,2026-05-05 17:33:18.008986 +00:00,5,6,2,0,0,4,"{""Bogorodica L1"": {""total"": 4, ""by_type"": {""truck"": 4}}, ""Bogorodica L2"": {""total"": 0, ""by_type"": {}}, ""Bogorodica L3"": {""total"": 0, ""by_type"": {}}, ""Bogorodica L4"": {""total"": 0, ""by_type"": {}}, ""Bogorodica L5"": {""total"": 2, ""by_type"": {""car"": 2}}}",3
1921,1,2026-05-05 17:38:18.083075 +00:00,5,7,2,0,0,5,"{""Bogorodica L1"": {""total"": 4, ""by_type"": {""truck"": 4}}, ""Bogorodica L2"": {""total"": 0, ""by_type"": {}}, ""Bogorodica L3"": {""total"": 0, ""by_type"": {}}, ""Bogorodica L4"": {""total"": 0, ""by_type"": {}}, ""Bogorodica L5"": {""total"": 3, ""by_type"": {""car"": 2, ""truck"": 1}}}",3
1922,1,2026-05-05 17:43:18.313976 +00:00,5,3,1,0,0,2,"{""Bogorodica L1"": {""total"": 3, ""by_type"": {""car"": 1, ""truck"": 2}}, ""Bogorodica L2"": {""total"": 0, ""by_type"": {}}, ""Bogorodica L3"": {""total"": 0, ""by_type"": {}}, ""Bogorodica L4"": {""total"": 0, ""by_type"": {}}, ""Bogorodica L5"": {""total"": 0, ""by_type"": {}}}",3
1923,1,2026-05-05 17:48:18.437695 +00:00,5,5,1,0,0,4,"{""Bogorodica L1"": {""total"": 5, ""by_type"": {""car"": 1, ""truck"": 4}}, ""Bogorodica L2"": {""total"": 0, ""by_type"": {}}, ""Bogorodica L3"": {""total"": 0, ""by_type"": {}}, ""Bogorodica L4"": {""total"": 0, ""by_type"": {}}, ""Bogorodica L5"": {""total"": 0, ""by_type"": {}}}",3
1924,1,2026-05-05 17:53:18.507985 +00:00,5,6,0,0,4,2,"{""Bogorodica L1"": {""total"": 5, ""by_type"": {""bus"": 3, ""truck"": 2}}, ""Bogorodica L2"": {""total"": 1, ""by_type"": {""bus"": 1}}, ""Bogorodica L3"": {""total"": 0, ""by_type"": {}}, ""Bogorodica L4"": {""total"": 0, ""by_type"": {}}, ""Bogorodica L5"": {""total"": 0, ""by_type"": {}}}",3
1925,1,2026-05-05 17:58:18.842241 +00:00,5,2,1,0,0,1,"{""Bogorodica L1"": {""total"": 1, ""by_type"": {""truck"": 1}}, ""Bogorodica L2"": {""total"": 0, ""by_type"": {}}, ""Bogorodica L3"": {""total"": 0, ""by_type"": {}}, ""Bogorodica L4"": {""total"": 0, ""by_type"": {}}, ""Bogorodica L5"": {""total"": 1, ""by_type"": {""car"": 1}}}",2.5
1926,1,2026-05-05 18:03:19.021653 +00:00,5,3,0,0,0,3,"{""Bogorodica L1"": {""total"": 3, ""by_type"": {""truck"": 3}}, ""Bogorodica L2"": {""total"": 0, ""by_type"": {}}, ""Bogorodica L3"": {""total"": 0, ""by_type"": {}}, ""Bogorodica L4"": {""total"": 0, ""by_type"": {}}, ""Bogorodica L5"": {""total"": 0, ""by_type"": {}}}",3
1927,1,2026-05-05 18:08:19.248085 +00:00,5,2,0,0,0,2,"{""Bogorodica L1"": {""total"": 2, ""by_type"": {""truck"": 2}}, ""Bogorodica L2"": {""total"": 0, ""by_type"": {}}, ""Bogorodica L3"": {""total"": 0, ""by_type"": {}}, ""Bogorodica L4"": {""total"": 0, ""by_type"": {}}, ""Bogorodica L5"": {""total"": 0, ""by_type"": {}}}",3
1928,1,2026-05-05 18:13:19.386018 +00:00,5,3,0,0,0,3,"{""Bogorodica L1"": {""total"": 3, ""by_type"": {""truck"": 3}}, ""Bogorodica L2"": {""total"": 0, ""by_type"": {}}, ""Bogorodica L3"": {""total"": 0, ""by_type"": {}}, ""Bogorodica L4"": {""total"": 0, ""by_type"": {}}, ""Bogorodica L5"": {""total"": 0, ""by_type"": {}}}",3
1929,1,2026-05-05 18:18:19.749088 +00:00,5,2,0,0,0,2,"{""Bogorodica L1"": {""total"": 2, ""by_type"": {""truck"": 2}}, ""Bogorodica L2"": {""total"": 0, ""by_type"": {}}, ""Bogorodica L3"": {""total"": 0, ""by_type"": {}}, ""Bogorodica L4"": {""total"": 0, ""by_type"": {}}, ""Bogorodica L5"": {""total"": 0, ""by_type"": {}}}",3
1930,1,2026-05-05 18:23:19.895478 +00:00,5,3,0,0,0,3,"{""Bogorodica L1"": {""total"": 3, ""by_type"": {""truck"": 3}}, ""Bogorodica L2"": {""total"": 0, ""by_type"": {}}, ""Bogorodica L3"": {""total"": 0, ""by_type"": {}}, ""Bogorodica L4"": {""total"": 0, ""by_type"": {}}, ""Bogorodica L5"": {""total"": 0, ""by_type"": {}}}",3
1931,1,2026-05-05 18:28:20.136184 +00:00,5,0,0,0,0,0,"{""Bogorodica L1"": {""total"": 0, ""by_type"": {}}, ""Bogorodica L2"": {""total"": 0, ""by_type"": {}}, ""Bogorodica L3"": {""total"": 0, ""by_type"": {}}, ""Bogorodica L4"": {""total"": 0, ""by_type"": {}}, ""Bogorodica L5"": {""total"": 0, ""by_type"": {}}}",3
1932,1,2026-05-05 18:33:20.378468 +00:00,5,4,0,0,0,4,"{""Bogorodica L1"": {""total"": 4, ""by_type"": {""truck"": 4}}, ""Bogorodica L2"": {""total"": 0, ""by_type"": {}}, ""Bogorodica L3"": {""total"": 0, ""by_type"": {}}, ""Bogorodica L4"": {""total"": 0, ""by_type"": {}}, ""Bogorodica L5"": {""total"": 0, ""by_type"": {}}}",3
1933,1,2026-05-05 18:38:20.739492 +00:00,5,3,0,0,0,3,"{""Bogorodica L1"": {""total"": 3, ""by_type"": {""truck"": 3}}, ""Bogorodica L2"": {""total"": 0, ""by_type"": {}}, ""Bogorodica L3"": {""total"": 0, ""by_type"": {}}, ""Bogorodica L4"": {""total"": 0, ""by_type"": {}}, ""Bogorodica L5"": {""total"": 0, ""by_type"": {}}}",3
1934,1,2026-05-05 18:43:20.802350 +00:00,5,3,0,0,0,3,"{""Bogorodica L1"": {""total"": 3, ""by_type"": {""truck"": 3}}, ""Bogorodica L2"": {""total"": 0, ""by_type"": {}}, ""Bogorodica L3"": {""total"": 0, ""by_type"": {}}, ""Bogorodica L4"": {""total"": 0, ""by_type"": {}}, ""Bogorodica L5"": {""total"": 0, ""by_type"": {}}}",3
2025,1,2026-05-06 02:18:52.378176 +00:00,5,0,0,0,0,0,"{""Bogorodica L1"": {""total"": 0, ""by_type"": {}}, ""Bogorodica L2"": {""total"": 0, ""by_type"": {}}, ""Bogorodica L3"": {""total"": 0, ""by_type"": {}}, ""Bogorodica L4"": {""total"": 0, ""by_type"": {}}, ""Bogorodica L5"": {""total"": 0, ""by_type"": {}}}",2.5
1935,1,2026-05-05 18:48:21.067732 +00:00,5,3,0,0,0,3,"{""Bogorodica L1"": {""total"": 3, ""by_type"": {""truck"": 3}}, ""Bogorodica L2"": {""total"": 0, ""by_type"": {}}, ""Bogorodica L3"": {""total"": 0, ""by_type"": {}}, ""Bogorodica L4"": {""total"": 0, ""by_type"": {}}, ""Bogorodica L5"": {""total"": 0, ""by_type"": {}}}",3
1936,1,2026-05-05 18:53:21.166416 +00:00,5,2,0,0,0,2,"{""Bogorodica L1"": {""total"": 2, ""by_type"": {""truck"": 2}}, ""Bogorodica L2"": {""total"": 0, ""by_type"": {}}, ""Bogorodica L3"": {""total"": 0, ""by_type"": {}}, ""Bogorodica L4"": {""total"": 0, ""by_type"": {}}, ""Bogorodica L5"": {""total"": 0, ""by_type"": {}}}",3
1937,1,2026-05-05 18:58:21.314524 +00:00,5,3,1,0,0,2,"{""Bogorodica L1"": {""total"": 3, ""by_type"": {""car"": 1, ""truck"": 2}}, ""Bogorodica L2"": {""total"": 0, ""by_type"": {}}, ""Bogorodica L3"": {""total"": 0, ""by_type"": {}}, ""Bogorodica L4"": {""total"": 0, ""by_type"": {}}, ""Bogorodica L5"": {""total"": 0, ""by_type"": {}}}",3
1938,1,2026-05-05 19:03:21.515894 +00:00,5,5,2,0,0,3,"{""Bogorodica L1"": {""total"": 4, ""by_type"": {""car"": 1, ""truck"": 3}}, ""Bogorodica L2"": {""total"": 0, ""by_type"": {}}, ""Bogorodica L3"": {""total"": 0, ""by_type"": {}}, ""Bogorodica L4"": {""total"": 1, ""by_type"": {""car"": 1}}, ""Bogorodica L5"": {""total"": 0, ""by_type"": {}}}",3
1939,1,2026-05-05 19:08:21.849488 +00:00,5,3,0,0,0,3,"{""Bogorodica L1"": {""total"": 3, ""by_type"": {""truck"": 3}}, ""Bogorodica L2"": {""total"": 0, ""by_type"": {}}, ""Bogorodica L3"": {""total"": 0, ""by_type"": {}}, ""Bogorodica L4"": {""total"": 0, ""by_type"": {}}, ""Bogorodica L5"": {""total"": 0, ""by_type"": {}}}",3
1940,1,2026-05-05 19:13:21.943432 +00:00,5,5,1,0,0,4,"{""Bogorodica L1"": {""total"": 4, ""by_type"": {""truck"": 4}}, ""Bogorodica L2"": {""total"": 0, ""by_type"": {}}, ""Bogorodica L3"": {""total"": 0, ""by_type"": {}}, ""Bogorodica L4"": {""total"": 1, ""by_type"": {""car"": 1}}, ""Bogorodica L5"": {""total"": 0, ""by_type"": {}}}",3
1941,1,2026-05-05 19:18:22.121236 +00:00,5,2,1,0,1,0,"{""Bogorodica L1"": {""total"": 1, ""by_type"": {""car"": 1}}, ""Bogorodica L2"": {""total"": 1, ""by_type"": {""bus"": 1}}, ""Bogorodica L3"": {""total"": 0, ""by_type"": {}}, ""Bogorodica L4"": {""total"": 0, ""by_type"": {}}, ""Bogorodica L5"": {""total"": 0, ""by_type"": {}}}",2.5
1942,1,2026-05-05 19:23:22.295087 +00:00,5,2,0,0,0,2,"{""Bogorodica L1"": {""total"": 2, ""by_type"": {""truck"": 2}}, ""Bogorodica L2"": {""total"": 0, ""by_type"": {}}, ""Bogorodica L3"": {""total"": 0, ""by_type"": {}}, ""Bogorodica L4"": {""total"": 0, ""by_type"": {}}, ""Bogorodica L5"": {""total"": 0, ""by_type"": {}}}",3
1943,1,2026-05-05 19:28:22.387587 +00:00,5,1,0,0,0,1,"{""Bogorodica L1"": {""total"": 1, ""by_type"": {""truck"": 1}}, ""Bogorodica L2"": {""total"": 0, ""by_type"": {}}, ""Bogorodica L3"": {""total"": 0, ""by_type"": {}}, ""Bogorodica L4"": {""total"": 0, ""by_type"": {}}, ""Bogorodica L5"": {""total"": 0, ""by_type"": {}}}",3
1944,1,2026-05-05 19:33:22.670553 +00:00,5,2,0,0,0,2,"{""Bogorodica L1"": {""total"": 2, ""by_type"": {""truck"": 2}}, ""Bogorodica L2"": {""total"": 0, ""by_type"": {}}, ""Bogorodica L3"": {""total"": 0, ""by_type"": {}}, ""Bogorodica L4"": {""total"": 0, ""by_type"": {}}, ""Bogorodica L5"": {""total"": 0, ""by_type"": {}}}",3
1945,1,2026-05-05 19:38:22.965740 +00:00,5,3,0,0,0,3,"{""Bogorodica L1"": {""total"": 3, ""by_type"": {""truck"": 3}}, ""Bogorodica L2"": {""total"": 0, ""by_type"": {}}, ""Bogorodica L3"": {""total"": 0, ""by_type"": {}}, ""Bogorodica L4"": {""total"": 0, ""by_type"": {}}, ""Bogorodica L5"": {""total"": 0, ""by_type"": {}}}",3
1946,1,2026-05-05 19:43:22.967765 +00:00,5,2,2,0,0,0,"{""Bogorodica L1"": {""total"": 2, ""by_type"": {""car"": 2}}, ""Bogorodica L2"": {""total"": 0, ""by_type"": {}}, ""Bogorodica L3"": {""total"": 0, ""by_type"": {}}, ""Bogorodica L4"": {""total"": 0, ""by_type"": {}}, ""Bogorodica L5"": {""total"": 0, ""by_type"": {}}}",3
1947,1,2026-05-05 19:48:22.981395 +00:00,5,4,2,0,1,1,"{""Bogorodica L1"": {""total"": 2, ""by_type"": {""car"": 1, ""truck"": 1}}, ""Bogorodica L2"": {""total"": 0, ""by_type"": {}}, ""Bogorodica L3"": {""total"": 0, ""by_type"": {}}, ""Bogorodica L4"": {""total"": 0, ""by_type"": {}}, ""Bogorodica L5"": {""total"": 2, ""by_type"": {""bus"": 1, ""car"": 1}}}",3
1948,1,2026-05-05 19:53:23.003769 +00:00,5,2,1,0,0,1,"{""Bogorodica L1"": {""total"": 2, ""by_type"": {""car"": 1, ""truck"": 1}}, ""Bogorodica L2"": {""total"": 0, ""by_type"": {}}, ""Bogorodica L3"": {""total"": 0, ""by_type"": {}}, ""Bogorodica L4"": {""total"": 0, ""by_type"": {}}, ""Bogorodica L5"": {""total"": 0, ""by_type"": {}}}",3
1949,1,2026-05-05 19:58:23.237249 +00:00,5,1,0,0,0,1,"{""Bogorodica L1"": {""total"": 1, ""by_type"": {""truck"": 1}}, ""Bogorodica L2"": {""total"": 0, ""by_type"": {}}, ""Bogorodica L3"": {""total"": 0, ""by_type"": {}}, ""Bogorodica L4"": {""total"": 0, ""by_type"": {}}, ""Bogorodica L5"": {""total"": 0, ""by_type"": {}}}",3
1950,1,2026-05-05 20:03:23.549697 +00:00,5,0,0,0,0,0,"{""Bogorodica L1"": {""total"": 0, ""by_type"": {}}, ""Bogorodica L2"": {""total"": 0, ""by_type"": {}}, ""Bogorodica L3"": {""total"": 0, ""by_type"": {}}, ""Bogorodica L4"": {""total"": 0, ""by_type"": {}}, ""Bogorodica L5"": {""total"": 0, ""by_type"": {}}}",3
1951,1,2026-05-05 20:08:23.709361 +00:00,5,2,0,0,0,2,"{""Bogorodica L1"": {""total"": 2, ""by_type"": {""truck"": 2}}, ""Bogorodica L2"": {""total"": 0, ""by_type"": {}}, ""Bogorodica L3"": {""total"": 0, ""by_type"": {}}, ""Bogorodica L4"": {""total"": 0, ""by_type"": {}}, ""Bogorodica L5"": {""total"": 0, ""by_type"": {}}}",3
1952,1,2026-05-05 20:13:23.899730 +00:00,5,1,0,0,0,1,"{""Bogorodica L1"": {""total"": 1, ""by_type"": {""truck"": 1}}, ""Bogorodica L2"": {""total"": 0, ""by_type"": {}}, ""Bogorodica L3"": {""total"": 0, ""by_type"": {}}, ""Bogorodica L4"": {""total"": 0, ""by_type"": {}}, ""Bogorodica L5"": {""total"": 0, ""by_type"": {}}}",3
1953,1,2026-05-05 20:18:24.104616 +00:00,5,1,1,0,0,0,"{""Bogorodica L1"": {""total"": 0, ""by_type"": {}}, ""Bogorodica L2"": {""total"": 0, ""by_type"": {}}, ""Bogorodica L3"": {""total"": 0, ""by_type"": {}}, ""Bogorodica L4"": {""total"": 1, ""by_type"": {""car"": 1}}, ""Bogorodica L5"": {""total"": 0, ""by_type"": {}}}",3
1954,1,2026-05-05 20:23:24.186722 +00:00,5,0,0,0,0,0,"{""Bogorodica L1"": {""total"": 0, ""by_type"": {}}, ""Bogorodica L2"": {""total"": 0, ""by_type"": {}}, ""Bogorodica L3"": {""total"": 0, ""by_type"": {}}, ""Bogorodica L4"": {""total"": 0, ""by_type"": {}}, ""Bogorodica L5"": {""total"": 0, ""by_type"": {}}}",3
1955,1,2026-05-05 20:28:24.383805 +00:00,5,0,0,0,0,0,"{""Bogorodica L1"": {""total"": 0, ""by_type"": {}}, ""Bogorodica L2"": {""total"": 0, ""by_type"": {}}, ""Bogorodica L3"": {""total"": 0, ""by_type"": {}}, ""Bogorodica L4"": {""total"": 0, ""by_type"": {}}, ""Bogorodica L5"": {""total"": 0, ""by_type"": {}}}",3
1956,1,2026-05-05 20:33:24.434071 +00:00,5,2,0,0,0,2,"{""Bogorodica L1"": {""total"": 2, ""by_type"": {""truck"": 2}}, ""Bogorodica L2"": {""total"": 0, ""by_type"": {}}, ""Bogorodica L3"": {""total"": 0, ""by_type"": {}}, ""Bogorodica L4"": {""total"": 0, ""by_type"": {}}, ""Bogorodica L5"": {""total"": 0, ""by_type"": {}}}",3
1957,1,2026-05-05 20:38:24.546285 +00:00,5,3,1,0,0,2,"{""Bogorodica L1"": {""total"": 2, ""by_type"": {""truck"": 2}}, ""Bogorodica L2"": {""total"": 0, ""by_type"": {}}, ""Bogorodica L3"": {""total"": 0, ""by_type"": {}}, ""Bogorodica L4"": {""total"": 0, ""by_type"": {}}, ""Bogorodica L5"": {""total"": 1, ""by_type"": {""car"": 1}}}",3
1958,1,2026-05-05 20:43:24.596593 +00:00,5,0,0,0,0,0,"{""Bogorodica L1"": {""total"": 0, ""by_type"": {}}, ""Bogorodica L2"": {""total"": 0, ""by_type"": {}}, ""Bogorodica L3"": {""total"": 0, ""by_type"": {}}, ""Bogorodica L4"": {""total"": 0, ""by_type"": {}}, ""Bogorodica L5"": {""total"": 0, ""by_type"": {}}}",3
1959,1,2026-05-05 20:48:24.645278 +00:00,5,1,0,0,0,1,"{""Bogorodica L1"": {""total"": 1, ""by_type"": {""truck"": 1}}, ""Bogorodica L2"": {""total"": 0, ""by_type"": {}}, ""Bogorodica L3"": {""total"": 0, ""by_type"": {}}, ""Bogorodica L4"": {""total"": 0, ""by_type"": {}}, ""Bogorodica L5"": {""total"": 0, ""by_type"": {}}}",3
1960,1,2026-05-05 20:53:24.913023 +00:00,5,2,1,0,0,1,"{""Bogorodica L1"": {""total"": 1, ""by_type"": {""truck"": 1}}, ""Bogorodica L2"": {""total"": 0, ""by_type"": {}}, ""Bogorodica L3"": {""total"": 0, ""by_type"": {}}, ""Bogorodica L4"": {""total"": 1, ""by_type"": {""car"": 1}}, ""Bogorodica L5"": {""total"": 0, ""by_type"": {}}}",3
1961,1,2026-05-05 20:58:25.205687 +00:00,5,1,0,0,0,1,"{""Bogorodica L1"": {""total"": 1, ""by_type"": {""truck"": 1}}, ""Bogorodica L2"": {""total"": 0, ""by_type"": {}}, ""Bogorodica L3"": {""total"": 0, ""by_type"": {}}, ""Bogorodica L4"": {""total"": 0, ""by_type"": {}}, ""Bogorodica L5"": {""total"": 0, ""by_type"": {}}}",2.5
1962,1,2026-05-05 21:03:25.246709 +00:00,5,0,0,0,0,0,"{""Bogorodica L1"": {""total"": 0, ""by_type"": {}}, ""Bogorodica L2"": {""total"": 0, ""by_type"": {}}, ""Bogorodica L3"": {""total"": 0, ""by_type"": {}}, ""Bogorodica L4"": {""total"": 0, ""by_type"": {}}, ""Bogorodica L5"": {""total"": 0, ""by_type"": {}}}",3
1963,1,2026-05-05 21:08:25.490886 +00:00,5,1,0,0,1,0,"{""Bogorodica L1"": {""total"": 0, ""by_type"": {}}, ""Bogorodica L2"": {""total"": 1, ""by_type"": {""bus"": 1}}, ""Bogorodica L3"": {""total"": 0, ""by_type"": {}}, ""Bogorodica L4"": {""total"": 0, ""by_type"": {}}, ""Bogorodica L5"": {""total"": 0, ""by_type"": {}}}",3
1964,1,2026-05-05 21:13:25.492533 +00:00,5,2,0,0,2,0,"{""Bogorodica L1"": {""total"": 1, ""by_type"": {""bus"": 1}}, ""Bogorodica L2"": {""total"": 1, ""by_type"": {""bus"": 1}}, ""Bogorodica L3"": {""total"": 0, ""by_type"": {}}, ""Bogorodica L4"": {""total"": 0, ""by_type"": {}}, ""Bogorodica L5"": {""total"": 0, ""by_type"": {}}}",3
1965,1,2026-05-05 21:18:25.692202 +00:00,5,2,1,0,0,1,"{""Bogorodica L1"": {""total"": 1, ""by_type"": {""truck"": 1}}, ""Bogorodica L2"": {""total"": 0, ""by_type"": {}}, ""Bogorodica L3"": {""total"": 0, ""by_type"": {}}, ""Bogorodica L4"": {""total"": 1, ""by_type"": {""car"": 1}}, ""Bogorodica L5"": {""total"": 0, ""by_type"": {}}}",2.5
1966,1,2026-05-05 21:23:25.953030 +00:00,5,2,0,0,0,2,"{""Bogorodica L1"": {""total"": 2, ""by_type"": {""truck"": 2}}, ""Bogorodica L2"": {""total"": 0, ""by_type"": {}}, ""Bogorodica L3"": {""total"": 0, ""by_type"": {}}, ""Bogorodica L4"": {""total"": 0, ""by_type"": {}}, ""Bogorodica L5"": {""total"": 0, ""by_type"": {}}}",3
1967,1,2026-05-05 21:28:26.238457 +00:00,5,2,0,0,0,2,"{""Bogorodica L1"": {""total"": 2, ""by_type"": {""truck"": 2}}, ""Bogorodica L2"": {""total"": 0, ""by_type"": {}}, ""Bogorodica L3"": {""total"": 0, ""by_type"": {}}, ""Bogorodica L4"": {""total"": 0, ""by_type"": {}}, ""Bogorodica L5"": {""total"": 0, ""by_type"": {}}}",3
1968,1,2026-05-05 21:33:26.418008 +00:00,5,4,3,0,0,1,"{""Bogorodica L1"": {""total"": 3, ""by_type"": {""car"": 2, ""truck"": 1}}, ""Bogorodica L2"": {""total"": 1, ""by_type"": {""car"": 1}}, ""Bogorodica L3"": {""total"": 0, ""by_type"": {}}, ""Bogorodica L4"": {""total"": 0, ""by_type"": {}}, ""Bogorodica L5"": {""total"": 0, ""by_type"": {}}}",3
1969,1,2026-05-05 21:38:26.565541 +00:00,5,3,0,0,0,3,"{""Bogorodica L1"": {""total"": 3, ""by_type"": {""truck"": 3}}, ""Bogorodica L2"": {""total"": 0, ""by_type"": {}}, ""Bogorodica L3"": {""total"": 0, ""by_type"": {}}, ""Bogorodica L4"": {""total"": 0, ""by_type"": {}}, ""Bogorodica L5"": {""total"": 0, ""by_type"": {}}}",3
1970,1,2026-05-05 21:43:26.844321 +00:00,5,1,0,0,0,1,"{""Bogorodica L1"": {""total"": 1, ""by_type"": {""truck"": 1}}, ""Bogorodica L2"": {""total"": 0, ""by_type"": {}}, ""Bogorodica L3"": {""total"": 0, ""by_type"": {}}, ""Bogorodica L4"": {""total"": 0, ""by_type"": {}}, ""Bogorodica L5"": {""total"": 0, ""by_type"": {}}}",3
1971,1,2026-05-05 21:48:27.060692 +00:00,5,1,0,0,0,1,"{""Bogorodica L1"": {""total"": 1, ""by_type"": {""truck"": 1}}, ""Bogorodica L2"": {""total"": 0, ""by_type"": {}}, ""Bogorodica L3"": {""total"": 0, ""by_type"": {}}, ""Bogorodica L4"": {""total"": 0, ""by_type"": {}}, ""Bogorodica L5"": {""total"": 0, ""by_type"": {}}}",3
1972,1,2026-05-05 21:53:27.105182 +00:00,5,1,0,0,0,1,"{""Bogorodica L1"": {""total"": 1, ""by_type"": {""truck"": 1}}, ""Bogorodica L2"": {""total"": 0, ""by_type"": {}}, ""Bogorodica L3"": {""total"": 0, ""by_type"": {}}, ""Bogorodica L4"": {""total"": 0, ""by_type"": {}}, ""Bogorodica L5"": {""total"": 0, ""by_type"": {}}}",3
1973,1,2026-05-05 21:58:27.272856 +00:00,5,2,1,0,0,1,"{""Bogorodica L1"": {""total"": 2, ""by_type"": {""car"": 1, ""truck"": 1}}, ""Bogorodica L2"": {""total"": 0, ""by_type"": {}}, ""Bogorodica L3"": {""total"": 0, ""by_type"": {}}, ""Bogorodica L4"": {""total"": 0, ""by_type"": {}}, ""Bogorodica L5"": {""total"": 0, ""by_type"": {}}}",3
1974,1,2026-05-05 22:03:27.664805 +00:00,5,1,0,0,0,1,"{""Bogorodica L1"": {""total"": 1, ""by_type"": {""truck"": 1}}, ""Bogorodica L2"": {""total"": 0, ""by_type"": {}}, ""Bogorodica L3"": {""total"": 0, ""by_type"": {}}, ""Bogorodica L4"": {""total"": 0, ""by_type"": {}}, ""Bogorodica L5"": {""total"": 0, ""by_type"": {}}}",3
1975,1,2026-05-05 22:08:27.742650 +00:00,5,0,0,0,0,0,"{""Bogorodica L1"": {""total"": 0, ""by_type"": {}}, ""Bogorodica L2"": {""total"": 0, ""by_type"": {}}, ""Bogorodica L3"": {""total"": 0, ""by_type"": {}}, ""Bogorodica L4"": {""total"": 0, ""by_type"": {}}, ""Bogorodica L5"": {""total"": 0, ""by_type"": {}}}",3
1976,1,2026-05-05 22:13:27.812286 +00:00,5,2,0,0,0,2,"{""Bogorodica L1"": {""total"": 2, ""by_type"": {""truck"": 2}}, ""Bogorodica L2"": {""total"": 0, ""by_type"": {}}, ""Bogorodica L3"": {""total"": 0, ""by_type"": {}}, ""Bogorodica L4"": {""total"": 0, ""by_type"": {}}, ""Bogorodica L5"": {""total"": 0, ""by_type"": {}}}",3
1977,1,2026-05-05 22:18:28.140479 +00:00,5,3,0,0,0,3,"{""Bogorodica L1"": {""total"": 3, ""by_type"": {""truck"": 3}}, ""Bogorodica L2"": {""total"": 0, ""by_type"": {}}, ""Bogorodica L3"": {""total"": 0, ""by_type"": {}}, ""Bogorodica L4"": {""total"": 0, ""by_type"": {}}, ""Bogorodica L5"": {""total"": 0, ""by_type"": {}}}",2
1978,1,2026-05-05 22:23:28.296556 +00:00,5,3,1,0,0,2,"{""Bogorodica L1"": {""total"": 3, ""by_type"": {""car"": 1, ""truck"": 2}}, ""Bogorodica L2"": {""total"": 0, ""by_type"": {}}, ""Bogorodica L3"": {""total"": 0, ""by_type"": {}}, ""Bogorodica L4"": {""total"": 0, ""by_type"": {}}, ""Bogorodica L5"": {""total"": 0, ""by_type"": {}}}",3
1979,1,2026-05-05 22:28:28.458312 +00:00,5,3,0,0,0,3,"{""Bogorodica L1"": {""total"": 3, ""by_type"": {""truck"": 3}}, ""Bogorodica L2"": {""total"": 0, ""by_type"": {}}, ""Bogorodica L3"": {""total"": 0, ""by_type"": {}}, ""Bogorodica L4"": {""total"": 0, ""by_type"": {}}, ""Bogorodica L5"": {""total"": 0, ""by_type"": {}}}",3
1980,1,2026-05-05 22:33:28.612980 +00:00,5,3,0,0,0,3,"{""Bogorodica L1"": {""total"": 3, ""by_type"": {""truck"": 3}}, ""Bogorodica L2"": {""total"": 0, ""by_type"": {}}, ""Bogorodica L3"": {""total"": 0, ""by_type"": {}}, ""Bogorodica L4"": {""total"": 0, ""by_type"": {}}, ""Bogorodica L5"": {""total"": 0, ""by_type"": {}}}",3
1981,1,2026-05-05 22:38:28.732696 +00:00,5,1,0,0,0,1,"{""Bogorodica L1"": {""total"": 1, ""by_type"": {""truck"": 1}}, ""Bogorodica L2"": {""total"": 0, ""by_type"": {}}, ""Bogorodica L3"": {""total"": 0, ""by_type"": {}}, ""Bogorodica L4"": {""total"": 0, ""by_type"": {}}, ""Bogorodica L5"": {""total"": 0, ""by_type"": {}}}",3
1982,1,2026-05-05 22:43:28.847463 +00:00,5,1,0,0,0,1,"{""Bogorodica L1"": {""total"": 1, ""by_type"": {""truck"": 1}}, ""Bogorodica L2"": {""total"": 0, ""by_type"": {}}, ""Bogorodica L3"": {""total"": 0, ""by_type"": {}}, ""Bogorodica L4"": {""total"": 0, ""by_type"": {}}, ""Bogorodica L5"": {""total"": 0, ""by_type"": {}}}",3
1983,1,2026-05-05 22:48:29.118841 +00:00,5,1,0,0,0,1,"{""Bogorodica L1"": {""total"": 1, ""by_type"": {""truck"": 1}}, ""Bogorodica L2"": {""total"": 0, ""by_type"": {}}, ""Bogorodica L3"": {""total"": 0, ""by_type"": {}}, ""Bogorodica L4"": {""total"": 0, ""by_type"": {}}, ""Bogorodica L5"": {""total"": 0, ""by_type"": {}}}",3
1984,1,2026-05-05 22:53:29.298190 +00:00,5,2,0,0,0,2,"{""Bogorodica L1"": {""total"": 2, ""by_type"": {""truck"": 2}}, ""Bogorodica L2"": {""total"": 0, ""by_type"": {}}, ""Bogorodica L3"": {""total"": 0, ""by_type"": {}}, ""Bogorodica L4"": {""total"": 0, ""by_type"": {}}, ""Bogorodica L5"": {""total"": 0, ""by_type"": {}}}",3
1985,1,2026-05-05 22:58:29.328756 +00:00,5,1,0,0,0,1,"{""Bogorodica L1"": {""total"": 1, ""by_type"": {""truck"": 1}}, ""Bogorodica L2"": {""total"": 0, ""by_type"": {}}, ""Bogorodica L3"": {""total"": 0, ""by_type"": {}}, ""Bogorodica L4"": {""total"": 0, ""by_type"": {}}, ""Bogorodica L5"": {""total"": 0, ""by_type"": {}}}",3
1986,1,2026-05-05 23:03:29.694140 +00:00,5,1,0,0,0,1,"{""Bogorodica L1"": {""total"": 1, ""by_type"": {""truck"": 1}}, ""Bogorodica L2"": {""total"": 0, ""by_type"": {}}, ""Bogorodica L3"": {""total"": 0, ""by_type"": {}}, ""Bogorodica L4"": {""total"": 0, ""by_type"": {}}, ""Bogorodica L5"": {""total"": 0, ""by_type"": {}}}",3
1987,1,2026-05-05 23:08:29.913218 +00:00,5,1,0,0,0,1,"{""Bogorodica L1"": {""total"": 1, ""by_type"": {""truck"": 1}}, ""Bogorodica L2"": {""total"": 0, ""by_type"": {}}, ""Bogorodica L3"": {""total"": 0, ""by_type"": {}}, ""Bogorodica L4"": {""total"": 0, ""by_type"": {}}, ""Bogorodica L5"": {""total"": 0, ""by_type"": {}}}",2.5
1988,1,2026-05-05 23:13:30.205657 +00:00,5,2,0,0,0,2,"{""Bogorodica L1"": {""total"": 2, ""by_type"": {""truck"": 2}}, ""Bogorodica L2"": {""total"": 0, ""by_type"": {}}, ""Bogorodica L3"": {""total"": 0, ""by_type"": {}}, ""Bogorodica L4"": {""total"": 0, ""by_type"": {}}, ""Bogorodica L5"": {""total"": 0, ""by_type"": {}}}",3
1989,1,2026-05-05 23:18:30.317010 +00:00,5,1,0,0,0,1,"{""Bogorodica L1"": {""total"": 1, ""by_type"": {""truck"": 1}}, ""Bogorodica L2"": {""total"": 0, ""by_type"": {}}, ""Bogorodica L3"": {""total"": 0, ""by_type"": {}}, ""Bogorodica L4"": {""total"": 0, ""by_type"": {}}, ""Bogorodica L5"": {""total"": 0, ""by_type"": {}}}",3
1990,1,2026-05-05 23:23:30.383869 +00:00,5,1,0,0,0,1,"{""Bogorodica L1"": {""total"": 1, ""by_type"": {""truck"": 1}}, ""Bogorodica L2"": {""total"": 0, ""by_type"": {}}, ""Bogorodica L3"": {""total"": 0, ""by_type"": {}}, ""Bogorodica L4"": {""total"": 0, ""by_type"": {}}, ""Bogorodica L5"": {""total"": 0, ""by_type"": {}}}",3
1991,1,2026-05-05 23:28:30.745748 +00:00,5,1,0,0,0,1,"{""Bogorodica L1"": {""total"": 1, ""by_type"": {""truck"": 1}}, ""Bogorodica L2"": {""total"": 0, ""by_type"": {}}, ""Bogorodica L3"": {""total"": 0, ""by_type"": {}}, ""Bogorodica L4"": {""total"": 0, ""by_type"": {}}, ""Bogorodica L5"": {""total"": 0, ""by_type"": {}}}",3
1992,1,2026-05-05 23:33:31.123579 +00:00,5,1,0,0,0,1,"{""Bogorodica L1"": {""total"": 1, ""by_type"": {""truck"": 1}}, ""Bogorodica L2"": {""total"": 0, ""by_type"": {}}, ""Bogorodica L3"": {""total"": 0, ""by_type"": {}}, ""Bogorodica L4"": {""total"": 0, ""by_type"": {}}, ""Bogorodica L5"": {""total"": 0, ""by_type"": {}}}",3
1993,1,2026-05-05 23:38:31.190278 +00:00,5,3,0,0,0,3,"{""Bogorodica L1"": {""total"": 3, ""by_type"": {""truck"": 3}}, ""Bogorodica L2"": {""total"": 0, ""by_type"": {}}, ""Bogorodica L3"": {""total"": 0, ""by_type"": {}}, ""Bogorodica L4"": {""total"": 0, ""by_type"": {}}, ""Bogorodica L5"": {""total"": 0, ""by_type"": {}}}",3
1994,1,2026-05-05 23:43:31.211494 +00:00,5,0,0,0,0,0,"{""Bogorodica L1"": {""total"": 0, ""by_type"": {}}, ""Bogorodica L2"": {""total"": 0, ""by_type"": {}}, ""Bogorodica L3"": {""total"": 0, ""by_type"": {}}, ""Bogorodica L4"": {""total"": 0, ""by_type"": {}}, ""Bogorodica L5"": {""total"": 0, ""by_type"": {}}}",3
1995,1,2026-05-05 23:48:31.328264 +00:00,5,1,0,0,0,1,"{""Bogorodica L1"": {""total"": 1, ""by_type"": {""truck"": 1}}, ""Bogorodica L2"": {""total"": 0, ""by_type"": {}}, ""Bogorodica L3"": {""total"": 0, ""by_type"": {}}, ""Bogorodica L4"": {""total"": 0, ""by_type"": {}}, ""Bogorodica L5"": {""total"": 0, ""by_type"": {}}}",3
1996,1,2026-05-05 23:53:31.492579 +00:00,5,0,0,0,0,0,"{""Bogorodica L1"": {""total"": 0, ""by_type"": {}}, ""Bogorodica L2"": {""total"": 0, ""by_type"": {}}, ""Bogorodica L3"": {""total"": 0, ""by_type"": {}}, ""Bogorodica L4"": {""total"": 0, ""by_type"": {}}, ""Bogorodica L5"": {""total"": 0, ""by_type"": {}}}",3
1997,1,2026-05-05 23:58:31.677252 +00:00,5,1,0,0,0,1,"{""Bogorodica L1"": {""total"": 1, ""by_type"": {""truck"": 1}}, ""Bogorodica L2"": {""total"": 0, ""by_type"": {}}, ""Bogorodica L3"": {""total"": 0, ""by_type"": {}}, ""Bogorodica L4"": {""total"": 0, ""by_type"": {}}, ""Bogorodica L5"": {""total"": 0, ""by_type"": {}}}",3
1998,1,2026-05-06 00:03:31.864365 +00:00,5,1,0,0,0,1,"{""Bogorodica L1"": {""total"": 1, ""by_type"": {""truck"": 1}}, ""Bogorodica L2"": {""total"": 0, ""by_type"": {}}, ""Bogorodica L3"": {""total"": 0, ""by_type"": {}}, ""Bogorodica L4"": {""total"": 0, ""by_type"": {}}, ""Bogorodica L5"": {""total"": 0, ""by_type"": {}}}",3
1999,1,2026-05-06 00:08:32.059497 +00:00,5,2,0,0,0,2,"{""Bogorodica L1"": {""total"": 2, ""by_type"": {""truck"": 2}}, ""Bogorodica L2"": {""total"": 0, ""by_type"": {}}, ""Bogorodica L3"": {""total"": 0, ""by_type"": {}}, ""Bogorodica L4"": {""total"": 0, ""by_type"": {}}, ""Bogorodica L5"": {""total"": 0, ""by_type"": {}}}",3
2000,1,2026-05-06 00:13:32.418106 +00:00,5,3,1,0,0,2,"{""Bogorodica L1"": {""total"": 3, ""by_type"": {""car"": 1, ""truck"": 2}}, ""Bogorodica L2"": {""total"": 0, ""by_type"": {}}, ""Bogorodica L3"": {""total"": 0, ""by_type"": {}}, ""Bogorodica L4"": {""total"": 0, ""by_type"": {}}, ""Bogorodica L5"": {""total"": 0, ""by_type"": {}}}",3
2001,1,2026-05-06 00:18:32.636792 +00:00,5,3,0,0,0,3,"{""Bogorodica L1"": {""total"": 3, ""by_type"": {""truck"": 3}}, ""Bogorodica L2"": {""total"": 0, ""by_type"": {}}, ""Bogorodica L3"": {""total"": 0, ""by_type"": {}}, ""Bogorodica L4"": {""total"": 0, ""by_type"": {}}, ""Bogorodica L5"": {""total"": 0, ""by_type"": {}}}",3
2002,1,2026-05-06 00:23:32.868258 +00:00,5,2,1,0,0,1,"{""Bogorodica L1"": {""total"": 2, ""by_type"": {""car"": 1, ""truck"": 1}}, ""Bogorodica L2"": {""total"": 0, ""by_type"": {}}, ""Bogorodica L3"": {""total"": 0, ""by_type"": {}}, ""Bogorodica L4"": {""total"": 0, ""by_type"": {}}, ""Bogorodica L5"": {""total"": 0, ""by_type"": {}}}",3
2003,1,2026-05-06 00:28:33.096427 +00:00,5,1,0,0,0,1,"{""Bogorodica L1"": {""total"": 1, ""by_type"": {""truck"": 1}}, ""Bogorodica L2"": {""total"": 0, ""by_type"": {}}, ""Bogorodica L3"": {""total"": 0, ""by_type"": {}}, ""Bogorodica L4"": {""total"": 0, ""by_type"": {}}, ""Bogorodica L5"": {""total"": 0, ""by_type"": {}}}",3
2004,1,2026-05-06 00:33:33.126500 +00:00,5,1,0,0,0,1,"{""Bogorodica L1"": {""total"": 1, ""by_type"": {""truck"": 1}}, ""Bogorodica L2"": {""total"": 0, ""by_type"": {}}, ""Bogorodica L3"": {""total"": 0, ""by_type"": {}}, ""Bogorodica L4"": {""total"": 0, ""by_type"": {}}, ""Bogorodica L5"": {""total"": 0, ""by_type"": {}}}",3
2005,1,2026-05-06 00:38:33.465792 +00:00,5,2,0,0,0,2,"{""Bogorodica L1"": {""total"": 2, ""by_type"": {""truck"": 2}}, ""Bogorodica L2"": {""total"": 0, ""by_type"": {}}, ""Bogorodica L3"": {""total"": 0, ""by_type"": {}}, ""Bogorodica L4"": {""total"": 0, ""by_type"": {}}, ""Bogorodica L5"": {""total"": 0, ""by_type"": {}}}",3
2006,1,2026-05-06 00:43:33.677314 +00:00,5,2,0,0,0,2,"{""Bogorodica L1"": {""total"": 2, ""by_type"": {""truck"": 2}}, ""Bogorodica L2"": {""total"": 0, ""by_type"": {}}, ""Bogorodica L3"": {""total"": 0, ""by_type"": {}}, ""Bogorodica L4"": {""total"": 0, ""by_type"": {}}, ""Bogorodica L5"": {""total"": 0, ""by_type"": {}}}",3
2007,1,2026-05-06 00:48:33.821514 +00:00,5,1,0,0,0,1,"{""Bogorodica L1"": {""total"": 1, ""by_type"": {""truck"": 1}}, ""Bogorodica L2"": {""total"": 0, ""by_type"": {}}, ""Bogorodica L3"": {""total"": 0, ""by_type"": {}}, ""Bogorodica L4"": {""total"": 0, ""by_type"": {}}, ""Bogorodica L5"": {""total"": 0, ""by_type"": {}}}",3
2008,1,2026-05-06 00:53:33.824754 +00:00,5,2,0,0,0,2,"{""Bogorodica L1"": {""total"": 2, ""by_type"": {""truck"": 2}}, ""Bogorodica L2"": {""total"": 0, ""by_type"": {}}, ""Bogorodica L3"": {""total"": 0, ""by_type"": {}}, ""Bogorodica L4"": {""total"": 0, ""by_type"": {}}, ""Bogorodica L5"": {""total"": 0, ""by_type"": {}}}",3
2009,1,2026-05-06 00:58:33.828937 +00:00,5,2,0,0,0,2,"{""Bogorodica L1"": {""total"": 2, ""by_type"": {""truck"": 2}}, ""Bogorodica L2"": {""total"": 0, ""by_type"": {}}, ""Bogorodica L3"": {""total"": 0, ""by_type"": {}}, ""Bogorodica L4"": {""total"": 0, ""by_type"": {}}, ""Bogorodica L5"": {""total"": 0, ""by_type"": {}}}",3
2010,1,2026-05-06 01:03:33.931390 +00:00,5,1,0,0,0,1,"{""Bogorodica L1"": {""total"": 1, ""by_type"": {""truck"": 1}}, ""Bogorodica L2"": {""total"": 0, ""by_type"": {}}, ""Bogorodica L3"": {""total"": 0, ""by_type"": {}}, ""Bogorodica L4"": {""total"": 0, ""by_type"": {}}, ""Bogorodica L5"": {""total"": 0, ""by_type"": {}}}",3
2011,1,2026-05-06 01:08:34.174990 +00:00,5,0,0,0,0,0,"{""Bogorodica L1"": {""total"": 0, ""by_type"": {}}, ""Bogorodica L2"": {""total"": 0, ""by_type"": {}}, ""Bogorodica L3"": {""total"": 0, ""by_type"": {}}, ""Bogorodica L4"": {""total"": 0, ""by_type"": {}}, ""Bogorodica L5"": {""total"": 0, ""by_type"": {}}}",3
2012,1,2026-05-06 01:13:34.477622 +00:00,5,0,0,0,0,0,"{""Bogorodica L1"": {""total"": 0, ""by_type"": {}}, ""Bogorodica L2"": {""total"": 0, ""by_type"": {}}, ""Bogorodica L3"": {""total"": 0, ""by_type"": {}}, ""Bogorodica L4"": {""total"": 0, ""by_type"": {}}, ""Bogorodica L5"": {""total"": 0, ""by_type"": {}}}",3
2013,1,2026-05-06 01:18:34.539462 +00:00,5,0,0,0,0,0,"{""Bogorodica L1"": {""total"": 0, ""by_type"": {}}, ""Bogorodica L2"": {""total"": 0, ""by_type"": {}}, ""Bogorodica L3"": {""total"": 0, ""by_type"": {}}, ""Bogorodica L4"": {""total"": 0, ""by_type"": {}}, ""Bogorodica L5"": {""total"": 0, ""by_type"": {}}}",3
2014,1,2026-05-06 01:23:34.893895 +00:00,5,2,0,0,0,2,"{""Bogorodica L1"": {""total"": 2, ""by_type"": {""truck"": 2}}, ""Bogorodica L2"": {""total"": 0, ""by_type"": {}}, ""Bogorodica L3"": {""total"": 0, ""by_type"": {}}, ""Bogorodica L4"": {""total"": 0, ""by_type"": {}}, ""Bogorodica L5"": {""total"": 0, ""by_type"": {}}}",3
2015,1,2026-05-06 01:28:34.999094 +00:00,5,1,0,0,0,1,"{""Bogorodica L1"": {""total"": 1, ""by_type"": {""truck"": 1}}, ""Bogorodica L2"": {""total"": 0, ""by_type"": {}}, ""Bogorodica L3"": {""total"": 0, ""by_type"": {}}, ""Bogorodica L4"": {""total"": 0, ""by_type"": {}}, ""Bogorodica L5"": {""total"": 0, ""by_type"": {}}}",3
2016,1,2026-05-06 01:33:35.049526 +00:00,5,4,0,0,0,4,"{""Bogorodica L1"": {""total"": 4, ""by_type"": {""truck"": 4}}, ""Bogorodica L2"": {""total"": 0, ""by_type"": {}}, ""Bogorodica L3"": {""total"": 0, ""by_type"": {}}, ""Bogorodica L4"": {""total"": 0, ""by_type"": {}}, ""Bogorodica L5"": {""total"": 0, ""by_type"": {}}}",3
2017,1,2026-05-06 01:38:50.652145 +00:00,5,2,0,0,0,2,"{""Bogorodica L1"": {""total"": 2, ""by_type"": {""truck"": 2}}, ""Bogorodica L2"": {""total"": 0, ""by_type"": {}}, ""Bogorodica L3"": {""total"": 0, ""by_type"": {}}, ""Bogorodica L4"": {""total"": 0, ""by_type"": {}}, ""Bogorodica L5"": {""total"": 0, ""by_type"": {}}}",0.5
2018,1,2026-05-06 01:43:50.891091 +00:00,5,3,0,0,0,3,"{""Bogorodica L1"": {""total"": 3, ""by_type"": {""truck"": 3}}, ""Bogorodica L2"": {""total"": 0, ""by_type"": {}}, ""Bogorodica L3"": {""total"": 0, ""by_type"": {}}, ""Bogorodica L4"": {""total"": 0, ""by_type"": {}}, ""Bogorodica L5"": {""total"": 0, ""by_type"": {}}}",3
2019,1,2026-05-06 01:48:50.940520 +00:00,5,2,0,0,0,2,"{""Bogorodica L1"": {""total"": 2, ""by_type"": {""truck"": 2}}, ""Bogorodica L2"": {""total"": 0, ""by_type"": {}}, ""Bogorodica L3"": {""total"": 0, ""by_type"": {}}, ""Bogorodica L4"": {""total"": 0, ""by_type"": {}}, ""Bogorodica L5"": {""total"": 0, ""by_type"": {}}}",3
2020,1,2026-05-06 01:53:51.237441 +00:00,5,0,0,0,0,0,"{""Bogorodica L1"": {""total"": 0, ""by_type"": {}}, ""Bogorodica L2"": {""total"": 0, ""by_type"": {}}, ""Bogorodica L3"": {""total"": 0, ""by_type"": {}}, ""Bogorodica L4"": {""total"": 0, ""by_type"": {}}, ""Bogorodica L5"": {""total"": 0, ""by_type"": {}}}",3
2021,1,2026-05-06 01:58:51.384891 +00:00,5,0,0,0,0,0,"{""Bogorodica L1"": {""total"": 0, ""by_type"": {}}, ""Bogorodica L2"": {""total"": 0, ""by_type"": {}}, ""Bogorodica L3"": {""total"": 0, ""by_type"": {}}, ""Bogorodica L4"": {""total"": 0, ""by_type"": {}}, ""Bogorodica L5"": {""total"": 0, ""by_type"": {}}}",3
2022,1,2026-05-06 02:03:51.412110 +00:00,5,0,0,0,0,0,"{""Bogorodica L1"": {""total"": 0, ""by_type"": {}}, ""Bogorodica L2"": {""total"": 0, ""by_type"": {}}, ""Bogorodica L3"": {""total"": 0, ""by_type"": {}}, ""Bogorodica L4"": {""total"": 0, ""by_type"": {}}, ""Bogorodica L5"": {""total"": 0, ""by_type"": {}}}",3
2023,1,2026-05-06 02:08:51.694583 +00:00,5,1,0,0,0,1,"{""Bogorodica L1"": {""total"": 1, ""by_type"": {""truck"": 1}}, ""Bogorodica L2"": {""total"": 0, ""by_type"": {}}, ""Bogorodica L3"": {""total"": 0, ""by_type"": {}}, ""Bogorodica L4"": {""total"": 0, ""by_type"": {}}, ""Bogorodica L5"": {""total"": 0, ""by_type"": {}}}",3
2024,1,2026-05-06 02:13:51.938796 +00:00,5,0,0,0,0,0,"{""Bogorodica L1"": {""total"": 0, ""by_type"": {}}, ""Bogorodica L2"": {""total"": 0, ""by_type"": {}}, ""Bogorodica L3"": {""total"": 0, ""by_type"": {}}, ""Bogorodica L4"": {""total"": 0, ""by_type"": {}}, ""Bogorodica L5"": {""total"": 0, ""by_type"": {}}}",3
2026,1,2026-05-06 02:23:52.489632 +00:00,5,0,0,0,0,0,"{""Bogorodica L1"": {""total"": 0, ""by_type"": {}}, ""Bogorodica L2"": {""total"": 0, ""by_type"": {}}, ""Bogorodica L3"": {""total"": 0, ""by_type"": {}}, ""Bogorodica L4"": {""total"": 0, ""by_type"": {}}, ""Bogorodica L5"": {""total"": 0, ""by_type"": {}}}",3
2027,1,2026-05-06 02:28:52.636084 +00:00,5,0,0,0,0,0,"{""Bogorodica L1"": {""total"": 0, ""by_type"": {}}, ""Bogorodica L2"": {""total"": 0, ""by_type"": {}}, ""Bogorodica L3"": {""total"": 0, ""by_type"": {}}, ""Bogorodica L4"": {""total"": 0, ""by_type"": {}}, ""Bogorodica L5"": {""total"": 0, ""by_type"": {}}}",3
2028,1,2026-05-06 02:33:52.925395 +00:00,5,0,0,0,0,0,"{""Bogorodica L1"": {""total"": 0, ""by_type"": {}}, ""Bogorodica L2"": {""total"": 0, ""by_type"": {}}, ""Bogorodica L3"": {""total"": 0, ""by_type"": {}}, ""Bogorodica L4"": {""total"": 0, ""by_type"": {}}, ""Bogorodica L5"": {""total"": 0, ""by_type"": {}}}",3
2029,1,2026-05-06 02:38:52.929272 +00:00,5,0,0,0,0,0,"{""Bogorodica L1"": {""total"": 0, ""by_type"": {}}, ""Bogorodica L2"": {""total"": 0, ""by_type"": {}}, ""Bogorodica L3"": {""total"": 0, ""by_type"": {}}, ""Bogorodica L4"": {""total"": 0, ""by_type"": {}}, ""Bogorodica L5"": {""total"": 0, ""by_type"": {}}}",3
2030,1,2026-05-06 02:43:53.200853 +00:00,5,0,0,0,0,0,"{""Bogorodica L1"": {""total"": 0, ""by_type"": {}}, ""Bogorodica L2"": {""total"": 0, ""by_type"": {}}, ""Bogorodica L3"": {""total"": 0, ""by_type"": {}}, ""Bogorodica L4"": {""total"": 0, ""by_type"": {}}, ""Bogorodica L5"": {""total"": 0, ""by_type"": {}}}",3
2031,1,2026-05-06 02:48:53.481649 +00:00,5,1,0,0,0,1,"{""Bogorodica L1"": {""total"": 1, ""by_type"": {""truck"": 1}}, ""Bogorodica L2"": {""total"": 0, ""by_type"": {}}, ""Bogorodica L3"": {""total"": 0, ""by_type"": {}}, ""Bogorodica L4"": {""total"": 0, ""by_type"": {}}, ""Bogorodica L5"": {""total"": 0, ""by_type"": {}}}",3
2032,1,2026-05-06 02:53:53.656376 +00:00,5,2,0,0,0,2,"{""Bogorodica L1"": {""total"": 2, ""by_type"": {""truck"": 2}}, ""Bogorodica L2"": {""total"": 0, ""by_type"": {}}, ""Bogorodica L3"": {""total"": 0, ""by_type"": {}}, ""Bogorodica L4"": {""total"": 0, ""by_type"": {}}, ""Bogorodica L5"": {""total"": 0, ""by_type"": {}}}",3
2033,1,2026-05-06 02:58:53.968118 +00:00,5,2,0,0,0,2,"{""Bogorodica L1"": {""total"": 2, ""by_type"": {""truck"": 2}}, ""Bogorodica L2"": {""total"": 0, ""by_type"": {}}, ""Bogorodica L3"": {""total"": 0, ""by_type"": {}}, ""Bogorodica L4"": {""total"": 0, ""by_type"": {}}, ""Bogorodica L5"": {""total"": 0, ""by_type"": {}}}",3
2034,1,2026-05-06 03:03:54.304037 +00:00,5,2,0,0,0,2,"{""Bogorodica L1"": {""total"": 2, ""by_type"": {""truck"": 2}}, ""Bogorodica L2"": {""total"": 0, ""by_type"": {}}, ""Bogorodica L3"": {""total"": 0, ""by_type"": {}}, ""Bogorodica L4"": {""total"": 0, ""by_type"": {}}, ""Bogorodica L5"": {""total"": 0, ""by_type"": {}}}",3
2035,1,2026-05-06 03:08:54.496421 +00:00,5,2,0,0,0,2,"{""Bogorodica L1"": {""total"": 2, ""by_type"": {""truck"": 2}}, ""Bogorodica L2"": {""total"": 0, ""by_type"": {}}, ""Bogorodica L3"": {""total"": 0, ""by_type"": {}}, ""Bogorodica L4"": {""total"": 0, ""by_type"": {}}, ""Bogorodica L5"": {""total"": 0, ""by_type"": {}}}",3
2036,1,2026-05-06 03:13:54.654279 +00:00,5,2,0,0,0,2,"{""Bogorodica L1"": {""total"": 2, ""by_type"": {""truck"": 2}}, ""Bogorodica L2"": {""total"": 0, ""by_type"": {}}, ""Bogorodica L3"": {""total"": 0, ""by_type"": {}}, ""Bogorodica L4"": {""total"": 0, ""by_type"": {}}, ""Bogorodica L5"": {""total"": 0, ""by_type"": {}}}",3
2037,1,2026-05-06 03:18:54.938783 +00:00,5,2,0,0,2,0,"{""Bogorodica L1"": {""total"": 0, ""by_type"": {}}, ""Bogorodica L2"": {""total"": 2, ""by_type"": {""bus"": 2}}, ""Bogorodica L3"": {""total"": 0, ""by_type"": {}}, ""Bogorodica L4"": {""total"": 0, ""by_type"": {}}, ""Bogorodica L5"": {""total"": 0, ""by_type"": {}}}",3
2038,1,2026-05-06 03:23:55.009091 +00:00,5,4,0,0,2,2,"{""Bogorodica L1"": {""total"": 2, ""by_type"": {""truck"": 2}}, ""Bogorodica L2"": {""total"": 2, ""by_type"": {""bus"": 2}}, ""Bogorodica L3"": {""total"": 0, ""by_type"": {}}, ""Bogorodica L4"": {""total"": 0, ""by_type"": {}}, ""Bogorodica L5"": {""total"": 0, ""by_type"": {}}}",3
2039,1,2026-05-06 03:28:55.300418 +00:00,5,4,0,0,4,0,"{""Bogorodica L1"": {""total"": 1, ""by_type"": {""bus"": 1}}, ""Bogorodica L2"": {""total"": 2, ""by_type"": {""bus"": 2}}, ""Bogorodica L3"": {""total"": 1, ""by_type"": {""bus"": 1}}, ""Bogorodica L4"": {""total"": 0, ""by_type"": {}}, ""Bogorodica L5"": {""total"": 0, ""by_type"": {}}}",3
2040,1,2026-05-06 03:33:55.616723 +00:00,5,3,0,0,2,1,"{""Bogorodica L1"": {""total"": 1, ""by_type"": {""truck"": 1}}, ""Bogorodica L2"": {""total"": 1, ""by_type"": {""bus"": 1}}, ""Bogorodica L3"": {""total"": 1, ""by_type"": {""bus"": 1}}, ""Bogorodica L4"": {""total"": 0, ""by_type"": {}}, ""Bogorodica L5"": {""total"": 0, ""by_type"": {}}}",3
2041,1,2026-05-06 03:38:55.877408 +00:00,5,4,0,0,3,1,"{""Bogorodica L1"": {""total"": 2, ""by_type"": {""bus"": 1, ""truck"": 1}}, ""Bogorodica L2"": {""total"": 2, ""by_type"": {""bus"": 2}}, ""Bogorodica L3"": {""total"": 0, ""by_type"": {}}, ""Bogorodica L4"": {""total"": 0, ""by_type"": {}}, ""Bogorodica L5"": {""total"": 0, ""by_type"": {}}}",3
2042,1,2026-05-06 03:43:56.155767 +00:00,5,3,0,0,1,2,"{""Bogorodica L1"": {""total"": 2, ""by_type"": {""truck"": 2}}, ""Bogorodica L2"": {""total"": 1, ""by_type"": {""bus"": 1}}, ""Bogorodica L3"": {""total"": 0, ""by_type"": {}}, ""Bogorodica L4"": {""total"": 0, ""by_type"": {}}, ""Bogorodica L5"": {""total"": 0, ""by_type"": {}}}",3
2043,1,2026-05-06 03:48:56.242123 +00:00,5,1,0,0,0,1,"{""Bogorodica L1"": {""total"": 1, ""by_type"": {""truck"": 1}}, ""Bogorodica L2"": {""total"": 0, ""by_type"": {}}, ""Bogorodica L3"": {""total"": 0, ""by_type"": {}}, ""Bogorodica L4"": {""total"": 0, ""by_type"": {}}, ""Bogorodica L5"": {""total"": 0, ""by_type"": {}}}",3
2044,1,2026-05-06 03:53:56.258026 +00:00,5,3,0,0,0,3,"{""Bogorodica L1"": {""total"": 3, ""by_type"": {""truck"": 3}}, ""Bogorodica L2"": {""total"": 0, ""by_type"": {}}, ""Bogorodica L3"": {""total"": 0, ""by_type"": {}}, ""Bogorodica L4"": {""total"": 0, ""by_type"": {}}, ""Bogorodica L5"": {""total"": 0, ""by_type"": {}}}",3
2045,1,2026-05-06 03:58:56.360284 +00:00,5,4,0,0,0,4,"{""Bogorodica L1"": {""total"": 4, ""by_type"": {""truck"": 4}}, ""Bogorodica L2"": {""total"": 0, ""by_type"": {}}, ""Bogorodica L3"": {""total"": 0, ""by_type"": {}}, ""Bogorodica L4"": {""total"": 0, ""by_type"": {}}, ""Bogorodica L5"": {""total"": 0, ""by_type"": {}}}",3
2046,1,2026-05-06 04:03:56.487129 +00:00,5,5,0,0,0,5,"{""Bogorodica L1"": {""total"": 5, ""by_type"": {""truck"": 5}}, ""Bogorodica L2"": {""total"": 0, ""by_type"": {}}, ""Bogorodica L3"": {""total"": 0, ""by_type"": {}}, ""Bogorodica L4"": {""total"": 0, ""by_type"": {}}, ""Bogorodica L5"": {""total"": 0, ""by_type"": {}}}",3
2047,1,2026-05-06 04:08:56.685322 +00:00,5,1,0,0,0,1,"{""Bogorodica L1"": {""total"": 1, ""by_type"": {""truck"": 1}}, ""Bogorodica L2"": {""total"": 0, ""by_type"": {}}, ""Bogorodica L3"": {""total"": 0, ""by_type"": {}}, ""Bogorodica L4"": {""total"": 0, ""by_type"": {}}, ""Bogorodica L5"": {""total"": 0, ""by_type"": {}}}",3
2048,1,2026-05-06 04:13:56.955220 +00:00,5,2,0,0,0,2,"{""Bogorodica L1"": {""total"": 2, ""by_type"": {""truck"": 2}}, ""Bogorodica L2"": {""total"": 0, ""by_type"": {}}, ""Bogorodica L3"": {""total"": 0, ""by_type"": {}}, ""Bogorodica L4"": {""total"": 0, ""by_type"": {}}, ""Bogorodica L5"": {""total"": 0, ""by_type"": {}}}",3
2049,1,2026-05-06 04:18:57.258350 +00:00,5,1,0,0,0,1,"{""Bogorodica L1"": {""total"": 1, ""by_type"": {""truck"": 1}}, ""Bogorodica L2"": {""total"": 0, ""by_type"": {}}, ""Bogorodica L3"": {""total"": 0, ""by_type"": {}}, ""Bogorodica L4"": {""total"": 0, ""by_type"": {}}, ""Bogorodica L5"": {""total"": 0, ""by_type"": {}}}",3
2050,1,2026-05-06 04:23:57.437369 +00:00,5,5,0,0,0,5,"{""Bogorodica L1"": {""total"": 5, ""by_type"": {""truck"": 5}}, ""Bogorodica L2"": {""total"": 0, ""by_type"": {}}, ""Bogorodica L3"": {""total"": 0, ""by_type"": {}}, ""Bogorodica L4"": {""total"": 0, ""by_type"": {}}, ""Bogorodica L5"": {""total"": 0, ""by_type"": {}}}",3
2051,1,2026-05-06 04:28:57.610345 +00:00,5,3,0,0,0,3,"{""Bogorodica L1"": {""total"": 3, ""by_type"": {""truck"": 3}}, ""Bogorodica L2"": {""total"": 0, ""by_type"": {}}, ""Bogorodica L3"": {""total"": 0, ""by_type"": {}}, ""Bogorodica L4"": {""total"": 0, ""by_type"": {}}, ""Bogorodica L5"": {""total"": 0, ""by_type"": {}}}",3
2052,1,2026-05-06 04:33:57.895492 +00:00,5,2,0,0,0,2,"{""Bogorodica L1"": {""total"": 2, ""by_type"": {""truck"": 2}}, ""Bogorodica L2"": {""total"": 0, ""by_type"": {}}, ""Bogorodica L3"": {""total"": 0, ""by_type"": {}}, ""Bogorodica L4"": {""total"": 0, ""by_type"": {}}, ""Bogorodica L5"": {""total"": 0, ""by_type"": {}}}",3
2053,1,2026-05-06 04:38:58.083951 +00:00,5,5,0,0,0,5,"{""Bogorodica L1"": {""total"": 5, ""by_type"": {""truck"": 5}}, ""Bogorodica L2"": {""total"": 0, ""by_type"": {}}, ""Bogorodica L3"": {""total"": 0, ""by_type"": {}}, ""Bogorodica L4"": {""total"": 0, ""by_type"": {}}, ""Bogorodica L5"": {""total"": 0, ""by_type"": {}}}",3
2054,1,2026-05-06 04:43:58.502196 +00:00,5,2,0,0,0,2,"{""Bogorodica L1"": {""total"": 2, ""by_type"": {""truck"": 2}}, ""Bogorodica L2"": {""total"": 0, ""by_type"": {}}, ""Bogorodica L3"": {""total"": 0, ""by_type"": {}}, ""Bogorodica L4"": {""total"": 0, ""by_type"": {}}, ""Bogorodica L5"": {""total"": 0, ""by_type"": {}}}",3
2055,1,2026-05-06 04:48:58.672806 +00:00,5,3,0,0,0,3,"{""Bogorodica L1"": {""total"": 3, ""by_type"": {""truck"": 3}}, ""Bogorodica L2"": {""total"": 0, ""by_type"": {}}, ""Bogorodica L3"": {""total"": 0, ""by_type"": {}}, ""Bogorodica L4"": {""total"": 0, ""by_type"": {}}, ""Bogorodica L5"": {""total"": 0, ""by_type"": {}}}",3
2056,1,2026-05-06 04:53:58.845576 +00:00,5,2,0,0,0,2,"{""Bogorodica L1"": {""total"": 2, ""by_type"": {""truck"": 2}}, ""Bogorodica L2"": {""total"": 0, ""by_type"": {}}, ""Bogorodica L3"": {""total"": 0, ""by_type"": {}}, ""Bogorodica L4"": {""total"": 0, ""by_type"": {}}, ""Bogorodica L5"": {""total"": 0, ""by_type"": {}}}",3
2057,1,2026-05-06 04:58:59.122055 +00:00,5,3,0,0,0,3,"{""Bogorodica L1"": {""total"": 3, ""by_type"": {""truck"": 3}}, ""Bogorodica L2"": {""total"": 0, ""by_type"": {}}, ""Bogorodica L3"": {""total"": 0, ""by_type"": {}}, ""Bogorodica L4"": {""total"": 0, ""by_type"": {}}, ""Bogorodica L5"": {""total"": 0, ""by_type"": {}}}",2.5
2058,1,2026-05-06 05:03:59.484090 +00:00,5,3,0,0,0,3,"{""Bogorodica L1"": {""total"": 3, ""by_type"": {""truck"": 3}}, ""Bogorodica L2"": {""total"": 0, ""by_type"": {}}, ""Bogorodica L3"": {""total"": 0, ""by_type"": {}}, ""Bogorodica L4"": {""total"": 0, ""by_type"": {}}, ""Bogorodica L5"": {""total"": 0, ""by_type"": {}}}",3
2059,1,2026-05-06 05:08:59.630501 +00:00,5,5,0,0,0,5,"{""Bogorodica L1"": {""total"": 5, ""by_type"": {""truck"": 5}}, ""Bogorodica L2"": {""total"": 0, ""by_type"": {}}, ""Bogorodica L3"": {""total"": 0, ""by_type"": {}}, ""Bogorodica L4"": {""total"": 0, ""by_type"": {}}, ""Bogorodica L5"": {""total"": 0, ""by_type"": {}}}",3
2060,1,2026-05-06 05:13:59.984306 +00:00,5,7,1,0,2,4,"{""Bogorodica L1"": {""total"": 6, ""by_type"": {""bus"": 2, ""truck"": 4}}, ""Bogorodica L2"": {""total"": 0, ""by_type"": {}}, ""Bogorodica L3"": {""total"": 0, ""by_type"": {}}, ""Bogorodica L4"": {""total"": 1, ""by_type"": {""car"": 1}}, ""Bogorodica L5"": {""total"": 0, ""by_type"": {}}}",3
2061,1,2026-05-06 05:19:00.108294 +00:00,5,4,0,0,0,4,"{""Bogorodica L1"": {""total"": 4, ""by_type"": {""truck"": 4}}, ""Bogorodica L2"": {""total"": 0, ""by_type"": {}}, ""Bogorodica L3"": {""total"": 0, ""by_type"": {}}, ""Bogorodica L4"": {""total"": 0, ""by_type"": {}}, ""Bogorodica L5"": {""total"": 0, ""by_type"": {}}}",3
2062,1,2026-05-06 05:24:00.338147 +00:00,5,6,0,0,0,6,"{""Bogorodica L1"": {""total"": 6, ""by_type"": {""truck"": 6}}, ""Bogorodica L2"": {""total"": 0, ""by_type"": {}}, ""Bogorodica L3"": {""total"": 0, ""by_type"": {}}, ""Bogorodica L4"": {""total"": 0, ""by_type"": {}}, ""Bogorodica L5"": {""total"": 0, ""by_type"": {}}}",3
2063,1,2026-05-06 05:29:00.614606 +00:00,5,4,0,0,0,4,"{""Bogorodica L1"": {""total"": 4, ""by_type"": {""truck"": 4}}, ""Bogorodica L2"": {""total"": 0, ""by_type"": {}}, ""Bogorodica L3"": {""total"": 0, ""by_type"": {}}, ""Bogorodica L4"": {""total"": 0, ""by_type"": {}}, ""Bogorodica L5"": {""total"": 0, ""by_type"": {}}}",3
2064,1,2026-05-06 05:34:00.976529 +00:00,5,4,0,0,0,4,"{""Bogorodica L1"": {""total"": 4, ""by_type"": {""truck"": 4}}, ""Bogorodica L2"": {""total"": 0, ""by_type"": {}}, ""Bogorodica L3"": {""total"": 0, ""by_type"": {}}, ""Bogorodica L4"": {""total"": 0, ""by_type"": {}}, ""Bogorodica L5"": {""total"": 0, ""by_type"": {}}}",3
2065,1,2026-05-06 05:39:01.300693 +00:00,5,4,0,0,0,4,"{""Bogorodica L1"": {""total"": 4, ""by_type"": {""truck"": 4}}, ""Bogorodica L2"": {""total"": 0, ""by_type"": {}}, ""Bogorodica L3"": {""total"": 0, ""by_type"": {}}, ""Bogorodica L4"": {""total"": 0, ""by_type"": {}}, ""Bogorodica L5"": {""total"": 0, ""by_type"": {}}}",3
2066,1,2026-05-06 05:44:01.602745 +00:00,5,4,0,0,0,4,"{""Bogorodica L1"": {""total"": 4, ""by_type"": {""truck"": 4}}, ""Bogorodica L2"": {""total"": 0, ""by_type"": {}}, ""Bogorodica L3"": {""total"": 0, ""by_type"": {}}, ""Bogorodica L4"": {""total"": 0, ""by_type"": {}}, ""Bogorodica L5"": {""total"": 0, ""by_type"": {}}}",3
2067,1,2026-05-06 05:49:01.726210 +00:00,5,5,0,1,0,4,"{""Bogorodica L1"": {""total"": 4, ""by_type"": {""truck"": 4}}, ""Bogorodica L2"": {""total"": 1, ""by_type"": {""motorcycle"": 1}}, ""Bogorodica L3"": {""total"": 0, ""by_type"": {}}, ""Bogorodica L4"": {""total"": 0, ""by_type"": {}}, ""Bogorodica L5"": {""total"": 0, ""by_type"": {}}}",3
2068,1,2026-05-06 05:54:01.735725 +00:00,5,1,0,0,0,1,"{""Bogorodica L1"": {""total"": 1, ""by_type"": {""truck"": 1}}, ""Bogorodica L2"": {""total"": 0, ""by_type"": {}}, ""Bogorodica L3"": {""total"": 0, ""by_type"": {}}, ""Bogorodica L4"": {""total"": 0, ""by_type"": {}}, ""Bogorodica L5"": {""total"": 0, ""by_type"": {}}}",3
2069,1,2026-05-06 05:59:02.016018 +00:00,5,0,0,0,0,0,"{""Bogorodica L1"": {""total"": 0, ""by_type"": {}}, ""Bogorodica L2"": {""total"": 0, ""by_type"": {}}, ""Bogorodica L3"": {""total"": 0, ""by_type"": {}}, ""Bogorodica L4"": {""total"": 0, ""by_type"": {}}, ""Bogorodica L5"": {""total"": 0, ""by_type"": {}}}",3
2070,1,2026-05-06 06:04:02.281214 +00:00,5,2,1,0,1,0,"{""Bogorodica L1"": {""total"": 0, ""by_type"": {}}, ""Bogorodica L2"": {""total"": 1, ""by_type"": {""bus"": 1}}, ""Bogorodica L3"": {""total"": 0, ""by_type"": {}}, ""Bogorodica L4"": {""total"": 0, ""by_type"": {}}, ""Bogorodica L5"": {""total"": 1, ""by_type"": {""car"": 1}}}",3
2071,1,2026-05-06 06:09:02.340421 +00:00,5,2,2,0,0,0,"{""Bogorodica L1"": {""total"": 0, ""by_type"": {}}, ""Bogorodica L2"": {""total"": 0, ""by_type"": {}}, ""Bogorodica L3"": {""total"": 0, ""by_type"": {}}, ""Bogorodica L4"": {""total"": 1, ""by_type"": {""car"": 1}}, ""Bogorodica L5"": {""total"": 1, ""by_type"": {""car"": 1}}}",3
2072,1,2026-05-06 06:14:02.694074 +00:00,5,6,0,0,1,5,"{""Bogorodica L1"": {""total"": 5, ""by_type"": {""bus"": 1, ""truck"": 4}}, ""Bogorodica L2"": {""total"": 1, ""by_type"": {""truck"": 1}}, ""Bogorodica L3"": {""total"": 0, ""by_type"": {}}, ""Bogorodica L4"": {""total"": 0, ""by_type"": {}}, ""Bogorodica L5"": {""total"": 0, ""by_type"": {}}}",3
2073,1,2026-05-06 06:19:02.718916 +00:00,5,4,0,0,1,3,"{""Bogorodica L1"": {""total"": 2, ""by_type"": {""truck"": 2}}, ""Bogorodica L2"": {""total"": 2, ""by_type"": {""bus"": 1, ""truck"": 1}}, ""Bogorodica L3"": {""total"": 0, ""by_type"": {}}, ""Bogorodica L4"": {""total"": 0, ""by_type"": {}}, ""Bogorodica L5"": {""total"": 0, ""by_type"": {}}}",3
2074,1,2026-05-06 06:24:02.948579 +00:00,5,2,0,0,0,2,"{""Bogorodica L1"": {""total"": 1, ""by_type"": {""truck"": 1}}, ""Bogorodica L2"": {""total"": 1, ""by_type"": {""truck"": 1}}, ""Bogorodica L3"": {""total"": 0, ""by_type"": {}}, ""Bogorodica L4"": {""total"": 0, ""by_type"": {}}, ""Bogorodica L5"": {""total"": 0, ""by_type"": {}}}",3
2075,1,2026-05-06 06:29:02.978873 +00:00,5,2,0,0,0,2,"{""Bogorodica L1"": {""total"": 1, ""by_type"": {""truck"": 1}}, ""Bogorodica L2"": {""total"": 1, ""by_type"": {""truck"": 1}}, ""Bogorodica L3"": {""total"": 0, ""by_type"": {}}, ""Bogorodica L4"": {""total"": 0, ""by_type"": {}}, ""Bogorodica L5"": {""total"": 0, ""by_type"": {}}}",3
2076,1,2026-05-06 06:34:03.094404 +00:00,5,4,1,0,1,2,"{""Bogorodica L1"": {""total"": 2, ""by_type"": {""truck"": 2}}, ""Bogorodica L2"": {""total"": 0, ""by_type"": {}}, ""Bogorodica L3"": {""total"": 0, ""by_type"": {}}, ""Bogorodica L4"": {""total"": 1, ""by_type"": {""car"": 1}}, ""Bogorodica L5"": {""total"": 1, ""by_type"": {""bus"": 1}}}",3
2077,1,2026-05-06 06:39:03.147152 +00:00,5,0,0,0,0,0,"{""Bogorodica L1"": {""total"": 0, ""by_type"": {}}, ""Bogorodica L2"": {""total"": 0, ""by_type"": {}}, ""Bogorodica L3"": {""total"": 0, ""by_type"": {}}, ""Bogorodica L4"": {""total"": 0, ""by_type"": {}}, ""Bogorodica L5"": {""total"": 0, ""by_type"": {}}}",3
2078,1,2026-05-06 06:44:03.375470 +00:00,5,3,0,0,0,3,"{""Bogorodica L1"": {""total"": 2, ""by_type"": {""truck"": 2}}, ""Bogorodica L2"": {""total"": 1, ""by_type"": {""truck"": 1}}, ""Bogorodica L3"": {""total"": 0, ""by_type"": {}}, ""Bogorodica L4"": {""total"": 0, ""by_type"": {}}, ""Bogorodica L5"": {""total"": 0, ""by_type"": {}}}",3
2079,1,2026-05-06 06:49:03.473531 +00:00,5,4,1,0,0,3,"{""Bogorodica L1"": {""total"": 3, ""by_type"": {""truck"": 3}}, ""Bogorodica L2"": {""total"": 0, ""by_type"": {}}, ""Bogorodica L3"": {""total"": 0, ""by_type"": {}}, ""Bogorodica L4"": {""total"": 1, ""by_type"": {""car"": 1}}, ""Bogorodica L5"": {""total"": 0, ""by_type"": {}}}",3
2080,1,2026-05-06 06:54:03.814884 +00:00,5,2,0,0,0,2,"{""Bogorodica L1"": {""total"": 2, ""by_type"": {""truck"": 2}}, ""Bogorodica L2"": {""total"": 0, ""by_type"": {}}, ""Bogorodica L3"": {""total"": 0, ""by_type"": {}}, ""Bogorodica L4"": {""total"": 0, ""by_type"": {}}, ""Bogorodica L5"": {""total"": 0, ""by_type"": {}}}",3
2081,1,2026-05-06 06:59:04.102066 +00:00,5,2,0,0,0,2,"{""Bogorodica L1"": {""total"": 2, ""by_type"": {""truck"": 2}}, ""Bogorodica L2"": {""total"": 0, ""by_type"": {}}, ""Bogorodica L3"": {""total"": 0, ""by_type"": {}}, ""Bogorodica L4"": {""total"": 0, ""by_type"": {}}, ""Bogorodica L5"": {""total"": 0, ""by_type"": {}}}",2
2082,1,2026-05-06 07:04:04.115588 +00:00,5,4,2,0,0,2,"{""Bogorodica L1"": {""total"": 2, ""by_type"": {""truck"": 2}}, ""Bogorodica L2"": {""total"": 0, ""by_type"": {}}, ""Bogorodica L3"": {""total"": 0, ""by_type"": {}}, ""Bogorodica L4"": {""total"": 0, ""by_type"": {}}, ""Bogorodica L5"": {""total"": 2, ""by_type"": {""car"": 2}}}",2.5
2083,1,2026-05-06 07:09:04.307318 +00:00,5,1,0,0,0,1,"{""Bogorodica L1"": {""total"": 1, ""by_type"": {""truck"": 1}}, ""Bogorodica L2"": {""total"": 0, ""by_type"": {}}, ""Bogorodica L3"": {""total"": 0, ""by_type"": {}}, ""Bogorodica L4"": {""total"": 0, ""by_type"": {}}, ""Bogorodica L5"": {""total"": 0, ""by_type"": {}}}",3
2084,1,2026-05-06 07:14:04.511062 +00:00,5,1,0,0,0,1,"{""Bogorodica L1"": {""total"": 1, ""by_type"": {""truck"": 1}}, ""Bogorodica L2"": {""total"": 0, ""by_type"": {}}, ""Bogorodica L3"": {""total"": 0, ""by_type"": {}}, ""Bogorodica L4"": {""total"": 0, ""by_type"": {}}, ""Bogorodica L5"": {""total"": 0, ""by_type"": {}}}",3
2085,1,2026-05-06 07:19:04.800803 +00:00,5,3,2,0,0,1,"{""Bogorodica L1"": {""total"": 1, ""by_type"": {""truck"": 1}}, ""Bogorodica L2"": {""total"": 0, ""by_type"": {}}, ""Bogorodica L3"": {""total"": 0, ""by_type"": {}}, ""Bogorodica L4"": {""total"": 0, ""by_type"": {}}, ""Bogorodica L5"": {""total"": 2, ""by_type"": {""car"": 2}}}",3
2086,1,2026-05-06 07:24:04.921451 +00:00,5,1,0,0,0,1,"{""Bogorodica L1"": {""total"": 1, ""by_type"": {""truck"": 1}}, ""Bogorodica L2"": {""total"": 0, ""by_type"": {}}, ""Bogorodica L3"": {""total"": 0, ""by_type"": {}}, ""Bogorodica L4"": {""total"": 0, ""by_type"": {}}, ""Bogorodica L5"": {""total"": 0, ""by_type"": {}}}",2.5
2087,1,2026-05-06 07:29:05.002977 +00:00,5,1,0,0,0,1,"{""Bogorodica L1"": {""total"": 1, ""by_type"": {""truck"": 1}}, ""Bogorodica L2"": {""total"": 0, ""by_type"": {}}, ""Bogorodica L3"": {""total"": 0, ""by_type"": {}}, ""Bogorodica L4"": {""total"": 0, ""by_type"": {}}, ""Bogorodica L5"": {""total"": 0, ""by_type"": {}}}",2.5
2088,1,2026-05-06 07:34:05.252091 +00:00,5,1,0,0,0,1,"{""Bogorodica L1"": {""total"": 1, ""by_type"": {""truck"": 1}}, ""Bogorodica L2"": {""total"": 0, ""by_type"": {}}, ""Bogorodica L3"": {""total"": 0, ""by_type"": {}}, ""Bogorodica L4"": {""total"": 0, ""by_type"": {}}, ""Bogorodica L5"": {""total"": 0, ""by_type"": {}}}",2.5
2089,1,2026-05-06 07:39:05.636630 +00:00,5,3,1,0,0,2,"{""Bogorodica L1"": {""total"": 2, ""by_type"": {""truck"": 2}}, ""Bogorodica L2"": {""total"": 0, ""by_type"": {}}, ""Bogorodica L3"": {""total"": 0, ""by_type"": {}}, ""Bogorodica L4"": {""total"": 0, ""by_type"": {}}, ""Bogorodica L5"": {""total"": 1, ""by_type"": {""car"": 1}}}",1.5
2090,1,2026-05-06 07:44:05.920853 +00:00,5,3,1,0,0,2,"{""Bogorodica L1"": {""total"": 2, ""by_type"": {""truck"": 2}}, ""Bogorodica L2"": {""total"": 0, ""by_type"": {}}, ""Bogorodica L3"": {""total"": 0, ""by_type"": {}}, ""Bogorodica L4"": {""total"": 0, ""by_type"": {}}, ""Bogorodica L5"": {""total"": 1, ""by_type"": {""car"": 1}}}",2.5
2091,1,2026-05-06 07:49:06.225033 +00:00,5,1,0,0,0,1,"{""Bogorodica L1"": {""total"": 1, ""by_type"": {""truck"": 1}}, ""Bogorodica L2"": {""total"": 0, ""by_type"": {}}, ""Bogorodica L3"": {""total"": 0, ""by_type"": {}}, ""Bogorodica L4"": {""total"": 0, ""by_type"": {}}, ""Bogorodica L5"": {""total"": 0, ""by_type"": {}}}",1
2092,1,2026-05-06 07:54:06.706074 +00:00,5,2,0,0,0,2,"{""Bogorodica L1"": {""total"": 2, ""by_type"": {""truck"": 2}}, ""Bogorodica L2"": {""total"": 0, ""by_type"": {}}, ""Bogorodica L3"": {""total"": 0, ""by_type"": {}}, ""Bogorodica L4"": {""total"": 0, ""by_type"": {}}, ""Bogorodica L5"": {""total"": 0, ""by_type"": {}}}",1.5
2093,1,2026-05-06 07:59:07.378302 +00:00,5,2,1,0,0,1,"{""Bogorodica L1"": {""total"": 1, ""by_type"": {""truck"": 1}}, ""Bogorodica L2"": {""total"": 0, ""by_type"": {}}, ""Bogorodica L3"": {""total"": 0, ""by_type"": {}}, ""Bogorodica L4"": {""total"": 1, ""by_type"": {""car"": 1}}, ""Bogorodica L5"": {""total"": 0, ""by_type"": {}}}",1.5
2094,1,2026-05-06 08:04:41.300416 +00:00,5,1,0,0,0,1,"{""Bogorodica L1"": {""total"": 1, ""by_type"": {""truck"": 1}}, ""Bogorodica L2"": {""total"": 0, ""by_type"": {}}, ""Bogorodica L3"": {""total"": 0, ""by_type"": {}}, ""Bogorodica L4"": {""total"": 0, ""by_type"": {}}, ""Bogorodica L5"": {""total"": 0, ""by_type"": {}}}",1.5
2095,1,2026-05-06 08:09:41.378662 +00:00,5,1,0,0,0,1,"{""Bogorodica L1"": {""total"": 1, ""by_type"": {""truck"": 1}}, ""Bogorodica L2"": {""total"": 0, ""by_type"": {}}, ""Bogorodica L3"": {""total"": 0, ""by_type"": {}}, ""Bogorodica L4"": {""total"": 0, ""by_type"": {}}, ""Bogorodica L5"": {""total"": 0, ""by_type"": {}}}",2
2096,1,2026-05-06 08:14:41.487060 +00:00,5,2,0,0,0,2,"{""Bogorodica L1"": {""total"": 1, ""by_type"": {""truck"": 1}}, ""Bogorodica L2"": {""total"": 0, ""by_type"": {}}, ""Bogorodica L3"": {""total"": 0, ""by_type"": {}}, ""Bogorodica L4"": {""total"": 0, ""by_type"": {}}, ""Bogorodica L5"": {""total"": 1, ""by_type"": {""truck"": 1}}}",2
2097,1,2026-05-06 08:19:41.846846 +00:00,5,3,0,0,0,3,"{""Bogorodica L1"": {""total"": 3, ""by_type"": {""truck"": 3}}, ""Bogorodica L2"": {""total"": 0, ""by_type"": {}}, ""Bogorodica L3"": {""total"": 0, ""by_type"": {}}, ""Bogorodica L4"": {""total"": 0, ""by_type"": {}}, ""Bogorodica L5"": {""total"": 0, ""by_type"": {}}}",1.5
2098,1,2026-05-06 08:24:42.069492 +00:00,5,1,0,0,0,1,"{""Bogorodica L1"": {""total"": 1, ""by_type"": {""truck"": 1}}, ""Bogorodica L2"": {""total"": 0, ""by_type"": {}}, ""Bogorodica L3"": {""total"": 0, ""by_type"": {}}, ""Bogorodica L4"": {""total"": 0, ""by_type"": {}}, ""Bogorodica L5"": {""total"": 0, ""by_type"": {}}}",1.5
2099,1,2026-05-06 08:29:42.204371 +00:00,5,1,0,0,0,1,"{""Bogorodica L1"": {""total"": 1, ""by_type"": {""truck"": 1}}, ""Bogorodica L2"": {""total"": 0, ""by_type"": {}}, ""Bogorodica L3"": {""total"": 0, ""by_type"": {}}, ""Bogorodica L4"": {""total"": 0, ""by_type"": {}}, ""Bogorodica L5"": {""total"": 0, ""by_type"": {}}}",1.5
2100,1,2026-05-06 08:34:42.548191 +00:00,5,1,0,0,0,1,"{""Bogorodica L1"": {""total"": 1, ""by_type"": {""truck"": 1}}, ""Bogorodica L2"": {""total"": 0, ""by_type"": {}}, ""Bogorodica L3"": {""total"": 0, ""by_type"": {}}, ""Bogorodica L4"": {""total"": 0, ""by_type"": {}}, ""Bogorodica L5"": {""total"": 0, ""by_type"": {}}}",2
2101,1,2026-05-06 08:39:42.689413 +00:00,5,1,0,0,0,1,"{""Bogorodica L1"": {""total"": 1, ""by_type"": {""truck"": 1}}, ""Bogorodica L2"": {""total"": 0, ""by_type"": {}}, ""Bogorodica L3"": {""total"": 0, ""by_type"": {}}, ""Bogorodica L4"": {""total"": 0, ""by_type"": {}}, ""Bogorodica L5"": {""total"": 0, ""by_type"": {}}}",2.5
2102,1,2026-05-06 08:44:43.105792 +00:00,5,2,0,0,0,2,"{""Bogorodica L1"": {""total"": 2, ""by_type"": {""truck"": 2}}, ""Bogorodica L2"": {""total"": 0, ""by_type"": {}}, ""Bogorodica L3"": {""total"": 0, ""by_type"": {}}, ""Bogorodica L4"": {""total"": 0, ""by_type"": {}}, ""Bogorodica L5"": {""total"": 0, ""by_type"": {}}}",2.5
2103,1,2026-05-06 08:49:43.411979 +00:00,5,3,0,0,1,2,"{""Bogorodica L1"": {""total"": 3, ""by_type"": {""bus"": 1, ""truck"": 2}}, ""Bogorodica L2"": {""total"": 0, ""by_type"": {}}, ""Bogorodica L3"": {""total"": 0, ""by_type"": {}}, ""Bogorodica L4"": {""total"": 0, ""by_type"": {}}, ""Bogorodica L5"": {""total"": 0, ""by_type"": {}}}",2.5
2104,1,2026-05-06 08:54:43.764804 +00:00,5,1,0,0,0,1,"{""Bogorodica L1"": {""total"": 1, ""by_type"": {""truck"": 1}}, ""Bogorodica L2"": {""total"": 0, ""by_type"": {}}, ""Bogorodica L3"": {""total"": 0, ""by_type"": {}}, ""Bogorodica L4"": {""total"": 0, ""by_type"": {}}, ""Bogorodica L5"": {""total"": 0, ""by_type"": {}}}",2.5
2105,1,2026-05-06 08:59:43.829561 +00:00,5,1,0,0,0,1,"{""Bogorodica L1"": {""total"": 1, ""by_type"": {""truck"": 1}}, ""Bogorodica L2"": {""total"": 0, ""by_type"": {}}, ""Bogorodica L3"": {""total"": 0, ""by_type"": {}}, ""Bogorodica L4"": {""total"": 0, ""by_type"": {}}, ""Bogorodica L5"": {""total"": 0, ""by_type"": {}}}",2.5
2106,1,2026-05-06 09:04:44.079626 +00:00,5,1,0,0,0,1,"{""Bogorodica L1"": {""total"": 1, ""by_type"": {""truck"": 1}}, ""Bogorodica L2"": {""total"": 0, ""by_type"": {}}, ""Bogorodica L3"": {""total"": 0, ""by_type"": {}}, ""Bogorodica L4"": {""total"": 0, ""by_type"": {}}, ""Bogorodica L5"": {""total"": 0, ""by_type"": {}}}",2.5
2107,1,2026-05-06 09:09:44.403582 +00:00,5,3,0,0,0,3,"{""Bogorodica L1"": {""total"": 3, ""by_type"": {""truck"": 3}}, ""Bogorodica L2"": {""total"": 0, ""by_type"": {}}, ""Bogorodica L3"": {""total"": 0, ""by_type"": {}}, ""Bogorodica L4"": {""total"": 0, ""by_type"": {}}, ""Bogorodica L5"": {""total"": 0, ""by_type"": {}}}",2
2108,1,2026-05-06 09:14:44.504956 +00:00,5,0,0,0,0,0,"{""Bogorodica L1"": {""total"": 0, ""by_type"": {}}, ""Bogorodica L2"": {""total"": 0, ""by_type"": {}}, ""Bogorodica L3"": {""total"": 0, ""by_type"": {}}, ""Bogorodica L4"": {""total"": 0, ""by_type"": {}}, ""Bogorodica L5"": {""total"": 0, ""by_type"": {}}}",2.5
2109,1,2026-05-06 09:19:47.218414 +00:00,5,5,0,0,0,5,"{""Bogorodica L1"": {""total"": 5, ""by_type"": {""truck"": 5}}, ""Bogorodica L2"": {""total"": 0, ""by_type"": {}}, ""Bogorodica L3"": {""total"": 0, ""by_type"": {}}, ""Bogorodica L4"": {""total"": 0, ""by_type"": {}}, ""Bogorodica L5"": {""total"": 0, ""by_type"": {}}}",0.5
2110,1,2026-05-06 09:24:47.638103 +00:00,5,2,0,0,0,2,"{""Bogorodica L1"": {""total"": 2, ""by_type"": {""truck"": 2}}, ""Bogorodica L2"": {""total"": 0, ""by_type"": {}}, ""Bogorodica L3"": {""total"": 0, ""by_type"": {}}, ""Bogorodica L4"": {""total"": 0, ""by_type"": {}}, ""Bogorodica L5"": {""total"": 0, ""by_type"": {}}}",2
2111,1,2026-05-06 09:29:48.243837 +00:00,5,1,0,0,0,1,"{""Bogorodica L1"": {""total"": 1, ""by_type"": {""truck"": 1}}, ""Bogorodica L2"": {""total"": 0, ""by_type"": {}}, ""Bogorodica L3"": {""total"": 0, ""by_type"": {}}, ""Bogorodica L4"": {""total"": 0, ""by_type"": {}}, ""Bogorodica L5"": {""total"": 0, ""by_type"": {}}}",1.5
2112,1,2026-05-06 09:34:48.720000 +00:00,5,2,0,0,0,2,"{""Bogorodica L1"": {""total"": 2, ""by_type"": {""truck"": 2}}, ""Bogorodica L2"": {""total"": 0, ""by_type"": {}}, ""Bogorodica L3"": {""total"": 0, ""by_type"": {}}, ""Bogorodica L4"": {""total"": 0, ""by_type"": {}}, ""Bogorodica L5"": {""total"": 0, ""by_type"": {}}}",1.5
2113,1,2026-05-06 09:39:49.447739 +00:00,5,2,0,0,0,2,"{""Bogorodica L1"": {""total"": 2, ""by_type"": {""truck"": 2}}, ""Bogorodica L2"": {""total"": 0, ""by_type"": {}}, ""Bogorodica L3"": {""total"": 0, ""by_type"": {}}, ""Bogorodica L4"": {""total"": 0, ""by_type"": {}}, ""Bogorodica L5"": {""total"": 0, ""by_type"": {}}}",1.5
2114,1,2026-05-06 09:44:49.538578 +00:00,5,3,0,0,0,3,"{""Bogorodica L1"": {""total"": 3, ""by_type"": {""truck"": 3}}, ""Bogorodica L2"": {""total"": 0, ""by_type"": {}}, ""Bogorodica L3"": {""total"": 0, ""by_type"": {}}, ""Bogorodica L4"": {""total"": 0, ""by_type"": {}}, ""Bogorodica L5"": {""total"": 0, ""by_type"": {}}}",2.5
2115,1,2026-05-06 09:49:49.572970 +00:00,5,4,0,0,1,3,"{""Bogorodica L1"": {""total"": 4, ""by_type"": {""bus"": 1, ""truck"": 3}}, ""Bogorodica L2"": {""total"": 0, ""by_type"": {}}, ""Bogorodica L3"": {""total"": 0, ""by_type"": {}}, ""Bogorodica L4"": {""total"": 0, ""by_type"": {}}, ""Bogorodica L5"": {""total"": 0, ""by_type"": {}}}",2.5
2116,1,2026-05-06 09:54:50.018800 +00:00,5,1,0,0,0,1,"{""Bogorodica L1"": {""total"": 1, ""by_type"": {""truck"": 1}}, ""Bogorodica L2"": {""total"": 0, ""by_type"": {}}, ""Bogorodica L3"": {""total"": 0, ""by_type"": {}}, ""Bogorodica L4"": {""total"": 0, ""by_type"": {}}, ""Bogorodica L5"": {""total"": 0, ""by_type"": {}}}",2.5
2117,1,2026-05-06 09:59:50.179453 +00:00,5,2,1,0,0,1,"{""Bogorodica L1"": {""total"": 1, ""by_type"": {""truck"": 1}}, ""Bogorodica L2"": {""total"": 0, ""by_type"": {}}, ""Bogorodica L3"": {""total"": 0, ""by_type"": {}}, ""Bogorodica L4"": {""total"": 0, ""by_type"": {}}, ""Bogorodica L5"": {""total"": 1, ""by_type"": {""car"": 1}}}",2
2118,1,2026-05-06 10:04:50.692188 +00:00,5,10,8,0,0,2,"{""Bogorodica L1"": {""total"": 1, ""by_type"": {""truck"": 1}}, ""Bogorodica L2"": {""total"": 0, ""by_type"": {}}, ""Bogorodica L3"": {""total"": 0, ""by_type"": {}}, ""Bogorodica L4"": {""total"": 0, ""by_type"": {}}, ""Bogorodica L5"": {""total"": 9, ""by_type"": {""car"": 8, ""truck"": 1}}}",1
2119,1,2026-05-06 10:09:51.678100 +00:00,5,3,1,0,0,2,"{""Bogorodica L1"": {""total"": 2, ""by_type"": {""truck"": 2}}, ""Bogorodica L2"": {""total"": 0, ""by_type"": {}}, ""Bogorodica L3"": {""total"": 0, ""by_type"": {}}, ""Bogorodica L4"": {""total"": 0, ""by_type"": {}}, ""Bogorodica L5"": {""total"": 1, ""by_type"": {""car"": 1}}}",2
2120,1,2026-05-06 10:14:51.763746 +00:00,5,2,1,0,0,1,"{""Bogorodica L1"": {""total"": 1, ""by_type"": {""truck"": 1}}, ""Bogorodica L2"": {""total"": 0, ""by_type"": {}}, ""Bogorodica L3"": {""total"": 0, ""by_type"": {}}, ""Bogorodica L4"": {""total"": 0, ""by_type"": {}}, ""Bogorodica L5"": {""total"": 1, ""by_type"": {""car"": 1}}}",2.5
2121,1,2026-05-06 10:19:52.103894 +00:00,5,3,0,0,0,3,"{""Bogorodica L1"": {""total"": 3, ""by_type"": {""truck"": 3}}, ""Bogorodica L2"": {""total"": 0, ""by_type"": {}}, ""Bogorodica L3"": {""total"": 0, ""by_type"": {}}, ""Bogorodica L4"": {""total"": 0, ""by_type"": {}}, ""Bogorodica L5"": {""total"": 0, ""by_type"": {}}}",2.5
2122,1,2026-05-06 10:24:52.473273 +00:00,5,1,0,0,0,1,"{""Bogorodica L1"": {""total"": 1, ""by_type"": {""truck"": 1}}, ""Bogorodica L2"": {""total"": 0, ""by_type"": {}}, ""Bogorodica L3"": {""total"": 0, ""by_type"": {}}, ""Bogorodica L4"": {""total"": 0, ""by_type"": {}}, ""Bogorodica L5"": {""total"": 0, ""by_type"": {}}}",2.5
2123,1,2026-05-06 10:29:52.583983 +00:00,5,2,0,0,0,2,"{""Bogorodica L1"": {""total"": 2, ""by_type"": {""truck"": 2}}, ""Bogorodica L2"": {""total"": 0, ""by_type"": {}}, ""Bogorodica L3"": {""total"": 0, ""by_type"": {}}, ""Bogorodica L4"": {""total"": 0, ""by_type"": {}}, ""Bogorodica L5"": {""total"": 0, ""by_type"": {}}}",2
2124,1,2026-05-06 10:34:52.785019 +00:00,5,2,0,0,0,2,"{""Bogorodica L1"": {""total"": 2, ""by_type"": {""truck"": 2}}, ""Bogorodica L2"": {""total"": 0, ""by_type"": {}}, ""Bogorodica L3"": {""total"": 0, ""by_type"": {}}, ""Bogorodica L4"": {""total"": 0, ""by_type"": {}}, ""Bogorodica L5"": {""total"": 0, ""by_type"": {}}}",2
2125,1,2026-05-06 10:39:53.359883 +00:00,5,4,0,0,0,4,"{""Bogorodica L1"": {""total"": 4, ""by_type"": {""truck"": 4}}, ""Bogorodica L2"": {""total"": 0, ""by_type"": {}}, ""Bogorodica L3"": {""total"": 0, ""by_type"": {}}, ""Bogorodica L4"": {""total"": 0, ""by_type"": {}}, ""Bogorodica L5"": {""total"": 0, ""by_type"": {}}}",1
2126,1,2026-05-06 10:44:53.954124 +00:00,5,2,0,0,0,2,"{""Bogorodica L1"": {""total"": 2, ""by_type"": {""truck"": 2}}, ""Bogorodica L2"": {""total"": 0, ""by_type"": {}}, ""Bogorodica L3"": {""total"": 0, ""by_type"": {}}, ""Bogorodica L4"": {""total"": 0, ""by_type"": {}}, ""Bogorodica L5"": {""total"": 0, ""by_type"": {}}}",1
2127,1,2026-05-06 10:49:54.441736 +00:00,5,3,1,0,0,2,"{""Bogorodica L1"": {""total"": 1, ""by_type"": {""truck"": 1}}, ""Bogorodica L2"": {""total"": 0, ""by_type"": {}}, ""Bogorodica L3"": {""total"": 0, ""by_type"": {}}, ""Bogorodica L4"": {""total"": 1, ""by_type"": {""car"": 1}}, ""Bogorodica L5"": {""total"": 1, ""by_type"": {""truck"": 1}}}",1.5
2128,1,2026-05-06 10:54:54.652323 +00:00,5,3,0,0,0,3,"{""Bogorodica L1"": {""total"": 2, ""by_type"": {""truck"": 2}}, ""Bogorodica L2"": {""total"": 0, ""by_type"": {}}, ""Bogorodica L3"": {""total"": 0, ""by_type"": {}}, ""Bogorodica L4"": {""total"": 0, ""by_type"": {}}, ""Bogorodica L5"": {""total"": 1, ""by_type"": {""truck"": 1}}}",3
2129,1,2026-05-06 10:59:55.062815 +00:00,5,1,0,0,0,1,"{""Bogorodica L1"": {""total"": 1, ""by_type"": {""truck"": 1}}, ""Bogorodica L2"": {""total"": 0, ""by_type"": {}}, ""Bogorodica L3"": {""total"": 0, ""by_type"": {}}, ""Bogorodica L4"": {""total"": 0, ""by_type"": {}}, ""Bogorodica L5"": {""total"": 0, ""by_type"": {}}}",2
2130,1,2026-05-06 11:04:55.266225 +00:00,5,1,0,0,0,1,"{""Bogorodica L1"": {""total"": 1, ""by_type"": {""truck"": 1}}, ""Bogorodica L2"": {""total"": 0, ""by_type"": {}}, ""Bogorodica L3"": {""total"": 0, ""by_type"": {}}, ""Bogorodica L4"": {""total"": 0, ""by_type"": {}}, ""Bogorodica L5"": {""total"": 0, ""by_type"": {}}}",3
2131,1,2026-05-06 11:09:55.924057 +00:00,5,3,0,0,0,3,"{""Bogorodica L1"": {""total"": 3, ""by_type"": {""truck"": 3}}, ""Bogorodica L2"": {""total"": 0, ""by_type"": {}}, ""Bogorodica L3"": {""total"": 0, ""by_type"": {}}, ""Bogorodica L4"": {""total"": 0, ""by_type"": {}}, ""Bogorodica L5"": {""total"": 0, ""by_type"": {}}}",2
2132,1,2026-05-06 11:14:55.960438 +00:00,5,1,0,0,0,1,"{""Bogorodica L1"": {""total"": 1, ""by_type"": {""truck"": 1}}, ""Bogorodica L2"": {""total"": 0, ""by_type"": {}}, ""Bogorodica L3"": {""total"": 0, ""by_type"": {}}, ""Bogorodica L4"": {""total"": 0, ""by_type"": {}}, ""Bogorodica L5"": {""total"": 0, ""by_type"": {}}}",2
2133,1,2026-05-06 11:19:56.763267 +00:00,5,3,1,0,0,2,"{""Bogorodica L1"": {""total"": 2, ""by_type"": {""truck"": 2}}, ""Bogorodica L2"": {""total"": 0, ""by_type"": {}}, ""Bogorodica L3"": {""total"": 0, ""by_type"": {}}, ""Bogorodica L4"": {""total"": 1, ""by_type"": {""car"": 1}}, ""Bogorodica L5"": {""total"": 0, ""by_type"": {}}}",1
2134,1,2026-05-06 11:24:56.982212 +00:00,5,4,2,0,0,2,"{""Bogorodica L1"": {""total"": 2, ""by_type"": {""truck"": 2}}, ""Bogorodica L2"": {""total"": 0, ""by_type"": {}}, ""Bogorodica L3"": {""total"": 0, ""by_type"": {}}, ""Bogorodica L4"": {""total"": 0, ""by_type"": {}}, ""Bogorodica L5"": {""total"": 2, ""by_type"": {""car"": 2}}}",1.5
2135,1,2026-05-06 11:29:57.014198 +00:00,5,2,2,0,0,0,"{""Bogorodica L1"": {""total"": 0, ""by_type"": {}}, ""Bogorodica L2"": {""total"": 1, ""by_type"": {""car"": 1}}, ""Bogorodica L3"": {""total"": 0, ""by_type"": {}}, ""Bogorodica L4"": {""total"": 0, ""by_type"": {}}, ""Bogorodica L5"": {""total"": 1, ""by_type"": {""car"": 1}}}",1
2136,1,2026-05-06 11:34:57.608236 +00:00,5,4,2,0,0,2,"{""Bogorodica L1"": {""total"": 2, ""by_type"": {""truck"": 2}}, ""Bogorodica L2"": {""total"": 1, ""by_type"": {""car"": 1}}, ""Bogorodica L3"": {""total"": 0, ""by_type"": {}}, ""Bogorodica L4"": {""total"": 1, ""by_type"": {""car"": 1}}, ""Bogorodica L5"": {""total"": 0, ""by_type"": {}}}",1.5
2137,1,2026-05-06 11:39:57.995189 +00:00,5,3,2,0,0,1,"{""Bogorodica L1"": {""total"": 1, ""by_type"": {""truck"": 1}}, ""Bogorodica L2"": {""total"": 0, ""by_type"": {}}, ""Bogorodica L3"": {""total"": 0, ""by_type"": {}}, ""Bogorodica L4"": {""total"": 0, ""by_type"": {}}, ""Bogorodica L5"": {""total"": 2, ""by_type"": {""car"": 2}}}",2.5
2138,1,2026-05-06 11:44:58.406424 +00:00,5,0,0,0,0,0,"{""Bogorodica L1"": {""total"": 0, ""by_type"": {}}, ""Bogorodica L2"": {""total"": 0, ""by_type"": {}}, ""Bogorodica L3"": {""total"": 0, ""by_type"": {}}, ""Bogorodica L4"": {""total"": 0, ""by_type"": {}}, ""Bogorodica L5"": {""total"": 0, ""by_type"": {}}}",2.5
2139,1,2026-05-06 11:49:58.464491 +00:00,5,1,1,0,0,0,"{""Bogorodica L1"": {""total"": 0, ""by_type"": {}}, ""Bogorodica L2"": {""total"": 0, ""by_type"": {}}, ""Bogorodica L3"": {""total"": 0, ""by_type"": {}}, ""Bogorodica L4"": {""total"": 0, ""by_type"": {}}, ""Bogorodica L5"": {""total"": 1, ""by_type"": {""car"": 1}}}",2.5
2140,1,2026-05-06 11:54:58.839029 +00:00,5,1,0,0,0,1,"{""Bogorodica L1"": {""total"": 1, ""by_type"": {""truck"": 1}}, ""Bogorodica L2"": {""total"": 0, ""by_type"": {}}, ""Bogorodica L3"": {""total"": 0, ""by_type"": {}}, ""Bogorodica L4"": {""total"": 0, ""by_type"": {}}, ""Bogorodica L5"": {""total"": 0, ""by_type"": {}}}",2.5
2141,1,2026-05-06 11:59:59.047794 +00:00,5,1,0,0,0,1,"{""Bogorodica L1"": {""total"": 1, ""by_type"": {""truck"": 1}}, ""Bogorodica L2"": {""total"": 0, ""by_type"": {}}, ""Bogorodica L3"": {""total"": 0, ""by_type"": {}}, ""Bogorodica L4"": {""total"": 0, ""by_type"": {}}, ""Bogorodica L5"": {""total"": 0, ""by_type"": {}}}",2.5
2142,1,2026-05-06 12:04:59.433995 +00:00,5,2,0,0,0,2,"{""Bogorodica L1"": {""total"": 2, ""by_type"": {""truck"": 2}}, ""Bogorodica L2"": {""total"": 0, ""by_type"": {}}, ""Bogorodica L3"": {""total"": 0, ""by_type"": {}}, ""Bogorodica L4"": {""total"": 0, ""by_type"": {}}, ""Bogorodica L5"": {""total"": 0, ""by_type"": {}}}",2.5
2143,1,2026-05-06 12:09:59.601893 +00:00,5,3,1,0,0,2,"{""Bogorodica L1"": {""total"": 2, ""by_type"": {""truck"": 2}}, ""Bogorodica L2"": {""total"": 0, ""by_type"": {}}, ""Bogorodica L3"": {""total"": 0, ""by_type"": {}}, ""Bogorodica L4"": {""total"": 1, ""by_type"": {""car"": 1}}, ""Bogorodica L5"": {""total"": 0, ""by_type"": {}}}",3
2144,1,2026-05-06 12:14:59.607566 +00:00,5,3,0,0,0,3,"{""Bogorodica L1"": {""total"": 3, ""by_type"": {""truck"": 3}}, ""Bogorodica L2"": {""total"": 0, ""by_type"": {}}, ""Bogorodica L3"": {""total"": 0, ""by_type"": {}}, ""Bogorodica L4"": {""total"": 0, ""by_type"": {}}, ""Bogorodica L5"": {""total"": 0, ""by_type"": {}}}",2.5
2145,1,2026-05-06 12:19:59.801279 +00:00,5,3,1,0,0,2,"{""Bogorodica L1"": {""total"": 2, ""by_type"": {""truck"": 2}}, ""Bogorodica L2"": {""total"": 0, ""by_type"": {}}, ""Bogorodica L3"": {""total"": 0, ""by_type"": {}}, ""Bogorodica L4"": {""total"": 0, ""by_type"": {}}, ""Bogorodica L5"": {""total"": 1, ""by_type"": {""car"": 1}}}",2.5
2146,1,2026-05-06 12:25:24.491709 +00:00,5,2,0,0,0,2,"{""Bogorodica L1"": {""total"": 2, ""by_type"": {""truck"": 2}}, ""Bogorodica L2"": {""total"": 0, ""by_type"": {}}, ""Bogorodica L3"": {""total"": 0, ""by_type"": {}}, ""Bogorodica L4"": {""total"": 0, ""by_type"": {}}, ""Bogorodica L5"": {""total"": 0, ""by_type"": {}}}",0.5
2147,1,2026-05-06 12:30:24.759011 +00:00,5,1,0,0,0,1,"{""Bogorodica L1"": {""total"": 1, ""by_type"": {""truck"": 1}}, ""Bogorodica L2"": {""total"": 0, ""by_type"": {}}, ""Bogorodica L3"": {""total"": 0, ""by_type"": {}}, ""Bogorodica L4"": {""total"": 0, ""by_type"": {}}, ""Bogorodica L5"": {""total"": 0, ""by_type"": {}}}",2.5
2148,1,2026-05-06 12:35:24.957593 +00:00,5,2,0,0,0,2,"{""Bogorodica L1"": {""total"": 2, ""by_type"": {""truck"": 2}}, ""Bogorodica L2"": {""total"": 0, ""by_type"": {}}, ""Bogorodica L3"": {""total"": 0, ""by_type"": {}}, ""Bogorodica L4"": {""total"": 0, ""by_type"": {}}, ""Bogorodica L5"": {""total"": 0, ""by_type"": {}}}",1.5
2149,1,2026-05-06 12:40:25.030505 +00:00,5,4,3,0,0,1,"{""Bogorodica L1"": {""total"": 1, ""by_type"": {""truck"": 1}}, ""Bogorodica L2"": {""total"": 0, ""by_type"": {}}, ""Bogorodica L3"": {""total"": 0, ""by_type"": {}}, ""Bogorodica L4"": {""total"": 2, ""by_type"": {""car"": 2}}, ""Bogorodica L5"": {""total"": 1, ""by_type"": {""car"": 1}}}",1.5
2150,1,2026-05-06 12:45:25.069285 +00:00,5,1,0,0,0,1,"{""Bogorodica L1"": {""total"": 1, ""by_type"": {""truck"": 1}}, ""Bogorodica L2"": {""total"": 0, ""by_type"": {}}, ""Bogorodica L3"": {""total"": 0, ""by_type"": {}}, ""Bogorodica L4"": {""total"": 0, ""by_type"": {}}, ""Bogorodica L5"": {""total"": 0, ""by_type"": {}}}",2.5
2151,1,2026-05-06 12:50:25.610880 +00:00,5,1,0,0,0,1,"{""Bogorodica L1"": {""total"": 1, ""by_type"": {""truck"": 1}}, ""Bogorodica L2"": {""total"": 0, ""by_type"": {}}, ""Bogorodica L3"": {""total"": 0, ""by_type"": {}}, ""Bogorodica L4"": {""total"": 0, ""by_type"": {}}, ""Bogorodica L5"": {""total"": 0, ""by_type"": {}}}",1
2152,1,2026-05-06 12:55:25.983210 +00:00,5,2,0,0,0,2,"{""Bogorodica L1"": {""total"": 1, ""by_type"": {""truck"": 1}}, ""Bogorodica L2"": {""total"": 0, ""by_type"": {}}, ""Bogorodica L3"": {""total"": 0, ""by_type"": {}}, ""Bogorodica L4"": {""total"": 0, ""by_type"": {}}, ""Bogorodica L5"": {""total"": 1, ""by_type"": {""truck"": 1}}}",2
2153,1,2026-05-06 13:00:27.156931 +00:00,5,0,0,0,0,0,"{""Bogorodica L1"": {""total"": 0, ""by_type"": {}}, ""Bogorodica L2"": {""total"": 0, ""by_type"": {}}, ""Bogorodica L3"": {""total"": 0, ""by_type"": {}}, ""Bogorodica L4"": {""total"": 0, ""by_type"": {}}, ""Bogorodica L5"": {""total"": 0, ""by_type"": {}}}",0.5
2154,1,2026-05-06 13:05:27.599218 +00:00,5,1,0,0,0,1,"{""Bogorodica L1"": {""total"": 1, ""by_type"": {""truck"": 1}}, ""Bogorodica L2"": {""total"": 0, ""by_type"": {}}, ""Bogorodica L3"": {""total"": 0, ""by_type"": {}}, ""Bogorodica L4"": {""total"": 0, ""by_type"": {}}, ""Bogorodica L5"": {""total"": 0, ""by_type"": {}}}",1.5
2155,1,2026-05-06 13:10:28.234928 +00:00,5,1,0,0,0,1,"{""Bogorodica L1"": {""total"": 1, ""by_type"": {""truck"": 1}}, ""Bogorodica L2"": {""total"": 0, ""by_type"": {}}, ""Bogorodica L3"": {""total"": 0, ""by_type"": {}}, ""Bogorodica L4"": {""total"": 0, ""by_type"": {}}, ""Bogorodica L5"": {""total"": 0, ""by_type"": {}}}",0.5
2156,1,2026-05-06 13:15:28.337138 +00:00,5,2,0,0,0,2,"{""Bogorodica L1"": {""total"": 2, ""by_type"": {""truck"": 2}}, ""Bogorodica L2"": {""total"": 0, ""by_type"": {}}, ""Bogorodica L3"": {""total"": 0, ""by_type"": {}}, ""Bogorodica L4"": {""total"": 0, ""by_type"": {}}, ""Bogorodica L5"": {""total"": 0, ""by_type"": {}}}",2
2157,1,2026-05-06 13:20:29.061693 +00:00,5,5,1,0,0,4,"{""Bogorodica L1"": {""total"": 3, ""by_type"": {""truck"": 3}}, ""Bogorodica L2"": {""total"": 0, ""by_type"": {}}, ""Bogorodica L3"": {""total"": 0, ""by_type"": {}}, ""Bogorodica L4"": {""total"": 1, ""by_type"": {""car"": 1}}, ""Bogorodica L5"": {""total"": 1, ""by_type"": {""truck"": 1}}}",1.5
2158,1,2026-05-06 13:25:29.090524 +00:00,5,4,1,0,0,3,"{""Bogorodica L1"": {""total"": 3, ""by_type"": {""truck"": 3}}, ""Bogorodica L2"": {""total"": 0, ""by_type"": {}}, ""Bogorodica L3"": {""total"": 0, ""by_type"": {}}, ""Bogorodica L4"": {""total"": 0, ""by_type"": {}}, ""Bogorodica L5"": {""total"": 1, ""by_type"": {""car"": 1}}}",0.5
2159,1,2026-05-06 13:30:29.111431 +00:00,5,4,0,0,0,4,"{""Bogorodica L1"": {""total"": 4, ""by_type"": {""truck"": 4}}, ""Bogorodica L2"": {""total"": 0, ""by_type"": {}}, ""Bogorodica L3"": {""total"": 0, ""by_type"": {}}, ""Bogorodica L4"": {""total"": 0, ""by_type"": {}}, ""Bogorodica L5"": {""total"": 0, ""by_type"": {}}}",0.5
2160,1,2026-05-06 13:35:30.572522 +00:00,5,2,0,0,0,2,"{""Bogorodica L1"": {""total"": 2, ""by_type"": {""truck"": 2}}, ""Bogorodica L2"": {""total"": 0, ""by_type"": {}}, ""Bogorodica L3"": {""total"": 0, ""by_type"": {}}, ""Bogorodica L4"": {""total"": 0, ""by_type"": {}}, ""Bogorodica L5"": {""total"": 0, ""by_type"": {}}}",1
2161,1,2026-05-06 13:40:31.094232 +00:00,5,0,0,0,0,0,"{""Bogorodica L1"": {""total"": 0, ""by_type"": {}}, ""Bogorodica L2"": {""total"": 0, ""by_type"": {}}, ""Bogorodica L3"": {""total"": 0, ""by_type"": {}}, ""Bogorodica L4"": {""total"": 0, ""by_type"": {}}, ""Bogorodica L5"": {""total"": 0, ""by_type"": {}}}",1.5
2162,1,2026-05-06 13:45:32.418449 +00:00,5,1,1,0,0,0,"{""Bogorodica L1"": {""total"": 0, ""by_type"": {}}, ""Bogorodica L2"": {""total"": 0, ""by_type"": {}}, ""Bogorodica L3"": {""total"": 0, ""by_type"": {}}, ""Bogorodica L4"": {""total"": 0, ""by_type"": {}}, ""Bogorodica L5"": {""total"": 1, ""by_type"": {""car"": 1}}}",0.5
2163,1,2026-05-06 13:50:33.448399 +00:00,5,1,0,0,0,1,"{""Bogorodica L1"": {""total"": 1, ""by_type"": {""truck"": 1}}, ""Bogorodica L2"": {""total"": 0, ""by_type"": {}}, ""Bogorodica L3"": {""total"": 0, ""by_type"": {}}, ""Bogorodica L4"": {""total"": 0, ""by_type"": {}}, ""Bogorodica L5"": {""total"": 0, ""by_type"": {}}}",1
2164,1,2026-05-06 13:55:33.520834 +00:00,5,1,0,0,0,1,"{""Bogorodica L1"": {""total"": 1, ""by_type"": {""truck"": 1}}, ""Bogorodica L2"": {""total"": 0, ""by_type"": {}}, ""Bogorodica L3"": {""total"": 0, ""by_type"": {}}, ""Bogorodica L4"": {""total"": 0, ""by_type"": {}}, ""Bogorodica L5"": {""total"": 0, ""by_type"": {}}}",1.5
2165,1,2026-05-06 14:00:33.853784 +00:00,5,3,0,0,0,3,"{""Bogorodica L1"": {""total"": 3, ""by_type"": {""truck"": 3}}, ""Bogorodica L2"": {""total"": 0, ""by_type"": {}}, ""Bogorodica L3"": {""total"": 0, ""by_type"": {}}, ""Bogorodica L4"": {""total"": 0, ""by_type"": {}}, ""Bogorodica L5"": {""total"": 0, ""by_type"": {}}}",1.5
2166,1,2026-05-06 14:05:33.947805 +00:00,5,1,0,0,0,1,"{""Bogorodica L1"": {""total"": 1, ""by_type"": {""truck"": 1}}, ""Bogorodica L2"": {""total"": 0, ""by_type"": {}}, ""Bogorodica L3"": {""total"": 0, ""by_type"": {}}, ""Bogorodica L4"": {""total"": 0, ""by_type"": {}}, ""Bogorodica L5"": {""total"": 0, ""by_type"": {}}}",2.5
2167,1,2026-05-06 14:10:34.018607 +00:00,5,2,1,0,0,1,"{""Bogorodica L1"": {""total"": 1, ""by_type"": {""truck"": 1}}, ""Bogorodica L2"": {""total"": 0, ""by_type"": {}}, ""Bogorodica L3"": {""total"": 0, ""by_type"": {}}, ""Bogorodica L4"": {""total"": 0, ""by_type"": {}}, ""Bogorodica L5"": {""total"": 1, ""by_type"": {""car"": 1}}}",1
2168,1,2026-05-06 14:15:34.198291 +00:00,5,4,0,0,0,4,"{""Bogorodica L1"": {""total"": 4, ""by_type"": {""truck"": 4}}, ""Bogorodica L2"": {""total"": 0, ""by_type"": {}}, ""Bogorodica L3"": {""total"": 0, ""by_type"": {}}, ""Bogorodica L4"": {""total"": 0, ""by_type"": {}}, ""Bogorodica L5"": {""total"": 0, ""by_type"": {}}}",2.5
2169,1,2026-05-06 14:20:34.200375 +00:00,5,1,0,0,0,1,"{""Bogorodica L1"": {""total"": 1, ""by_type"": {""truck"": 1}}, ""Bogorodica L2"": {""total"": 0, ""by_type"": {}}, ""Bogorodica L3"": {""total"": 0, ""by_type"": {}}, ""Bogorodica L4"": {""total"": 0, ""by_type"": {}}, ""Bogorodica L5"": {""total"": 0, ""by_type"": {}}}",2.5
2170,1,2026-05-06 14:25:53.134340 +00:00,5,1,0,0,0,1,"{""Bogorodica L1"": {""total"": 1, ""by_type"": {""truck"": 1}}, ""Bogorodica L2"": {""total"": 0, ""by_type"": {}}, ""Bogorodica L3"": {""total"": 0, ""by_type"": {}}, ""Bogorodica L4"": {""total"": 0, ""by_type"": {}}, ""Bogorodica L5"": {""total"": 0, ""by_type"": {}}}",0.5
2171,1,2026-05-06 14:30:53.367424 +00:00,5,2,0,0,0,2,"{""Bogorodica L1"": {""total"": 2, ""by_type"": {""truck"": 2}}, ""Bogorodica L2"": {""total"": 0, ""by_type"": {}}, ""Bogorodica L3"": {""total"": 0, ""by_type"": {}}, ""Bogorodica L4"": {""total"": 0, ""by_type"": {}}, ""Bogorodica L5"": {""total"": 0, ""by_type"": {}}}",2.5
2172,1,2026-05-06 14:35:53.770182 +00:00,5,3,0,0,0,3,"{""Bogorodica L1"": {""total"": 3, ""by_type"": {""truck"": 3}}, ""Bogorodica L2"": {""total"": 0, ""by_type"": {}}, ""Bogorodica L3"": {""total"": 0, ""by_type"": {}}, ""Bogorodica L4"": {""total"": 0, ""by_type"": {}}, ""Bogorodica L5"": {""total"": 0, ""by_type"": {}}}",2.5
2173,1,2026-05-06 14:40:53.805455 +00:00,5,2,0,0,0,2,"{""Bogorodica L1"": {""total"": 2, ""by_type"": {""truck"": 2}}, ""Bogorodica L2"": {""total"": 0, ""by_type"": {}}, ""Bogorodica L3"": {""total"": 0, ""by_type"": {}}, ""Bogorodica L4"": {""total"": 0, ""by_type"": {}}, ""Bogorodica L5"": {""total"": 0, ""by_type"": {}}}",2
2174,1,2026-05-06 14:45:53.829245 +00:00,5,4,1,0,0,3,"{""Bogorodica L1"": {""total"": 3, ""by_type"": {""truck"": 3}}, ""Bogorodica L2"": {""total"": 0, ""by_type"": {}}, ""Bogorodica L3"": {""total"": 0, ""by_type"": {}}, ""Bogorodica L4"": {""total"": 1, ""by_type"": {""car"": 1}}, ""Bogorodica L5"": {""total"": 0, ""by_type"": {}}}",2.5
2175,1,2026-05-06 14:50:54.001715 +00:00,5,1,0,0,1,0,"{""Bogorodica L1"": {""total"": 0, ""by_type"": {}}, ""Bogorodica L2"": {""total"": 1, ""by_type"": {""bus"": 1}}, ""Bogorodica L3"": {""total"": 0, ""by_type"": {}}, ""Bogorodica L4"": {""total"": 0, ""by_type"": {}}, ""Bogorodica L5"": {""total"": 0, ""by_type"": {}}}",2
2176,1,2026-05-06 14:55:54.018719 +00:00,5,0,0,0,0,0,"{""Bogorodica L1"": {""total"": 0, ""by_type"": {}}, ""Bogorodica L2"": {""total"": 0, ""by_type"": {}}, ""Bogorodica L3"": {""total"": 0, ""by_type"": {}}, ""Bogorodica L4"": {""total"": 0, ""by_type"": {}}, ""Bogorodica L5"": {""total"": 0, ""by_type"": {}}}",1.5
